u,s,X,Y,dx,dy,ddx,ddy,Curvature,ICC,Radius_m
0.0,0.0,-175.9609295817431,120.2984543938948,3597.6270916220033,4604.167974690528,-5444.04532294273,3489.4961777582057,0.00018857748974472608,0.00018857748974472608,5302.859855403112
0.00066711140760507,3.897832871279009,-173.56213311469153,123.37072987016383,3593.9494214559427,4606.522926047409,-5581.609834904206,3570.6479901703965,0.00019325641012190686,0.00019325641012190686,5174.472605432318
0.00133422281521014,7.795390642330892,-171.16582067405344,126.44459441915261,3590.1799804346724,4608.932014704097,-5719.174346865684,3651.7998025825877,0.0001979384716849506,0.0001979384716849506,5052.074978085378
0.00200133422281521,11.692666421368253,-168.77205348121305,129.52008415647126,3586.3187685581897,4611.395240660593,-5856.73885882716,3732.951614994778,0.00020262372575810392,0.00020262372575810392,4935.256205849354
0.00266844563042028,15.589653480249272,-166.38089275755493,132.59723519773019,3582.3657858264983,4613.9126039169,-5994.303370788637,3814.10342740697,0.0002073122208155199,0.0002073122208155199,4823.642311419094
0.00333555703802535,19.486345258380503,-163.99239972446327,135.67608365853954,3578.321032239593,4616.484104473012,-6131.8678827501135,3895.25523981916,0.00021200400240719205,0.00021200400240719205,4716.89208055289
0.00400266844563042,23.382735366624004,-161.60663560332267,138.7566656545098,3574.184507797478,4619.109742328933,-6269.43239471159,3976.4070522313514,0.0002166991130843945,0.0002166991130843945,4614.693552578341
0.00466977985323549,27.27881759120871,-159.2236616155174,141.839017301251,3569.956212500151,4621.789517484662,-6406.996906673067,4057.558864643542,0.0002213975923246315,0.0002213975923246315,4516.760952547836
0.00533689126084056,31.174585897646477,-156.8435389824319,144.92317471437363,3565.636146347614,4624.523429940198,-6544.561418634544,4138.710677055733,0.00022609947645609404,0.00022609947645609404,4422.832001533576
0.00600400266844563,35.070034434652044,-154.46632892545054,148.00917400948785,3561.224309339865,4627.311479695543,-6682.125930596021,4219.862489467924,0.00023080479858162908,0.00023080479858162908,4332.665551779369
0.0066711140760507,38.965157538067636,-152.09209266595786,151.09705130220402,3556.7207014769065,4630.153666750696,-6819.690442557498,4301.014301880115,0.00023551358850222156,0.00023551358850222156,4246.039501837777
0.00733822548365577,42.85994973479203,-149.720891425338,154.18684270813227,3552.125322758735,4633.049991105657,-6957.254954518974,4382.166114292306,0.00024022587263999664,0.00024022587263999664,4162.748953767372
0.00800533689126084,46.75440574671372,-147.35278642497553,157.27858434288302,3547.4381731853528,4636.000452760426,-7094.8194664804505,4463.317926704497,0.0002449416739607431,0.0002449416739607431,4082.6045802245576
0.00867244829886591,50.64852049464859,-144.98783888625488,160.37231232206653,3542.6592527567595,4639.005051715002,-7232.383978441927,4544.469739116688,0.00024966101189596954,0.00024966101189596954,4005.431174078101
0.00933955970647098,54.542289102282,-142.62611003056034,163.46806276129306,3537.788561472955,4642.063787969387,-7369.948490403404,4625.621551528879,0.00025438390226449636,0.00025438390226449636,3931.066357179501
0.01000667111407605,58.43570690011503,-140.26766107927634,166.56587177617283,3532.82609933394,4645.176661523579,-7507.513002364882,4706.773363941071,0.0002591103571935939,0.0002591103571935939,3859.359428279633
0.01067378252168112,62.32876942941527,-137.91255325378725,169.66577548231623,3527.771866339713,4648.343672377581,-7645.077514326357,4787.92517635326,0.00026384038503967787,0.00026384038503967787,3790.170332906443
0.011340893929286189,66.22147244617135,-135.56084777547755,172.76780999533347,3522.625862490276,4651.56482053139,-7782.642026287835,4869.0769887654515,0.00026857399030857124,0.00026857399030857124,3723.368740402135
0.01200800533689126,70.11381192505242,-133.2126058657316,175.87201143083485,3517.3880877856263,4654.840105985007,-7920.206538249311,4950.228801177643,0.00027331117357534375,0.00027331117357534375,3658.833215336254
0.01267511674449633,74.00578406337112,-130.8678887459337,178.9784159044306,3512.058542225767,4658.16952873843,-8057.7710502107875,5031.380613589833,0.0002780519314037466,0.0002780519314037466,3596.4504722247207
0.0133422281521014,77.8973852850509,-128.52675763746845,182.08705953173106,3506.637225810696,4661.553088791664,-8195.335562172266,5112.532426002024,0.00028279625626525357,0.00028279625626525357,3536.114703944429
0.01400933955970647,81.78861224459759,-126.18927376172005,185.19797842834652,3501.1241385404132,4664.990786144704,-8332.90007413374,5193.684238414215,0.000287544136457727,0.000287544136457727,3477.7269754795157
0.01467645096731154,85.67946183107426,-123.85549834007297,188.31120870988718,3495.5192804149196,4668.482620797553,-8470.464586095217,5274.836050826406,0.00029229555602372346,0.00029229555602372346,3421.1946757029637
0.01534356237491661,89.5699311720808,-121.52549259391165,191.4267864919634,3489.8226514342155,4672.02859275021,-8608.029098056693,5355.987863238597,0.000297050494668462,0.000297050494668462,3366.4310208138177
0.01601067378252168,93.46001763773643,-119.19931774462044,194.54474789018536,3484.0342515982993,4675.628702002675,-8745.593610018172,5437.1396756507875,0.00030180892767747236,0.00030180892767747236,3313.354603839448
0.016677785190126748,97.34971884466667,-116.87703501358375,197.66512902016345,3478.1540809071726,4679.282948554946,-8883.158121979646,5518.291488062978,0.0003065708258339457,0.0003065708258339457,3261.8889852932407
0.01734489659773182,101.23903265999307,-114.55870562218598,200.78796599750794,3472.182139360835,4682.991332407028,-9020.722633941125,5599.44330047517,0.000311336155335813,0.000311336155335813,3211.96232066713
0.01801200800533689,105.12795720532691,-112.2443907918115,203.91329493782905,3466.1184269592864,4686.753853558917,-9158.287145902601,5680.59511288736,0.0003161048777125736,0.0003161048777125736,3163.507020949153
0.01867911941294196,109.01649086076597,-109.93415174384474,207.04115195673702,3459.962943702526,4690.570512010613,-9295.851657864077,5761.746925299552,0.0003208769497419035,0.0003208769497419035,3116.4594427999496
0.01934623082054703,112.90463226889472,-107.62804969967007,210.1715731698422,3453.7156895905546,4694.4413077621175,-9433.416169825554,5842.898737711743,0.0003256523233660665,0.0003256523233660665,3070.759605408673
0.0200133422281521,116.79238033878721,-105.32614588067192,213.30459469275493,3447.3766646233726,4698.366240813431,-9570.98068178703,5924.050550123934,0.00033043094560816566,0.00033043094560816566,3026.3509313859126
0.02068045363575717,120.67973425001277,-103.0285015082347,216.44025264108544,3440.945868800979,4702.345311164552,-9708.545193748509,6005.202362536125,0.0003352127584882601,0.0003352127584882601,2983.18000934628
0.02134756504336224,124.56669345664484,-100.73517780374276,219.57858313044395,3434.4233021233754,4706.378518815482,-9846.109705709983,6086.354174948315,0.00033999769893938193,0.00033999769893938193,2941.1963760916206
0.02201467645096731,128.45325769127194,-98.44623598858048,222.71962227644073,3427.8089645905598,4710.465863766218,-9983.674217671462,6167.505987360506,0.00034478569872349244,0.00034478569872349244,2900.352316532622
0.022681787858572378,132.33942696901104,-96.16173728413229,225.86340619468604,3421.102856202532,4714.607346016763,-10121.238729632936,6248.657799772697,0.0003495766843474057,0.0003495766843474057,2860.602679686184
0.02334889926617745,136.22520159152333,-93.88174291178258,229.00997100079033,3414.304976959294,4718.802965567114,-10258.803241594416,6329.8096121848885,0.00035437057697873027,0.00035437057697873027,2821.9047092615174
0.02401601067378252,140.11058215103114,-91.6063140929158,232.1593528103637,3407.415326860845,4723.0527224172765,-10396.36775355589,6410.96142459708,0.00035916729236185583,0.00035916729236185583,2784.2178875032823
0.02468312208138759,143.99556953433773,-89.33551204891629,235.31158773901657,3400.4339059071854,4727.356616567244,-10533.93226551737,6492.113237009271,0.00036396674073404037,0.00036396674073404037,2747.503791097014
0.02535023348899266,147.88016492684753,-87.06939800116844,238.46671190235915,3393.360714098314,4731.714648017021,-10671.496777478844,6573.26504942146,0.00036876882674163,0.00036876882674163,2711.7259580637724
0.02601734489659773,151.7643698165881,-84.80803317105666,241.62476141600172,3386.195751434231,4736.126816766606,-10809.061289440322,6654.416861833652,0.0003735734493564683,0.0003735734493564683,2676.8497646785063
0.0266844563042028,155.64818599823298,-82.55147877996535,244.78577239555446,3378.939017914938,4740.593122815999,-10946.625801401799,6735.568674245843,0.000378380501792534,0.000378380501792534,2642.842311542522
0.02735156771180787,159.53161557712545,-80.29979604927894,247.94978095662782,3371.590513540433,4745.1135661652,-11084.190313363275,6816.720486658034,0.00038318987142286495,0.00038318987142286495,2609.6723180254967
0.02801867911941294,163.41466097330232,-78.05304620038179,251.116823214832,3364.150238310717,4749.688146814208,-11221.754825324751,6897.872299070225,0.00038800143969681445,0.00038800143969681445,2577.3100243684744
0.02868579052701801,167.2973249255183,-75.81129045465829,254.2869352857773,3356.6181922257906,4754.3168647630255,-11359.319337286228,6979.024111482416,0.0003928150820576977,0.0003928150820576977,2545.7271008069833
0.02935290193462308,171.17961049526988,-73.57459003349284,257.4601532850739,3348.9943752856516,4758.999720011649,-11496.883849247704,7060.175923894606,0.00039763066786088416,0.00039763066786088416,2514.8965631339634
0.03002001334222815,175.06152107081942,-71.34300615826986,260.6365133283322,3341.278787490303,4763.736712560082,-11634.44836120918,7141.327736306796,0.0004024480602923901,0.0004024480602923901,2484.7926941764144
0.03068712474983322,178.94306037121737,-69.11660005037373,263.81605153116243,3333.4714288397427,4768.527842408323,-11772.012873170657,7222.479548718988,0.0004072671162880401,0.0004072671162880401,2455.3909707081502
0.03135423615743829,182.82423245032476,-66.89543293118886,266.99880400917493,3325.5722993339714,4773.373109556372,-11909.577385132136,7303.63136113118,0.00041208768645325025,0.00041208768645325025,2426.6679953647345
0.03202134756504336,186.70504170083296,-64.67956602209965,270.1848068779799,3317.5813989729886,4778.2725140042285,-12047.14189709361,7384.78317354337,0.0004169096149835031,0.0004169096149835031,2398.601433165722
0.03268845897264843,190.58549285828272,-62.469060544490475,273.37409625318764,3309.498727756795,4783.226055751893,-12184.706409055088,7465.9349859555605,0.0004217327395855825,0.0004217327395855825,2371.1699522846015
0.033355570380253496,194.4655910050803,-60.26397771974574,276.5667082504084,3301.3242856853904,4788.233734799366,-12322.270921016565,7547.086798367751,0.00042655689139963203,0.00042655689139963203,2344.3531687385666
0.03402268178785857,198.3453415745117,-58.06437876924983,279.7626789852526,3293.058072758774,4793.295551146646,-12459.835432978041,7628.238610779942,0.00043138189492211205,0.00043138189492211205,2318.131594698833
0.03468979319546364,202.22476530362488,-55.87022814905476,282.96199633836153,3285.182019240344,4798.171275254265,-10997.262285356657,6911.7639567806655,0.0003838229386935524,0.0003838229386935524,2605.3679944293503
0.03535690460306871,206.10396199775445,-53.680971604213084,286.1643896266092,3278.390843233872,4802.514608450389,-9362.683382044137,6109.548965196858,0.0003305723523008781,0.0003305723523008781,3025.056369777188
0.03602401601067378,209.98305494250917,-51.49588180579564,289.36950189404973,3272.690113460432,4806.322774874274,-7728.1044787316005,5307.333973613042,0.00027727367717449,0.00027727367717449,3606.545021475998
0.03669112741827885,213.86216435706518,-49.31423130468103,292.5769761248244,3268.079829920022,4809.595774525923,-6093.525575419063,4505.118982029227,0.00022394245011879765,0.00022394245011879765,4465.432969361177
0.03735823882588392,217.7414078720905,-47.13529265174781,295.78645530307426,3264.559992612641,4812.333607405335,-4458.946672106545,3702.903990445419,0.0001705936876005035,0.0001705936876005035,5861.881609252748
0.03802535023348899,221.62090102702413,-44.95833839787451,298.9975824129408,3262.1306015382916,4814.536273512508,-2824.367768794008,2900.6889988616026,0.00011724197874511311,0.00011724197874511311,8529.368155530914
0.03869246164109406,225.5007577678982,-42.782641093939766,302.21000043856526,3260.791656696972,4816.203772847444,-1189.7888654814888,2098.4740072777954,6.390157925982881e-05,6.390157925982881e-05,15649.065509538066
0.03935957304869913,229.3810909454727,-40.60747329082208,305.42335236408877,3260.543158088683,4817.336105410143,444.79003783104963,1296.2590156939796,1.0586505950675116e-05,1.0586505950675116e-05,94459.87228073382
0.0400266844563042,233.26201281345786,-38.43210753940003,308.63728117365275,3261.3851057134243,4817.933271200605,2079.368941143586,494.04402411016326,4.268936848604604e-05,4.268936848604604e-05,23425.03614985244
0.04069379586390927,237.14363552660345,-36.255816390552226,311.85142985139845,3263.3174995711965,4817.99527021883,3713.9478444561028,-308.17096747364303,9.591222070879731e-05,9.591222070879731e-05,10426.200046354234
0.04136090727151434,241.02607163843984,-34.077872395157165,315.06544138146705,3266.3403396619983,4817.522102464817,5348.52674776864,-1110.3859590574593,0.00014906818231721957,0.00014906818231721957,6708.339663470126
0.04202801867911941,244.90943459845403,-31.89754810409347,318.2789587479998,3270.453625985831,4816.513767938566,6983.105651081162,-1912.6009506412674,0.00020214324608205188,0.00020214324608205188,4946.986948028382
0.04269513008672448,248.79383924848406,-29.714116068239665,321.4916249351382,3275.6573585426936,4814.970266640078,8617.684554393698,-2714.8159422250837,0.0002551231731211467,0.0002551231731211467,3919.6752994489616
0.04336224149432955,252.6794023181109,-27.526848838474326,324.7030829270233,3281.951537332587,4812.891598569354,10252.263457706234,-3517.030933808899,0.00030799340132766745,0.00030799340132766745,3246.8228075319116
0.04402935290193462,256.5662429188238,-25.335018965676056,327.91297570779636,3289.336162355511,4810.277763726392,11886.842361018756,-4319.245925392707,0.0003607389553631191,0.0003607389553631191,2772.0876415839316
0.04469646430953969,260.4544830367251,-23.13789900072337,331.1209462615988,3297.8112336114646,4807.1287621111915,13521.421264331293,-5121.460916976523,0.00041334435853721056,0.00041334435853721056,2419.290306849505
0.045363575717144757,264.34424802353317,-20.934761494494875,334.32663757257177,3307.3767511004494,4803.444593723754,15156.000167643811,-5923.67590856033,0.00046579354690857734,0.00046579354690857734,2146.8738814371613
0.04603068712474983,268.23566708563123,-18.724878997869087,337.5296926248566,3318.0327148224637,4799.225258564078,16790.579070956348,-6725.890900144146,0.0005180697859548394,0.0005180697859548394,1930.2418846081305
0.0466977985323549,272.1288737708951,-16.507524061724602,340.7297544025945,3329.779124777509,4794.470756632167,18425.157974268885,-7528.105891727961,0.0005701555901770032,0.0005701555901770032,1753.9072092401177
0.04736490993995997,276.0240064530209,-14.281969236940009,343.9264658899268,3342.6159809655846,4789.181087928017,20059.736877581407,-8330.32088331177,0.0006220326460216231,0.0006220326460216231,1607.6326642914462
0.04803202134756504,279.9212088130549,-12.047487074393826,347.11947007099474,3356.5432833866903,4783.356252451631,21694.315780893943,-9132.535874895586,0.0006736817385238753,0.0006736817385238753,1484.3804467538791
0.048699132755170106,283.8206303178117,-9.803350124964663,350.30840992993956,3371.561032040827,4776.996250203007,23328.894684206458,-9934.750866479393,0.0007250826820955082,0.0007250826820955082,1379.1530603240633
0.04936624416277518,287.72242669484694,-7.548830939531038,353.49292845090264,3387.669226927993,4770.101081182145,24963.473587518998,-10736.965858063208,0.0007762142559029221,0.0007762142559029221,1288.3040892321176
0.05003335557038025,291.6267604036281,-5.28320206897154,356.6726686180251,3404.86786804819,4762.670745389047,26598.052490831535,-11539.180849647024,0.0008270541443019002,0.0008270541443019002,1209.1106814343816
0.05070046697798532,295.5338011025296,-3.005736064164754,359.8472734154483,3423.156955401417,4754.705242823711,28232.631394144053,-12341.395841230833,0.0008775788828162268,0.0008775788828162268,1139.4987044251945
0.05136757838559039,299.4437261112501,-0.7157054759892123,363.01638582731357,3442.5364889876755,4746.204573486138,29867.21029745659,-13143.610832814647,0.0009277638101668849,0.0009277638101668849,1077.8605384705847
0.05203468979319546,303.35672086822876,1.587617144676507,366.1796488377621,3463.0064688069633,4737.168737376326,31501.789200769123,-13945.825824398462,0.0009775830268761007,0.0009775830268761007,1022.9310171183449
0.05270180120080053,307.2729793826125,3.9049592469538137,369.33670543093496,3484.566894859281,4727.597734494278,33136.368104081645,-14748.040815982271,0.0010270093609854585,0.0010270093609854585,973.7009592984217
0.0533689126084056,311.192704680301,6.237048279964186,372.48719859097383,3507.2177671446307,4717.491564839993,34770.947007394185,-15550.255807566087,0.001076014341438876,0.001076014341438876,929.3556428465187
0.05403602401601067,315.1157875077199,8.58494491952047,375.6301208363928,3532.4792363365073,4703.882861794715,41028.72112962906,-25377.04672032941,0.0013884300369052904,0.0013884300369052904,720.2379474798221
0.05470313542361574,319.04080867092495,10.951100884898834,378.7617493391229,3561.959539680924,4683.632311866666,47353.228296931615,-35334.10196396064,0.0017063541887390656,0.0017063541887390656,586.0448004285464
0.05537024683122081,322.96607571462613,13.338330818778735,381.87765283685104,3595.658993904128,4656.7392967994365,53677.73546423416,-45291.15720759186,0.0020271124581716423,0.0020271124581716423,493.31254216746896
0.05603735823882588,326.88999512583626,15.749449364841801,384.97340006530857,3633.5775990061197,4623.203816593028,60002.24263153665,-55248.212451222986,0.0023517233609182827,0.0023517233609182827,425.22008184224853
0.05670446964643095,330.81109152985937,18.18727116676973,388.04455976022643,3675.7153549868985,4583.025871247439,66326.7497988392,-65205.26769485421,0.0026810811781576363,0.0026810811781576363,372.9838574627464
0.05737158105403602,334.7280273782408,20.654610868244106,391.0867006573356,3722.072261846465,4536.20546076267,72651.25696614168,-75162.32293848533,0.0030159335421377827,0.0030159335421377827,331.57229296610114
0.05803869246164109,338.6396231998639,23.154283112946636,394.0953914923671,3772.6483195848195,4482.742585138718,78975.76413344423,-85119.37818211655,0.0033568543317012167,0.0033568543317012167,297.8979428914364
0.05870580386924616,342.5448784652432,25.689102544558935,397.06620100105215,3827.4435282019617,4422.637244375588,85300.2713007468,-95076.43342574777,0.0037042115341321073,0.0037042115341321073,269.96298423715666
0.05937291527685123,346.4429930893003,28.261883806762626,399.99469791912145,3886.4578876978903,4355.889438473278,91624.77846804926,-105033.4886693789,0.00405812996076384,0.00405812996076384,246.4189194699362
0.0600400266844563,350.3333895676908,30.87544154323941,402.8764509823064,3949.6913980726076,4282.499167431787,97949.28563535181,-114990.54391301013,0.004418449037619723,0.004418449037619723,226.32376009902183
0.060707138092061366,354.21573570525294,33.53259039767088,405.7070289263378,4017.144059326112,4202.466431251118,104273.7928026543,-124947.59915664126,0.004784676354210449,0.004784676354210449,209.0005521731922
0.06137424949966644,358.08996785165954,36.23614501373873,408.48200048694673,4088.8158714584033,4115.791229931265,110598.29996995685,-134904.65440027247,0.005155938264500095,0.005155938264500095,193.95111979622533
0.06204136090727151,361.9563145083726,38.98892003512459,411.1969343998644,4164.7068344694835,4022.473563472234,116922.80713725941,-144861.7096439037,0.005530929604589828,0.005530929604589828,180.80143330158324
0.06270847231487658,365.8153201124413,41.793730105510086,413.84739940082136,4244.816948359351,3922.513431874022,123247.31430456197,-154818.76488753493,0.005907865513343622,0.005907865513343622,169.26587068398564
0.06337558372248164,369.66786873702415,44.653389868576824,416.4289642255492,4329.146213128004,3815.910835136632,129571.82147186437,-164775.82013116594,0.006284439376386917,0.006284439376386917,159.1231834867226
0.06404269513008672,373.51520737702924,47.570713968006565,418.93719760977854,4417.694628775447,3702.6657732600593,135896.32863916695,-174732.87537479718,0.0066577919798724156,0.0066577919798724156,150.19994662241808
0.06470980653769179,377.3589684132869,50.54851704748089,421.3676682892408,4510.462195301677,3582.778246244306,142220.8358064695,-184689.9306184284,0.007024497924502064,0.007024497924502064,142.35892881566843
0.06537691794529686,381.20119075734067,53.58961370605377,423.7159450306754,4607.4434853584335,3456.2520251803785,148105.3155422816,-194341.2410657374,0.007365249386771633,0.007365249386771633,135.77272777701887
0.06604402935290193,385.0439461079859,56.69583449744115,425.97828034624325,4704.386555389556,3326.0414931896808,142530.00841102435,-196029.93384236985,0.007300979819534691,0.007300979819534691,136.9679172820577
0.06671114076050699,388.8881274843278,59.865486505997936,428.1533749646141,4797.6102744325135,3194.704414983755,136954.7012797672,-197718.6266190023,0.007238264687639903,0.007238264687639903,138.15466042677397
0.06737825216811207,392.7342665475294,63.09608851025119,430.24047735395675,4887.1146424873095,3062.2407905625955,131379.39414850995,-199407.31939563475,0.007177562818202981,0.007177562818202981,139.32305788587527
0.06804536357571714,396.58282781037286,66.38515928872772,432.2388359824394,4972.899659553942,2928.6506199262026,125804.08701725268,-201096.0121722672,0.007119283157766735,0.007119283157766735,140.46358008798353
0.06871247498332221,400.43421385620616,69.73021761995446,434.1476993182311,5054.96532563241,2793.933903074579,120228.7798859954,-202784.70494889963,0.0070637863708323916,0.0070637863708323916,141.56713517401585
0.06937958639092728,404.28877061156476,73.12878228245829,435.9663158295002,5133.311640722715,2658.0906400077233,114653.47275473815,-204473.39772553212,0.007011386761319293,0.007011386761319293,142.62513737180228
0.07004669779853234,408.1467926548408,76.57837205476609,437.69393398441554,5207.938604824855,2521.120830725639,109078.165623481,-206162.0905021645,0.006962354397770938,0.006962354397770938,143.62957454739148
0.07071380920613742,412.0085285460933,80.07650571540488,439.32980225114545,5278.846217938833,2383.0244752283193,103502.85849222374,-207850.78327879697,0.006916917338570961,0.006916917338570961,144.5730736759969
0.07138092061374249,415.8741861656161,83.62070204290151,440.8731690978588,5346.034480064648,2243.8015735157687,97927.55136096648,-209539.47605542943,0.006875263868883298,0.006875263868883298,145.44896298829954
0.07204803202134756,419.7439380511591,87.2084798157829,442.3232829927242,5409.503391202298,2103.452125587986,92352.24422970922,-211228.1688320619,0.006837544675946011,0.006837544675946011,146.25132959173604
0.07271514342895263,423.6179267257315,90.8373578125759,443.6793924039101,5469.252951351785,1961.976131444971,86776.93709845195,-212916.86160869437,0.006803874903366984,0.006803874903366984,146.97507144129548
0.0733822548365577,427.4962700096807,94.50485481180749,444.94074579958533,5525.283160513109,1819.3735910867244,81201.62996719469,-214605.55438532677,0.0067743360379820105,0.0067743360379820105,147.6159426389907
0.07404936624416276,431.379066312239,98.20848959200447,446.1065916479184,5577.594018686266,1675.6445045132493,75626.32283593755,-216294.2471619592,0.0067489775945551115,0.0067489775945551115,148.170591173213
0.07471647765176784,435.2663998989638,101.94578093169392,447.17617841707795,5626.185525871264,1530.7888717245394,70051.01570468028,-217982.93993859168,0.006727818574136479,0.006727818574136479,148.63658836524897
0.07538358905937291,439.1583461324583,105.71424760940265,448.1487545752326,5671.057682068096,1384.8066927205975,64475.70857342302,-219671.6327152241,0.006710848681324921,0.006710848681324921,149.01244946601452
0.07605070046697798,443.0549766844639,109.51140840365754,449.02356859055084,5712.210487276763,1237.6979675014236,58900.40144216575,-221360.32549185655,0.006698029294136612,0.006698029294136612,149.29764503648707
0.07671781187458306,446.9563637122231,113.33476545338058,449.79994582534135,5749.505454520335,1090.1026654001178,52556.70096004097,-219498.15600552518,0.006583313863910074,0.006583313863910074,151.89918340093584
0.07738492328218811,450.8625215826555,117.18150196760385,450.4786854653232,5782.232608043273,945.3016921078748,45559.30530172985,-214615.16192462723,0.006384154058667805,0.006384154058667805,156.63782402655116
0.07805203468979319,454.773267984391,121.04851408709021,451.0619132822462,5810.291719099026,803.7582198702634,38561.90964341859,-209732.1678437292,0.0061919682133436856,0.0061919682133436856,161.49953706884364
0.07871914609739826,458.6882132015354,124.93268770745867,451.55180239222466,5833.682787687594,665.4722486872873,31564.513985107333,-204849.1737628312,0.006007496641683551,0.006007496641683551,166.45868647872572
0.07938625750500333,462.6067725721566,128.83090872432803,451.950525911372,5852.405813808976,530.4437785589464,24567.118326796066,-199966.1796819331,0.00583132441924007,0.00583132441924007,171.4876292426067
0.0800533689126084,466.52817802573753,132.74006303331743,452.26025695580233,5866.460797463173,398.67280948524086,17569.722668484806,-195083.18560103507,0.005663903740390072,0.005663903740390072,176.55667289485578
0.08072048032021346,470.4514892539922,136.6570365300456,452.48316864162916,5875.8477386501845,270.1593414661728,10572.327010173693,-190200.1915201372,0.005505575424788685,0.005505575424788685,181.63405690484788
0.08138759172781854,474.3756044687033,140.57871511013164,452.6214340849665,5880.566637370009,144.90337450173723,3574.9313518624294,-185317.19743923913,0.0053565891924415915,0.0053565891924415915,186.68596079965377
0.08205470313542361,478.2992707154299,144.50198466919454,452.6772264019282,5880.617493622649,22.904908591936902,-3422.46430644883,-180434.20335834107,0.005217122494563209,0.005217122494563209,191.67654220158818
0.08272181454302868,482.2210937248154,148.42373110285322,452.65271870862824,5876.000307408103,-95.8360562632285,-10419.859964760097,-175551.20927744306,0.0050872978204101315,0.0050872978204101315,196.5680082632515
0.08338892595063375,486.13954729396863,152.3408403067266,452.55008412118,5866.715078726371,-211.31952006375855,-17417.25562307136,-170668.215196545,0.004967198502364773,0.004967198502364773,201.32072425209546
0.08405603735823881,490.05298219923094,156.25019817643357,452.3714957556977,5852.7618075774535,-323.54548280965133,-24414.651281382474,-165785.22111564706,0.004856883117657669,0.004856883117657669,205.893363248624
0.08472314876584389,493.9596346488099,160.14869060759324,452.11912672829516,5834.140493961351,-432.51394450091135,-31412.04693969373,-160902.22703474903,0.004756398640468566,0.004756398640468566,210.24310104955524
0.08539026017344896,497.8576343904828,164.03320361077652,451.7951503183794,5810.861543293481,-538.2101238774662,-37781.513137708236,-155127.23698010578,0.0046379951953061235,0.0046379951953061235,215.61040015997614
0.08605737158105403,501.74593498301164,167.90170702991045,451.4032794289158,5787.5390284634805,-634.0795674531261,-32139.38632263211,-132289.35485972124,0.003982655099119544,0.003982655099119544,251.0887774894373
0.0867244829886591,505.6264027088211,171.7559072127206,450.9525347984704,5767.980440794971,-714.7135993407372,-26497.259507555988,-109451.47273933666,0.0033119531440699637,0.0033119531440699637,301.9366387445714
0.08739159439626416,509.50113540438747,175.59831511795383,450.45308014398,5752.185780287956,-780.1122195402991,-20855.13269247998,-86613.59061895258,0.0026302833580669547,0.0026302833580669547,380.1871752459853
0.08805870580386924,513.3718335923211,179.43144170435704,449.9150791823812,5740.15504694243,-830.2754280518136,-15213.005877403857,-63775.70849856802,0.0019411146660786465,0.0019411146660786465,515.1679174214656
0.08872581721147431,517.2398812004063,183.25779793067701,449.3486956306104,5731.888240758397,-865.2032248752801,-9570.879062327733,-40937.826378183454,0.001247139333975601,0.001247139333975601,801.8350257723199
0.08939292861907938,521.1064279975978,187.07989475566058,448.7640932056047,5727.385361735855,-884.8956100106979,-3928.7522472516084,-18099.944257798903,0.0005504554891138996,0.0005504554891138996,1816.6773150173478
0.09006004002668445,524.9724731048797,190.9002431380546,448.17143562430056,5726.6464098748065,-889.3525834580672,1713.3745678245177,4737.9378625856625,0.00014722909208795447,0.00014722909208795447,6792.135887128892
0.09072715143428951,528.8389491031028,194.72135403660567,447.5808866036344,5729.671385175247,-878.5741452173885,7355.501382900524,27575.819982969748,0.0008443814808738124,0.0008443814808738124,1184.2988301509704
0.09139426284189459,532.7068063687641,198.54573841006095,447.0026098605432,5736.460287637181,-852.5602952886611,12997.628197976648,50413.7021033543,0.0015394235954269378,0.0015394235954269378,649.5937849534286
0.09206137424949966,536.577097317609,202.3759072171671,446.4467691119636,5747.013117260607,-811.3110336718855,18639.75501305277,73251.58422373887,0.002230513829439023,0.002230513829439023,448.3271911618236
0.09272848565710473,540.4510602231892,206.21437141667099,445.92352807483195,5761.329874045524,-754.8263603670613,24281.881828128895,96089.46634412344,0.0029153367097098813,0.0029153367097098813,343.0135519747613
0.0933955970647098,544.3302022036529,210.0636419673194,445.44305046608525,5779.410557991932,-683.1062753741886,29924.00864320502,118927.34846450799,0.0035909085813483534,0.0035909085813483534,278.4810521755219
0.09406270847231486,548.2163057833761,213.92613171897554,445.0152959211782,5800.389576685739,-597.9513432928442,30474.851838488285,131174.5820268281,0.003929411817047619,0.003929411817047619,254.49101457412385
0.09472981987991994,552.1098488120379,217.80209660302762,444.64573735527125,5819.269869557207,-509.75621432709414,26128.2661901689,133234.41461249013,0.003956370451736048,0.003956370451736048,252.75691753313998
0.09539693128752501,556.0098030180295,221.68968954874504,444.3354731174987,5835.250505558546,-420.186947545692,21781.680541849513,135294.24719815212,0.00398838427078345,0.00398838427078345,250.7280974216577
0.09606404269513008,559.9151032051627,225.5869761619516,444.0854199108731,5848.331484689762,-329.24354294863826,17435.094893530124,137354.07978381412,0.0040253967048806604,0.0040253967048806604,248.42272037127
0.09673115410273515,563.8247165121242,229.4920220484712,443.8964944384068,5858.512806950849,-236.92600053593281,13088.509245210738,139413.91236947608,0.004067359502285516,0.004067359502285516,245.85975236221034
0.09739826551034021,567.7376449478078,233.40289281412743,443.7696134031123,5865.7944723418095,-143.23432030757724,8741.92359689144,141473.74495513804,0.004114230772683798,0.004114230772683798,243.05880132914353
0.09806537691794528,571.6529280030061,237.3176540647444,443.7056935080022,5870.176480862644,-48.1685022635682,4395.337948572054,143533.57754080003,0.004165972951882691,0.004165972951882691,240.03996462532933
0.09873248832555036,575.569645344633,241.23437140614564,443.7056514560887,5871.658832513353,48.27145359609267,48.75230025266501,145593.41012646203,0.004222550662460917,0.004222550662460917,236.8236831093926
0.09939959973315543,579.4869195981651,245.15111044415514,443.7704039503843,5870.241527293936,146.0855472714051,-4297.833348066713,147653.24271212402,0.00428392844601085,0.00428392844601085,233.43060291569287
0.1000667111407605,583.4039192234122,249.06593678459654,443.90086769390143,5865.924565204392,245.27377876236952,-8644.418996386099,149713.075297786,0.004350068343447918,0.004350068343447918,229.8814457722721
0.10073382254836558,587.319861488088,252.97691603329375,444.09795938965266,5858.707946244722,345.83614806898566,-12991.004644705488,151772.907883448,0.004420927301171398,0.004420927301171398,226.19688854305144
0.10140093395597063,591.2340155428826,256.8821137960704,444.36259574065025,5848.591670414924,447.77265519125143,-17337.590293024783,153832.74046910997,0.00449645438280315,0.00449645438280315,222.39745249602345
0.10206804536357571,595.1457056008668,260.7795956787506,444.69569344990686,5835.575737715002,551.0833001291712,-21684.175941344172,155892.57305477196,0.004576587768995622,0.004576587768995622,218.50340263865624
0.10273515677118078,599.0543142230227,264.6674272871578,445.09816922043467,5819.6601481449525,655.7680828827426,-26030.76158966356,157952.40564043395,0.004661251531601858,0.004661251531601858,214.53465731688286
0.10340226817878585,602.9592857105143,268.5436742271161,445.57093975524646,5800.844901704777,761.8270034519658,-30377.34723798294,160012.23822609597,0.004750352173573019,0.004750352173573019,210.51070814563232
0.10406937958639093,606.860129602923,272.40640210444906,446.11492175735435,5779.129998394475,869.2600618368408,-34723.932886302326,162072.07081175793,0.004843774932545997,0.004843774932545997,206.45055022702664
0.10473649099399598,610.7564242801043,276.2536765249805,446.73103192977095,5754.515438214046,978.0672580373651,-39070.51853462163,164131.90339741987,0.004941379854464558,0.004941379854464558,202.37262251686553
0.10540360240160106,614.6478206635013,280.08356309453444,447.4201869755086,5727.001221163492,1088.2485920535441,-43417.104182941024,166191.7359830819,0.005042997653997174,0.005042997653997174,198.29475812017907
0.10607071380920613,618.534046010708,283.8941274189345,448.18330359757994,5696.587347242811,1199.804063885374,-47763.689831260395,168251.56856874388,0.00514842539120274,0.00514842539120274,194.23414423150197
0.1067378252168112,622.4149077947621,287.6834351040045,449.0212984989972,5663.273816452003,1312.733673532856,-52110.27547957979,170311.40115440587,0.0052574220090313775,0.0052574220090313775,190.20729138390757
0.10740493662441628,626.2902976570697,291.4495517555683,449.9350883827728,5627.0606287910705,1427.0374209959898,-56456.86112789917,172371.23374006787,0.005369703793926301,0.005369703793926301,186.23001163138736
0.10807204803202133,630.1601954200136,295.1905429794495,450.9255899519195,5587.947784260011,1542.715306274773,-60803.44677621847,174431.0663257298,0.0054849398419851226,0.0054849398419851226,182.31740526037888
0.1087391594396264,634.0246731421777,298.90447438147214,451.99371990944945,5545.935282858824,1659.7673293692105,-65150.03242453785,176490.89891139182,0.005602747635640755,0.005602747635640755,178.48385560661356
0.10940627084723148,637.8838991957413,302.58941156745993,453.14039495837505,5501.023124587512,1778.193490279299,-69496.61807285725,178550.7314970538,0.005722688860202591,0.005722688860202591,174.74303154140006
0.11007338225483655,641.7381423419932,306.2434201432366,454.3665318017089,5453.211309446072,1897.9937890050398,-73843.20372117661,180610.5640827158,0.005844265615140796,0.005844265615140796,171.1078971854548
0.11074049366244162,645.5877757771168,309.8645657146261,455.67304714246353,5402.499837434507,2019.168225546433,-78189.78936949601,182670.3966683778,0.005966917200644565,0.005966917200644565,167.59072840695308
0.11140760507004668,649.4332811164661,313.4509138874521,457.0608576836512,5348.888708552817,2141.7167999034746,-82536.37501781531,184730.22925403976,0.006090017684298689,0.006090017684298689,164.20313566218442
0.11207471647765176,653.2752522815716,317.0005302675384,458.5308801282844,5292.377922800999,2265.639512076171,-86882.96066613469,186790.06183970172,0.006212874473851165,0.006212874473851165,160.95609274077793
0.11274182788525683,657.1143992501611,320.5114804607089,460.08403117937564,5232.967480179054,2390.9363620645186,-91229.54631445407,188849.89442536375,0.0063347281377350234,0.0063347281377350234,157.8599709817301
0.1134089392928619,660.951551625698,323.98183007278726,461.7212275399372,5170.657380686983,2517.607349868518,-95576.13196277346,190909.72701102574,0.006454753722655273,0.006454753722655273,154.92457853041572
0.11407605070046697,664.787661979452,327.4096447095975,463.44338591298185,5105.447624324786,2645.6524754881702,-99922.71761109287,192969.55959668773,0.006572063814311744,0.006572063814311744,152.15920420954166
0.11474316210807203,668.6238089150816,330.7929899769631,465.2514230015215,5037.338211092464,2775.0717389234705,-104269.30325941215,195029.39218234966,0.00668571357029595,0.00668571357029595,149.5726655779742
0.1154102735156771,672.4611998033258,334.1299314807081,467.14625550856914,4966.329140990014,2905.8651401744255,-108615.88890773155,197089.22476801166,0.006794707920668617,0.006794707920668617,147.1733607500817
0.11607738492328218,676.3011731328222,337.4185348266562,469.12880013713686,4892.420414017438,3038.0326792410315,-112962.47455605092,199149.05735367362,0.006898011079517041,0.006898011079517041,144.9693235444925
0.11674449633088725,680.1452004363583,340.6568657249125,471.19997345285174,4815.6212840588305,3171.5621645665915,-116761.60228749872,200487.6399035955,0.006967384244504121,0.006967384244504121,143.52588646001558
0.11741160773849232,683.9949699092335,343.84391885867154,473.35946814302315,4739.881872824861,3301.249496735975,-110305.15259194003,188314.98194021385,0.006520974865111551,0.006520974865111551,153.35130416622047
0.11807871914609738,687.8523286677186,346.98188204872696,475.60277008648023,4668.449632835429,3422.8163099171093,-103848.70289638145,176142.3239768324,0.0060714968774913175,0.0060714968774913175,164.70402936502705
0.11874583055370246,691.7187417861991,350.07362865815054,477.92446199237037,4601.324564090531,3536.2626041099993,-97392.25320082276,163969.66601345077,0.005622694167939087,0.005622694167939087,177.8506833435927
0.11941294196130753,695.5952326836623,353.12203205001396,480.3191265698406,4538.506666590167,3641.588379314642,-90935.80350526405,151797.00805006907,0.00517749979280195,0.00517749979280195,193.14341671056286
0.1200800533689126,699.4824156337964,356.1299655873891,482.78134652803845,4479.99594033434,3738.7936355310394,-84479.35380970534,139624.3500866874,0.004738094607814464,0.004738094607814464,211.0553044573479
0.12074716477651767,703.3805287313684,359.10030263334744,485.30570457611105,4425.792385323048,3827.8783727591895,-78022.90411414663,127451.69212330575,0.004305981995707962,0.004305981995707962,232.23506298836404
0.12141427618412273,707.2894668337443,362.03591655096096,487.88678342320577,4375.896001556293,3908.8425909990915,-71566.45441858807,115279.03415992433,0.0038820699360761707,0.0038820699360761707,257.5945349945851
0.1220813875917278,711.2088141157188,364.93968070330124,490.5191657784696,4330.306789034072,3981.6862902507482,-65110.00472302936,103106.37619654267,0.003466753851039759,0.003466753851039759,288.45428402713884
0.12274849899933288,715.1378759827834,367.81446845344016,493.19743435105005,4289.024747756387,4046.4094705141583,-58653.55502747065,90933.71823316097,0.0030599956775277217,0.0030599956775277217,326.79784724661283
0.12341561040693795,719.0757101808479,370.66315316444917,495.91617185009426,4252.049877723237,4103.012131789322,-52197.10533191195,78761.06026977931,0.002661396325745214,0.002661396325745214,375.74260936878363
0.12408272181454302,723.0211570189991,373.48860819940046,498.6699609847497,4219.382178934623,4151.494274076239,-45740.65563635324,66588.40230639762,0.0022702600386455265,0.0022702600386455265,440.47817561754556
0.12474983322214808,726.9728686868366,376.2937069213655,501.45338446416355,4191.021651390544,4191.855897374909,-39284.20594079467,54415.74434301621,0.0018856501827528942,0.0018856501827528942,530.3210580342544
0.12541694462975317,730.9293377006067,379.08132269341604,504.261024997483,4166.968295091,4224.097001685333,-32827.756245235825,42243.086379634275,0.0015064367224434337,0.0015064367224434337,663.8181246524609
0.12608405603735823,734.8889245543274,381.85432887862385,507.08746529385536,4147.222110035994,4248.217587007512,-26371.306549677258,30070.428416252864,0.0011313361167909917,0.0011313361167909917,883.9106125564845
0.1267511674449633,738.8498846850073,384.61559884006056,509.92728806242775,4131.783096225522,4264.217653341441,-19914.85685411869,17897.770452871453,0.0007589446902000218,0.0007589446902000218,1317.6190741072942
0.12741827885256837,742.8103948864712,387.368005940798,512.7750760123478,4120.651253659584,4272.097200687125,-13458.407158559843,5725.112489489518,0.0003877667192622502,0.0003877667192622502,2578.870104950113
0.12808539026017343,746.7685793255574,390.114423543908,515.6254118527623,4113.826582338183,4271.8562290445625,-7001.957463001279,-6447.5454738918925,1.6238593638089314e-05,1.6238593638089314e-05,61581.68757018439
0.12875250166777852,750.722535328679,392.85772501246225,518.472878292819,4111.309082261318,4263.494738413754,-545.5077674424392,-18620.203437273834,0.00035724951636204657,0.00035724951636204657,2799.164041377098
0.12941961307538358,754.6703591167714,395.6007837095324,521.3120580416648,4113.098753428987,4247.012728794698,5910.941928116135,-30792.861400655245,0.0007343329924020755,0.0007343329924020755,1361.7800239764545
0.13008672448298864,758.6101716730388,398.34647299819005,524.1375338084471,4119.195595841193,4222.410200187396,12367.391623674703,-42965.51936403666,0.0011166515444785466,0.0011166515444785466,895.534515619176
0.13075383589059372,762.5401449308764,401.09766624150734,526.9438883023133,4129.599609497933,4189.687152591847,18823.841319233532,-55138.17732741858,0.0015058257989069472,0.0015058257989069472,664.0874400783163
0.13142094729819878,766.4585284688096,403.8572368025557,529.7257042324103,4144.310794399208,4148.843586008052,25280.29101479211,-67310.83529080001,0.001903429976815118,0.001903429976815118,525.3673695279472
0.13208805870580387,770.3636768948354,406.6280580444071,532.4775643078859,4163.329150545021,4099.879500436009,31736.740710350954,-79483.49325418194,0.0023109588474829875,0.0023109588474829875,432.72081676796785
0.13275517011340893,774.2540780933434,409.41300333013294,535.1940512378869,4186.654677935367,4042.794895875721,38193.190405909525,-91656.15121756334,0.002729787059332426,0.002729787059332426,366.3289400472693
0.13342228152101399,778.128382492752,412.2149460228052,537.8697477315607,4214.287376570249,3977.5897723271864,44649.64010146809,-103828.80918094477,0.003161118914580263,0.003161118914580263,316.34368305084183
0.13408939292861907,781.9854334894774,415.0367594854957,540.4992364980548,4246.227246449668,3904.264129790404,51106.089797026936,-116001.4671443267,0.00360592670963065,0.00360592670963065,277.32122156815234
0.13475650433622413,785.8246930922609,417.88101656289587,543.0780183762337,4280.553571023528,3828.6860517567725,49378.56515040162,-103170.82895290168,0.0033296326238281635,0.0033296326238281635,300.33343403821965
0.13542361574382922,789.6497319378318,420.7472264963099,545.6109539829408,4311.768426463579,3767.6525383104563,44203.57145886386,-79807.64435915319,0.002720098428425449,0.002720098428425449,367.63375528982533
0.13609072715143428,793.4661980606602,423.63310868241024,548.1083721847335,4339.530984577717,3722.2048718246133,39028.5777673263,-56444.45976540566,0.0020881148414587398,0.0020881148414587398,478.9008631830844
0.13675783855903934,797.2794810790938,426.5363600542684,550.580670477917,4363.841245365947,3692.343052299242,33853.58407578875,-33081.275171658126,0.0014420503502296715,0.0014420503502296715,693.4570626058464
0.13742494996664442,801.0947472803869,429.45467754495627,553.0382463587953,4384.699208828269,3678.0670797343423,28678.590384250972,-9718.090577909628,0.0007900266961890826,0.0007900266961890826,1265.780010756324
0.13809206137424948,804.9170075336683,432.3857580875448,555.4914973236732,4402.104874964682,3679.3769541299157,23503.596692713425,13645.094015837902,0.00013985403823486625,0.00013985403823486625,7150.31194394711
0.13875917278185457,808.7511871036901,435.3272986151059,557.9508208688555,4416.0582437751855,3696.2726754859623,18328.603001175656,37008.27860958639,0.0005009971871059435,0.0005009971871059435,1996.019190799438
0.13942628418945963,812.6021959427223,438.2769960607104,560.4266144906461,4426.559315259779,3728.7542438024784,13153.609309638103,60371.463203333915,0.001125403841431345,0.001125403841431345,888.569918801903
0.14009339559706468,816.4749980965919,441.23254735743006,562.9292756853498,4433.608089418464,3776.8216590794677,7978.615618100548,83734.64779708144,0.0017265931302263013,0.0017265931302263013,579.1752454551536
0.14076050700466977,820.3746781408778,444.1916501887482,565.4691998734875,4437.2567422860575,3840.3305923071216,5222.150996610595,100407.71293067904,0.002105396465063823,0.002105396465063823,474.96992447438447
0.14142761841227483,824.3029461706486,447.15534657244916,568.0475313996799,4451.487274679941,3880.604123319915,37440.98512025337,20332.33304567747,0.0002660049739541173,0.0002660049739541173,3759.3282002782703
0.14209472981987992,828.2497266493308,450.1357056034388,570.6349115791868,4487.211358857443,3867.458454943113,69659.8192438975,-59743.046839327435,0.0025855295347961913,0.0025855295347961913,386.76796630707474
0.14276184122748498,832.2026936066088,453.14706587530173,573.1957038547097,4544.428994818562,3800.8935871767176,101878.65336754028,-139818.42672432904,0.004917916420301691,0.004917916420301691,203.33814455892173
0.14342895263509006,836.1506369524978,456.2037659816232,575.6942716689513,4623.140182563303,3680.9095200207234,134097.48749118438,-219893.8066093339,0.007317728272564979,0.007317728272564979,136.6544319155874
0.14409606404269512,840.0844910789472,459.3201445159874,578.094978464613,4723.344922091657,3507.5062534751396,166316.32161482717,-299969.18649433553,0.009822572669272986,0.009822572669272986,101.80632240351902
0.14476317545030018,843.9984227914289,462.5105400719797,580.3621876843972,4845.04321340363,3280.6837875399624,198535.15573846994,-380044.5663793371,0.012442676469153719,0.012442676469153719,80.36856077380708
0.14543028685790527,847.8909962732948,465.78929124318455,582.4602627710061,4988.235056499224,3000.4421222151786,230753.98986211407,-460119.946264342,0.015146116146074954,0.015146116146074954,66.02352645098033
0.14609739826551033,851.7648942998055,469.16792796226207,584.3554935855258,5139.055858574577,2676.290773665636,217345.6398907289,-508900.32521816617,0.01643468428693232,0.01643468428693232,60.84692486579302
0.1467645096731154,855.6201336769175,472.6432890503,586.0242464020287,5278.090217874507,2321.546474625513,199479.36929045437,-554623.0833040986,0.0176853173912319,0.0176853173912319,56.54407992110926
0.14743162108072047,859.4574428537471,476.20742596411174,587.4461710759076,5405.205784245631,1936.3000020791126,181613.09869018057,-600345.8413900291,0.019002404742244985,0.019002404742244985,52.62491845449756
0.14809873248832553,863.2809475632681,479.85238754097014,588.6009192592597,5520.402557687953,1520.5513560264212,163746.82808990678,-646068.5994759594,0.02032382946608359,0.02032382946608359,49.20332566600208
0.14876584389593062,867.098587408915,483.57022261814774,589.4681426041825,5623.680538201477,1074.300536467421,145880.55748963222,-691791.3575618919,0.021564329971310213,0.021564329971310213,46.37287601007905
0.14943295530353568,870.9224763009854,487.35298003291604,590.0274927627729,5715.039725786196,597.5475434021472,128014.28688935844,-737514.1156478224,0.022618298940258734,0.022618298940258734,44.21198970980445
0.15010006671114076,874.7691548790621,491.192708622548,590.2586213871281,5794.4801204421165,90.29237683056124,110148.0162890839,-783236.8737337547,0.023369890602364267,0.023369890602364267,42.79010188857421
0.15076717811874582,878.6596764555064,495.08145722431567,590.1411801293456,5862.0017221692315,-447.46496324729503,92281.7456888101,-828959.6318196852,0.023711034612756792,0.023711034612756792,42.174456590856195
0.15143428952635088,882.6170130676306,499.00901005837125,589.6565753446389,5901.687626079402,-1003.3915123018265,-166.03922038714518,-816894.0713222587,0.02247319123631521,0.02247319123631521,44.49746319890988
0.15210140093395597,886.6345684126613,502.93608500948835,588.808734983077,5856.73618634322,-1533.4754044482665,-134598.37710868428,-772297.4373327299,0.02131359993000039,0.02131359993000039,46.91839967364826
0.15276851234156102,890.6811476516432,506.8032586178339,587.6171932002283,5722.103400450741,-2033.8083733194835,-269030.71499697585,-727700.803343203,0.021035832822631606,0.021035832822631606,47.5379324618011
0.1534356237491661,894.7233955116573,510.5507034343379,586.1017971763964,5497.789268401953,-2504.3904189155182,-403463.052885273,-683104.1693536744,0.021615027321878037,0.021615027321878037,46.26410992262925
0.15410273515677117,898.728399440715,514.1185920099298,584.2823940918854,5183.793790196877,-2945.221541236332,-537895.3907735646,-638507.5353641474,0.023093351339117336,0.023093351339117336,43.30250665290495
0.15476984656437623,902.6659014306538,517.4470968955396,582.1788311269986,4780.116965835501,-3356.301740281944,-672327.728661856,-593910.9013746205,0.025573039807529067,0.025573039807529067,39.10368135842755
0.15543695797198132,906.5128973399895,520.4790330235217,579.810975379221,4307.131453447553,-3737.4774553570014,-702045.1313992192,-548524.9693879916,0.026888279655808492,0.026888279655808492,37.19092529536291
0.15610406937958637,910.2842724291346,523.1994963530897,577.1990126429822,3853.8318440773173,-4088.0778819352327,-656947.0974927733,-502575.109493564,0.026066321057580805,0.026066321057580805,38.36368000651064
0.15677118078719146,914.017426524185,525.6275935032511,574.3633850710381,3430.6176475866127,-4408.024632800049,-611849.0635863255,-456625.2495991345,0.024464903081139747,0.024464903081139747,40.874880913422075
0.15743829219479652,917.7432882953375,527.7833947961406,571.3245420801431,3037.4888639754768,-4697.317707951428,-566751.0296798795,-410675.3897047069,0.022335923622808354,0.022335923622808354,44.770926731628364
0.15810540360240158,921.4852617278831,529.6869705538921,568.1029330870501,2674.4454932438907,-4955.957107389378,-521652.99577343377,-364725.5298102794,0.019936955321790125,0.019936955321790125,50.15811009552941
0.15877251501000667,925.2594634922948,531.3583910986405,564.7190075085124,2341.487535391841,-5183.942831113908,-476554.961866986,-318775.6699158498,0.01747837675898079,0.01747837675898079,57.213550994441015
0.15943962641761172,929.0753349585647,532.8177267525202,561.193214761284,2038.614990419356,-5381.274879125003,-431456.9279605401,-272825.8100214223,0.015103172494538335,0.015103172494538335,66.21125464610986
0.1601067378252168,932.9364548942933,534.0850478376656,557.5460042621179,1765.8278583264096,-5547.953251422677,-386358.89405409235,-226875.95012699277,0.012890762491196335,0.012890762491196335,77.57493016281572
0.16077384923282187,936.8414126396078,535.1804246762111,553.7978254277679,1523.1261391130254,-5683.977948006917,-341260.8601476465,-180926.09023256518,0.010871738899176515,0.010871738899176515,91.98160563585145
0.16144096064042693,940.7846504248582,536.1239275902913,549.969127674987,1310.5098327791904,-5789.34896887773,-296162.8262412007,-134976.23033813763,0.009043953702279318,0.009043953702279318,110.57111003874039
0.16210807204803201,944.7572272374624,536.9356269020404,546.0803604205288,1127.9789393248986,-5864.066314035119,-251064.7923347529,-89026.37044370813,0.007385426897714622,0.007385426897714622,135.40178703947964
0.16277518345563707,948.7474878221287,537.6355929335932,542.1519730811472,975.5334587501646,-5908.129983479077,-205966.75842830705,-43076.51054928057,0.00586298182754107,0.00586298182754107,170.56167482944412
0.16344229486324216,952.741639403154,538.243896007084,538.2044150735952,853.1733910549759,-5921.539977209608,-160868.72452185932,2873.3493451489303,0.004437091764370652,0.004437091764370652,225.37284624805096
0.16410940627084722,956.7249199897424,538.7811356780526,534.2575305088493,764.4852952191851,-5908.398388648114,-99566.86928240603,30290.239542080642,0.0026725062278799092,0.0026725062278799092,374.18060604232784
0.16477651767845228,960.6891773375025,539.2741333095407,530.3240473635165,721.2508555232698,-5882.180409434165,-30049.98092594999,48311.262141336265,0.0006818542015671278,0.0006818542015671278,1466.5891882775927
0.16544362908605736,964.6304523825216,539.7537575687315,526.4120645477968,724.391925071155,-5843.940400467544,39466.907430508916,66332.28474059264,0.0013648191325388215,0.0013648191325388215,732.6978177246175
0.16611074049366242,968.5446203810716,540.2509460868747,522.5296020948813,773.9085038628398,-5793.6783617482515,108983.79578696491,84353.30733984825,0.0034886761730723664,0.0034886761730723664,286.64168022202296
0.1667778519012675,972.4280729230194,540.7966364952205,518.6846800379599,869.8005918983288,-5731.394293276286,178500.68414342386,102374.32993910465,0.005708615318663804,0.005708615318663804,175.17382835914518
0.16744496330887257,976.2785191578658,541.4217664250187,514.8853184102237,1012.0681891776138,-5657.088195051648,248017.57249987987,120395.35253836025,0.008034163567893961,0.008034163567893961,124.46846414680793
0.16811207471647763,980.0958280538264,542.1572735075197,511.1395372448631,1200.711295700698,-5570.7600670743395,317534.46085633594,138416.3751376159,0.010456337637412097,0.010456337637412097,95.63577943601065
0.16877918612408271,983.8829118650432,543.0340953739734,507.45535657506844,1435.729911467592,-5472.409909344355,387051.34921279486,156437.39773687228,0.012936532020192326,0.012936532020192326,77.30046958791768
0.16944629753168777,987.6466336748495,544.0831696556295,503.84079643403066,1717.1240364782766,-5362.037721861701,456568.23756925086,174458.42033612786,0.015395068396269742,0.015395068396269742,64.95586601241097
0.17011340893929286,991.3986952490256,545.3354339837383,500.30387685493986,2044.8936707327744,-5239.6435046263705,526085.1259257098,192479.44293538426,0.017703658523949856,0.017703658523949856,56.48549979921836
0.17078052034689792,995.156427247087,546.8218259895499,496.8526178709873,2419.038814231059,-5105.227257638372,595602.0142821658,210500.4655346399,0.01968887941020716,0.01968887941020716,50.79009217160309
0.17144763175450298,998.943369963791,548.5732833043141,493.49503951536303,2839.5594669731418,-4958.788980897702,665118.9026386219,228521.4881338955,0.021154271257217368,0.021154271257217368,47.27177730874668
0.17211474316210806,1002.7895151839618,550.6207435592816,490.2391618212578,3306.4556289590455,-4800.328674404354,734635.7909950807,246542.5107331519,0.021923137383103287,0.021923137383103287,45.613909292505056
0.17278185456971312,1006.7310982447216,552.9951438266128,487.09300537324617,3819.6531578827867,-4629.773217563202,797597.8660057741,271028.0187131293,0.02186619467165128,0.02186619467165128,45.732694463589645
0.1734489659773182,1010.7876868344622,555.7115774905255,484.0802161114531,4310.452553303394,-4379.369816688517,673818.7214651707,479681.3771091582,0.021629633586492635,0.021629633586492635,46.23286825461918
0.17411607738492327,1014.9028137257086,558.7278858413946,481.28090311295927,4718.677469377351,-3989.7713801927475,550039.5769245726,688334.7355051786,0.023066300558343487,0.023066300558343487,43.35328924855626
0.17478318879252833,1019.0076512903454,561.9889825020705,478.7879249739091,5044.32790610468,-3460.977908075886,426260.4323839744,896988.0939011988,0.026207841233136568,0.026207841233136568,38.1565193067342
0.1754503002001334,1023.0439794772564,565.4397810954042,476.6941402904477,5287.403863485388,-2792.989400337902,302481.287843371,1105641.452297228,0.031291660377094965,0.031291660377094965,31.95739656985365
0.17611741160773847,1026.9709047429394,569.0251952442466,475.09240765871994,5447.905341519456,-1985.8058569788507,178702.14330277278,1314294.8106932482,0.03854549668432211,0.03854549668432211,25.943367864467998
0.17678452301534356,1030.7760126753346,572.6902117054276,474.069421482641,5526.296935041838,-1078.586255785232,56890.605454138735,1357105.8890020205,0.04235746514398586,0.04235746514398586,23.60858933840108
0.17745163442294862,1034.4901146092925,576.3805517653959,473.6499653852696,5523.889193652051,-181.79196824933354,-64109.01414071926,1331483.3850306484,0.04349626205451863,0.04349626205451863,22.99048131415501
0.17811874583055368,1038.1560130236212,580.0423609016393,473.8230694981654,5440.761225714663,697.9092545958567,-185108.63373557728,1305860.8810592766,0.043830024855873805,0.043830024855873805,22.815410287543717
0.17878585723815876,1041.8140481403052,583.6217897302038,474.57733084288236,5276.913031229664,1560.5174127503747,-306108.2533304403,1280238.3770879034,0.04340964539705905,0.04340964539705905,23.03635495874723
0.17945296864576382,1045.5030488082598,587.0650189430353,475.90130158125703,5033.253076314742,2404.677483358973,-408813.9197464952,1227329.522875761,0.041254084635058114,0.041254084635058114,24.240023959959363
0.1801200800533689,1049.263234392113,590.3319300368033,477.7630984365644,4761.155250770168,3153.7627287986215,-406935.36123611714,1018428.0429522488,0.03292296415190141,0.03292296415190141,30.373935815321985
0.18078719146097397,1053.1209034610986,593.4177395817796,480.0781340945924,4490.310633037732,3763.4874139156864,-405056.8027257392,809526.5630287455,0.025653993071780526,0.025653993071780526,38.980286507522415
0.18145430286857903,1057.0705167696715,596.323283607192,482.7534395357797,4220.719223117423,4233.851538710204,-403178.2442153612,600625.0831052421,0.019853917859912338,0.019853917859912338,50.36789247623166
0.1821214142761841,1061.0818297386124,599.0493981422682,485.69604574056507,3952.38102100923,4564.855103182184,-401299.6857049832,391723.60318173014,0.015353965644579486,0.015353965644579486,65.12975365117069
0.18278852568378917,1065.1073937735164,601.5969192162354,488.8129836893867,3685.296026713174,4756.498107331599,-399421.1271946052,182822.12325822675,0.011813426356706786,0.011813426356706786,84.64944629991064
0.18345563709139426,1069.0973438670592,603.9686000689103,492.02153970136754,3429.096800061796,4860.306014270051,-365278.2608529597,146505.4423785841,0.010822931056821687,0.010822931056821687,92.39641227962
0.18412274849899932,1073.0467497376899,606.1777214401067,495.29531267735354,3198.06585352996,4952.677318526012,-327352.5168494946,130423.72778079283,0.009947809464579233,0.009947809464579233,100.52464349670748
0.18478985990660438,1076.965776889369,608.2411586229787,498.62712912006737,2992.335603464745,5034.320327519938,-289426.7728460296,114342.0131830016,0.008957187815781828,0.008957187815781828,111.6421828554362
0.18545697131420946,1080.8626317438504,610.1757900007595,502.00983206135584,2811.9060498661447,5105.235041251832,-251501.02884256293,98260.29858520968,0.007880467672498554,0.007880467672498554,126.89602210917306
0.18612408272181452,1084.7436997919679,611.9984939566821,505.43626453306496,2656.777192734173,5165.421459721687,-213575.2848390979,82178.58398741843,0.00674311727561294,0.00674311727561294,148.29936350307676
0.1867911941294196,1088.6137361385568,613.7261206622733,508.8992816121517,2526.378532360572,5215.123160249631,-183340.67233070757,69380.63127629782,0.005814376966625823,0.005814376966625823,171.98747273180606
0.18745830553702467,1092.475905291571,615.3709476114739,512.3936907000632,2405.184052829411,5260.969042542977,-180000.37730371952,68065.32383915325,0.005737857207521991,0.005737857207521991,174.28108853755705
0.18812541694462973,1096.3323108533316,616.9356676193321,515.9183914183917,2286.2179222155205,5305.937468240495,-176660.0822767315,66750.01640200871,0.005651746016897832,0.005651746016897832,176.93647184607326
0.1887925283522348,1100.184881569533,618.4217672428305,519.4727984058329,2169.4801405188946,5350.028437342187,-173319.78724974336,65434.70896486409,0.005556827990302423,0.005556827990302423,179.95878255457325
0.18945963975983987,1104.035447344931,619.8307330389518,523.0563263010819,2054.9707077395437,5393.241949848052,-169979.4922227553,64119.40152771953,0.005453921313241743,0.005453921313241743,183.35431381675224
0.19012675116744496,1107.885738320726,621.1640515646794,526.6683897428337,1942.6896238774593,5435.578005758091,-166639.19719576713,62804.094090574916,0.005343863322976552,0.005343863322976552,187.13053451430645
0.19079386257505002,1111.7373844104775,622.4232093769955,530.3084033697837,1832.6368889326488,5477.036605072302,-163298.9021687791,61488.786653430354,0.005227496958634998,0.005227496958634998,191.2961419036616
0.19146097398265507,1115.5919152726449,623.6096930328833,533.9757818206274,1724.812502905109,5517.617747790686,-159958.6071417911,60173.47921628579,0.005105658384122884,0.005105658384122884,195.86112598322478
0.19212808539026016,1119.4507606936081,624.7249890893254,537.6699397340597,1619.2164657948347,5557.321433913244,-156618.31211480292,58858.17177914118,0.004979165990913244,0.004979165990913244,200.83684734048944
0.19279519679786522,1123.3152513517234,625.7705841033049,541.3902917487758,1515.8487776018353,5596.147663439974,-153278.0170878149,57542.864341996625,0.00484881091198692,0.00484881091198692,206.23613049703874
0.1934623082054703,1127.1866199305607,626.7479646318046,545.1362525034713,1414.709438326102,5634.096436370877,-149937.72206082672,56227.55690485201,0.004715349107851762,0.004715349107851762,212.07337508369218
0.19412941961307537,1131.0660025479392,627.658617231807,548.907236636841,1315.7984479676427,5671.167752705954,-146597.42703383867,54912.24946770744,0.0045794950235291225,0.0045794950235291225,218.3646875609801
0.19479653102068042,1134.9544404666383,628.5040284602952,552.7026587875805,1219.1158065264538,5707.361612445202,-143257.13200685065,53596.94203056289,0.004441916763452865,0.004441916763452865,225.12803666826554
0.1954636424282855,1138.8528812333661,629.2856837489619,556.5219329884444,1124.617596970369,5742.654367363855,-141059.4788692641,51666.35047917587,0.00433256804654093,0.00433256804654093,230.80999288594853
0.19613075383589057,1142.7614573173928,630.0040528172049,560.3639263364887,1028.3216996994067,5774.901745530682,-147635.62114908634,45011.28926496971,0.004453757676707033,0.004453757676707033,224.52950353135697
0.19679786524349566,1146.678242998579,630.6567184784847,564.2259514020379,927.6387828955365,5802.709456443201,-154211.76342890886,38356.22805076326,0.004585118180455098,0.004585118180455098,218.0968866326461
0.19746497665110072,1150.6010577870063,631.2407541020258,568.1050464324205,822.5688465587671,5826.077500101413,-160787.9057087311,31701.166836557088,0.004726797043504191,0.004726797043504191,211.559749825572
0.19813208805870577,1154.5278460633342,631.7532330570526,571.9982496749652,713.1118906890944,5845.005876505317,-167364.04798855336,25046.10562235092,0.0048789332704222005,0.0048789332704222005,204.96283604909084
0.19879919946631086,1158.456686450806,632.1912287127891,575.9025993770008,599.2679152865134,5859.494585654917,-173940.19026837588,18391.044408144477,0.0050416435340326655,0.0050416435340326655,198.3480175164484
0.19946631087391592,1162.385801817658,632.5518144384592,579.8151337858558,481.0369203510336,5869.543627550206,-180516.33254819814,11735.983193938308,0.005215006411347797,0.005215006411347797,191.75431842691714
0.200133422281521,1166.3135699306902,632.8320636032877,583.732891148859,358.41890588264545,5875.153002191191,-187092.47482802067,5080.921979731866,0.005399044403974854,0.005399044403974854,185.21796176815764
0.20080053368912607,1170.2385347737825,633.0290495764986,587.6529097133391,231.41387188135872,5876.322709577868,-193668.61710784293,-1574.1392344743035,0.005593703482722563,0.005593703482722563,178.77243638114348
0.20146764509673115,1174.1594185359338,633.1398457273161,591.5722277266249,100.02181834716328,5873.0527497102385,-200244.75938766543,-8229.20044868075,0.005798829964887782,0.005798829964887782,172.44858118880055
0.2021347565043362,1178.075134261571,633.1615254249642,595.4878834360447,-35.75725471993019,5865.3431225883005,-206820.90166748772,-14884.261662886922,0.0060141446380571305,0.0060141446380571305,166.2746841291549
0.20280186791194127,1181.9847991409913,633.0911620386676,599.3969150889277,-175.92334731992707,5853.193828212058,-213397.04394730995,-21539.32287709309,0.006239214196778933,0.006239214196778933,160.27659388841974
0.20346897931954636,1185.887748400467,632.92582893765,603.296360932602,-320.47645945283335,5836.604866581505,-219973.18622713245,-28194.38409129953,0.006473420268904604,0.006473420268904604,154.47784300419204
0.20413609072715141,1189.7835497294018,632.6625994911358,607.1832592143967,-469.41659111863703,5815.576237696647,-226549.32850695474,-34849.4453055057,0.00671592658640429,0.00671592658640429,148.89978130856852
0.2048032021347565,1193.6720181556893,632.2985470683494,611.0546481816406,-622.7437423173506,5790.107941557481,-233125.47078677724,-41504.506519712144,0.006965645207499752,0.006965645207499752,143.56171900965077
0.20547031354236156,1197.5532312499963,631.8307450385147,614.9075660816616,-780.4579130489612,5760.19997816401,-239701.61306659947,-48159.56773391832,0.007221203123435999,0.007221203123435999,138.48107897069914
0.20613742494996662,1201.427544505175,631.2562667708563,618.7390511617893,-942.5591033134754,5725.852347516231,-246277.75534642176,-54814.62894812448,0.0074809110747337225,0.0074809110747337225,133.67355794101513
0.2068045363575717,1205.295606698801,630.572185634598,622.546141669352,-1109.0473131109,5687.0650496141425,-252853.8976262443,-61469.69016233093,0.007742736934727711,0.007742736934727711,129.15329662238705
0.20747164776517676,1209.1584396190642,629.776151896491,626.3260634222014,-1276.8636428296943,5644.8326447974805,-248617.18158286985,-64609.0949598165,0.007665294355529844,0.007665294355529844,130.45813423702208
0.20813875917278185,1213.0176273599523,628.8694774702755,630.0772327737859,-1440.6599300519092,5600.894016621389,-242444.0875093179,-67118.91231210416,0.007520323213701142,0.007520323213701142,132.9730081518462
0.2088058705803869,1216.87475326308,627.8549063019091,633.7985316836962,-1600.3380757974314,5555.281060658581,-236270.9934357662,-69628.7296643917,0.0073697227981153,0.0073697227981153,135.69031392276187
0.20947298198799197,1220.7311989506957,626.7351856505493,637.4888431887656,-1755.8980800662682,5507.993776909059,-230097.8993622145,-72138.54701667927,0.007215135291687289,0.007215135291687289,138.59753969577275
0.21014009339559706,1224.588149012562,625.5130627753533,641.1470503258281,-1907.339942858426,5459.032165372819,-223924.80528866252,-74648.36436896691,0.007058089220197031,0.007058089220197031,141.68140537788278
0.21080720480320211,1228.4465967251633,624.1912849354784,644.7720361317166,-2054.6636641738914,5408.396226049864,-217751.71121511082,-77158.18172125448,0.0068999885370419605,0.0068999885370419605,144.92777700014878
0.2114743162108072,1232.3073503081966,622.7725993900817,648.3626836432649,-2197.8692440126774,5356.08595894019,-211578.61714155885,-79667.99907354213,0.006742106786879945,0.006742106786879945,148.32159021064268
0.21214142761841226,1236.1710396018616,621.2597533983204,651.9178758973057,-2336.9566823747714,5302.101364043802,-205405.52306800714,-82177.81642582969,0.006585585639533343,0.006585585639533343,151.8467839818207
0.21280853902601732,1240.0381230574542,619.6554942193519,655.436495930673,-2471.92597926018,5246.442441360699,-199232.42899445546,-84687.63377811725,0.006431437043878235,0.006431437043878235,155.48624563647874
0.2134756504336224,1243.9088949439345,617.9625691123333,658.9174267802006,-2602.7771346689096,5189.1091908908775,-193059.3349209035,-87197.4511304049,0.006280548260073608,0.006280548260073608,159.2217683219076
0.21414276184122746,1247.7834926839328,616.1837253364218,662.359551482721,-2729.5101486009476,5130.101612634342,-186886.2408473518,-89707.26848269245,0.006133689074100875,0.006133689074100875,163.03402208997494
0.21480987324883255,1251.66190424365,614.3217101507747,665.7617530750681,-2852.1250210563044,5069.4197065910885,-180713.14677379985,-92217.08583498013,0.005991520568783375,0.005991520568783375,166.90253976763995
0.2154769846564376,1255.5439755118996,612.3792708145492,669.122914594075,-2970.6217520349705,5007.063472761119,-174540.05270024814,-94726.90318726766,0.005854604909545383,0.005854604909545383,170.80571882307447
0.21614409606404267,1259.429417613908,610.3591545869025,672.4419190765756,-3085.000341536952,4943.032911144435,-168366.95862669643,-97236.72053955523,0.005723415692554896,0.005723415692554896,174.72084044162906
0.21681120747164775,1263.3178141151993,608.2641087269919,675.7176495594031,-3195.260789562252,4877.328021741032,-162193.8645531445,-99746.53789184289,0.0055983484911343445,0.0055983484911343445,178.6241070172069
0.2174783188792528,1267.2086280798374,606.0968804939746,678.9489890793908,-3301.403096110861,4809.948804550915,-156020.77047959276,-102256.35524413043,0.005479731318968729,0.005479731318968729,182.49069923161807
0.2181454302868579,1271.1012089554101,603.8602171470078,682.1348206733722,-3403.427261182789,4740.895259574079,-149847.67640604082,-104766.1725964181,0.005367834802948807,0.005367834802948807,186.2948538301984
0.21881254169446296,1274.994799264387,601.5568659452489,685.2740273781806,-3501.333284778028,4670.167386810531,-143674.5823324891,-107275.98994870565,0.005262881923078327,0.005262881923078327,190.00996309928368
0.21947965310206802,1278.8885410878854,599.1895741478546,688.3654922306495,-3595.1211668965807,4597.765186260264,-137501.4882589374,-109785.8073009932,0.005165057231396192,0.005165057231396192,193.60869690299347
0.2201467645096731,1282.7814823334734,596.7610890139828,691.4080982676123,-3684.7909075384523,4523.68865792328,-131328.39418538543,-112295.62465328086,0.00507451550668591,0.00507451550668591,197.06314793647857
0.22081387591727816,1286.6725827834794,594.2741578027905,694.4007285259025,-3770.342506703634,4447.937801799582,-125155.30011183373,-114805.44200556842,0.0049913898376968465,0.0049913898376968465,200.34500059434853
0.22148098732488325,1290.5607199244341,591.7315277734348,697.3422660423538,-3851.7759643921336,4370.512617889166,-118982.20603828179,-117315.25935785608,0.004915799155778484,0.004915799155778484,203.42572353154577
0.2221480987324883,1294.4446979513332,589.1359459769519,700.2315982231876,-3929.096206098108,4291.516514389358,-112886.82480932887,-118193.5358128758,0.004816868540526923,0.004816868540526923,207.60375575676574
0.22281521014009337,1298.3240559994938,586.4901091749225,703.0686682756987,-4002.481642231121,4214.6951253866955,-107122.7127174432,-112116.98841711406,0.004584574398992807,0.004584574398992807,218.122755346645
0.22348232154769845,1302.200050857123,583.7965987346892,705.8558420493843,-4072.021773432923,4141.927470470593,-101358.60062555727,-106040.44102135208,0.004345973626888012,0.004345973626888012,230.09803690779924
0.2241494329553035,1306.0740066259445,581.0579799030377,708.5958238364971,-4137.716599703512,4073.213549641061,-95594.48853367161,-99963.89362559035,0.004102444734307778,0.004102444734307778,243.75709235940116
0.2248165443629086,1309.947061020426,578.2768179267529,711.2913179292896,-4199.5661210428925,4008.553362898091,-89830.37644178567,-93887.34622982836,0.0038552197816837824,0.0038552197816837824,259.3885839533761
0.22548365577051366,1313.8201748348504,575.4556780526204,713.9450286200139,-4257.570337451058,3947.9469102416892,-84066.2643499,-87810.79883406662,0.0036053795615336543,0.0036053795615336543,277.36330750558216
0.22615076717811872,1317.694141902752,572.5971255274255,716.5596602009232,-4311.729248928014,3891.394191671853,-78302.1522580143,-81734.25143830488,0.003353853364281012,0.003353853364281012,298.1644965907377
0.2268178785857238,1321.5695994356906,569.7037255979535,719.1379169642695,-4362.042855473759,3838.89520718858,-72538.0401661284,-75657.7040425429,0.003101422482032996,0.003101422482032996,322.4326920286254
0.22748498999332886,1325.4470386417624,566.7780435109897,721.6825032023056,-4408.511157088292,3790.449956791875,-66773.92807424272,-69581.15664678118,0.0028487266332289144,0.0028487266332289144,351.0340333591578
0.22815210140093395,1329.3268155380363,563.8226445133196,724.1961232072845,-4451.134153771615,3746.058440481734,-61009.8159823568,-63504.60925101919,0.0025962725583321545,0.0025962725583321545,385.1675729463474
0.228819212808539,1333.2091618847846,560.8400938517285,726.681481271458,-4489.911845523725,3705.7206582581603,-55245.70389047113,-57428.06185525747,0.0023444441280076906,0.0023444441280076906,426.5403419316289
0.22948632421614407,1337.0941961825667,557.8329567730015,729.1412816870786,-4524.844232344623,3669.4366101211513,-49481.59179858543,-51351.514459495724,0.002093513408614273,0.002093513408614273,477.6659160076336
0.23015343562374915,1340.9819346855897,554.8037985239241,731.5782287463998,-4555.9313142343135,3637.206296070708,-43717.47970669952,-45274.96706373375,0.0018436522360792225,0.0018436522360792225,542.401641931472
0.2308205470313542,1344.8723023961788,551.7551843512815,733.9950267416731,-4583.173091192789,3609.0297161068306,-37953.36761481384,-39198.41966797201,0.001594943951612115,0.001594943951612115,626.9812798056221
0.2314876584389593,1348.7651440154652,548.6896795018591,736.3943799651516,-4606.569563220055,3584.906870229517,-32189.255522927924,-33121.87227221002,0.0013473950468292405,0.0013473950468292405,742.1728336861944
0.23215476984656436,1352.6602348345032,545.6098492224426,738.7789927090878,-4626.12073031611,3564.8377584387717,-26425.143431042252,-27045.324876448292,0.0011009465491497576,0.0011009465491497576,908.3093096320463
0.23282188125416942,1356.557291557948,542.5182587598167,741.1515692657341,-4641.826592480952,3548.8223807345903,-20661.031339156572,-20968.777480686567,0.0008554850496635127,0.0008554850496635127,1168.9274995434803
0.2334889926617745,1360.455983059155,539.417473360767,743.5148139273432,-4653.687149714584,3536.8607371169746,-14896.919247270645,-14892.230084924577,0.0006108533349520924,0.0006108533349520924,1637.0541712413296
0.23415610406937956,1364.355941071153,536.3100582720789,745.8714309861673,-4661.702402017003,3528.9528275859248,-9132.807155384973,-8815.682689162848,0.00036686063210488037,0.00036686063210488037,2725.8307719268005
0.23482321547698465,1368.2567708224306,533.1985787405378,748.2241247344595,-4665.872349388212,3525.0986521414407,-3368.69506349905,-2739.1352934008573,0.00012329251329645148,0.00012329251329645148,8110.792563661538
0.2354903268845897,1372.1580616298982,530.0856000129288,750.5755994644717,-4666.196991828209,3525.2982107835214,2395.4170283866297,3337.4121023608677,0.00012007946622180048,0.00012007946622180048,8327.81849773454
0.23615743829219477,1376.0593974638084,526.9736873360375,752.9285594684571,-4662.676329336997,3529.551503512169,8159.529120272309,9413.959498122606,0.0003634883040791134,0.0003634883040791134,2751.1201564888574
0.23682454969979985,1379.9603675008375,523.8654059566488,755.2857090386678,-4655.310361914571,3537.858530327382,13923.64121215823,15490.506893884589,0.0006071621572171258,0.0006071621572171258,1647.0064678988094
0.2374916611074049,1383.8605766820078,520.7633211215485,757.6497524673564,-4644.099089560934,3550.2192912291594,19687.75330404391,21567.05428964632,0.0008513149119366739,0.0008513149119366739,1174.653451946565
0.23815877251501,1387.7596562916408,517.6699980775219,760.0233940467758,-4629.042512276087,3566.6337862175037,25451.86539592983,27643.601685408303,0.0010961366145770504,0.0010961366145770504,912.2950430643673
0.23882588392261506,1391.657293925031,514.5878680033752,762.4091964961124,-4611.076229818097,3586.1140409289847,26863.225918845514,29123.731731313084,0.0011570513796068363,0.0011570513796068363,864.2658551081785
0.23949299533022012,1395.5534542305036,511.51767054754987,764.8079363128046,-4593.485881437601,3605.190486972737,25872.638525880455,28067.453507857455,0.001116005599043711,0.001116005599043711,896.052852115514
0.2401601067378252,1399.4482683550748,508.45898738946016,767.2191672024909,-4576.556365207181,3623.562277764018,24882.051132915352,27011.17528440178,0.0010747601494972777,0.0010747601494972777,930.4401549199167
0.24082721814543026,1403.3418624027618,505.41137768044007,769.6424190816132,-4560.287681126841,3641.2294133028263,23891.463739950297,25954.89706094615,0.0010333336524919788,0.0010333336524919788,967.7416365840871
0.24149432955303535,1407.2343544785547,502.3744005718237,772.0772218666148,-4544.679829196575,3658.1918935891636,22900.87634698519,24898.618837490474,0.0009917435696085307,0.0009917435696085307,1008.3251665495833
0.2421614409606404,1411.125854988279,499.34761521494545,774.5231054739377,-4529.732809416387,3674.449718623027,21910.288954020136,23842.340614034845,0.0009500062272470447,0.0009500062272470447,1052.624678995872
0.24282855236824546,1415.0164669411486,496.3305807611393,776.9795998200249,-4515.4466217862755,3690.0028884044195,20919.701561055073,22786.062390579213,0.0009081368449768395,0.0009081368449768395,1101.1556303780444
0.24349566377585055,1418.9062862547357,493.32285636173935,779.4462348213192,-4501.82126630624,3704.8514029333396,19929.114168089975,21729.78416712354,0.0008661495671319457,0.0008661495671319457,1154.535010981151
0.2441627751834556,1422.7954020621048,490.3240011680801,781.9225403942628,-4488.856742976282,3718.9952622097876,18938.526775124912,20673.505943667908,0.0008240574973281923,0.0008240574973281923,1213.507556502136
0.2448298865910607,1426.6838970208792,487.33357433149524,784.4080464552987,-4476.553051796399,3732.4344662337635,17947.939382159813,19617.227720212235,0.0007818727355959133,0.0007818727355959133,1278.9805226266633
0.24549699799866576,1430.571847624016,484.3511350033194,786.9022829208694,-4464.910192766595,3745.1690150052677,16957.351989194754,18560.949496756602,0.0007396064178412106,0.0007396064178412106,1352.0704740757055
0.24616410940627081,1434.459324512099,481.3762423348865,789.4047797074177,-4453.928165886868,3757.198908524299,15966.764596229697,17504.671273300974,0.0006972687573680342,0.0006972687573680342,1434.167226672652
0.2468312208138759,1438.3463927869557,478.40845547753077,791.915066731386,-4443.606971157215,3768.5241467908595,14976.177203264595,16448.393049845297,0.0006548690882129777,0.0006548690882129777,1527.0227561493607
0.24749833222148096,1442.2331123264369,475.44733358258634,794.432673909217,-4433.946608577642,3779.144729804947,13985.589810299536,15392.114826389667,0.0006124159100642289,0.0006124159100642289,1632.8772384360852
0.24816544362908605,1446.1195381002044,472.4924358013875,796.9571311573538,-4424.947078148144,3789.0606575665624,12995.002417334435,14335.83660293399,0.0005699169345554175,0.0005699169345554175,1754.6416668248032
0.2488325550366911,1450.0057204863854,469.54332128526846,799.4879683922386,-4416.608379868722,3798.271930075706,12004.415024369377,13279.55837947836,0.00052737913274406,0.00052737913274406,1896.1690706205957
0.24949966644429616,1453.8917055889733,466.59954918556315,802.0247155303138,-4408.9305137393785,3806.778547332377,11013.827631404318,12223.280156022729,0.0004848087836025088,0.0004848087836025088,2062.6688992085024
0.2501667778519012,1457.7775355558597,463.660678653606,804.5669024880227,-4401.913479760112,3814.580509336577,10023.240238439257,11167.001932567098,0.0004422115233669757,0.0004422115233669757,2261.361242660643
0.25083388925950634,1461.6632488973958,460.7262688407309,807.1140591818078,-4395.557277930921,3821.677816088305,9032.652845474116,10110.72370911138,0.0003995923956068142,0.0003995923956068142,2502.550126063878
0.2515010006671114,1465.548880805399,457.7958788982722,809.665715528111,-4389.861908251807,3828.0704675875595,8042.065452509057,9054.445485655748,0.00035695590189205784,0.00035695590189205784,2801.4664968402635
0.25216811207471646,1469.4344634725237,454.8690679775642,812.2214014433761,-4384.827370722771,3833.758463834343,7051.478059543997,7998.167262200118,0.0003143060529518108,0.0003143060529518108,3181.6122871592274
0.2528352234823215,1473.320026411924,451.94539522994074,814.7806468440447,-4380.45366534381,3838.7418048286536,6060.890666578938,6941.889038744488,0.00027164642022978045,0.00027164642022978045,3681.2559471761833
0.2535023348899266,1477.2055967771528,449.0244198067363,817.34298164656,-4376.740792114926,3843.0204905704923,5070.30327361388,5885.610815288857,0.00022898018775550092,0.00022898018775550092,4367.1900604246775
0.2541694462975317,1481.0911996822433,446.1057008592848,819.9079357673651,-4373.68875103612,3846.5945210598607,4079.7158806487378,4829.3325918331375,0.0001863102042610311,0.0001863102042610311,5367.392537442252
0.25483655770513675,1484.9768585219201,443.1887975389206,822.4750391229014,-4371.29754210739,3849.4638962967547,3089.1284876836785,3773.0543683775077,0.0001436390354828016,0.0001436390354828016,6961.895815011466
0.2555036691127418,1488.8625952919122,440.2732689969779,825.0438216296127,-4369.567165328736,3851.6286162811775,2098.5410947186188,2716.7761449218765,0.00010096901659680686,0.00010096901659680686,9904.028321809217
0.25617078052034686,1492.748430909319,437.35867438479073,827.6138132039409,-4368.49762070016,3853.088681013128,1107.9537017535595,1660.4979214662458,5.830230474275675e-05,5.830230474275675e-05,17151.980602005893
0.2568378919279519,1496.6343855330088,434.4445728536933,830.184543762329,-4368.08890822166,3853.8440904926065,117.36630878850019,604.219698010615,1.5640931598612464e-05,1.5640931598612464e-05,63934.81064060864
0.25750500333555704,1500.5204788840128,431.5305235550196,832.7555432212199,-4368.341027893237,3853.8948447196126,-873.2210841766409,-452.05852544510435,2.7013144028382632e-05,2.7013144028382632e-05,37019.015592901844
0.2581721147431621,1504.4067305658955,428.61608564010425,835.3263414970556,-4369.253979714891,3853.2409436941475,-1863.8084771417002,-1508.3367489007346,6.965798362481846e-05,6.965798362481846e-05,14355.856255990013
0.25883922615076715,1508.2931603850743,425.70081826028115,837.8964685062793,-4370.827763686622,3851.88238741621,-2854.39587010676,-2564.614972356366,0.00011229161643719145,0.00011229161643719145,8905.384317442204
0.2595063375583722,1512.1797886710606,422.7842805668845,840.4654541653334,-4373.062379808429,3849.8191758858,-3844.9832630718197,-3620.8931958119965,0.00015491198700907946,0.00015491198700907946,6455.278376497679
0.26017344896597727,1516.0666363739538,419.86603567952335,843.0328325641826,-4375.907951478051,3847.103765422327,-4417.643387637006,-4237.628120692002,0.00017966527146123646,0.00017966527146123646,5565.905930884112
0.2608405603735824,1519.9537141042356,416.94584772290636,845.5983491942752,-4378.795807800324,3844.334239711546,-4240.149866538577,-4065.4099602278984,0.00017237298705513355,0.00017237298705513355,5801.373040429761
0.26150767178118745,1523.8410162127454,414.0237727400415,848.1620565639532,-4381.565256169897,3841.6796027002083,-4062.656345440164,-3893.1917997638093,0.00016508413239521197,0.00016508413239521197,6057.517373056768
0.2621747831887925,1527.7285355420859,411.0998897222245,850.7240313167791,-4384.216296586768,3839.139854388312,-3885.16282434175,-3720.9736392997197,0.0001577986138733253,0.0001577986138733253,6337.191281051187
0.26284189459639756,1531.6162647233791,408.17427766075144,853.2843500963147,-4386.748929050939,3836.7149947758585,-3707.6693032433354,-3548.75547883563,0.00015051633205573746,0.00015051633205573746,6643.797296559762
0.2635090060040026,1535.50419618562,405.24701554691825,855.843089546122,-4389.16315356241,3834.405023862848,-3530.1757821449223,-3376.537318371541,0.00014323718194936136,0.00014323718194936136,6981.427492433703
0.26417611741160774,1539.3923221650216,402.3181823720206,858.4003263097629,-4391.458970121179,3832.2099416492783,-3352.6822610464937,-3204.319157907437,0.0001359610532668236,0.0001359610532668236,7355.047463757873
0.2648432288192128,1543.2806347143533,399.38785712735506,860.9561370307995,-4393.636378727248,3830.129748135153,-3175.18873994808,-3032.100997443348,0.0001286878306903854,0.0001286878306903854,7770.742537465997
0.26551034022681785,1547.169125712275,396.4561188042175,863.5105983527939,-4395.695379380617,3828.1644433204688,-2997.6952188496666,-2859.882836979258,0.00012141739413473953,0.00012141739413473953,8236.052232271417
0.2661774516344229,1551.0577868726643,393.5230463939039,866.0637869193079,-4397.635972081284,3826.3140272052274,-2820.201697751253,-2687.664676515169,0.0001141496190087293,0.0001141496190087293,8760.432217680267
0.26684456304202797,1554.9466097539382,390.58871888770994,868.6157793739036,-4399.458156829251,3824.578499789428,-2642.7081766528395,-2515.44651605108,0.00010688437647601634,0.00010688437647601634,9355.904323625715
0.2675116744496331,1558.8355857683691,387.65321527693175,871.1666523601433,-4401.161933624517,3822.9578610730714,-2465.214655554411,-2343.2283555869762,9.96215337147414e-05,9.96215337147414e-05,10037.990409417136
0.26817878585723814,1562.7247061913954,384.71661455286574,873.7164825215884,-4402.747302467083,3821.452111056157,-2287.7211344559973,-2171.0101951228867,9.236095417622446e-05,9.236095417622446e-05,10827.086065958161
0.2688458972648432,1566.6139621709297,381.7789957068074,876.2653465018011,-4404.2142633569465,3820.0612497386837,-2110.2276133575833,-1998.7920346587966,8.51024978427399e-05,8.51024978427399e-05,11750.536416074303
0.26951300867244826,1570.5033447366588,378.840437730053,878.8133209443438,-4405.56281629411,3818.7852771206553,-1932.73409225917,-1826.5738741947077,7.784602148442889e-05,7.784602148442889e-05,12845.871644192177
0.2701801200800533,1574.3928448093418,375.90101961389837,881.360482492778,-4406.792961278573,3817.624193202067,-1755.2405711607562,-1654.3557137306184,7.05913789153905e-05,7.05913789153905e-05,14166.035787437744
0.27084723148765844,1578.282453210103,372.9608203496395,883.9069077906662,-4407.904698310335,3816.5779979829213,-1577.7470500623278,-1482.137553266515,6.333842124900845e-05,6.333842124900845e-05,15788.205330672887
0.2715143428952635,1582.1721606697222,370.01991892857274,886.4526734815702,-4408.898027389398,3815.6466914632188,-1400.2535289639138,-1309.9193928024251,5.608699715257201e-05,5.608699715257201e-05,17829.444448233266
0.27218145430286855,1586.0619578379199,367.07839434199366,888.9978562090514,-4409.772948515757,3814.8302736429587,-1222.7600078655,-1137.7012323383353,4.883695310123985e-05,4.883695310123985e-05,20476.29789530446
0.2728485657104736,1589.9518352926414,364.13632558119855,891.5425326166728,-4410.529461689418,3814.128744522141,-1045.266486767087,-965.4830718742464,4.15881336314175e-05,4.15881336314175e-05,24045.320447959613
0.27351567711807867,1593.8417835493362,361.19379163748323,894.0867793479956,-4411.167566910376,3813.542104100764,-867.7729656686734,-793.2649114101573,3.4340381593601376e-05,3.4340381593601376e-05,29120.235524299747
0.2741827885256838,1597.731793070237,358.2508715021436,896.6306730465826,-4411.687264178636,3813.0703523788316,-690.2794445702443,-621.0467509460532,2.7093538404753604e-05,2.7093538404753604e-05,36909.16945069635
0.27484989993328884,1601.6218542736326,355.307644166476,899.174290355995,-4412.088553494193,3812.7134893563402,-512.7859234718308,-448.82859048196406,1.9847444300275056e-05,1.9847444300275056e-05,50384.32076547717
0.2755170113408939,1605.511957543145,352.3641886217762,901.7177079197951,-4412.371434857049,3812.4715150332913,-335.2924023734172,-276.6104300178745,1.2601938585630785e-05,1.2601938585630785e-05,79352.87044964959
0.27618412274849896,1609.4020932369997,349.4205838593403,904.261002381545,-4412.535908267205,3812.3444294096853,-157.79888127500362,-104.3922695537849,5.356859887706492e-06,5.356859887706492e-06,186676.52710030918
0.276851234156104,1613.2922516972978,346.4769088704641,906.8042503848067,-4412.58197372466,3812.3322324855208,19.694639823409943,67.82589091030422,1.887953594048018e-06,1.887953594048018e-06,529674.0360317172
0.27751834556370913,1617.1824232592862,343.5332426464437,909.3475285731424,-4412.509631229415,3812.4349242607996,197.18816092183852,240.0440513744079,9.132663836618605e-06,9.132663836618605e-06,109497.07751098533
0.2781854569713142,1621.0725982606264,340.5896641785753,911.8909135901135,-4412.3188807814695,3812.65250473552,374.68168202025254,412.2622118384975,1.6377432742500118e-05,1.6377432742500118e-05,61059.63100095405
0.27885256837891925,1624.9627670506666,337.6462524581547,914.4344820792827,-4412.009722380823,3812.984973909684,552.1752031186656,584.4803723025866,2.3622421888785505e-05,2.3622421888785505e-05,42332.66193906813
0.2795196797865243,1628.8529199997101,334.70308647647795,916.9783106842112,-4411.582156027476,3813.432331783289,729.6687242170797,756.6985327666766,3.0867792276192176e-05,3.0867792276192176e-05,32396.226819605872
0.28018679119412937,1632.7430475082872,331.76024522484107,919.5224760484618,-4411.036181721428,3813.994578356337,907.1622453154928,928.9166932307653,3.811370407796745e-05,3.811370407796745e-05,26237.28194862263
0.2808539026017345,1636.6331400164258,328.81780769453957,922.0670548155961,-4410.371799462679,3814.671713628827,1084.6557664139214,1101.134853694869,4.536031638860502e-05,4.536031638860502e-05,22045.701609153908
0.28152101400933954,1640.5231880129247,325.87585287687034,924.6121236291763,-4409.589009251229,3815.4637376007595,1262.1492875123354,1273.353014158959,5.2607786972302686e-05,5.2607786972302686e-05,19008.592787346995
0.2821881254169446,1644.4131820446285,322.93445976312887,927.1577591327639,-4408.6878110870775,3816.3706502721343,1439.6428086107485,1445.5711746230477,5.9856272011106704e-05,5.9856272011106704e-05,16706.68697533391
0.28285523682454966,1648.3031127257043,319.99370734461127,929.7040379699216,-4407.668204970228,3817.392451642952,1617.136329709162,1617.7893350871375,6.710592585266641e-05,6.710592585266641e-05,14901.813622176045
0.2835223482321547,1652.1929707469192,317.05367461261346,932.251036784211,-4406.530190900676,3818.5291417132116,1794.6298508075763,1790.0074955512273,7.435690075754538e-05,7.435690075754538e-05,13448.650896043766
0.28418945963975983,1656.0827468849234,314.11444055843106,934.7988322191943,-4405.273768878423,3819.7807204829137,1972.1233719060046,1962.2256560153303,8.16093466460246e-05,8.16093466460246e-05,12253.498417741745
0.2848565710473649,1659.9724320115322,311.17608417336083,937.347500918433,-4403.898938903469,3821.1471879520577,2149.6168930044187,2134.44381647942,8.886341084433593e-05,8.886341084433593e-05,11253.22548952935
0.28552368245496995,1663.8620171030166,308.2386844486984,939.8971195254899,-4402.405700975814,3822.6285441206446,2327.110414102832,2306.661976943509,9.61192378302744e-05,9.61192378302744e-05,10403.744584052796
0.286190793862575,1667.7514932493912,305.3023203757399,942.4477646839265,-4400.79405509546,3824.224788988674,2504.603935201246,2478.8801374075983,0.00010337696897812363,0.00010337696897812363,9673.33449495523
0.2868579052701801,1671.6408516637116,302.3670709457809,944.9995130373051,-4399.064001262404,3825.9359225561457,2682.0974562996744,2651.098297871702,0.00011063674230284711,0.00011063674230284711,9038.588620611132
0.2875250166777852,1675.5300836913707,299.4330151501178,947.5524412291869,-4397.215539476649,3827.761944823059,2859.5909773980875,2823.316458335792,0.0001178986922034879,0.0001178986922034879,8481.858291303557
0.28819212808539024,1679.4191808194048,296.5002319800466,950.1066259031347,-4395.24866973819,3829.7028557894146,3037.0844984965015,2995.534618799881,0.0001251629492057358,0.0001251629492057358,7989.584827984969
0.2888592394929953,1683.3081346857998,293.5688004268632,952.6621437027106,-4393.163392047032,3831.7586554552136,3214.5780195949146,3167.7527792639703,0.00013242963970360244,0.00013242963970360244,7551.179647080149
0.28952635090060036,1687.1969370888041,290.63879948186366,955.2190712714762,-4390.959706403175,3833.9293438204554,3392.071540693329,3339.9709397280603,0.00013969888570017065,0.00013969888570017065,7158.253231498599
0.2901934623082055,1691.0855799962476,287.7103081363435,957.7774852529935,-4388.637612806614,3836.214920885138,3569.565061791757,3512.189100192163,0.00014697080454737188,0.00014697080454737188,6804.07243520041
0.29086057371581053,1694.9740555548633,284.78340538159955,960.3374622908249,-4386.197111257356,3838.6153866492637,3747.058582890171,3684.4072606562536,0.00015424550868475126,0.00015424550868475126,6483.170943043869
0.2915276851234156,1698.8623560996177,281.8581702089272,962.8990790285316,-4383.638201755393,3841.1307411128305,3924.5521039885843,3856.6254211203423,0.00016152310537719585,0.00016152310537719585,6191.064725165827
0.29219479653102065,1702.7504741630457,278.93468160962277,965.4624121096765,-4380.960884300733,3843.760984275842,4102.0456250869975,4028.843581584432,0.00016880369645158027,0.00016880369645158027,5924.040889038472
0.2928619079386257,1706.6384024845893,276.01301857498214,968.027538177821,-4378.16515889337,3846.506116138294,4279.539146185412,4201.061742048521,0.000176087378032315,0.000176087378032315,5678.998751497585
0.2935290193462308,1710.526134019946,273.093260096301,970.5945338765276,-4375.251025533306,3849.366136700189,4457.032667283841,4373.279902512625,0.0001833742402757666,0.0001833742402757666,5453.328659991469
0.2941961307538359,1714.4136619504209,270.17548516487585,973.1634758493578,-4372.218484220542,3852.341045961526,4634.526188382254,4545.498062976715,0.00019066436710353247,0.00019066436710353247,5244.818500653512
0.29486324216144094,1718.3009796922863,267.2597727720025,975.7344407398739,-4369.067534955078,3855.430843922306,4812.019709480668,4717.716223440804,0.00019795783593456136,0.00019795783593456136,5051.580783751185
0.295530353569046,1722.188080906148,264.34620190897704,978.307505191638,-4365.798177736913,3858.635530582528,4989.513230579081,4889.934383904893,0.0002052547174160982,0.0002052547174160982,4871.9952096047155
0.29619746497665106,1726.074959506316,261.43485156709517,980.8827458482115,-4362.410412566047,3861.955105942192,5167.006751677494,5062.1525443689825,0.00021255507515345877,0.00021255507515345877,4704.663011589011
0.2968645763842562,1729.9616096701866,258.5258007376529,983.460239353157,-4358.90423944248,3865.3895700012995,5344.500272775924,5234.370704833086,0.00021985896543862897,0.00021985896543862897,4548.370351897877
0.29753168779186123,1733.8480258476252,255.61912841194672,986.0400623500368,-4355.279658366213,3868.9389227598485,5521.993793874336,5406.588865297175,0.00022716643697769228,0.00022716643697769228,4402.058742939213
0.2981987991994663,1737.7342027703598,252.71491358127219,988.6222914824118,-4351.536669337243,3872.6031642178395,5699.487314972751,5578.807025761265,0.00023447753061710676,0.00023447753061710676,4264.800969918791
0.29886591060707135,1741.6201354613822,249.81323523692555,991.2070033938453,-4347.6752723555755,3876.382294375275,5876.980836071164,5751.025186225354,0.00024179227906883104,0.00024179227906883104,4135.7813568369975
0.2995330220146764,1745.5058192443505,246.91417237020255,993.7942747278979,-4343.695467421206,3880.27631323215,6054.474357169578,5923.243346689444,0.0002491107066343402,0.0002491107066343402,4014.279488467995
0.3002001334222815,1749.3912497530055,244.0178039723991,996.3841821281329,-4339.597254534135,3884.285220788469,6231.967878268007,6095.461507153547,0.00025643282892754587,0.00025643282892754587,3899.656702233497
0.3008672448298866,1753.2764229405864,241.12420903481166,998.9768022381115,-4335.380633694363,3888.409017044229,6409.46139936642,6267.679667617637,0.0002637586525966634,0.0002637586525966634,3791.3448152511914
0.30153435623749164,1757.1613350892596,238.233466548736,1001.5722117013961,-4331.045604901891,3892.6477019994327,6586.954920464834,6439.897828081726,0.0002710881750450716,0.0002710881750450716,3688.8366666444904
0.3022014676450967,1761.04598281955,235.34565550546807,1004.1704871615484,-4326.592168156718,3897.0012756540777,6764.448441563248,6612.1159885458155,0.00027842138415120336,0.00027842138415120336,3591.678143001136
0.30286857905270176,1764.9303632106446,232.46085359699717,1006.7717039867288,-4322.051209761516,3901.4394199548087,6452.46878405792,6303.8663473432225,0.00026556306576999987,0.00026556306576999987,3765.5838815555953
0.3035356904603069,1768.8145003202574,229.57882097804554,1009.3756258499133,-4318.550525667943,3904.8550882537,4042.5821284746457,3936.307212731843,0.00016611785913494377,0.00016611785913494377,6019.822343048994
0.30420280186791193,1772.6984777122038,226.69858746026438,1011.981299517931,-4316.657504453344,3906.691330845712,1632.6954728915734,1568.7480781206596,6.663672370778384e-05,6.663672370778384e-05,15006.740193068496
0.304869913275517,1776.5823847773174,223.81908055340722,1014.5876713378757,-4316.37214611772,3906.948147730845,-777.1911826914993,-798.8110564905237,3.2859511554966706e-05,3.2859511554966706e-05,30432.588698928797
0.30553702468312205,1780.4663097411624,220.93922776722795,1017.1936876568409,-4317.694450661072,3905.6255389091,-3187.0778382745702,-3166.370191101705,0.0001323504582488734,0.0001323504582488734,7555.69729966169
0.3062041360907271,1784.3503414039226,218.0579566114804,1019.7982948219201,-4320.624418083396,3902.7235043804762,-5596.964493857645,-5533.929325712889,0.0002318155094546489,0.0002318155094546489,4313.775218718204
0.3068712474983322,1788.2345708801204,215.1741945959182,1022.400439180207,-4325.162048384698,3898.242044144973,-8006.851149440919,-7901.48846032427,0.0003312331811509816,0.0003312331811509816,3019.021211960596
0.3075383589059373,1792.119093337551,212.28686923029565,1024.999067078794,-4331.307341564972,3892.181158202592,-10416.73780502399,-10269.047594935453,0.0004305804557486706,0.0004305804557486706,2322.4463318040125
0.30820547031354234,1796.0040097348,209.3949080243664,1027.5931248647762,-4339.060297624223,3884.540846553332,-12826.624460607061,-12636.606729546635,0.0005298321295076498,0.0005298321295076498,1887.390258739607
0.3088725817211474,1799.8894285566237,206.4972384878843,1030.1815588852457,-4348.420916562447,3875.321109197193,-15236.511116190133,-15004.165864157816,0.0006289601658068452,0.0006289601658068452,1589.9258082857696
0.30953969312875246,1803.7754675464107,203.59278813060317,1032.7633154872967,-4359.389198379647,3864.5219461341762,-17646.39777177321,-17371.724998769,0.0007279330565324186,0.0007279330565324186,1373.7526974851223
0.31020680453635757,1807.6622554348062,200.68048446227664,1035.3373410180227,-4371.96514307582,3852.143357364278,-20056.28442735648,-19739.28413338038,0.0008267151942286564,0.0008267151942286564,1209.606412197398
0.31087391594396263,1811.5499336634493,197.75925499265907,1037.902581824517,-4386.148750650969,3838.1853428875033,-22466.171082939552,-22106.843267991564,0.0009252662581136558,0.0009252662581136558,1080.769985105373
0.3115410273515677,1815.43865810261,194.8280272315041,1040.4579842538733,-4401.940021105093,3822.6479027038504,-24876.057738522628,-24474.40240260275,0.0010235406175930957,0.0010235406175930957,977.0007978301315
0.31220813875917275,1819.3286007613108,191.88572868856548,1043.0024946531844,-4419.338954438191,3805.5310368133178,-27285.944394105703,-26841.96153721393,0.0011214867575011819,0.0011214867575011819,891.6734801471306
0.3128752501667778,1823.2199514883187,188.9312868735971,1045.5350593695441,-4438.345550650263,3786.8347452159073,-29695.83104968877,-29209.520671825114,0.0012190467299494118,0.0012190467299494118,820.3130982858206
0.3135423615743829,1827.112919662142,185.96362929635256,1048.0546247500463,-4458.959809741312,3766.559027911615,-32105.717705272044,-31577.079806436494,0.0013161556383573976,0.0013161556383573976,759.7885621247883
0.314209472981988,1831.0077358679225,182.98168346658628,1050.5601371417838,-4481.181731711334,3744.7038849004466,-34515.60436085511,-33944.63894104768,0.0014127411599608802,0.0014127411599608802,707.8437496842597
0.31487658438959304,1834.9046535588323,179.98437689405185,1053.050542891851,-4505.011316560331,3721.2693161824,-36925.49101643819,-36312.19807565886,0.0015087231138215965,0.0015087231138215965,662.8121428238741
0.3155436957971981,1838.8039506992873,176.97063708850305,1055.5247883473405,-4530.448564288302,3696.255321757474,-39335.37767202126,-38679.75721027004,0.0016040130820791534,0.0016040130820791534,623.4363118184674
0.31621080720480316,1842.7059313869966,173.93939155969372,1057.9818198553457,-4557.493474895247,3669.661901625669,-41745.26432760434,-41047.31634488123,0.001698514092861853,0.001698514092861853,588.7498986335075
0.31687791861240827,1846.6109274505393,170.88956781737755,1060.4205837629613,-4586.146048381171,3641.489055786983,-44155.1509831876,-43414.875479492606,0.001792120373881189,0.001792120373881189,557.9982319124599
0.31754503002001333,1850.5192708426812,167.82007711238475,1062.8399586580244,-4616.6042779422705,3610.911645296232,-48172.41359957487,-52481.192603036994,0.002067340285013905,0.002067340285013905,483.7133041178434
0.3182121414276184,1854.4299782987166,164.72906686908613,1065.2356398727343,-4650.996324907336,3569.0605330936332,-54934.943201694565,-72988.44178035477,0.002657782345283668,0.002657782345283668,376.2535339940596
0.31887925283522345,1858.3403220779753,161.61360850885225,1067.5988384842854,-4689.899732514242,3513.5288010262466,-61697.47280381424,-93495.69095767252,0.003256216116528952,0.003256216116528952,307.1049230804668
0.3195463642428285,1862.2477124091404,158.47069245153517,1069.9204279951034,-4733.314500762991,3444.3164490940726,-68460.00240593393,-114002.94013499029,0.0038655031286593563,0.0038655031286593563,258.6985359255996
0.3202134756504336,1866.1499091340568,155.29730911698647,1072.1912819076122,-4781.240629653584,3361.423477297102,-75222.53200805417,-134510.18931230975,0.004487790505307284,0.004487790505307284,222.826800586479
0.3208805870580387,1870.045090401181,152.09044892505887,1074.4022737242378,-4833.678119186014,3264.8498856353503,-81985.06161017386,-155017.43848962753,0.005124334372819431,0.005124334372819431,195.14729665265688
0.32154769846564374,1873.931923966804,148.84710229560395,1076.5442769474048,-4890.626969360284,3154.5956741088103,-88747.59121229354,-175524.68766694528,0.005775284377342133,0.005775284377342133,173.15164668310481
0.3222148098732488,1877.8096410874539,145.56425964847375,1078.6081650795386,-4952.087180176396,3030.660842717482,-95510.12081441323,-196031.93684426305,0.006439432026794964,0.006439432026794964,155.29319912671247
0.32288192128085386,1881.6781126859337,142.23891140352038,1080.584811623064,-5018.058751634349,2893.045391461366,-102272.65041653291,-216539.18602158083,0.007113932572871655,0.007113932572871655,140.56922662064727
0.32354903268845897,1885.5379270976846,138.8680479805955,1082.4650900804068,-5088.54168373415,2741.7493203404483,-109035.18001865315,-237046.4351989003,0.007794019934752537,0.007794019934752537,128.30349529145136
0.32421614409606403,1889.3904682500406,135.4486597995516,1084.2398739539908,-5163.535976475783,2576.772629354753,-115797.70962077282,-257553.68437621804,0.008472746684102587,0.008472746684102587,118.02548067161028
0.3248832555036691,1893.2379454127145,131.97785268586762,1085.9001686558126,-5242.043682250571,2399.255980736023,-116807.20126488336,-271485.1643855068,0.008890190729001497,0.008890190729001497,112.4835259988078
0.32555036691127415,1897.0823847027164,128.4551526911433,1087.4397459360032,-5318.532803547315,2215.522492624137,-112507.18438275886,-279347.83297393634,0.00907151178882633,0.00907151178882633,110.23520922187764
0.3262174783188792,1900.9252530672263,124.88238276570569,1088.855002918618,-5392.153334529099,2026.543728602692,-108207.16750063436,-287210.50156236574,0.009249475167377891,0.009249475167377891,108.11424236554681
0.3268845897264843,1904.7682469224253,121.26145657887724,1090.142440420261,-5462.90527519593,1832.3196886716712,-103907.15061850949,-295073.1701507959,0.009421437785557384,0.009421437785557384,106.1409121156595
0.3275517011340894,1908.6133395895547,117.59428779998152,1091.2985592575371,-5530.788625547794,1632.850372831107,-99607.133736385,-302935.83873922535,0.009584550476571793,0.009584550476571793,104.3345749437464
0.32821881254169444,1912.462790316667,113.88279009834106,1092.3198602470513,-5595.803385584699,1428.1357810809839,-95307.1168542605,-310798.5073276548,0.009735798096750112,0.009735798096750112,102.71371592369074
0.3288859239492995,1916.319151703376,110.12887714327869,1093.2028442054082,-5657.949555306645,1218.175913421301,-91007.099972136,-318661.17591608426,0.009872054775145439,0.009872054775145439,101.29603438968637
0.32955303535690456,1920.1852752553923,106.33446260411726,1093.9440119492124,-5717.22713471363,1002.970769852059,-86707.0830900115,-326523.8445045137,0.00999015437314637,0.00999015437314637,100.09855330043843
0.33022014676450967,1924.0643148053268,102.50146015017934,1094.5398642950686,-5773.636123805663,782.5203503732394,-82407.06620788663,-334386.5130929438,0.010086975052722498,0.010086975052722498,99.13774890620927
0.33088725817211473,1927.9597275589012,98.63178345078842,1094.9869020595818,-5827.176522582729,556.8246549848787,-78107.04932576213,-342249.18168137333,0.010159535478893924,0.010159535478893924,98.42969711336357
0.3315543695797198,1931.8752725624129,94.727346175267,1095.281626059356,-5877.848331044836,325.88368368695853,-73807.03244363762,-350111.85026980273,0.010205098726328443,0.010205098726328443,97.99023280588847
0.33222148098732485,1935.815006438284,90.79006199293798,1095.4205371109965,-5925.651549191985,89.69743647947928,-69507.01556151314,-357974.51885823224,0.010221278587868065,0.010221278587868065,97.8351183174803
0.3328885923949299,1939.7832739797855,86.8218468952372,1095.4001356572535,-5970.46810880863,-151.75309531098299,-61204.86691745841,-366481.5201767849,0.010227444987898229,0.010227444987898229,97.77613090886965
0.333555703802535,1943.7804183996427,82.82893554354652,1095.2162268463292,-5994.770898473763,-401.28973071112443,-11654.896498605034,-381629.31275278924,0.010526772314133917,0.010526772314133917,94.99588004362326
0.3342228152101401,1947.7941357751768,78.83083732433872,1094.8624786304592,-5986.018337625985,-660.9316313387324,37895.07392024423,-396777.10532879224,0.010988352827097862,0.010988352827097862,91.00545056525186
0.33488992661774514,1951.8105357638296,74.84960383902298,1094.332149671933,-5944.210426265298,-930.6787971938271,87445.0443390935,-411924.89790479536,0.011615901794405283,0.011615901794405283,86.08888209451314
0.3355570380253502,1955.8169259490971,70.90728668900884,1093.6184986330404,-5869.347164391704,-1210.5312282764085,136995.01475794276,-427072.69048079837,0.012416712950458016,0.012416712950458016,80.53661254713253
0.33622414943295525,1959.8020948959977,67.02593747570593,1092.7147841760723,-5761.428552005205,-1500.4889245864772,186544.98517679202,-442220.48305680143,0.013399724313897476,0.013399724313897476,74.6284010457479
0.33689126084056037,1963.756643019237,63.227607800523394,1091.6142649633173,-5620.454589105783,-1800.5518861240578,236094.95559564538,-457368.2756328058,0.014572794574134304,0.014572794574134304,68.62101808358229
0.33755837224816543,1967.6733693224314,59.534349264871445,1090.3101996570656,-5446.425275693464,-2110.720112889101,285644.9260144946,-472516.0682088088,0.0159386734012164,0.0159386734012164,62.74047876052736
0.3382254836557705,1971.5477194253226,55.968213470159306,1088.7958469196076,-5239.340611768239,-2430.9936048816307,335194.8964333439,-487663.86078481184,0.017489159589336202,0.017489159589336202,57.178276342663004
0.33889259506337555,1975.3782947721277,52.551252017796514,1087.0644654132327,-4999.200597330105,-2761.3723621016475,384744.8668521932,-502811.65336081496,0.01919718504340108,0.01919718504340108,52.090970511520084
0.3395597064709806,1979.167836877435,49.30456960955278,1085.11006455673,-4732.9369661077535,-3096.360507341955,400465.8861241125,-491137.90765668434,0.01970228173575886,0.01970228173575886,50.75554260220732
0.3402268178785857,1982.9278769174605,46.23587523389506,1082.9372746609047,-4467.622355611357,-3414.493296390733,394947.3161440289,-462624.1939114908,0.019210041037371273,0.019210041037371273,52.056109513488124
0.3408939292861908,1986.673157582855,43.342947275851145,1080.5585995901674,-4205.9892461023655,-3713.604261726883,389428.7461639457,-434110.4801662997,0.018524339794208956,0.018524339794208956,53.98303049443188
0.34156104069379584,1990.416262929925,40.62332976411495,1077.9867290201112,-3948.0376375807514,-3993.693403350429,383910.17618386255,-405596.7664211085,0.017699071604392824,0.017699071604392824,56.50013867121736
0.3422281521014009,1994.1674985704149,38.07456672738072,1075.2343526263273,-3693.7675300465203,-4254.760721261375,378391.60620377935,-377083.0526759174,0.016787173506697717,0.016787173506697717,59.56928958892465
0.34289526350900595,1997.934945954523,35.69420219434263,1072.3141600844085,-3443.1789234996672,-4496.806215459717,372873.0362236962,-348569.33893072617,0.01583590781270374,0.01583590781270374,63.14762701496588
0.34356237491661107,2001.7245701888855,33.479780193694744,1069.2388410699461,-3196.271817940175,-4719.829885945475,367354.4662436126,-320055.62518553267,0.014884257132877027,0.014884257132877027,67.1850795825849
0.3442294863242161,2005.5403648163697,31.428844754131614,1066.0210852585333,-2953.046213368084,-4923.831732718612,361835.89626352943,-291541.91144034156,0.01396215435448281,0.01396215435448281,71.62218484419859
0.3448965977318212,2009.384518328673,29.53893990434727,1062.6735823257613,-2713.502109783373,-5108.811755779147,356317.3262834463,-263028.1976951504,0.013091005120289385,0.013091005120289385,76.38832853637248
0.34556370913942625,2013.2575898470404,27.80760967303592,1059.2090219472232,-2477.639507186042,-5274.76995512708,350798.75630336313,-234514.48394995922,0.012284939157425607,0.012284939157425607,81.40048454334851
0.3462308205470313,2017.1586845223205,26.23239808889177,1055.6400937985102,-2245.458405576092,-5421.706330762409,345280.1863232799,-206000.77020476805,0.011552340683928866,0.011552340683928866,86.56254410771994
0.3468979319546364,2021.0856221799738,24.81084918060892,1051.9794875552145,-2016.9588049535023,-5549.620882685147,339761.61634319625,-177487.05645957452,0.010897361978252784,0.010897361978252784,91.76532834236767
0.3475650433622415,2025.0350952527729,23.54050697688182,1048.239892892929,-1792.1407053183134,-5658.513610895272,334243.0463631131,-148973.34271438338,0.010321261456809769,0.010321261456809769,96.8873818558505
0.34823215476984654,2029.0028139981068,22.418915506404552,1044.4339994872453,-1571.0041066705041,-5748.384515392794,328724.47638302995,-120459.62896919224,0.009823506718849821,0.009823506718849821,101.79664234169572
0.3488992661774516,2032.9836384117866,21.443618797871316,1040.5744970137555,-1353.5490090100752,-5819.233596177714,323205.9064029468,-91945.91522400107,0.009402643833244208,0.009402643833244208,106.35306598175893
0.34956637758505665,2036.9716972127185,20.612160879976333,1036.6740751480518,-1139.7754123370266,-5871.060853250032,317687.3364228636,-63432.20147880992,0.009056965530677976,0.009056965530677976,110.41225635813402
0.35023348899266177,2040.9604948883307,19.92208578141375,1032.7454235657258,-929.683316651341,-5903.866286609749,312168.7664427799,-34918.48773361639,0.008785023273877085,0.008785023273877085,113.83009114768925
0.3509006004002668,2044.9430081595972,19.370937530877903,1028.8012319423706,-723.2727219530533,-5917.64989625686,306650.1964626969,-6404.773988425244,0.008586029909022486,0.008586029909022486,116.468264214776
0.3515677118078719,2048.913144473128,18.952621413360426,1024.8531952183973,-538.1985602797699,-5917.238068287754,244024.62275891102,6497.412723365987,0.006867134052436744,0.006867134052436744,145.6211561277384
0.35223482321547694,2052.870428776421,18.64290364664346,1020.9080495985162,-397.7994811561403,-5909.010965103172,176891.81645373805,18167.44262400987,0.004997113829699883,0.004997113829699883,200.1155134903257
0.352901934623082,2056.8142597982537,18.411909394715213,1016.9709891742468,-302.1854629432322,-5892.998651844779,109759.01014856502,29837.472524653756,0.0031042748720486973,0.0031042748720486973,322.13642193999397
0.3535690460306871,2060.742266915318,18.229762032551818,1013.0472075480392,-251.35650564104358,-5869.201128512572,42626.203843386495,41507.50242529861,0.0011825659195794588,0.0011825659195794588,845.6188221250428
0.3542361574382922,2064.6509837013505,18.066584935129487,1009.1418983223452,-245.3126092495827,-5837.618395106554,-24506.602461786533,53177.5323259425,0.0007826384952527187,0.0007826384952527187,1277.7291253442547
0.35490326884589724,2068.536528599922,17.89250147742436,1005.2602550996148,-284.05377376884354,-5798.250451626726,-91639.4087669595,64847.56222658638,0.002810135877436326,0.002810135877436326,355.85467878239945
0.3555703802535023,2072.3952990245766,17.677635034412614,1001.4074714822991,-367.57999919882616,-5751.097298073086,-158772.21507213247,76517.59212723027,0.004918048582214384,0.004918048582214384,203.3326802863227
0.35623749166110735,2076.224688932538,17.39210898107042,997.5887410728492,-495.89128553953054,-5696.158934445632,-225905.02137730553,88187.62202787415,0.007117988184204564,0.007117988184204564,140.4891345870856
0.35690460306871247,2080.0238388857347,17.006046692373918,993.8092574737155,-668.9876327909728,-5633.435360744364,-293037.82768248406,99857.65192851902,0.009407685230716679,0.009407685230716679,106.296073420371
0.3575717144763175,2083.794421623672,16.489571543299327,990.0742142873494,-886.8690409531243,-5562.9265769692865,-360170.633987657,111527.6818291629,0.011761925668531679,0.011761925668531679,85.02009179291444
0.3582388258839226,2087.541453933282,15.812806908822804,986.3888051162014,-1149.5355100259974,-5484.6325831204,-427303.44029283,123197.71172980678,0.014122654019922508,0.014122654019922508,70.80822050793871
0.35890593729152764,2091.274105984159,14.945876163920499,982.7582235627223,-1456.987040009592,-5398.5533791977,-494436.24659800297,134867.74163045068,0.016390932622398092,0.016390932622398092,61.00934114227931
0.3595730486991327,2095.006452758127,13.858902683568603,979.1876632293629,-1809.223630903909,-5304.68896520119,-561569.0529031759,146537.77153109454,0.018425768671412542,0.018425768671412542,54.27181996219747
0.3602401601067378,2098.7580830194747,12.522009842743149,975.682317718574,-2206.2452827089824,-5203.039341130857,-628701.8592083546,158207.80143173938,0.020056192630934676,0.020056192630934676,49.85991201827608
0.3609072715143429,2102.5544596531,10.905321016420535,972.2473806328069,-2648.0519954247457,-5093.604506986721,-695834.6655135276,169877.8313323833,0.02111073447115202,0.02111073447115202,47.369266160138
0.36157438292194793,2106.4252112102236,8.980977813526763,968.888865953004,-3119.367940856014,-4970.175092990314,-685886.5740837213,212879.96256172287,0.02015826710253618,0.02015826710253618,49.607438720473475
0.362241494329553,2110.377263551935,6.752032596092456,965.6253523664989,-3556.0493821430155,-4806.6777382708015,-623284.386894728,277285.1068873805,0.018629026121531916,0.018629026121531916,53.67967136211022
0.36290860573715805,2114.394973103387,4.245702372200783,962.4852410868406,-3950.968190215211,-4600.214977063194,-560682.1997057348,341690.251213038,0.01762111116693637,0.01762111116693637,56.75011016764736
0.36357571714476317,2118.459841697708,1.489847470880725,959.4971948268299,-4304.12436507263,-4350.786809367468,-498080.0125167363,406095.39553870086,0.017078969505293737,0.017078969505293737,58.55154198208759
0.3642428285523682,2122.5521097971414,-1.487671778838027,956.6898762992674,-4615.517906715213,-4058.393235183664,-435477.82532774296,470500.5398643584,0.016966720360057294,0.016966720360057294,58.938909746764
0.3649099399599733,2126.6516855798213,-4.65899504792648,954.0919482169535,-4885.148815142991,-3723.0342545117633,-372875.6381387497,534905.6841900159,0.017268246927618025,0.017268246927618025,57.9097579616288
0.36557705136757834,2130.739027065025,-7.9962620073554085,951.7320732926892,-5113.017090355965,-3344.7098673517667,-310273.4509497563,599310.8285156735,0.017985174769266865,0.017985174769266865,55.60135015806484
0.3662441627751834,2134.796042553627,-11.471612328095587,949.6389142392746,-5299.1227323541325,-2923.4200737036736,-247671.26376076302,663715.972841331,0.019132910767160182,0.019132910767160182,52.26596267392856
0.3669112741827885,2138.8070712106387,-15.0571856811181,947.8411337695106,-5443.465741137507,-2459.164873567444,-185069.07657176457,728121.1171669939,0.020733416329392233,0.020733416329392233,48.231318182829995
0.3675783855903936,2142.7600020301547,-18.72512173739312,946.3673945961976,-5546.046116706062,-1951.944266943154,-122466.88938277127,792526.2614926514,0.02280195215796627,0.02280195215796627,43.855894138898634
0.36824549699799863,2146.647580673464,-22.44756016789173,945.2463594321365,-5606.863859059815,-1401.7582538307681,-59864.70219377796,856931.4058183089,0.025323863001941078,0.025323863001941078,39.488446131751296
0.3689126084056037,2150.4689304110993,-26.1966406435847,944.5066909901278,-5625.918968198761,-808.6068342302856,2737.4849952153236,921336.5501439666,0.0282179524249905,0.0282179524249905,35.43843241844777
0.36957971981320875,2154.231273687935,-29.944511450376336,944.177007280569,-5603.436545380958,-173.65804583840267,61418.52942234398,965395.1064516613,0.03064175664164392,0.03064175664164392,32.63520468800219
0.37024683122081387,2157.9539816451947,-33.66600762594801,944.2719849108469,-5549.181711590779,452.41745085609836,101237.46228060409,911579.2326383267,0.029575720369955347,0.029575720369955347,33.81151794415312
0.3709139426284189,2161.664357457999,-37.342449321222915,944.7726496025181,-5468.363213452199,1042.5917642194381,141056.39513886088,857763.3588249966,0.028041422455467473,0.028041422455467473,35.66152899654424
0.371581054036024,2165.3841984173546,-40.95611561268678,945.6550512666364,-5360.981050965217,1596.8648942516718,180875.3279971177,803947.4850116667,0.026274373564227564,0.026274373564227564,38.059898842326554
0.37224816544362904,2169.128708749712,-44.48928557682496,946.8952398142546,-5227.0352241298315,2115.2368409527985,220694.2608553745,750131.6111983366,0.024472822601798647,0.024472822601798647,40.861653609441206
0.3729152768512341,2172.907128514692,-47.924238290122865,948.4692651564263,-5066.525732946043,2597.7076043228176,260513.1937136313,696315.7373850065,0.022780015912774957,0.022780015912774957,43.89812561277463
0.3735823882588392,2176.7235380987754,-51.24325282906613,950.3531772042049,-4879.452577413835,3044.277184361766,300332.1265718914,642499.863571672,0.021286367448462126,0.021286367448462126,46.978424215459405
0.3742494996664443,2180.57772186613,-54.42860827013963,952.5230258686432,-4665.815757533238,3454.945581069569,340151.0594301482,588683.9897583419,0.020041290758459267,0.020041290758459267,49.89698578061436
0.37491661107404933,2184.466015739935,-57.46258368982899,954.9548610607951,-4425.615273304239,3829.7127944462654,379969.992288405,534868.1159450118,0.01906693151956485,0.01906693151956485,52.446823914686306
0.3755837224816544,2188.3821005553964,-60.327458164619635,957.6247326917136,-4158.851124726836,4168.578824491855,419788.9251466619,481052.2421316819,0.018369860348103884,0.018369860348103884,54.43699522207957
0.37625083388925945,2192.3177300345506,-63.00551077099692,960.5086906724516,-3865.52331180103,4471.5436712063365,459607.8580049186,427236.36831835174,0.017949547999157312,0.017949547999157312,55.71170928911121
0.37691794529686456,2196.263399332463,-65.47902058544645,963.5827849140633,-3545.6318345267937,4738.607334589733,499426.7908631788,373420.4945050172,0.017803804840159868,0.017803804840159868,56.16776913574731
0.3775850567044696,2200.208969780022,-67.73026668445321,966.8230653276011,-3199.1766929041796,4969.769814641999,539245.7237214355,319604.62069168716,0.017931761814047344,0.017931761814047344,55.766968710047344
0.3782521681120747,2204.1442703415923,-69.7415281445028,970.205581824119,-2826.1578869331624,5165.031111363158,579064.6565796924,265788.7468783571,0.01833487270132527,0.01833487270132527,54.5408749921519
0.37891927951967974,2208.0617323968695,-71.49790863380653,973.7072437911471,-2441.9319439820247,5329.063961675052,563224.1158587802,228909.12896496872,0.017676107136188928,0.017676107136188928,56.57354259596357
0.3795863909272848,2211.9672165067354,-73.00365897175712,977.3107867771788,-2075.36199816372,5470.650939216579,535752.5817045162,195568.62970453702,0.016657916401517942,0.016657916401517942,60.031517501725226
0.3802535023348899,2215.8693274108978,-74.27097925039564,981.0013651627079,-1727.118626164108,5589.996089366234,508281.04755024984,162228.13044410257,0.015585859462912584,0.015585859462912584,64.1607222482376
0.380920613742495,2219.773479814725,-75.31209533617867,984.7641411709541,-1397.201827983248,5687.0994121239955,480809.5133959858,128887.63118367089,0.014511479947412325,0.014511479947412325,68.91095902167575
0.38158772515010003,2223.682136210141,-76.1392330955631,988.5842770251388,-1085.6116036211095,5761.960907489874,453337.9792417218,95547.1319232392,0.013473163453605157,0.013473163453605157,74.22161866019813
0.3822548365577051,2227.595093276802,-76.76461839500574,992.4469349484829,-792.3479530776923,5814.580575463872,425866.4450874578,62206.63266280752,0.01249713522257499,0.01249713522257499,80.01833877844155
0.38292194796531015,2231.5097753030977,-77.20047710096333,996.3372771642071,-517.4108763529966,5844.958416045987,398394.9109331937,28866.133402375846,0.01159958997507652,0.01159958997507652,86.209943812553
0.38358905937291526,2235.422908395852,-77.45902422153553,1000.2418595987385,-260.74944924613214,5859.630705466331,371082.5951081392,15961.791466896342,0.010796223816896287,0.010796223816896287,92.62497859992322
0.3842561707805203,2239.3357094766243,-77.5524256225318,1004.1535457410542,-22.303917968147765,5866.267024474024,343777.1076632697,3933.8929181659587,0.00998993760939906,0.00998993760939906,100.10072525970006
0.3849232821881254,2243.249600047982,-77.49283327423144,1008.0669826137513,197.9258111451473,5864.879395150342,316471.6202184001,-8094.005630564425,0.009192841657209487,0.009192841657209487,108.78029202382159
0.38559039359573044,2247.1645689494603,-77.29239914605722,1011.9768173493642,399.9397380937532,5855.467817495285,289166.1327735305,-20121.904179294805,0.008414948660168385,0.008414948660168385,118.83613797116021
0.3862575050033355,2251.079308435453,-76.96327520743185,1015.8776970804267,583.7378628776698,5838.0322915088545,261860.6453286609,-32149.802728025188,0.007662237391941627,0.007662237391941627,130.51018245032446
0.3869246164109406,2254.9913482150796,-76.51761342777803,1019.7642689394735,749.3201854969102,5812.572817191047,234555.15788378904,-44177.701276756576,0.006937290841790343,0.006937290841790343,144.14849006704247
0.3875917278185457,2258.897184108364,-75.9675657765186,1023.6311800590382,896.686705951447,5779.089394541867,207249.67043891948,-56205.59982548696,0.006239908437999942,0.006239908437999942,160.2587617969162
0.38825883922615073,2262.792517015026,-75.32513755148368,1027.47317230648,1027.2943992518824,5738.523080179713,189592.8415795979,-62001.45324328164,0.005812739295453147,0.005812739295453147,172.03592818659905
0.3889259506337558,2266.675755333618,-74.59807422447358,1031.287738960439,1151.7752093518104,5697.741020865034,183600.6270999919,-60263.16058213514,0.0056790840087722495,0.0056790840087722495,176.08473451974663
0.38959306204136085,2270.5488861649396,-73.78930170948355,1035.0754862402257,1272.2585448155762,5658.118596414359,177608.41262038588,-58524.86792098864,0.005533886854751697,0.005533886854751697,180.70481494238456
0.39026017344896596,2274.4139364403104,-72.90148676744498,1038.8371877514883,1388.7444056431907,5619.655806827688,171616.19814077936,-56786.57525984199,0.005378465795199853,0.005378465795199853,185.9266263053072
0.390927284856571,2278.2727662894126,-71.93729615928937,1042.5736170998723,1501.2327918346343,5582.352652105027,165623.98366117338,-55048.2825986955,0.005214132477193524,0.005214132477193524,191.7864581258672
0.3915943962641761,2282.127071103266,-70.89939664594809,1046.2855478910242,1609.7237033899164,5546.209132246375,159631.76918156736,-53309.98993754899,0.005042168421850351,0.005042168421850351,198.32736956315804
0.39226150767178114,2285.9783843747314,-69.79045498835251,1049.973753730591,1714.217140309037,5511.225247251728,153639.55470196134,-51571.6972764025,0.0048638047755558324,0.0048638047755558324,205.60035736338136
0.3929286190793862,2289.828081235251,-68.613137947434,1053.6390082242185,1814.713102591996,5477.400997121089,147647.34022235536,-49833.404615256004,0.004680205795481926,0.004680205795481926,213.66581806410267
0.3935957304869913,2293.677382604375,-67.37011228412388,1057.2820849775537,1911.2115902388016,5444.736381854453,141655.12574274885,-48095.11195410935,0.004492456050880341,0.004492456050880341,222.59538850781635
0.39426284189459637,2297.527359868752,-66.06404475935373,1060.9037575962425,2003.7126032494375,5413.231401451828,135662.91126314283,-46356.81929296286,0.00430155116757731,0.00430155116757731,232.47427754374777
0.39492995330220143,2301.378940009414,-64.69760213405488,1064.5047996859312,2092.2161416239123,5382.88605591321,129670.69678353681,-44618.526631816356,0.004108391827826147,0.004108391827826147,243.4042423186118
0.3955970647098065,2305.2329110999126,-63.27345116915871,1068.085984852267,2176.722205362226,5353.7003452386,123678.4823039308,-42880.233970669855,0.0039137806601511,0.0039137806601511,255.50742027566585
0.39626417611741155,2309.0899281028483,-61.7942586255966,1071.6480867008959,2257.230794464378,5325.674269427995,117686.26782432478,-41141.94130952336,0.003718421610442684,0.003718421610442684,268.93131139073506
0.39693128752501666,2312.950518898231,-60.26269126429981,1075.1918788374644,2333.7419089303744,5298.807828481395,111694.05334471827,-39403.64864837671,0.003522921371156844,0.003522921371156844,283.8553276230584
0.3975983989326217,2316.8150904835543,-58.68141584620001,1078.7181348676188,2406.255548760203,5273.101022398804,105701.83886511227,-37665.355987230214,0.0033277924541073606,0.0033277924541073606,300.4995094467926
0.3982655103402268,2320.6839352922543,-57.05309913222846,1082.2276283970054,2474.771713953871,5248.553851180221,99709.62438550626,-35927.063326083706,0.0031334575180496844,0.0031334575180496844,319.13628770764905
0.39893262174783184,2324.5572375840748,-55.38040788331658,1085.7211330312712,2539.290404511377,5225.166314825645,93717.40990590025,-34188.77066493721,0.0029402545994988666,0.0029402545994988666,340.106601710763
0.39959973315543695,2328.4350798675982,-53.66600886039559,1089.1994223760626,2599.8116204327266,5202.938413335074,87725.19542629374,-32450.478003790566,0.0027484429392019634,0.0027484429392019634,363.8423726163875
0.400266844563042,2332.317449321707,-51.91256882439717,1092.663270037025,2656.335361717909,5181.870146708511,81732.98094668773,-30712.18534264407,0.0025582091434827314,0.0025582091434827314,390.8984543142574
0.40093395597064707,2336.2042441888802,-50.12275453625259,1096.113449619806,2708.861628366931,5161.961514945956,75740.76646708172,-28973.892681497568,0.0023696734662867745,0.0023696734662867745,421.9990704318337
0.40160106737825213,2340.0952785491145,-48.299198717066965,1099.550714894241,2757.748869719534,5143.00364115741,72264.93633701395,-28701.95656977652,0.0022683551288830077,0.0022683551288830077,440.84807853363947
0.4022681787858572,2343.990250277031,-46.44340007996336,1102.9751588169522,2805.924349915781,5123.2907394423755,72165.15329133757,-30397.322771898926,0.002282903787936638,0.002282903787936638,438.0386091101247
0.4029352901934623,2347.8887846453936,-44.55548523405894,1106.3860747871745,2854.0332637039764,5102.446839593836,72065.3702456612,-32092.68897402147,0.002298436707143367,0.002298436707143367,435.07832819240826
0.40360240160106736,2351.790510925953,-42.635498586564175,1109.7827083031502,2902.075611084111,5080.471941611793,71965.58719998482,-33788.05517614388,0.0023149487024082256,0.0023149487024082256,431.97501480689687
0.4042695130086724,2355.6950664850524,-40.68348454468908,1113.1643048631222,2950.0513920561893,5057.366045496246,71865.80415430845,-35483.42137826628,0.002332434959890104,0.002332434959890104,428.73649949369496
0.4049366244162775,2359.6020970963145,-38.69948751564384,1116.5301099653345,2997.9606066202114,5033.129151247195,71766.02110863208,-37178.787580388685,0.0023508909437233642,0.0023508909437233642,425.37064625217795
0.40560373582388254,2363.5112572599023,-36.68355190663861,1119.8793691080296,3045.803254776177,5007.761258864641,71666.2380629557,-38874.153782511086,0.0023703123014229637,0.0023703123014229637,421.8853352782553
0.40627084723148765,2367.4222105285758,-34.63572212488344,1123.2113277894516,3093.57933652409,4981.26236834858,71566.45501727931,-40569.51998463363,0.002390694766580385,0.002390694766580385,418.2884465131387
0.4069379586390927,2371.334629840741,-32.556042577588826,1126.5252315078428,3141.288851863944,4953.6324796990175,71466.67197160293,-42264.88618675603,0.0024120340584692992,0.0024120340584692992,414.5878440185086
0.40760507004669777,2375.248197860695,-30.444557671964763,1129.8203257614464,3188.9318007957404,4924.871592915951,71366.88892592656,-43960.252388878434,0.0024343257781932704,0.0024343257781932704,410.7913611883899
0.40827218145430283,2379.162607326233,-28.30131181522145,1133.0958560485058,3236.5081833194813,4894.979707999381,71267.1058802502,-45655.618591000835,0.0024575653010234376,0.0024575653010234376,406.9067868038161
0.4089392928619079,2383.077561403771,-26.12634941456905,1136.351067867264,3284.0179994351647,4863.956824949306,71167.32283457382,-47350.98479312324,0.002481747664592635,0.002481747664592635,402.94185193245437
0.409606404269513,2386.992774051139,-23.919714877217572,1139.5852067159647,3331.4612491427974,4831.802943765725,71067.53978889743,-49046.35099524578,0.0025068674526342147,0.0025068674526342147,398.9042176718201
0.41027351567711806,2390.9079703881353,-21.681452610377548,1142.7975180928504,3378.8379324423695,4798.5180644486445,70967.75674322105,-50741.71719736818,0.0025329186739797877,0.0025329186739797877,394.80146373147227
0.4109406270847231,2394.8228870749635,-19.41160702125897,1145.9872474961644,3426.148049333885,4764.102186998057,70867.97369754469,-52437.0833994906,0.0025598946365605973,0.0025598946365605973,390.64107784669295
0.4116077384923282,2398.737272698597,-17.110222517072025,1149.15364042415,3473.3915998173434,4728.555311413967,70768.1906518683,-54132.44960161299,0.002587787816193106,0.002587787816193106,386.4304460135761
0.41227484989993324,2402.650888167121,-14.777343505026897,1152.2959423750503,3520.568583892747,4691.877437696374,70668.40760619193,-55827.8158037354,0.00261658971997146,0.00261658971997146,382.1768435331571
0.41294196130753835,2406.563507112062,-12.413014392333553,1155.4133988471087,3567.6790015600977,4654.068565845273,70568.62456051556,-57523.18200585795,0.002646290744138222,0.002646290744138222,377.88742685024016
0.4136090727151434,2410.4749162986705,-10.017279586202548,1158.5052553385678,3614.7228528193873,4615.128695860671,70468.84151483918,-59218.54820798035,0.0026768800263612005,0.0026768800263612005,373.5692261708656
0.41427618412274847,2414.384916044113,-7.590183493843903,1161.5707573476716,3661.7001376706216,4575.057827742565,70369.0584691628,-60913.91441010275,0.002708345292409106,0.002708345292409106,369.2291388408927
0.41494329553035353,2418.2933206434527,-5.131770522467776,1164.6091503726618,3708.610856113799,4533.855961490955,70269.27542348643,-62609.28061222516,0.002740672697292653,0.002740672697292653,364.8739234669796
0.4156104069379586,2422.199958803293,-2.6420850792843513,1167.6196799117834,3755.4550081489206,4491.523097105843,70169.49237781005,-64304.64681434756,0.0027738466610217356,0.0027738466610217356,360.5101947602446
0.4162775183455637,2426.1046740828815,-0.12117157150357816,1170.6015914632785,3802.2325937759897,4448.059234587221,70069.70933213367,-66000.0130164701,0.0028078496992239117,0.0028078496992239117,356.1444190821181
0.41694462975316876,2430.0073253424425,2.4309255936639387,1173.5541305253903,3848.943612994998,4403.464373935099,69969.9262864573,-67695.37921859251,0.0028426622489752824,0.0028426622489752824,351.7829106713181
0.4176117411607738,2433.9077871984437,5.014162009008223,1176.476542596362,3895.588065805951,4357.738515149473,69870.14324078092,-69390.74542071491,0.002878262490312808,0.002878262490312808,347.43182853045505
0.4182788525683789,2437.805950485445,7.628493267319105,1179.3680731744369,3942.1659522088476,4310.881658230344,69770.36019510454,-71086.11162283731,0.00291462616402713,0.00291462616402713,343.0971739505361
0.41894596397598394,2441.7017227241145,10.273874961386388,1182.2279677578579,3988.6772722036867,4262.893803177711,69670.57714942817,-72781.47782495971,0.002951726386477864,0.002951726386477864,338.7847886515139
0.41961307538358905,2445.5950285949425,12.950262684000151,1185.055471844869,4035.1220257904756,4213.77494999157,69570.79410375179,-74476.84402708226,0.0029895334623288045,0.0029895334623288045,334.5003535170381
0.4202801867911941,2449.485810417094,15.657612027949744,1187.8498309337122,4081.500212969203,4163.525098671928,69471.01105807541,-76172.21022920466,0.0030280146962685215,0.0030280146962685215,330.24938790168966
0.42094729819879917,2453.3740286317948,18.395878586025226,1190.6102905226317,4127.811833739874,4112.144249218783,69371.22801239903,-77867.57643132706,0.0030671342049620074,0.0030671342049620074,326.03724948918136
0.42161440960640423,2457.2596622895344,21.16501795101641,1193.3360961098695,4174.056888102488,4059.6324016321337,69271.44496672266,-79562.94263344948,0.003106852730670296,0.003106852730670296,321.8691346803079
0.4222815210140093,2461.1427095403237,23.964985715713116,1196.0264931936697,4220.235376057048,4005.989555911982,69171.66192104628,-81258.30883557186,0.003147127458176439,0.003147127458176439,317.7500794897696
0.4229486324216144,2465.023188126127,26.795737472905415,1198.6807272722754,4266.347297603553,3951.2157120583192,69071.8788753699,-82953.67503769443,0.0031879118368658256,0.0031879118368658256,313.6849609313987
0.42361574382921946,2468.901135874528,29.657228815382652,1201.2980438439295,4312.392652741999,3895.310870071159,68972.09582969353,-84649.04123981683,0.0032291554100243947,0.0032291554100243947,309.67849887176703
0.4242828552368245,2472.7766111925757,32.54941533593489,1203.877688406875,4358.371441472389,3838.275029950494,68872.31278401715,-86344.40744193923,0.0032708036536373787,0.0032708036536373787,305.735258332589
0.4249499666444296,2476.6496935596765,35.472252627351935,1206.418906459355,4404.283663794722,3780.1081916963253,68772.52973834077,-88039.77364406161,0.0033127978271894213,0.0033127978271894213,301.8596522228464
0.42561707805203464,2480.5204840182914,38.425696282423615,1208.9209434996128,4450.129319709,3720.810355308653,68672.7466926644,-89735.13984618404,0.0033550748391812557,0.0033550748391812557,298.0559444820109
0.42628418945963975,2484.389105661108,41.40970189394001,1211.3830450258922,4495.908409215224,3660.3815207874704,68572.96364698802,-91430.50604830658,0.0033975671302827184,0.0033975671302827184,294.3282536162245
0.4269513008672448,2488.2557041132477,44.42422505469044,1213.8044565364355,4541.620932313388,3598.82168813279,68473.18060131164,-93125.87225042898,0.0034402025772316317,0.0034402025772316317,290.68055660975375
0.42761841227484987,2492.120448007987,47.469221357464995,1216.1844235294868,4587.266889003498,3536.1308573446063,68373.39755563528,-94821.23845255139,0.0034829044207566654,0.0034829044207566654,287.1166931944543
0.4282855236824549,2495.9835294543395,50.54464639505346,1218.5221915032878,4632.84627928555,3472.3090284229174,68273.61450995889,-96516.60465467379,0.0035255912209423822,0.0035255912209423822,283.6403704603911
0.42895263509006,2499.845164494795,53.650455760245684,1220.8170059560828,4678.359103159544,3407.3562013677247,68173.83146428251,-98211.97085679618,0.0035681768435590626,0.0035681768435590626,280.25516779111047
0.4296197464976651,2503.7055935513654,56.78660504583174,1223.068112386115,4723.805360625488,3341.272376179023,68074.04841860614,-99907.33705891873,0.003610570480940218,0.003610570480940218,276.96454210737164
0.43028685790527016,2507.5650818580434,59.95304984460094,1225.274756291627,4769.185051683371,3274.0575528568233,67974.26537292976,-101602.70326104114,0.0036526767109983987,0.0036526767109983987,273.77183340341844
0.4309539693128752,2511.423919877665,63.14974574934335,1227.436183170862,4814.498176333198,3205.7117314011184,67874.48232725338,-103298.06946316354,0.0036943955979166164,0.0036943955979166164,270.68027056006963
0.4316210807204803,2515.2824237010964,66.3766483528488,1229.5516385220633,4859.744734574969,3136.2349118119105,67774.69928157702,-104993.43566528594,0.003735622837929392,0.003735622837929392,267.6929774190713
0.43228819212808534,2519.1409354266048,69.63371324790712,1231.6203678434742,4904.924726408683,3065.627094089198,67674.91623590064,-106688.80186740836,0.003776249953406274,0.003776249953406274,264.81297910324355
0.43295530353569045,2522.9998235171975,72.92089602730839,1233.641616633338,4950.038151834345,2993.888278232976,67575.13319022425,-108384.16806953089,0.0038161645381637726,0.0038161645381637726,262.04320856698985
0.4336224149432955,2526.8594831336773,76.23815228384191,1235.6146303898977,4995.085010851946,2921.018464243257,67475.35014454788,-110079.53427165329,0.0038552505565525364,0.0038552505565525364,259.3865133617218
0.43428952635090057,2530.7203364411234,79.58543761029775,1237.538654611396,5040.0653034614925,2847.017652120033,67375.56709887151,-111774.9004737757,0.0038933886983903553,0.0038933886983903553,256.8456626006621
0.4349566377585056,2534.5828328864836,82.96270759946573,1239.4129347960761,5084.979029662981,2771.8858418633044,67275.78405319514,-113470.2666758981,0.003930456791234673,0.003930456791234673,254.4233541073658
0.4356237491661107,2538.447449444961,86.3699178441357,1241.236716442182,5129.826189456414,2695.6230334730726,67176.00100751875,-115165.6328780205,0.0039663302708102645,0.0039663302708102645,252.12222173210864
0.4362908605737158,2542.3146907893424,89.80702370829964,1243.0092453965922,5174.597195930855,2618.2438351878045,66808.41606616831,-116452.9308315894,0.0039864645516195195,0.0039864645516195195,250.84883787408705
0.43695797198132086,2546.1850348357234,93.27373017458106,1244.7301490295708,5218.30025876522,2541.2595064339503,64213.366311254824,-114346.08677246743,0.003886123729992472,0.003886123729992472,257.32582631946644
0.4376250833889259,2550.0587875680044,96.76901400523002,1246.4001643510749,5260.272134304777,2465.680677385982,61618.31655634134,-112239.24271334545,0.0037860938598478283,0.0037860938598478283,264.1244609926792
0.438292194796531,2553.9361667213684,100.29172030545351,1248.020228985991,5300.512822549529,2391.507348043899,59023.26680142785,-110132.39865422348,0.003686604943713039,0.003686604943713039,271.2522809652693
0.43895930620413603,2557.8173287395234,103.84069418045836,1249.5912805592066,5339.0223234994755,2318.7395184077013,56428.21704651437,-108025.55459510151,0.003587861046050199,0.003587861046050199,278.717594456697
0.43962641761174115,2561.702370697423,107.4147807354519,1251.1142566956094,5375.800637154621,2247.377188477383,53833.16729160066,-105918.71053597935,0.0034900413142757635,0.0034900413142757635,286.5295593807362
0.4402935290193462,2565.5913322341257,111.01282507564042,1252.590095020085,5410.847763514956,2177.4203582529553,51238.117536687176,-103811.86647685738,0.0033933011473766743,0.0033933011473766743,294.6982765656062
0.44096064042695127,2569.484197486262,114.63367230623115,1254.019733157522,5444.163702580485,2108.869027734413,48643.06778177369,-101705.0224177354,0.0032977734700809225,0.0032977734700809225,303.23489744596117
0.4416277518345563,2573.3808970135974,118.27616753243106,1255.4041087328073,5475.74845435121,2041.7231969217562,46048.018026860205,-99598.17835861344,0.0032035700753863627,0.0032035700753863627,312.1517483519995
0.4422948632421614,2577.281309709238,121.93915585944707,1256.744159370828,5505.6020188271295,1975.9828658149845,43452.96827194672,-97491.33429949146,0.0031107830031125144,0.0031107830031125144,321.46247391715957
0.4429619746497665,2581.185264687974,125.6214823924864,1258.0408226964714,5533.724396008245,1911.648034414093,40857.91851703302,-95384.49024036931,0.003019485926863305,0.003019485926863305,331.18220260718937
0.44362908605737156,2585.092543147165,129.32199223675536,1259.295036334624,5560.115585894552,1848.7187027190914,38262.86876211953,-93277.64618124733,0.0029297355262586132,0.0029297355262586132,341.3277379603746
0.4442961974649766,2589.0028801954454,133.03953049746124,1260.5077379101735,5584.775588486054,1787.1948707299757,35667.819007206046,-91170.80212212536,0.002841572825429275,0.002841572825429275,351.91777984747955
0.4449633088725817,2592.9159666452742,136.77294227981096,1261.6798650480077,5607.704403782752,1727.0765384467452,33072.769252292564,-89063.95806300339,0.0027550244825239783,0.0027550244825239783,362.9731809438817
0.44563042028018673,2596.831450766121,140.52107268901145,1262.8123553730127,5628.902031784645,1668.3637058693996,30477.719497379076,-86957.11400388142,0.0026701040183201,0.0026701040183201,374.5172446986359
0.44629753168779185,2600.748939995704,144.2827668302699,1263.906146510076,5648.368472491731,1611.0563729979344,27882.66974246538,-84850.26994475926,0.0025868129749579967,0.0025868129749579967,386.5760724415098
0.4469646430953969,2604.6680026073086,148.05686980879273,1264.9621760840855,5666.103725904012,1555.1545398323597,25287.619987551894,-82743.42588563729,0.0025051419983367325,0.0025051419983367325,399.1789689622151
0.44763175450300197,2608.588169331754,151.84222672978711,1265.9813817199274,5682.1077920214875,1500.65820637267,22692.570232638405,-80636.58182651532,0.0024250718398372644,0.0024250718398372644,412.35891802162257
0.448298865910607,2612.508934933044,155.63768269845994,1266.9647010424892,5696.380670844156,1447.5673726188654,20097.520477724924,-78529.73776739335,0.002346574274802602,0.002346574274802602,426.15314193884694
0.4489659773182121,2616.4297597371724,159.44208282001821,1267.9130716766579,5708.922362372019,1395.882038570946,17502.470722811435,-76422.89370827137,0.0022696129366330696,0.0022696129366330696,440.6037628087731
0.4496330887258172,2620.350071113937,163.25427219966923,1268.8274312473216,5719.732866605078,1345.6022042289076,14907.420967897731,-74316.04964914921,0.0021941440664813455,0.0021941440664813455,455.75858726708725
0.45030020013342226,2624.269264911933,167.0730959426192,1269.7087173793666,5728.812183543332,1296.7278695927591,12312.371212984248,-72209.20559002724,0.00212011717938879,0.00212011717938879,471.67204233885343
0.4509673115410273,2628.1867068472075,170.89739915407543,1270.55786769768,5736.160313186779,1249.2590346624954,9717.32145807076,-70102.36153090527,0.0020474756483235446,0.0020474756483235446,488.4062971976206
0.4516344229486324,2632.101733846281,174.7260269392448,1271.3758198271494,5741.77725553542,1203.1956994381171,7122.271703157275,-67995.5174717833,0.001976157207992361,0.001976157207992361,506.0326151966072
0.45230153435623743,2636.0136553444945,178.55782440333425,1272.163511392662,5745.6630105892555,1158.5378639196238,4527.2219482437895,-65888.67341266133,0.0019060943805288802,0.0019060943805288802,524.6329931063183
0.45296864576384255,2639.9217545407982,182.39163665155115,1272.9218800191052,5747.817578348287,1115.2855281070124,1932.1721933300873,-63781.82935353917,0.0018372148252364436,0.0018372148252364436,544.3021612191178
0.4536357571714476,2643.8254070021203,186.2264266106807,1273.6518721479301,5748.869492003287,1073.485725011659,1572.4456851972782,-61507.71650857892,0.001776255838196123,0.001776255838196123,562.9819638006371
0.45430286857905267,2647.7247224401003,190.06191712868048,1274.3544910853373,5749.937377211545,1033.2221611649409,1629.074169164741,-59202.447903883854,0.0017157472033068912,0.0017157472033068912,582.8364447120317
0.4549699799866577,2651.6200905612977,193.89813264598783,1275.0307627056293,5751.043039927455,994.4964683020089,1685.7026531322037,-56897.1792991888,0.0016543309982000988,0.0016543309982000988,604.4739541772435
0.4556370913942628,2655.5118821965316,197.73509836440914,1275.6817129400838,5752.186480151015,957.3086464228625,1742.3311370996664,-54591.91069449373,0.0015920811689848653,0.0015920811689848653,628.1086790553618
0.4563042028018679,2659.4004491726296,201.57283948575096,1276.3083677199772,5753.367697882225,921.6586955274994,1798.9596210671339,-52286.642089798486,0.0015290686234374511,0.0015290686234374511,653.9928847352393
0.45697131420947296,2663.286124963359,205.41138121181896,1276.9117529765858,5754.586693121085,887.5466156159248,1855.5881050345968,-49981.37348510342,0.0014653611284556926,0.0014653611284556926,682.4256359617475
0.457638425617078,2667.16922535927,209.2507487444198,1277.4928946411867,5755.843465867595,854.9724066881363,1912.2165890020597,-47676.10488040836,0.001401023240748831,0.001401023240748831,713.7640339681385
0.4583055370246831,2671.0500491548432,213.09096728535965,1278.0528186450563,5757.138016121754,823.9360687441334,1968.8450729695223,-45370.83627571329,0.0013361162687893,0.0013361162687893,748.4378593085568
0.45897264843228813,2674.9288788513963,216.93206203644502,1278.5925509194717,5758.470343883564,794.4376017839166,2025.473556936985,-43065.56767101823,0.0012706982639455226,0.0012706982639455226,786.9688881882914
0.45963975983989325,2678.8059813742834,220.77405819948237,1279.1131173957094,5759.840449153025,766.4770058074836,2082.102040904452,-40760.29906632298,0.00120482403865035,0.00120482403865035,829.9967197867376
0.4603068712474983,2682.681608802995,224.6169809762775,1279.615544005046,5761.248331930135,740.0542808148384,2138.730524871915,-38455.03046162792,0.0011385452094334438,0.0011385452094334438,878.3138269033815
0.46097398265510336,2686.555999112844,228.4608555686369,1280.1008566787589,5762.693992214894,715.1694268059794,2195.359008839378,-36149.76185693286,0.0010719102626527304,0.0010719102626527304,932.9139153171562
0.4616410940627084,2690.4293769269984,232.30570717836696,1280.5700813481237,5764.177430007305,691.8224437809063,2251.9874928068407,-33844.49325223779,0.001004964640795617,0.001004964640795617,995.0598851003489
0.4623082054703135,2694.3019542777033,236.15156100727398,1281.024243944418,5765.698645307367,670.0133317396189,2308.6159767743034,-31539.22464754273,0.0009377508472795218,0.0009377508472795218,1066.3813345528476
0.4629753168779186,2698.1739313756098,239.99844225716456,1281.464370398918,5767.257638115076,649.7420906821158,2365.244460741771,-29233.956042847476,0.000870308567759444,0.000870308567759444,1149.0177588098882
0.46364242828552366,2702.0454973862043,243.84637612984432,1281.8914866429006,5768.854408430437,631.0087206084004,2421.8729447092337,-26928.687438152418,0.0008026748060431979,0.0008026748060431979,1245.8345427951338
0.4643095396931287,2705.916831212409,247.69538782712004,1282.3066186076428,5770.488956253448,613.8132215184709,2478.5014286766964,-24623.418833457356,0.0007348840328184003,0.0007348840328184003,1360.7589161582905
0.4649766511007338,2709.7881022824813,251.5455025507978,1282.7107922244204,5772.161281584108,598.1555934123271,2535.129912644159,-22318.150228762293,0.0006669683455061107,0.0006669683455061107,1499.321529631481
0.46564376250833883,2713.6594713424265,255.39674550268407,1283.105033424511,5773.8713844224185,584.0358362899692,2591.7583966116217,-20012.88162406723,0.0005989576376702174,0.0005989576376702174,1669.5671565183281
0.46631087391594395,2717.531091252183,259.24914188458547,1283.4903681391913,5775.61926476838,571.4539501513963,2648.386880579089,-17707.61301937198,0.0005308797765269124,0.0005308797765269124,1883.6656512744485
0.466977985323549,2721.403107784908,263.10271689830756,1283.8678222997373,5777.40492262199,560.4099349966102,2705.0153645465516,-15402.34441467692,0.00046276078721190996,0.00046276078721190996,2160.9436832902493
0.46764509673115406,2725.2756604287474,266.95749574565707,1284.2384218374261,5779.228357983251,550.9037908256101,2761.6438485140147,-13097.07580998186,0.00039462504257223134,0.00039462504257223134,2534.0510411651385
0.4683122081387591,2729.1488831905126,270.81350362844023,1284.6031926835349,5781.089570852163,542.9355176383959,2818.272332481477,-10791.807205286796,0.0003264954573528683,0.0003264954573528683,3062.8297499380656
0.4689793195463642,2733.0229054007436,274.67076574846334,1284.9631607693395,5782.9885612287235,536.5051154349676,2874.90081644894,-8486.538600591733,0.0002583936857441863,0.0002583936857441863,3870.0636090233847
0.4696464309539693,2736.89785251967,278.52930730753314,1285.3193520261175,5784.925329112935,531.6125842153248,2931.5293004164078,-6181.269995896482,0.00019034032134291888,0.00019034032134291888,5253.74756617328
0.47031354236157435,2740.7738469436135,282.3891535074552,1285.6727923851447,5786.899874504797,528.2579239794683,2988.1577843838704,-3876.0013912014183,0.0001223550986565894,0.0001223550986565894,8172.932807701555
0.4709806537691794,2744.6510088114183,286.25032955003616,1286.0245077776985,5788.912197404308,526.4411347273978,3044.7862683513335,-1570.732786506358,5.445709534737586e-05,5.445709534737586e-05,18363.080028802662
0.4716477651767845,2748.5294568104932,290.11286063708224,1286.3755241350552,5790.9622978114685,526.1622164591129,3101.4147523187958,734.5358181887059,1.3335065533340648e-05,1.3335065533340648e-05,74990.25764063747
0.47231487658438953,2752.409308982094,293.9767719703999,1286.7268673884919,5793.050175726281,527.4211691746141,3158.0432362862584,3039.804422883766,8.100301402529396e-05,8.100301402529396e-05,12345.219644391756
0.47298198799199465,2756.2906835254676,297.8420887517957,1287.0795634692852,5795.175831148743,530.2179928739014,3214.671720253726,5345.073027579022,0.00014852843312837695,0.00014852843312837695,6732.717628116862
0.4736490993995997,2760.1736996004925,301.7088361830753,1287.4346383087118,5797.339264078854,534.5526875569744,3271.3002042211892,7650.341632274081,0.00021589286071450948,0.00021589286071450948,4631.927135943468
0.47431621080720476,2764.058478128457,305.5770394660452,1287.793117838048,5799.540474516617,540.4252532238334,3327.9286881886514,9955.610236969143,0.0002830774941284795,0.0002830774941284795,3532.601569329044
0.4749833222148098,2767.9451425905954,309.44672380251194,1288.156027988571,5801.779462462029,547.835689874478,3384.5571721561146,12260.878841664206,0.0003500629981270236,0.0003500629981270236,2856.628679267441
0.4756504336224149,2771.8338160549615,313.3179119227508,1288.5243808766934,5804.030059094623,556.637724322946,3256.466891433802,13533.643812765356,0.00038712516691596265,0.00038712516691596265,2583.143865242635
0.47631754503002,2775.724497771995,317.1905431516487,1288.8987224162345,5806.076305057181,565.624230582799,2878.1785043146656,13407.901954271474,0.00038394017573310145,0.00038394017573310145,2604.5724391582207
0.47698465643762505,2779.617032905564,321.0644552782869,1289.2790309766865,5807.870190521327,574.5268530144363,2499.8901171955595,13282.160095777603,0.0003808281178147612,0.0003808281178147612,2625.856530074837
0.4776517678452301,2783.5112570649035,324.9394799500985,1289.665250598191,5809.411715487063,583.3455916178589,2121.6017300764534,13156.418237283731,0.0003777877129146257,0.0003777877129146257,2646.9892106469456
0.47831887925283517,2787.4070056741075,328.81544881451623,1290.0573253208888,5810.700879954385,592.0804463930667,1743.313342957348,13030.67637878986,0.00037481772250972647,0.00037481772250972647,2667.9634925054806
0.47898599066044023,2791.304113975812,332.6921935189728,1290.4551991849223,5811.737683923297,600.7314173400599,1365.024955838242,12904.934520295988,0.00037191694878163943,0.00037191694878163943,2688.7723274669092
0.47965310206804534,2795.202417034795,336.56954571090097,1290.8588162304313,5812.522127393795,609.2985044588389,986.736568719105,12779.192661802108,0.0003690842336401653,0.0003690842336401653,2709.408608808089
0.4803202134756504,2799.101749741495,340.44733703773306,1291.2681204975584,5813.054210365883,617.7817077494026,608.4481815999993,12653.450803308237,0.0003663184577882539,0.0003663184577882539,2729.865172609015
0.48098732488325546,2803.001946815452,344.325399146902,1291.683056026444,5813.33393283956,626.1810272117516,230.1597944808932,12527.708944814363,0.0003636185398270067,0.0003636185398270067,2750.134799165507
0.4816544362908605,2806.9028428086676,348.2035636858403,1292.1035668572297,5813.361294814824,634.4964628458858,-148.128592638212,12401.967086320494,0.00036098343539964786,0.00036098343539964786,2770.210214473945
0.4823215476984656,2810.8042721088946,352.0816623019809,1292.5295970300567,5813.136296291676,642.7280146518054,-526.4169797573181,12276.22522782662,0.000358412136373414,0.000358412136373414,2790.084091790194
0.4829886591060707,2814.7060689428513,355.9595266427566,1292.9610905850666,5812.658937270116,650.875682629511,-904.7053668764556,12150.483369332742,0.0003559036700583735,0.0003559036700583735,2809.7490532648485
0.48365577051367575,2818.6080673793654,359.8369883555995,1293.3979915624002,5811.929217750147,658.9394667790009,-1282.9937539955613,12024.74151083887,0.000353457098462235,0.000353457098462235,2829.197671657016
0.4843228819212808,2822.5101013324515,363.7138790879427,1293.8402440021994,5810.947137731764,666.9193671002763,-1661.282141114667,11898.999652344999,0.0003510715175802661,0.0003510715175802661,2848.4224721288256
0.48498999332888587,2826.4120045643194,367.59003048721877,1294.2877919446048,5809.71269721497,674.8153835933368,-2039.5705282337728,11773.257793851128,0.00034874605671949085,0.00034874605671949085,2867.415934122909
0.48565710473649093,2830.313610688319,371.46527420086045,1294.7405794297583,5808.225896199765,682.6275162581828,-2417.8589153528783,11647.515935357256,0.0003464798778563915,0.0003464798778563915,2886.170493325095
0.48632421614409604,2834.2147531718215,375.33944187630055,1295.1985504978004,5806.4867346861465,690.3557650948145,-2796.147302472015,11521.774076863374,0.0003442721750273864,0.0003442721750273864,2904.6785437145804
0.4869913275517011,2838.11526533904,379.21236516097144,1295.6616491888733,5804.495212674119,698.000130103231,-3174.4356895911214,11396.032218369503,0.00034212217375140756,0.00034212217375140756,2922.9324397038904
0.48765843895930616,2842.01498037379,383.0838757023059,1296.1298195431175,5802.251330163677,705.5606112834326,-3552.7240767102267,11270.290359875631,0.00034002913048395057,0.00034002913048395057,2940.9244983708836
0.4883255503669112,2845.9137313221936,386.95380514773655,1296.6030056006748,5799.755087154825,713.0372086354197,-3931.012463829333,11144.54850138176,0.0003379923321020155,0.0003379923321020155,2958.6470017851534
0.4889926617745163,2849.811351095325,390.8219851446964,1297.0811514016866,5797.006483647561,720.429922159192,-4309.300850948438,11018.806642887888,0.0003360110954194113,0.0003360110954194113,2976.0921994310734
0.4896597731821214,2853.707672471803,394.68824734061803,1297.5642009862936,5794.005519641884,727.73875185475,-4687.589238067576,10893.064784394008,0.0003340847667319306,0.0003340847667319306,2993.252310729867
0.49032688458972645,2857.6025281003313,398.5524233829338,1298.0520983946376,5790.752195137798,734.963697722093,-5065.877625186681,10767.322925900136,0.00033221272139196176,0.00033221272139196176,3010.1195276629646
0.4909939959973315,2861.4957505021835,402.41434491907654,1298.5447876668593,5787.246510135299,742.1047597612212,-5444.166012305788,10641.581067406265,0.0003303943634121423,0.0003303943634121423,3026.6860174989565
0.49166110740493657,2865.3871720736443,406.27384359647886,1299.0422128431005,5783.488464634387,749.1619379721344,-5822.4543994248925,10515.839208912394,0.0003286291250977045,0.0003286291250977045,3042.9439256264664
0.49232821881254163,2869.2766250883947,410.1307510625738,1299.5443179635024,5779.478058635064,756.1352323548331,-6200.7427865439995,10390.097350418524,0.0003269164667072128,0.0003269164667072128,3058.885378495181
0.49299533022014674,2873.163941699856,413.984898964794,1300.0510470682063,5775.215292137331,763.0246429093175,-6579.031173663136,10264.355491924642,0.0003252558761414346,0.0003252558761414346,3074.5024866673243
0.4936624416277518,2877.0489539434825,417.8361189505717,1300.5623441973535,5770.700165141185,769.8301696355868,-6957.319560782242,10138.61363343077,0.00032364686866013316,0.00032364686866013316,3089.787347981779
0.49432955303535686,2880.9314937390145,421.6842426673398,1301.0781533910854,5765.932677646628,776.5518125336414,-7335.607947901347,10012.871774936897,0.0003220889866266129,0.0003220889866266129,3104.7320508331036
0.4949966644429619,2884.811392892685,425.529101762531,1301.5984186895425,5760.912829653658,783.1895716034811,-7713.896335020453,9887.129916443027,0.00032058179927990145,0.00032058179927990145,3119.328677567548
0.495663775850567,2888.688483099384,429.3705278835779,1302.123084132867,5755.640621162277,789.7434468451061,-8092.184722139558,9761.388057949156,0.00031912490253448736,0.00031912490253448736,3133.569307998242
0.4963308872581721,2892.5625959454364,433.20835267885224,1302.6520937591754,5750.116296290326,796.2129116458292,-8428.140888162954,9544.32684089911,0.00031486123644891984,0.00031486123644891984,3176.002264611035
0.49699799866577715,2896.4336954852133,437.04259899345624,1303.1849791556785,5745.184338659728,800.7762401271336,-6357.868088369848,4136.531946051996,0.0001478411465299249,0.0001478411465299249,6764.016807713187
0.4976651100733822,2900.302246519525,440.8740158175134,1303.7197054645562,5741.633483630727,801.7319669440973,-4287.595288576742,-1271.2629487951199,1.981910606192919e-05,1.981910606192919e-05,50456.3625057194
0.49833222148098727,2904.16882953866,444.70352450032425,1304.2538660135838,5739.463731203322,799.0800920967199,-2217.322488783635,-6679.057843642233,0.00018789450887405666,0.00018789450887405666,5322.135308756082
0.49899933288859233,2908.034025611879,448.53204639118945,1304.7850541305372,5738.675081377514,792.8206155850017,-147.04968899052892,-12086.852738489346,0.0003561580824300229,0.0003561580824300229,2807.7419812492326
0.49966644429619744,2911.8984212818004,452.3605028394098,1305.3108631431917,5739.267534153303,782.9535374089417,1923.223110802749,-17494.647633336914,0.0005243783618367941,0.0005243783618367941,1907.0199550133934
0.5003335557038024,2915.7626134592642,456.18981519428496,1305.8288863793225,5741.241089530686,769.4788575685425,3993.495910595684,-22902.44252818358,0.0006923168955421519,0.0006923168955421519,1444.4252428895327
0.5010006671114076,2919.627214307326,460.02090480511686,1306.3367171667062,5744.595747509667,752.3965760637999,6063.768710388961,-28310.23742303114,0.0008597258099386488,0.0008597258099386488,1163.1615434127323
0.5016677785190127,2923.492856102583,463.8546930212056,1306.8319488331183,5749.331508090246,731.706692894716,8134.041510182237,-33718.03231787871,0.0010263454905565775,0.0010263454905565775,974.3307776971958
0.5023348899266177,2927.3601960614487,467.69210119185084,1307.3121747063337,5755.448371272418,707.4092080612946,10204.314309975172,-39125.827212725366,0.0011919024329550387,0.0011919024329550387,838.9948475234988
0.5030020013342228,2931.2299211182294,471.53405066635463,1307.7749881141285,5762.946337056189,679.5041215635282,12274.58710976845,-44533.62210757293,0.001356107318929535,0.001356107318929535,737.4047658627534
0.5036691127418278,2935.1027526409607,475.3814627940162,1308.2179823842782,5771.825405441554,647.9914334014258,14344.859909561386,-49941.4170024196,0.001518653376073011,0.001518653376073011,658.4781068250322
0.5043362241494329,2938.979451069999,479.2352589241377,1308.638750844559,5782.085576428519,612.8711435749769,16415.13270935466,-55349.21189726716,0.0016792150807578231,0.0016792150807578231,595.516328705614
0.505003335557038,2942.8608204632155,483.0963604060188,1309.0348868227452,5793.726850017079,574.1432520841865,18485.40550914794,-60757.00679211473,0.0018374472658923098,0.0018374472658923098,544.233305936198
0.505670446964643,2946.747712930559,486.96568858895955,1309.4039836466136,5806.749226207235,531.8077589290621,20555.678308940875,-66164.8016869614,0.001992984694952761,0.001992984694952761,501.75999972930185
0.5063375583722481,2950.6410329395326,490.84416482226175,1309.7436346439395,5821.152704998989,485.86466410958917,22625.951108734156,-71572.59658180896,0.0021454421623608886,0.0021454421623608886,466.1043851676614
0.5070046697798531,2954.541741472011,494.7327104552247,1310.0514331424981,5836.937286392335,436.31396762578333,24696.223908527085,-76980.39147665563,0.002294415176824849,0.002294415176824849,435.8409106166481
0.5076717811874583,2958.4508600117447,498.6322468371505,1310.3249724700659,5854.102970387283,383.1556694776282,26766.496708320363,-82388.18637150318,0.0024394812783540094,0.0024394812783540094,409.9232114930309
0.5083388925950634,2962.3693524160635,502.5435779348538,1310.5617672479693,5871.715334718449,325.76322765994,23877.795891905578,-91121.03610324202,0.0026690395776896823,0.0026690395776896823,374.66660605520093
0.5090060040026684,2966.296161286292,506.46548192405845,1310.7579737788628,5885.406995003915,261.2082554363691,17169.801643918843,-102414.77062304316,0.0029699363202558113,0.0029699363202558113,336.7075560441196
0.5096731154102735,2970.228592376764,510.3950271210976,1310.9086018829453,5894.623675804398,189.1191040801637,10461.80739593099,-113708.50514284622,0.003277107231865419,0.003277107231865419,305.1471707353234
0.5103402268178785,2974.1640647708496,514.3292282161067,1311.00862542337,5899.365377119899,109.4957735913479,3753.81314794426,-125002.23966264736,0.003591904828373614,0.003591904828373614,278.4038129575922
0.5110073382254836,2978.100186800233,518.2650998992237,1311.0530182632908,5899.632098950419,22.33826396989518,-2954.1811000435955,-136295.9741824504,0.003915508628797011,0.003915508628797011,255.39466128241864
0.5116744496330887,2982.034777376114,522.1996568605852,1311.0367542658619,5895.423841295959,-72.35342478418175,-9662.175348031447,-147589.70870225347,0.0042489017800738564,0.0042489017800738564,235.35493446558738
0.5123415610406937,2985.965888521826,526.1299137903269,1310.9548072942366,5886.740604156516,-174.57929267086539,-16370.169596018186,-158883.44322205463,0.004592838218413965,0.004592838218413965,217.73029060564818
0.5130086724482988,2989.8918291685845,530.052885378587,1310.802151211569,5873.582387532092,-284.3393396901896,-23078.163844006034,-170177.17774185765,0.004947799916229256,0.004947799916229256,202.11003212153034
0.5136757838559038,2993.8111902417186,533.9655863155007,1310.5737598810115,5855.949191422687,-401.63356584211806,-29786.158091992773,-181470.9122616588,0.005313944016212106,0.005313944016212106,188.18414287940158
0.514342895263509,2997.722871021119,537.8650312912066,1310.264607165719,5833.841015828299,-526.4619711266896,-36494.152339980625,-192764.64678146187,0.005691040118714456,0.005691040118714456,175.71480417289504
0.5150100066711141,3001.6261067048026,541.7482349958401,1309.8696669288445,5807.257860748927,-658.8245555438853,-43202.14658796847,-204058.38130126486,0.0060783987232129735,0.0060783987232129735,164.51701270946094
0.5156771180787191,3005.520497036968,545.6122121195383,1309.3839130335427,5776.199726184579,-798.7213190936815,-49910.140835955215,-215352.11582106605,0.006474792884228153,0.006474792884228153,154.44509467412993
0.5163442294863242,3009.4060357802623,549.4539773524385,1308.8023193429665,5740.6666121352455,-946.1522617761248,-56618.13508394307,-226645.8503408691,0.006878376564187246,0.006878376564187246,145.38314247093868
0.5170113408939292,3013.283140715818,553.2705453846763,1308.11985972027,5700.658518600936,-1101.1173835911657,-63326.129331929806,-237939.58486067026,0.0072866049491777975,0.0072866049491777975,137.23812488459905
0.5176784523015343,3017.152683744507,557.05893090639,1307.3315080286059,5656.175445581635,-1263.6166845388561,-70034.12357991765,-249233.3193804733,0.007696164069292525,0.007696164069292525,129.93485988558527
0.5183455637091394,3021.016020541068,560.8161486077155,1306.4322381311292,5607.217393077357,-1433.650164619171,-76742.1178279055,-260527.05390027634,0.008102919262442207,0.008102919262442207,123.41231198428622
0.5190126751167444,3024.8750190839232,564.5392131787889,1305.4170238909926,5553.784361088103,-1611.2178238320794,-83450.11207589223,-271820.7884200775,0.008501894034308746,0.008501894034308746,117.62084965592092
0.5196797865243495,3028.7319791271193,568.225213429847,1304.2814434561442,5496.310102155934,-1792.7833734904898,-88465.88633845752,-269318.22710265766,0.008481313984934003,0.008481313984934003,117.90625860289754
0.5203468979319545,3032.5886620610913,571.8718450602169,1303.0260228072866,5435.79053844298,-1970.227280142621,-92971.76567300028,-262658.6050404854,0.00833451514059961,0.00833451514059961,119.9829843884664
0.5210140093395597,3036.4462666654963,575.4771007563207,1301.6537091953019,5372.265051224648,-2143.228476946768,-97477.64500754379,-255998.98297831198,0.008187063554411497,0.008187063554411497,122.14391562419989
0.5216811207471648,3040.30578314058,579.038975232297,1300.1674664026095,5305.733640500951,-2311.7869639029,-101983.5243420873,-249339.36091613857,0.008040576229557481,0.008040576229557481,124.36919586981338
0.5223482321547698,3044.168005512272,582.5554632022846,1298.5702582116307,5236.196306271899,-2475.902741010991,-106489.40367663009,-242679.73885396632,0.007896504331036813,0.007896504331036813,126.63831463620558
0.5230153435623749,3048.033541539596,586.0245593804235,1296.8650484047846,5163.65304853747,-2635.575808271094,-110995.2830111736,-236020.1167917929,0.007756135976102962,0.007756135976102962,128.93017903258135
0.5236824549699799,3051.9028229272253,589.4442584808522,1295.054800764493,5088.103867297687,-2790.806165683158,-115501.16234571637,-229360.4947296206,0.007620603008242206,0.007620603008242206,131.2232114595697
0.524349566377585,3055.7761157329164,592.8125552177107,1293.1424790731744,5009.548762552527,-2941.593813247233,-120007.04168025988,-222700.8726674472,0.007490890720122484,0.007490890720122484,133.4954730168122
0.5250166777851901,3059.6535308759394,596.1274443051378,1291.1310471132508,4927.987734302001,-3087.9387509632943,-124512.9210148034,-216041.25060527382,0.007367849601886882,0.007367849601886882,135.72481172035643
0.5256837891927951,3063.535034668651,599.3869204572719,1289.0234686671417,4843.420782546122,-3229.8409788313174,-129018.80034934616,-209381.62854310154,0.00725220832217628,0.00725220832217628,137.88903401218278
0.5263509006004002,3067.420459308528,602.5889783882534,1286.8227075172667,4755.847907284863,-3367.3004968513496,-133524.67968388967,-202722.00648092813,0.00714458728613278,0.00714458728613278,139.96609740368638
0.5270180120080052,3071.3095132821086,605.7316128122204,1284.5317274460476,4665.269108518253,-3500.317305023346,-138030.55901843245,-196062.38441875586,0.00704551224700116,0.00704551224700116,141.93432144350302
0.5276851234156104,3075.201791645208,608.8128184433131,1282.153492235903,4571.684386246264,-3628.8914033473493,-142536.43835297594,-189402.76235658245,0.006955427568932114,0.006955427568932114,143.7726135581817
0.5283522348232155,3079.096786155302,611.8305899956702,1279.6909656692546,4475.093740468907,-3753.0227918233386,-147042.31768751948,-182743.14029440907,0.006874708844208463,0.006874708844208463,145.46070570573198
0.5290193462308205,3082.9938952423313,614.7829221834304,1277.1471115285224,4375.497171186201,-3872.7114704512937,-151548.19702206223,-176083.5182322368,0.00680367465659884,0.00680367465659884,146.97939723353855
0.5296864576384256,3086.892433813113,617.6678097207339,1274.524893596126,4272.894678398113,-3987.957439231255,-156054.07635660577,-169423.89617006338,0.006742597353736235,0.006742597353736235,148.31079887128007
0.5303535690460306,3090.7916428924127,620.4832473217189,1271.8272756544866,4167.286262104676,-4098.760698163183,-160559.9556911485,-162764.27410789108,0.006691712746218116,0.006691712746218116,149.43857244397697
0.5310206804536357,3094.6906991104506,623.2272297005253,1269.0572214860238,4058.6719223058562,-4205.121247247116,-165065.83502569204,-156104.6520457177,0.006651228691050528,0.006651228691050528,150.3481606857898
0.5316877918612408,3098.588724052318,625.8977515712922,1266.2176948731578,3947.051659001671,-4307.039086483034,-169571.71436023555,-149445.02998354431,0.00662133254392093,0.00662133254392093,151.02700149354433
0.5323549032688458,3102.4847934896793,628.4928076481582,1263.3116595983097,3832.425472192137,-4404.514215870922,-174077.59369477833,-142785.407921372,0.006602197480449844,0.006602197480449844,151.4647210964469
0.5330220146764509,3106.377946519181,631.0103926452631,1260.342079443899,3714.7933618772195,-4497.546635410812,-178583.47302932185,-136125.78585919863,0.0065939876928196705,0.0065939876928196705,151.6533009439676
0.5336891260840559,3110.2671946353753,633.4485012767454,1257.3119181923462,3594.155328056956,-4586.136345102672,-183089.3523638646,-129466.16379702633,0.006596862466615142,0.006596862466615142,151.58721362779923
0.5343562374916611,3114.1515307687714,635.8051282567453,1254.2241396260717,3470.5113707313067,-4670.283344946534,-187595.2316984081,-122806.54173485294,0.006610979134737134,0.006610979134737134,151.26352384710137
0.5350233488992662,3118.0299383218385,638.0782682994015,1251.0817075274958,3343.8614899002905,-4749.987634942379,-192101.11103295165,-116146.91967267955,0.006636494892076769,0.006636494892076769,150.68195128031937
0.5356904603068712,3121.9015521798215,640.2661269425485,1247.8875459124656,3215.6783466811503,-4825.526995469285,-189749.03019303794,-110780.87883889445,0.006522675243390643,0.006522675243390643,153.31132743628302
0.5363575717144763,3125.767376152246,642.3695758415058,1244.6440759010047,3091.144876559181,-4897.879056592369,-183602.31323260526,-106130.60040809616,0.006317282828159927,0.006317282828159927,158.295904616206
0.5370246831220813,3129.6295191950144,644.39131480209,1241.3533737786513,2970.711951440854,-4967.128863925716,-177455.59627217363,-101480.32197729865,0.006101469781681304,0.006101469781681304,163.89493610250133
0.5376917945296864,3133.4898724508907,646.3340793446517,1238.0175090942973,2854.379571326131,-5033.276417469348,-171308.87931174092,-96830.04354650035,0.005877327190767003,0.005877327190767003,170.14536838632222
0.5383589059372915,3137.350089168157,648.2006049895399,1234.6385513968353,2742.1477362150335,-5096.321717223257,-165162.16235130824,-92179.76511570207,0.005646804299525943,0.005646804299525943,177.09131518582137
0.5390260173448965,3141.2115914662536,649.9936272571032,1231.2185702351578,2634.016446107578,-5156.264763187429,-159015.4453908766,-87529.48668490456,0.005411683979214944,0.005411683979214944,184.7853651175446
0.5396931287525016,3145.075578024421,651.7158816676917,1227.7596351581572,2529.985701003728,-5213.105555361885,-152868.72843044394,-82879.20825410627,0.005173566821289162,0.005173566821289162,193.29024530716654
0.5403602401601066,3148.9430325168555,653.3701037416541,1224.2638157147262,2430.055500903519,-5266.844093746608,-146722.01147001222,-78228.92982330875,0.0049338628549719255,0.0049338628549719255,202.68094784845619
0.5410273515677118,3152.814732629112,654.9590289993405,1220.7331814537567,2334.2258458069177,-5317.4803783416155,-140575.29450957957,-73578.65139251047,0.004693789714268052,0.004693789714268052,213.04746502814723
0.5416944629753169,3156.6912595045305,656.4853929610995,1217.1698019241408,2242.4967357139403,-5365.014409146896,-134428.5775491469,-68928.37296171219,0.004454376017327966,0.004454376017327966,224.49833514501256
0.5423615743829219,3160.5730074854073,657.9519311472807,1213.5757466747725,2154.8681706246025,-5409.446186162444,-128281.86058871525,-64278.09453091467,0.00421646874816359,0.00421646874816359,237.16528207057922
0.543028685790527,3164.4601940304156,659.3613790782333,1209.9530852545422,2071.340150538874,-5450.775709388274,-122135.14362828256,-59627.816100116375,0.0039807435211010505,0.0039807435211010505,251.20935189600104
0.543695797198132,3168.3528697067627,660.7164722743067,1206.3038872123445,1991.9126754567824,-5489.002978824373,-115988.4266678509,-54977.53766931886,0.00374771673840389,0.00374771673840389,266.82913085525473
0.5443629086057371,3172.250928172172,662.0199462558505,1202.6302220970697,1916.5857453783024,-5524.127994470753,-109841.70970741822,-50327.25923852058,0.0035177588014021085,0.0035177588014021085,284.27190619249393
0.5450300200133422,3176.154116077455,663.2745365432138,1198.9341594576108,1845.3593603034465,-5556.150756327406,-103694.99274698555,-45676.980807722284,0.0032911076898590554,0.0032911076898590554,303.8490667082443
0.5456971314209472,3180.0620428351044,664.4829786567454,1195.2177688428615,1778.233520232226,-5585.071264394331,-97548.27578655389,-41026.702376924775,0.003067882372224235,0.003067882372224235,325.9577384888435
0.5463642428285523,3183.974190212612,665.6480081167954,1191.4831198017123,1715.208225164618,-5610.8895186715345,-91401.55882612121,-36376.42394612648,0.002848095643802702,0.002848095643802702,351.1118041895624
0.5470313542361573,3187.8899217211633,666.7723604437126,1187.7322818830576,1656.2834751006446,-5633.60551915901,-85254.84186568955,-31726.14551532897,0.0026316661068595537,0.0026316661068595537,379.98741458631696
0.5476984656437625,3191.808491780963,667.8587711578465,1183.9673246357875,1601.4592700402854,-5653.219265856762,-79108.12490525687,-27075.867084530688,0.002418429104859688,0.002418429104859688,413.49155035827187
0.5483655770513676,3195.729054653642,668.9099757795466,1180.1903176087958,1550.7356099835504,-5669.730758764789,-72961.4079448242,-22425.588653732397,0.002208146502745551,0.002208146502745551,452.86850250045745
0.5490326884589726,3199.6506731402797,669.9287098291619,1176.4033303509757,1504.1124949304472,-5683.13999788309,-66814.69098439254,-17775.31022293488,0.00200051526782078,0.00200051526782078,499.87121622387286
0.5496997998665777,3203.572327050428,670.9177088270419,1172.608432411218,1461.5899248809606,-5693.4469832116665,-60667.97402395986,-13125.031792136595,0.001795174853537436,0.001795174853537436,557.048801140165
0.5503669112741827,3207.4929214534563,671.8797082935357,1168.8076933384161,1423.1678998351047,-5700.651714750517,-54521.2570635282,-8474.75336133908,0.0015917134236589053,0.0015917134236589053,628.2537956495202
0.5510340226817878,3211.4112947285926,672.8174437489928,1165.0031826814616,1388.846419792866,-5704.754192499642,-48374.540103095525,-3824.4749305407922,0.0013896729793187027,0.0013896729793187027,719.5937568637603
0.5517011340893929,3215.3263632854887,673.7334145970641,1161.196772402645,1357.3438629577781,-5706.826900102314,-46865.51413482284,-3055.0978275113134,0.0013455450070782,0.0013455450070782,743.1932746504423
0.5523682454969979,3219.2379295002634,674.628526433239,1157.3890007375753,1326.2624609145162,-5708.876332308281,-46316.52919088682,-3089.099925976442,0.0013337348260583693,0.0013337348260583693,749.7742283264306
0.553035356904603,3223.1461702103547,675.503025671026,1153.579854306795,1295.5472929899518,-5710.948447702016,-45767.54424695069,-3123.1020244415768,0.0013216666224482334,0.0013216666224482334,756.6204540655015
0.553702468312208,3227.051260069294,676.3571566293829,1149.7693179780915,1265.198359184096,-5713.043246283521,-45218.55930301467,-3157.104122906706,0.0013093478487068435,0.0013093478487068435,763.7389873039727
0.5543695797198132,3230.9533703439743,677.1911636272686,1145.9573766192505,1235.215659496938,-5715.160728052792,-44669.57435907854,-3191.10622137184,0.0012967859943831621,0.0012967859943831621,771.1372611451334
0.5550366911274183,3234.8526689275272,678.0052909836415,1142.144015098059,1205.5991939284836,-5717.300893009834,-44120.58941514243,-3225.108319836975,0.0012839885739824807,0.0012839885739824807,778.823129942934
0.5557038025350233,3238.749320353725,678.7997830174597,1138.3292182823045,1176.348962478737,-5719.463741154643,-43571.60447120639,-3259.1104183021034,0.0012709631151663948,0.0012709631151663948,786.8048947030849
0.5563709139426284,3242.6434858128687,679.5748840476821,1134.512971039772,1147.4649651476886,-5721.6492724872205,-43022.61952727026,-3293.112516767238,0.0012577171473083933,0.0012577171473083933,795.0913304633503
0.5570380253502334,3246.53532316912,680.3308383932666,1130.69525823825,1118.9472019353484,-5723.857487007566,-42473.63458333424,-3327.114615232367,0.0012442581904248643,0.0012442581904248643,803.691715831535
0.5577051367578385,3250.4249869792666,681.0678903731728,1126.8760647455244,1090.7956728417068,-5726.088384715684,-41924.649639398114,-3361.116713697502,0.0012305937444990432,0.0012305937444990432,812.6158648783685
0.5583722481654436,3254.312628512861,681.7862843063576,1123.0553754293812,1063.0103778667683,-5728.341965611567,-41375.664695461994,-3395.1188121626365,0.0012167312792133438,0.0012167312792133438,821.8741616033184
0.5590393595730486,3258.1983957737148,682.4862645117804,1119.2331751576087,1035.5913170105375,-5730.61822969522,-40826.67975152596,-3429.1209106277656,0.0012026782241032004,0.0012026782241032004,831.4775972148899
0.5597064709806537,3262.0824335227094,683.1680753083995,1115.409448797992,1008.5384902730053,-5732.917176966642,-40277.69480758984,-3463.1230090929002,0.0011884419591435776,0.0011884419591435776,841.4378104931823
0.5603735823882587,3265.9648833018764,683.8319610151731,1111.584181218319,981.851897654181,-5735.238807425831,-39728.70986365381,-3497.1251075580285,0.001174029805777175,0.001174029805777175,851.767131532089
0.5610406937958639,3269.845883459731,684.4781659510597,1107.7573572863746,955.5315391540552,-5737.583121072788,-39179.72491971768,-3531.127206023163,0.001159449018391331,0.001159449018391331,862.4786291918575
0.561707805203469,3273.7255691777937,685.1069344350182,1103.9289618699474,929.577414772633,-5739.950117907517,-38630.739975781566,-3565.129304488298,0.0011447067762488314,0.0011447067762488314,873.5861626301969
0.562374916611074,3277.604072498295,685.7185107860063,1100.0989798368234,903.989524509918,-5742.339797930012,-38081.75503184553,-3599.131402953427,0.0011298101758758364,0.0011298101758758364,885.104437322662
0.5630420280186791,3281.481522352998,686.313139322983,1096.2673960547888,878.767868365902,-5744.752161140275,-37532.77008790941,-3633.1335014185615,0.0011147662239085,0.0011147662239085,897.049066030978
0.5637091394262841,3285.358044593114,686.8910643649066,1092.4341953916314,853.9124463405933,-5747.187207538309,-36983.78514397338,-3667.13559988369,0.0010995818303981733,0.0010995818303981733,909.4366352324016
0.5643762508338892,3289.233762020275,687.4525302307353,1088.5993627151365,829.4232584339838,-5749.64493712411,-36434.80020003726,-3701.137698348825,0.0010842638025734361,0.0010842638025734361,922.284777585085
0.5650433622414943,3293.108794418519,687.9977812394278,1084.7628828930913,805.3003046460774,-5752.12534989768,-35885.81525610114,-3735.13979681396,0.0010688188390558493,0.0010688188390558493,935.6122510746152
0.5657104736490993,3296.9832585872514,688.5270617099425,1080.924740793283,781.5435849768782,-5754.628445859017,-35336.830312165104,-3769.141895279088,0.0010532535245248334,0.0010532535245248334,949.4390255671271
0.5663775850567044,3300.857268375152,689.0406159612379,1077.0849212834978,758.1530994263784,-5757.154225008127,-34787.845368228984,-3803.143993744223,0.0010375743248258545,0.0010375743248258545,963.7863775858555
0.5670446964643094,3304.7309347149826,689.5386883122723,1073.2434092315227,735.1288479945854,-5759.702687345001,-34238.86042429295,-3837.1460922093515,0.0010217875825149704,0.0010217875825149704,978.6769942326529
0.5677118078719146,3308.6043656592606,690.0215230820043,1069.400189505144,712.4708306814919,-5762.273832869646,-33689.87548035683,-3871.1481906744866,0.001005899512831559,0.001005899512831559,994.135087296193
0.5683789192795197,3312.477666416764,690.4893645893922,1065.5552469721483,690.1790474871018,-5764.867661582059,-33140.8905364207,-3905.150289139621,0.0009899162000902943,0.0009899162000902943,1010.1865187263184
0.5690460306871247,3316.3509393898285,690.9424571533942,1061.7085665003233,668.2534984114184,-5767.48417348224,-32591.905592484676,-3939.1523876047495,0.0009738435944823403,0.0009738435944823403,1026.8589388130272
0.5697131420947298,3320.2242842124106,691.3810450929697,1057.860132957454,646.6941834544346,-5770.12336857019,-32042.920648548556,-3973.154486069885,0.0009576875092750927,0.0009576875092750927,1044.1819385917804
0.5703802535023349,3324.09779778886,691.8053727270758,1054.009931211328,625.501102616154,-5772.78524684591,-31493.93570461243,-4007.1565845350187,0.0009414536183990789,0.0009414536183990789,1062.1872182088778
0.5710473649099399,3327.9715743333945,692.2156843746719,1050.1579461297326,604.67425589658,-5775.469808309397,-30944.950760676402,-4041.158683000148,0.0009251474544099674,0.0009251474544099674,1080.9087732266112
0.571714476317545,3331.845705410226,692.6122243547161,1046.3041625804533,584.2136432957058,-5778.177052960653,-30395.965816740278,-4075.1607814652825,0.0009087744068131878,0.0009087744068131878,1100.3831011336622
0.57238158772515,3335.7202799743013,692.9952369861668,1042.4485654312778,564.1192648135383,-5780.906980799677,-29846.980872804248,-4109.162879930411,0.0008923397207382592,0.0008923397207382592,1120.64943065929
0.5730486991327551,3339.595384412645,693.3649665879826,1038.5911395499918,544.3911204500705,-5783.65959182647,-29297.995928868128,-4143.164978395546,0.0008758484959494521,0.0008758484959494521,1141.7499768792354
0.5737158105403602,3343.4711025862484,693.721657479122,1034.7318698043825,525.029210205306,-5786.434886041032,-28749.010984932,-4177.16707686068,0.0008593056861793221,0.0008593056861793221,1163.7302255571453
0.5743829219479653,3347.347515872488,694.0655539785431,1030.870741062237,506.03353407924783,-5789.2328634433625,-28200.026040995974,-4211.169175325809,0.0008427160987712746,0.0008427160987712746,1186.6392507014566
0.5750500333555704,3351.2247032080463,694.3969004052046,1027.0077381913409,487.4040920718897,-5792.053524033461,-27651.04109705985,-4245.171273790944,0.0008260843946173069,0.0008260843946173069,1210.5300699491625
0.5757171447631754,3355.102741132286,694.715941078065,1023.1428460594823,469.1408841832379,-5794.89686781133,-27102.05615312382,-4279.173372256073,0.0008094150883770021,0.0008094150883770021,1235.4600431345418
0.5763842561707805,3358.981703831076,695.0229203160827,1019.2760495344462,451.24391041328624,-5797.762894776965,-26553.071209187696,-4313.175470721208,0.0007927125489637458,0.0007927125489637458,1261.49132028656
0.5770513675783856,3362.8616631810132,695.318082438216,1015.4073334840205,433.7131707620378,-5800.65160493037,-26004.08626525157,-4347.177569186341,0.0007759810002843333,0.0007759810002843333,1288.6913463520139
0.5777184789859906,3366.742688794035,695.6016717634234,1011.536682775992,416.54866522949544,-5803.562998271544,-25455.101321315546,-4381.179667651471,0.0007592245222180959,0.0007592245222180959,1317.1334311996031
0.5783855903935957,3370.6248480623876,695.8739326106631,1007.6640822781461,399.75039381565347,-5806.497074800485,-24906.116377379418,-4415.181766116605,0.0007424470518219063,0.0007424470518219063,1346.8973949671956
0.5790527018012007,3374.5082062039146,696.1351092988942,1003.7895168582713,383.31835652051745,-5809.453834517196,-24357.131433443392,-4449.183864581734,0.0007256523847476212,0.0007256523847476212,1378.0703006272015
0.5797198132088058,3378.392826307666,696.3854461470745,999.9129713841523,367.25255334408183,-5812.433277421675,-23808.146489507264,-4483.185963046869,0.0007088441768586401,0.0007088441768586401,1410.7472878336464
0.580386924616411,3382.2787693797723,696.6251874741629,996.034430723577,351.5529842863495,-5815.435403513924,-23259.161545571144,-4517.1880615120035,0.0006920259460326944,0.0006920259460326944,1445.03252476715
0.581054036024016,3386.1660943895886,696.8545775991174,992.1538797443324,336.219649347323,-5818.46021279394,-22710.176601635118,-4551.190159977133,0.0006752010741380954,0.0006752010741380954,1481.0402979238675
0.5817211474316211,3390.054858316071,697.0738608408969,988.271303314204,321.2525485269971,-5821.507705261725,-22161.191657698993,-4585.192258442267,0.0006583728091711038,0.0006583728091711038,1518.8962637430416
0.5823882588392261,3393.9451161943643,697.2832815184595,984.3866863009796,306.65168182537684,-5824.577880917278,-21612.206713762964,-4619.194356907396,0.000641544267542432,0.000641544267542432,1558.7388908184105
0.5830553702468312,3397.836921162588,697.4830839507637,980.5000135724447,292.4170492424573,-5827.670739760601,-21063.22176982684,-4653.19645537253,0.0006247184365011343,0.0006247184365011343,1600.7211274261542
0.5837224816544363,3401.730324508792,697.673512456768,976.6112699963868,278.54865077824104,-5830.786281791692,-20514.23682589072,-4687.198553837666,0.0006078981766846994,0.0006078981766846994,1645.0123365293023
0.5843895930620413,3405.62537571807,697.8548113554307,972.7204404405929,265.0464864327302,-5833.92450701055,-19965.251881954686,-4721.200652302794,0.0005910862247843803,0.0005910862247843803,1691.8005496825535
0.5850567044696464,3409.52212251981,698.0272249657105,968.8275097728488,251.91055620592041,-5837.085415417179,-19416.266938018565,-4755.202750767929,0.0005742851963153065,0.0005742851963153065,1741.2951028794382
0.5857238158772514,3413.4206109350616,698.1909976065657,964.9324628609419,239.1408600978159,-5840.269007011575,-18867.281994082536,-4789.204849233057,0.0005574975884813462,0.0005574975884813462,1793.7297320407329
0.5863909272848565,3417.3208853240067,698.3463735969549,961.0352845726582,226.7373981084125,-5843.475281793741,-18318.29705014641,-4823.2069476981915,0.0005407257831249789,0.0005407257831249789,1849.3662244488687
0.5870580386924616,3421.2229884335165,698.4935972558363,957.1359597757847,214.70017023771234,-5846.704239763674,-17769.312106210287,-4857.209046163327,0.0005239720497530524,0.0005239720497530524,1908.4987462046863
0.5877251501000667,3425.126961444781,698.6329129021683,953.2344733381087,203.02917648571736,-5849.955880921377,-17220.327162274258,-4891.211144628455,0.0005072385486295292,0.0005072385486295292,1971.4589963673443
0.5883922615076718,3429.0328358792153,698.7646030953935,949.3308195636846,192.08786595412798,-5853.140520118895,-14368.455574042157,-4356.950098565035,0.0004228939007940161,0.0004228939007940161,2364.659310816312
0.5890593729152768,3432.9404266277907,698.8899515769479,945.425239809471,184.3090699524784,-5855.657828906073,-8952.374838905613,-3189.9416453905997,0.00026362433372563893,0.00026362433372563893,3793.276538123857
0.5897264843228819,3436.8493105606676,699.0113159148194,941.5182404111864,180.14340319374767,-5857.396613041365,-3536.2941037681685,-2022.9331922159704,0.0001047363567251014,0.0001047363567251014,9547.782940595043
0.590393595730487,3440.759045805315,699.1311064687436,937.6103407315084,179.5908656779375,-5858.356872524772,1879.7866313692757,-855.9247390413407,5.393121915824192e-05,5.393121915824192e-05,18542.135994846638
0.591060707138092,3444.669187508657,699.2517335984552,933.7020601331132,182.65145740504695,-5858.538607356297,7295.867366505818,311.0837141330949,0.0002125408342974653,0.0002125408342974653,4704.978237736812
0.5917278185456971,3448.5792923516665,699.3756076636898,929.7939179786762,189.32517837507712,-5857.941817535937,12711.948101643258,1478.0921673077241,0.00037125379662742645,0.00037125379662742645,2693.5751474712993
0.5923949299533021,3452.48892306334,699.5051390241821,925.8864336308754,199.61202858802574,-5856.566503063691,18128.028836779806,2645.10062048216,0.0005302278963760945,0.0005302278963760945,1885.9814936834116
0.5930620413609072,3456.3976529416746,699.642738039667,921.9801264523854,213.51200804389626,-5854.412663939562,23544.10957191725,3812.109073656789,0.0006896149885504626,0.0006896149885504626,1450.0844914956847
0.5937291527685123,3460.3050703889985,699.7908150698806,918.0755158058837,231.02511674268726,-5851.480300163549,28960.19030705469,4979.117526831418,0.0008495585133677542,0.0008495585133677542,1177.081959941614
0.5943962641761174,3464.2107834686635,699.951780474557,914.1731210540469,252.15135468439496,-5847.769411735651,34376.27104219124,6146.125980005854,0.0010101909265231414,0.0010101909265231414,989.9118807588023
0.5950633755837225,3468.1144244895145,700.1280446134317,910.2734615595502,276.8907218690263,-5843.279998655868,39792.35177732867,7313.134433180483,0.0011716310136329444,0.0011716310136329444,853.5110357818558
0.5957304869913275,3472.0156546238322,700.3220178462398,906.3770566850715,305.24321829657316,-5838.012060924202,45208.432512465224,8480.142886354917,0.0013339810665045219,0.0013339810665045219,749.6358270064025
0.5963975983989326,3475.914168563539,700.5361105327163,902.4844257932855,337.20884396704486,-5831.965598540652,50624.51324760266,9647.151339529548,0.0014973239032053422,0.0014973239032053422,667.8581687364277
0.5970647098065377,3479.8096992183177,700.7727330325962,898.5960882468694,372.78759888043714,-5825.140611505216,56040.59398274011,10814.159792704177,0.0016617197194012403,0.0016617197194012403,601.7862027660871
0.5977318212141427,3483.702022457997,701.0342957056149,894.7125634085004,411.979483036743,-5817.537099817898,61456.67471787665,11981.168245878613,0.0018272027653020806,0.0018272027653020806,547.2846358322339
0.5983989326217478,3487.5909619000004,701.3232089115072,890.8343706408531,454.78449643597554,-5809.1550634786945,66872.75545301409,13148.176699053241,0.001993777850984686,0.001993777850984686,501.5603917488202
0.5990660440293528,3491.4763937408616,701.6418830100084,886.9620293066055,501.20263907812057,-5799.994502487607,72288.83618815064,14315.185152227676,0.0021614166930539976,0.0021614166930539976,462.65951549908635
0.5997331554369579,3495.35825162881,701.9927283608539,883.0960587684328,551.2339109631935,-5790.055416844633,77704.91692328807,15482.193605402306,0.002330054127723449,0.002330054127723449,429.1745792948758
0.600400266844563,3499.236531572107,702.3781553237783,879.236978389012,604.8783120911869,-5779.337806549777,83120.99765842552,16649.202058576935,0.0024995842295626115,0.0024995842295626115,400.066534335186
0.601067378252168,3503.1112968752877,702.8005742585168,875.3853075310201,662.135842462091,-5767.841671603039,88537.07839356207,17816.21051175137,0.0026698563914244098,0.0026698563914244098,374.5519808526048
0.6017344896597732,3506.98268309263,703.2623955248046,871.5415655571318,723.0065020759247,-5755.567012004412,93953.15912869951,18983.218964926,0.0028406714393516014,0.0028406714393516014,352.02944844203995
0.6024016010673782,3510.8509029850875,703.7660294823768,867.7062718300251,787.490290932668,-5742.5138277539045,99369.23986383605,20150.227418100436,0.003011777876353618,0.003011777876353618,332.0297980310246
0.6030687124749833,3514.7162514636175,704.3138864909686,863.8799457123753,855.5872090323422,-5728.682118851511,104785.32059897349,21317.235871275065,0.0031828683704187097,0.0031828683704187097,314.1820155976004
0.6037358238825884,3518.57911049825,704.9083769103148,860.0631065668587,927.2972563749368,-5714.071885297231,110201.40133411094,22484.24432444969,0.00335357662431259,0.00335357662431259,298.1891013761996
0.6044029352901934,3522.439953968549,705.5519111001507,856.256273756153,1002.6204329604391,-5698.683127091072,115617.48206924749,23651.252777624126,0.0035234747866652095,0.0035234747866652095,283.81074381021733
0.6050700466977985,3526.299352427235,706.2468994202114,852.4599666429328,1081.556738788874,-5682.515844233023,121033.56280438491,24818.261230798755,0.003692071584283003,0.003692071584283003,270.85065312843847
0.6057371581054035,3530.157977744804,706.9957522302321,848.6747045898765,1164.1061738602154,-5665.570036723095,126449.64353952146,25985.26968397319,0.003858811372940178,0.003858811372940178,259.1471578560372
0.6064042695130086,3534.0166075991374,707.8008798899477,844.9010069596584,1250.2687381744909,-5647.845704561278,131865.72427465892,27152.27813714782,0.004023074316170954,0.004023074316170954,248.56612665106599
0.6070713809206137,3537.876129770282,708.6646927590938,841.139393114956,1340.044431731687,-5629.342847747579,137281.80500979634,28319.286590322456,0.0041841779066027155,0.0041841779066027155,238.99557387891662
0.6077384923282187,3541.737546197166,709.5896011974046,837.3903824184457,1433.433254531787,-5610.061466281997,142697.8857449329,29486.295043496884,0.00434138003977644,0.00434138003977644,230.34150220386954
0.6084056037358239,3545.6019579401827,710.5776217927935,833.6544095300734,1527.9142408705839,-5590.543835322793,137354.32054611514,28338.837777485027,0.004167061340815488,0.004167061340815488,239.97726892215638
0.6090727151434289,3549.470305779753,711.6267402911459,829.9310420509864,1616.2420882896422,-5572.348463790066,127452.56601624865,26210.88607763858,0.003853129725638009,0.003853129725638009,259.52928429743383
0.609739826551034,3553.3432398048017,712.7325799774356,826.2193394025235,1697.9643623065356,-5555.572673111135,117550.81148638048,24082.934377791782,0.0035397196371341278,0.0035397196371341278,282.50824994988375
0.6104069379586391,3557.221204471828,713.8907341982924,822.5183545661025,1773.0810629212478,-5540.216463286004,107649.0569565123,21954.982677944983,0.003227705296039623,0.003227705296039623,309.8176284021328
0.6110740493662441,3561.10445657605,715.0967963003453,818.8271405231437,1841.5921901337688,-5526.279834314677,97747.3024266458,19827.030978098537,0.002917727309031012,0.002917727309031012,342.7325085880297
0.6117411607738492,3564.993081860367,716.3463596302249,815.1447502550639,1903.4977439441209,-5513.762786197148,87845.54789677766,17699.07927825174,0.002610215877871401,0.002610215877871401,383.11007471745506
0.6124082721814542,3568.88701159043,717.6350175345599,811.4702367432825,1958.7977243522837,-5502.665318933421,77943.79336691112,15571.127578405294,0.0023054148143361857,0.0023054148143361857,433.7614184577612
0.6130753835890593,3572.7860390221686,718.9583633599806,807.802652969217,2007.4921313582759,-5492.987432523493,68042.03883704296,13443.175878558493,0.0020034054411970596,0.0020034054411970596,499.15008686533645
0.6137424949966644,3576.689835711642,720.3119904531162,804.141051914286,2049.5809649620865,-5484.729126967363,58140.28430717479,11315.224178711693,0.0017041297403908486,0.0017041297403908486,586.8097811441553
0.6144096064042694,3580.597967637738,721.6914921605966,800.484486559909,2085.064225163712,-5477.890402265038,48238.52977730827,9187.272478865247,0.0014074123502597277,0.0014074123502597277,710.5238204108819
0.6150767178118746,3584.509911125878,723.0924618290513,796.832009887503,2113.9419119631634,-5472.471258416511,38336.77524744012,7059.32077901845,0.0011129812123919349,0.0011129812123919349,898.4877631949203
0.6157438292194796,3588.4250685757243,724.5104928051097,793.1826748784874,2136.2140253604302,-5468.471695421785,28435.020717573614,4931.369079172004,0.0008204868269561184,0.0008204868269561184,1218.7886107932386
0.6164109406270847,3592.342784008085,725.9411784354022,789.5355345142799,2151.880565355521,-5465.891713280857,18533.26618770544,2803.417379325203,0.0005295201975815282,0.0005295201975815282,1888.5020903211796
0.6170780520346898,3596.26235845587,727.3801120665579,785.8896417762992,2160.941531948431,-5464.731311993732,8631.51165783729,675.465679478406,0.00023962963783295027,0.00023962963783295027,4173.106503199393
0.6177451634422948,3600.183065231411,728.8228870452061,782.2440496459643,2163.396925139161,-5464.990491560406,-1270.2428720292373,-1452.48602036804,4.966332375244233e-05,4.966332375244233e-05,20135.583453590785
0.6184122748498999,3604.104165107733,730.265096717977,778.5978111046921,2159.24674492771,-5466.669251980879,-11171.997401897403,-3580.437720214839,0.00033884865970631556,0.00033884865970631556,2951.170002757906
0.6190793862575049,3608.0249214547002,731.7023344315,774.9499791339033,2148.490991314082,-5469.767593255156,-21073.751931763916,-5708.389420061285,0.0006284128749161033,0.0006284128749161033,1591.31049015109
0.61974649766511,3611.944615372422,733.1301935324051,771.299606715014,2131.129664298272,-5474.2855153832315,-30975.506461632074,-7836.341119908086,0.0009188240373137885,0.0009188240373137885,1088.3476698362529
0.6204136090727151,3615.862560863872,734.5442673673213,767.6457468294434,2107.1627638802806,-5480.223018365106,-40877.26099150023,-9964.292819754883,0.0012105164963683531,0.0012105164963683531,826.0936575421157
0.6210807204803201,3619.778120086492,735.9401492828785,763.9874524586111,2076.5902900601145,-5487.580102200782,-50779.01552136675,-12092.244519601329,0.0015038749963940765,0.0015038749963940765,664.9488836490764
0.6217478318879253,3623.6907187183965,737.3134326257066,760.3237765839336,2039.4122428377636,-5496.356766890258,-60680.77005123491,-14220.19621944813,0.0017992179260210195,0.0017992179260210195,555.797041335346
0.6224149432955303,3627.5998614687105,738.6597107424346,756.653772186831,1995.6286222132394,-5506.553012433535,-70582.52458110143,-16348.147919294574,0.002096779497790537,0.002096779497790537,476.9218704464352
0.6230820547031354,3631.5051477533657,739.974576979693,752.9764922487202,1945.2394281865277,-5518.16883883061,-80484.27911096958,-18476.099619141372,0.0023966907263059563,0.0023966907263059563,417.2419866376794
0.6237491661107405,3635.4062875471604,741.253624684111,749.2909897510204,1888.2446607576358,-5531.204246081488,-90386.03364083776,-20604.051318988175,0.0026989591739777006,0.0026989591739777006,370.51319991854837
0.6244162775183455,3639.3031174099883,742.4924472023176,745.5963176751507,1824.6443199265739,-5545.659234186165,-100287.78817070427,-22732.00301883462,0.003003447564732765,0.003003447564732765,332.95071029115036
0.6250833889259506,3643.1956166695527,743.6866378809436,741.891529002528,1754.4384056933218,-5561.533803144644,-110189.54270057243,-24859.954718681416,0.0033098515322563986,0.0033098515322563986,302.1283553822361
0.6257505003335556,3647.083923724591,744.8317900666179,738.1756767145723,1677.626918057902,-5578.827952956921,-120091.29723043894,-26987.906418527862,0.003617676973169678,0.003617676973169678,276.4204785049772
0.6264176117411607,3650.9683524115458,745.9234971059705,734.4478137927006,1594.2098570202893,-5597.541683623,-129993.0517603071,-29115.85811837466,0.0039262177170834005,0.0039262177170834005,254.69805091268657
0.6270847231487658,3654.849305541815,746.9573778875111,730.7071069438674,1504.3438460811249,-5616.977627090759,-139254.52660422804,-28392.95668565271,0.0041953439381168835,0.0041953439381168835,238.35948011663106
0.6277518345563708,3658.726436846918,747.9292863921492,726.9537696268087,1408.4339948245006,-5635.332027982437,-148283.20746315928,-26633.537187603324,0.004455044066649672,0.004455044066649672,224.46467084040097
0.628418945963976,3662.5990771598663,748.8352032895459,723.188579383477,1306.5010075712416,-5652.512700056207,-157311.88832209204,-24874.117689553645,0.004720225302552029,0.004720225302552029,211.85429421331682
0.629086057371581,3666.4667485051305,749.6711104769681,719.4123192217569,1198.5448843213806,-5668.51964331206,-166340.56918102328,-23114.698191504256,0.0049904980946653636,0.0049904980946653636,200.3807998782644
0.6297531687791861,3670.329182829724,750.4329898516834,715.6257721495314,1084.5656250748823,-5683.352857750007,-175369.25003995607,-21355.27869345458,0.005265253193642228,0.005265253193642228,189.92438981044558
0.6304202801867912,3674.1863360809775,751.1168233109582,711.8297211746847,964.5632298317639,-5697.012343370042,-184397.9308988888,-19595.859195404897,0.005543636283697255,0.005543636283697255,180.38701473630286
0.6310873915943962,3678.0384024666746,751.7185927520599,708.0249493051014,838.5376985920471,-5709.498100172162,-193426.61175782006,-17836.439697355516,0.0058245233484931986,0.0058245233484931986,171.68786871782385
0.6317545030020013,3681.8858287621406,752.2342800722557,704.212239548664,706.4890313556898,-5720.810128156372,-202455.29261675285,-16077.020199305838,0.00610649838948815,0.00610649838948815,163.75997113524508
0.6324216144096063,3685.729328496703,752.6598671688128,700.392374913258,568.4172281227359,-5730.94842732267,-211483.9734756841,-14317.600701256453,0.006387835507682831,0.006387835507682831,156.54755023000695
0.6330887258172114,3689.5698958179755,752.991335938998,696.5661384067655,424.3222888931398,-5739.912997671057,-220512.65433461685,-12558.181203206774,0.006666487732916062,0.006666487732916062,150.00402611744985
0.6337558372248165,3693.4088187978264,753.2246682800786,692.7343130370713,274.20421366692347,-5747.703839201532,-229541.33519354957,-10798.761705157098,0.0069400852868675795,0.0069400852868675795,144.09044826758202
0.6344229486324215,3697.2476919103906,753.3558460893217,688.89768181206,118.06300244411375,-5754.3209519140955,-238570.01605248085,-9039.342207107711,0.007205946129921709,0.007205946129921709,138.77428195690172
0.6350900600400267,3701.08842738201,753.3808512639941,685.057027739614,-44.10134477534143,-5759.764335808747,-247598.6969114136,-7279.922709058033,0.007461101589848472,0.007461101589848472,134.0284658984665
0.6357571714476317,3704.9332650881765,753.2956657013633,681.2131338276183,-212.28882799138813,-5764.033990885488,-256627.37777034484,-5520.503211008649,0.007702339520589032,0.007702339520589032,129.83068291483542
0.6364242828552368,3708.7847806562468,753.0962712986961,677.366783083956,-386.49944720408246,-5767.129917144315,-265656.0586292776,-3761.08371295897,0.00792626672130417,0.00792626672130417,126.16279960806848
0.6370913942628419,3712.6458847881713,752.7787235956214,673.5187591009437,-565.6584309418988,-5769.043585097048,-264227.59055096674,-1918.6752906041938,0.007820386203959447,0.007820386203959447,127.87092272932786
0.6377585056704469,3716.5191819552333,752.3444183475755,669.6698878513575,-733.6192186486193,-5769.64685410996,-239318.85099383182,110.07478989375659,0.007018687249214279,0.007018687249214279,142.47678582799753
0.638425617078052,3720.4058141088344,751.8036072052313,665.8210655891943,-884.9631020477372,-5768.896720800994,-214410.1114366927,2138.8248703920453,0.006231196724749197,0.006231196724749197,160.48281641120062
0.639092728485657,3724.305929163518,751.1673754950119,661.9731951845832,-1019.6900811392012,-5766.793185170145,-189501.37187955776,4167.574950889996,0.0054622721738590415,0.0054622721738590415,183.07399707867538
0.6397598398932621,3728.2188632696652,750.4468085433394,658.1271795076512,-1137.8001559230572,-5763.336247217418,-164592.63232241865,6196.325031388285,0.004713795751859889,0.004713795751859889,212.14326047229284
0.6404269513008672,3732.143245753651,749.6529916766373,654.283921428527,-1239.2933263992807,-5758.525906942808,-139683.89276527954,8225.075111886574,0.003985645655316468,0.003985645655316468,250.90037762541587
0.6410940627084722,3736.0771006146842,748.7970102213277,650.4443238173391,-1324.1695925678594,-5752.362164346321,-114775.1532081446,10253.825192384524,0.0032761200616427976,0.0032761200616427976,305.2391185866839
0.6417611741160774,3740.0179440550232,747.8899495038331,646.6092895442142,-1392.4289544288215,-5744.845019427952,-89866.4136510055,12282.575272882812,0.002582296071212305,0.002582296071212305,387.2522640405568
0.6424282855236824,3743.9628780316834,746.9428948505771,642.7797214792813,-1444.0714119821437,-5735.974472187706,-64957.67409387055,14311.325353380764,0.0019003203416770673,0.0019003203416770673,526.2270671256836
0.6430953969312875,3747.908680203762,745.9669315879814,638.9565224926677,-1479.0969652278436,-5725.750522625577,-40048.93453673144,16340.07543387905,0.0012256370064558304,0.0012256370064558304,815.9022571386744
0.6437625083388926,3751.85189093344,744.9731450424694,635.1405954545019,-1497.5056141659115,-5714.173170741567,-15140.19497959235,18368.82551437734,0.0005531635874865474,0.0005531635874865474,1807.7834886851067
0.6444296197464976,3755.7888982035506,743.9726205404637,631.3328432349122,-1499.2973587963484,-5701.242416535681,9768.544577542605,20397.57559487529,0.0001225716201678884,0.0001225716201678884,8158.495405627202
0.6450967311541027,3759.716254879991,742.976144182891,627.5340058689832,-1486.3914020534282,-5688.002667973441,26470.898074682016,17960.505612150766,0.0006096136771643388,0.0006096136771643388,1640.3831433893854
0.6457638425617077,3763.6329202148595,741.9914251955449,623.7431489920593,-1464.3280010263811,-5677.4688686711515,39675.178204411386,13619.824696114872,0.001018573537925799,0.001018573537925799,981.7651477932347
0.6464309539693128,3767.5393106571014,741.0243631554829,619.958353449641,-1433.455874095574,-5669.830787124724,52879.458334142946,9279.143780078255,0.0014324398246728838,0.0014324398246728838,698.1096048682973
0.6470980653769179,3771.4359350424033,740.0808344642418,616.1776874753801,-1393.7750212610092,-5665.088423334156,66083.73846387451,4938.4628640416395,0.0018507062430804233,0.0018507062430804233,540.3342663044901
0.647765176784523,3775.323406607354,739.1667155233587,612.3992193029296,-1345.2854425226956,-5663.24177729945,79288.01859360388,597.7819480057442,0.002272682053228349,0.002272682053228349,440.0087546691796
0.6484322881921281,3779.202473306826,738.2878827343703,608.6210171659402,-1287.9871378806174,-5664.290849020607,92492.29872333545,-3742.8989680308696,0.0026974387671438132,0.0026974387671438132,370.7220390618362
0.6490993995997331,3783.074048247614,737.4502124988136,604.8411492980645,-1221.8801073347934,-5668.235638497623,105696.57885306481,-8083.579884066765,0.00312375705236867,0.00312375705236867,320.1273284814912
0.6497665110073382,3786.939240091603,736.6595812182251,601.0576839329533,-1146.9643508852014,-5675.0761457305025,118900.85898279639,-12424.260800103382,0.0035500759290570585,0.0035500759290570585,281.6841160537126
0.6504336224149433,3790.7993832341454,735.9218652941421,597.2686893042595,-1063.2398685318524,-5684.8123707192435,132105.13911252795,-16764.941716139998,0.003974447083848075,0.003974447083848075,251.6073252211465
0.6511007338225483,3794.656067508381,735.242941128101,593.472233645635,-970.7066602747617,-5697.444313463843,145309.4192422573,-21105.62263217589,0.004394497916400658,0.004394497916400658,227.5572816334514
0.6517678452301534,3798.5111671054306,734.6286851216394,589.6663851907308,-869.364726113899,-5712.971973964308,158513.69937198886,-25446.303548212505,0.004807407698225918,0.004807407698225918,208.01231407293184
0.6524349566377584,3802.366868336279,734.0849736762933,585.8492121731998,-759.214066049298,-5731.39535222063,171717.97950171825,-29786.9844642484,0.0052099018328593295,0.0052099018328593295,191.942196241186
0.6531020680453635,3806.2256957972827,733.6176831936002,582.0187828266928,-640.2546800809221,-5752.7144482328185,184922.25963144982,-34127.66538028502,0.005598269497244732,0.005598269497244732,178.62662747696663
0.6537691794529686,3810.0905364421487,733.2326900750967,578.1731653848622,-512.4865682087884,-5776.929262000867,198126.53976118137,-38468.34629632163,0.005968409724527795,0.005968409724527795,167.54881889063296
0.6544362908605736,3813.964661014752,732.9358707223195,574.3104280813602,-375.9097304329207,-5804.039793524773,211330.8198909107,-42809.02721235753,0.006315910063901604,0.006315910063901604,158.33031026129873
0.6551034022681788,3817.851639856121,732.7330686921819,570.4287434149014,-230.87414365976528,-5832.93504319894,222048.97352556358,-39257.51437421807,0.006556668450681057,0.006556668450681057,152.51648112482
0.6557705136757838,3821.751916381677,732.6290024528583,566.5298554717006,-80.30329256135256,-5854.334426340993,229362.43806752286,-24897.836285661106,0.006700247816195633,0.006700247816195633,149.2482110262893
0.6564376250833889,3825.6618853060195,732.6270111294193,562.6198870544426,75.14645416214208,-5866.154304420634,236675.90260948334,-10538.158197101744,0.006872146345448463,0.006872146345448463,145.51494536525936
0.657104736490994,3829.57790731527,732.7303494887929,558.7052287602341,235.47509651069413,-5868.394677437859,243989.36715144385,3821.5198914576104,0.007072241651264226,0.007072241651264226,141.39788334597435
0.657771847898599,3833.4965994763547,732.942272297907,554.7922711861828,400.6826344842756,-5861.055545392673,251302.83169340307,18181.197980014575,0.00730047204166211,0.00730047204166211,136.97744396433964
0.6584389593062041,3837.414864696162,733.2660343236897,550.8874049293931,570.7690680829417,-5844.13690828507,258616.29623536358,32540.876068573936,0.007556753837064689,0.007556753837064689,132.331953847055
0.6591060707138091,3841.329923435021,733.7048903330688,546.9970205869728,745.7343973066352,-5817.638766115057,265929.76077732287,46900.5541571309,0.007840887227574703,0.007840887227574703,127.5365875029061
0.6597731821214142,3845.2393478113568,734.2620950929725,543.1275087560269,925.5786221554152,-5781.561118882626,273243.2253192833,61260.23224569026,0.008152447610312653,0.008152447610312653,122.66254845170961
0.6604402935290193,3849.141098177784,734.9409033703288,539.2852600336628,1110.3017426292527,-5735.903966587781,280556.6898612438,75619.91033424962,0.008490659992296565,0.008490659992296565,117.77647449165123
0.6611074049366243,3853.0335621716445,735.7445699320654,535.4766650169869,1299.903758728115,-5680.66730923053,287870.1544032031,89979.5884228066,0.008854255177855881,0.008854255177855881,112.94004745887128
0.6617745163442295,3856.9155961398615,736.6763495451105,531.7081143031045,1494.384670452066,-5615.8511468108545,295183.6189451636,104339.26651136595,0.009241308296972556,0.009241308296972556,108.20978673848583
0.6624416277518345,3860.7865687041312,737.739496976392,527.9859984891232,1693.7444778010408,-5541.455479328777,302497.08348712284,118698.94459992292,0.009649062997225809,0.009649062997225809,103.63700602716646
0.6631087391594396,3864.6464060637286,738.9372669928382,524.3167081721483,1897.983180775106,-5457.480306784273,309810.5480290833,133058.62268848228,0.010073748503976531,0.010073748503976531,99.267913985073
0.6637758505670447,3868.495638427156,740.2729143613767,520.7066339492866,2107.100779374228,-5363.9256291773545,317124.01257104386,147418.30077704164,0.010510401817212321,0.010510401817212321,95.14384106251329
0.6644429619746497,3872.335500037279,741.749536453601,517.1620430869089,2319.099794854388,-5262.356616941463,307537.6905933813,148535.76226062057,0.010321002265389932,0.010321002265389932,96.88981498951541
0.6651100733822548,3876.1702534065057,743.3620722846977,513.682810183491,2510.793091901412,-5170.94208350646,267158.8139535592,125525.0089774935,0.008932507684110995,0.008932507684110995,111.95064536902491
0.6657771847898598,3880.0065686069247,745.0935038412316,510.25944063259465,2675.5491797157065,-5094.878286084233,226779.93731374387,102514.25569437028,0.007502062598269285,0.007502062598269285,133.2966750011788
0.6664442961974649,3883.8493158728556,746.925861003635,506.88169378310903,2813.3680582973243,-5034.165224674751,186401.06067392183,79503.50241124324,0.006058735777330484,0.006058735777330484,165.0509341802996
0.66711140760507,3887.7015652148775,748.8411736523394,503.53932898392577,2924.249727646238,-4988.80289927803,146022.1840340998,56492.74912811619,0.004621595976428151,0.004621595976428151,216.3754696646721
0.667778519012675,3891.564925321751,750.8214716677767,500.2221055839363,3008.1941877624367,-4958.791309894075,105643.30739428446,33481.99584499298,0.003201318571725382,0.003201318571725382,312.3712862669085
0.6684456304202802,3895.439887768281,752.8487849303785,496.9197829320297,3065.201438645944,-4944.130456522873,65264.4307544624,10471.242561865918,0.0018022141847647138,0.0018022141847647138,554.8730048035627
0.6691127418278852,3899.326169816092,754.9051433205768,493.6221203770985,3095.2714802967453,-4944.820339164431,24885.554114647108,-12539.510721257291,0.0004243217314251408,0.0004243217314251408,2356.7022990818014
0.6697798532354903,3903.223052659301,756.9725767188037,490.31887726803177,3098.4043127148475,-4960.860957818749,-15493.322525174968,-35550.26400438436,0.0009346065974248686,0.0009346065974248686,1069.9689075117922
0.6704469646430954,3907.1297143996408,759.0331150054907,486.9998129537213,3074.599935900246,-4992.252312485828,-55872.199164997015,-58561.01728751139,0.002277274342681538,0.002277274342681538,439.12144499133086
0.6711140760507004,3911.045558355529,761.0687880610693,483.65468678305797,3023.8583498529497,-5038.994403165658,-96251.07580481231,-81571.7705706346,0.0036051443209571795,0.0036051443209571795,277.3814058391139
0.6717811874583055,3914.9705375941157,763.061625765972,480.27325810493176,2946.1795545729424,-5101.087229858256,-136629.95244463437,-104582.52385376165,0.00491684495188772,0.00491684495188772,203.38245557571852
0.6724482988659105,3918.9054758997245,764.99365800063,476.8452862682343,2841.56355006025,-5178.530792563602,-177008.82908444968,-127593.27713688489,0.006206679770208891,0.006206679770208891,161.1167382599383
0.6731154102735156,3922.8514057393377,766.8476926783655,473.36205246716605,2714.135989874052,-5263.2552440997715,-202803.04611458603,-122076.1929364259,0.006735376593038907,0.006735376593038907,148.46979767003853
0.6737825216811207,3926.8042806037834,768.6114768431604,469.8244989178913,2571.111522114322,-5341.1486124355315,-225984.30822905852,-111448.12533416782,0.007170485306525074,0.007170485306525074,139.46057445930603
0.6744496330887257,3930.758257956946,770.2746894869681,466.23734675903296,2412.6225699553697,-5411.951875633016,-249165.57034352722,-100820.05773191153,0.007651014288953421,0.007651014288953421,130.70162493929803
0.6751167444963309,3934.7081044464326,771.8270140758339,462.60532588060875,2238.669133397143,-5475.665033692248,-272346.83245799976,-90191.99012965345,0.00817909294166625,0.00817909294166625,122.26294616433094
0.6757838559039359,3938.649279572603,773.2581340758015,458.9331661726388,2049.2512124397017,-5532.288086613207,-295528.0945724684,-79563.92252739714,0.00875615676721842,0.00875615676721842,114.20535590955063
0.676450967311541,3942.5780226944307,774.5577329529161,455.2255975251406,1844.3688070829803,-5581.821034395911,-318709.35668694094,-68935.85492513907,0.00938252587183155,0.00938252587183155,106.58110765270837
0.6771180787191461,3946.491449183765,775.7154941732218,451.4873498281337,1624.0219173270102,-5624.263877040349,-341890.6188014135,-58307.787322881,0.010056868047301538,0.010056868047301538,99.43453521479984
0.6777851901267511,3950.3876554760855,776.7211012027632,447.72315297163755,1388.2105431718317,-5659.616614546519,-365071.8809158822,-47679.719720624686,0.01077554326518986,0.01077554326518986,92.80274556833497
0.6784523015343562,3954.265832119206,777.5642375075853,443.93773684566986,1136.9346846173667,-5687.879246914431,-388253.1430303547,-37051.65211836662,0.01153184686504888,0.01153184686504888,86.71637871214146
0.6791194129419612,3958.126383027536,778.2345865537316,440.13583134025043,870.1943416636981,-5709.0517741440735,-411434.40514482337,-26423.58451611031,0.01231520216442976,0.01231520216442976,81.20045344349438
0.6797865243495663,3961.9710479843357,778.7218318072478,436.3221663453972,587.9895143107374,-5723.134196235456,-434615.6672592959,-15795.51691385224,0.013110401115225743,0.013110401115225743,76.27531691907211
0.6804536357571714,3965.8030240111852,779.0156567341777,432.50147175112954,290.3202025585282,-5730.126513188574,-457796.9293737684,-5167.449311594162,0.0138970507911872,0.0138970507911872,71.95771354841338
0.6811207471647764,3969.627079620815,779.1057448005658,428.6784774474669,-22.813593592876828,-5730.028725003428,-480978.19148823706,5460.6182906621425,0.014649442275530812,0.014649442275530812,68.26198439447182
0.6817878585723816,3973.4496794032057,778.9840187979298,424.8578162642927,-339.56105422649756,-5723.354487325449,-462348.66893415083,14276.461444721259,0.014066116218641496,0.014066116218641496,71.09282935361527
0.6824549699799866,3977.2780194306847,778.6565426181053,421.0435081071501,-639.3192365500653,-5710.996803166395,-436326.3616719946,22771.875664128558,0.013207012634348536,0.013207012634348536,75.71735014466631
0.6831220813875917,3981.117793553001,778.134884788307,417.23933429158654,-921.7176408468912,-5692.97173126924,-410304.054409834,31267.28988353727,0.012328123271007987,0.012328123271007987,81.11534724443398
0.6837891927951968,3984.972925342396,777.4306262144905,413.4490755966142,-1186.7562671169248,-5669.279271633987,-384281.74714767333,39762.70410294598,0.011454136874780314,0.011454136874780314,87.30470143078149
0.6844563042028018,3988.8456946801316,776.5553478026111,409.6765128012452,-1434.4351153601258,-5639.919424260643,-358259.4398855171,48258.11832235327,0.01060348233129626,0.01060348233129626,94.30864019535282
0.6851234156104069,3992.7368753540745,775.5206304586236,405.9254266844895,-1664.7541855765767,-5604.892189149195,-332237.13262335653,56753.532541762,0.009788877931794643,0.009788877931794643,102.1567545297467
0.6857905270180119,3996.6458756998477,774.3380550884834,402.1995980253598,-1877.7134777662004,-5564.197566299655,-306214.8253612002,65248.94676116928,0.0090182004805214,0.0090182004805214,110.88686730350706
0.686457638425617,4000.57087650483,773.0192025981453,398.50280760286626,-2073.3129919290686,-5517.83555571201,-280192.51809903956,73744.360980578,0.008295449562721232,0.008295449562721232,120.54801761364224
0.6871247498332221,4004.508962249538,771.5756538935648,394.8388361960211,-2251.552728065144,-5465.806157386268,-254170.21083687898,82239.7751999867,0.007621662778996811,0.007621662778996811,131.20496524140674
0.6877918612408271,4008.456243296264,770.0189898806975,391.2114645838361,-2412.432686174401,-5408.109371322437,-228147.90357472273,90735.18941939401,0.006995705054302574,0.006995705054302574,142.94484862322335
0.6884589726484323,4012.4079678095136,768.3607909902755,387.6244737741991,-2555.99163016716,-5344.726527947318,-204233.58119157137,100245.85668462851,0.0064815636167670065,0.0064815636167670065,154.28375915544873
0.6891260840560373,4016.358660120157,766.6093080543927,384.0832483847769,-2696.3122264166022,-5268.875097617979,-216447.56636429921,127156.73144275046,0.007153925571098868,0.007153925571098868,139.78339445407406
0.6897931954636424,4020.3029078027935,764.7614978065218,380.598612525774,-2844.780911507115,-5175.071115748851,-228661.55153702913,154067.60620087688,0.00787401222570525,0.00787401222570525,127.00005681162544
0.6904603068712475,4024.2361469151206,762.8119245636469,377.18254254911875,-3001.3976854386765,-5063.314582339945,-240875.53670975904,180978.48095900333,0.008644426405013879,0.008644426405013879,115.68147533999331
0.6911274182788525,4028.1548273122394,760.755152642752,373.84701480673925,-3166.1625482112568,-4933.605497391282,-253089.52188248694,207889.35571712526,0.009465472713457452,0.009465472713457452,105.64712722464023
0.6917945296864576,4032.0565489839028,758.5857463608208,370.60400565056244,-3339.075499824912,-4785.943860902821,-265303.5070552169,234800.23047525168,0.010334296062366997,0.010334296062366997,96.76517819550034
0.6924616410940626,4035.940209555941,756.298270034838,367.4654914325172,-3520.136540279584,-4620.32967287461,-277517.49222794466,261711.1052333736,0.011243842199947007,0.011243842199947007,88.93756975749028
0.6931287525016677,4039.806160657382,753.8872879817864,364.4434485045301,-3709.345669575334,-4436.762933306595,-289731.4774006746,288621.97999150003,0.0121817154058419,0.0121817154058419,82.0902448205642
0.6937958639092728,4043.6563690774224,751.3473645186507,361.54985321852973,-3906.702887712131,-4235.243642198801,-301945.46257340454,315532.8547496265,0.013129088532657516,0.013129088532657516,76.16674969572969
0.6944629753168778,4047.49457642313,748.673063962415,358.7966819264442,-4112.208194689942,-4015.771799551266,-314159.4477461324,342443.7295077484,0.014059922792556303,0.014059922792556303,71.12414589711877
0.695130086724483,4051.3264533529614,745.8589757503236,356.1958766011768,-4325.260047502827,-3779.1706635709006,-316770.1891006656,356211.82110981,0.014448876084630883,0.014448876084630883,69.20953533982407
0.695797198132088,4055.1603421255627,742.9059451595872,353.7508176139835,-4523.597968167763,-3555.905422960577,-277846.89705287345,313137.37024000456,0.012622285722115325,0.012622285722115325,79.22495354766961
0.6964643095396931,4059.005109375263,739.8292622442395,351.445116539955,-4695.969716686102,-3361.375639901793,-238923.60500507476,270062.9193701921,0.010754350595692994,0.010754350595692994,92.98562392047081
0.6971314209472982,4062.8662022098692,736.646249333932,349.2596036275562,-4842.37529305781,-3195.581314394587,-200000.31295727607,226988.46850037953,0.008901069047065488,0.008901069047065488,112.34605581783245
0.6977985323549032,4066.7457944535713,733.3742287583156,347.1751091252521,-4962.814697282868,-3058.522446438979,-161077.02090948386,183914.01763057424,0.007093867249378101,0.007093867249378101,140.96683301871306
0.6984656437625083,4070.643352611773,730.0305228470406,345.1724632815065,-5057.287929361317,-2950.1990360349237,-122153.72886168517,140839.56676076172,0.005344382520694867,0.005344382520694867,187.1123550995339
0.6991327551701133,4074.5561960896252,726.6324539297588,343.232496344785,-5125.794989293125,-2870.611083182458,-83230.43681389297,97765.11589095637,0.0036497441787106074,0.0036497441787106074,273.99180628415525
0.6997998665777184,4078.4800373244757,723.1973443361196,341.3360385635511,-5168.3358770783125,-2819.7585878815535,-44307.14476609431,54690.66502114384,0.001997260953635274,0.001997260953635274,500.68570067415095
0.7004669779853235,4082.409498269178,719.7425163957747,339.46392018626995,-5184.910592716868,-2797.641550132227,-5383.852718295617,11616.21415133134,0.00036817987357467836,0.00036817987357467836,2716.0637280113815
0.7011340893929285,4086.338606950913,716.2852924383759,337.5969714614064,-5175.519136208797,-2804.2599699344755,33539.43932949658,-31458.236718474014,0.001259372447152367,0.001259372447152367,794.0462746037937
0.7018012008005337,4090.2612822566016,712.8429947935722,335.7160226374245,-5140.161507554096,-2839.613847288301,72462.73137729526,-74532.68758828653,0.002907936810466697,0.002907936810466697,343.8864271055151
0.7024683122081387,4094.1718259756967,709.4329229006673,333.80192706400703,-5079.361533854342,-2903.1745295281066,103394.45064483766,-109541.9462604173,0.004277468894912611,0.004277468894912611,233.78311439958003
0.7031354236157438,4098.067205269722,706.0673007334073,331.84066031224506,-5010.9676272125325,-2976.9291826358194,101650.48146729,-111574.50375649465,0.004351886175937911,0.004351886175937911,229.78542167052007
0.7038025350233489,4101.949054673802,702.7469168555238,329.8297387077454,-4943.7371423035775,-3052.03977803578,99906.51228974228,-113607.06125257198,0.0044185847120672365,0.0044185847120672365,226.31681073556913
0.7044696464309539,4105.819631778261,699.4709951351076,327.7682576859372,-4877.670079127489,-3128.5063157279747,98162.5431121949,-115639.61874864898,0.00447702074117208,0.00447702074117208,223.36282492589052
0.705136757838559,4109.681222664896,696.2387594402476,325.6553126822485,-4812.766437684242,-3206.3287957124276,96418.5739346472,-117672.17624472632,0.0045267071917969755,0.0045267071917969755,220.91112979698343
0.705803869246164,4113.536139244629,693.049433639035,323.4899991321087,-4749.026217973859,-3285.507217989114,94674.60475709979,-119704.73374080332,0.0045672228382794625,0.0045672228382794625,218.95143622480091
0.7064709806537691,4117.386716409994,689.9022415995593,321.27141247094613,-4686.449419996318,-3366.04158255806,92930.63557955211,-121737.29123688064,0.004598220483677878,0.004598220483677878,217.47543501875575
0.7071380920613742,4121.2353090242605,686.7964071899105,318.9986481341897,-4625.036043751633,-3447.931889419252,91186.66640200441,-123769.848732958,0.004619433894575455,0.004619433894575455,216.4767421337683
0.7078052034689792,4125.0842887720055,683.7311542781802,316.6708015572687,-4564.786089239811,-3531.1781385726777,89442.69722445702,-125802.406229035,0.004630683245203684,0.004630683245203684,215.95085369654004
0.7084723148765844,4128.936040898432,680.7057067324565,314.2869681756111,-4505.699556460831,-3615.7803300183623,87698.72804690932,-127834.96372511232,0.004631878874671523,0.004631878874671523,215.89511018267217
0.7091394262841894,4132.792960866746,677.7192884208312,311.8462434246465,-4447.776445414716,-3701.7384637562795,85954.75886936192,-129867.52122118932,0.004623023218307391,0.004623023218307391,216.30866919291097
0.7098065376917945,4136.657450964382,674.7711232113935,309.34772273980286,-4391.016756101445,-3789.0525397864576,84210.78969181424,-131900.07871726668,0.00460421083926965,0.00460421083926965,217.1924863802776
0.7104736490993996,4140.531911664114,671.860439057597,306.7905048236673,-4335.326746468235,-3877.647590462985,83900.81330620495,-132785.83965147988,0.004578806295441586,0.004578806295441586,218.39753321636394
0.7111407605070046,4144.417577973377,668.9873760004593,304.17441779593884,-4277.496669845053,-3964.956708569609,89473.75641011694,-128966.89643220368,0.004568426368099153,0.004568426368099153,218.89375452845124
0.7118078719146097,4148.313059666799,666.1541321318349,301.5009356462531,-4215.948819303305,-4049.7181660896713,95046.69951402985,-125147.95321292683,0.004567671595952089,0.004567671595952089,218.92992501610863
0.7124749833222147,4152.216619858505,663.3631876211174,298.7717579480511,-4150.683194843014,-4131.931963023146,100619.64261794185,-121329.00999365063,0.004576367966269039,0.004576367966269039,218.51389734625442
0.7131420947298198,4156.126540293986,660.6170226376971,295.98858427477177,-4081.699796464158,-4211.598099370056,106192.58572185478,-117510.0667743738,0.004594386440605886,0.004594386440605886,217.656919575125
0.7138092061374249,4160.041125877734,657.9181173509667,293.15311419985557,-4008.998624166747,-4288.716575130392,111765.52882576769,-113691.12355509694,0.004621639646570885,0.004621639646570885,216.37342512023181
0.7144763175450299,4163.958709264874,655.2689519303184,290.267047296743,-3932.579677950795,-4363.287390304139,117338.47192967968,-109872.18033582074,0.0046580786269508736,0.0046580786269508736,214.68079010392077
0.715143428952635,4167.877655544368,652.6720065451437,287.3320831388732,-3852.4429578162762,-4435.310544891325,122911.41503359261,-106053.2371165439,0.004703689574230511,0.004703689574230511,212.5990638239754
0.71581054036024,4171.7963670407535,650.1297613648351,284.34992129968697,-3768.5884637632166,-4504.786038891922,128484.3581375046,-102234.2938972677,0.004758490469829458,0.004758490469829458,210.15067831707552
0.7164776517678452,4175.713288260963,647.6446965587837,281.3222613526235,-3681.0161957915893,-4571.713872305955,134057.30124141753,-98415.35067799086,0.004822527537960275,0.004822527537960275,207.3601430222123
0.7171447631754503,4179.626911012284,645.2192922963822,278.2508028711233,-3589.726153901407,-4636.094045133413,139630.24434533043,-94596.407458714,0.004895871413750345,0.004895871413750345,204.25373043733148
0.7178118745830553,4183.5357797170955,642.8560287470226,275.1372454286267,-3494.718338092686,-4697.926557374283,145203.18744924242,-90777.46423943779,0.004978612914170568,0.004978612914170568,200.8591584121175
0.7184789859906604,4187.438539895158,640.5572943569008,271.98330230752526,-3396.9539141264254,-4757.067753157625,144061.4377678397,-85954.94278272342,0.004893025437332222,0.004893025437332222,204.3725324561608
0.7191460973982654,4191.335257745831,638.3224568309789,268.79113827031114,-3304.2090400837956,-4812.355407602751,133987.69461199178,-79797.4452437845,0.004566926177966328,0.004566926177966328,218.9656589643637
0.7198132088058705,4195.227484339905,636.1472488711371,265.5634613671727,-3218.184475017701,-4863.535325197361,123913.9514561422,-73639.94770484457,0.004233246281657294,0.004233246281657294,236.22533003407142
0.7204803202134756,4199.116596290133,634.0271872825948,262.3030119162228,-3138.8802189281582,-4910.607505941443,113840.20830029261,-67482.45016590462,0.003893925665253772,0.003893925665253772,256.8102439456375
0.7211474316210806,4203.00371340676,631.9577888705711,259.01253023557445,-3066.296271815178,-4953.571949834993,103766.4651444447,-61324.9526269657,0.0035506064502379957,0.0035506064502379957,281.6420276409317
0.7218145430286858,4206.889718350913,629.9345704402848,255.6947566433389,-3000.4326336787362,-4992.428656878021,93692.7219885951,-55167.45508802576,0.003204638574449415,0.003204638574449415,312.0476698910762
0.7224816544362908,4210.775276955543,627.9530487969557,252.35243145762973,-2941.2893045188544,-5027.177627070516,83618.97883274718,-49009.957549086845,0.0028570937947594416,0.0028570937947594416,350.00601024517533
0.7231487658438959,4214.660859013162,626.008740745802,248.98829499655832,-2888.8662843355137,-5057.818860412491,73545.23567689757,-42852.4600101469,0.002508785843825118,0.002508785843825118,398.5991879144658
0.723815877251501,4218.546759367227,624.0971630920433,245.60508757823757,-2843.163573128724,-5084.352356903937,63471.49252104798,-36694.96247120695,0.002160294809361904,0.002160294809361904,462.8997837083979
0.724482988659106,4222.433119179739,622.213832640899,242.20554952078052,-2804.181170898492,-5106.778116544855,53397.74936520007,-30537.464932268038,0.00181199416068578,0.00181199416068578,551.8781581622388
0.7251501000667111,4226.319947280529,620.3542661975878,238.79242114229856,-2771.9190776448036,-5125.096139335249,43324.00620935047,-24379.967393328094,0.0014640792125963822,0.0014640792125963822,683.0231529799613
0.7258172114743161,4230.207141533096,618.5139805673289,235.368442760905,-2746.37729336767,-5139.306425275113,33250.26305350255,-18222.46985438917,0.0011165961619063823,0.0011165961619063823,895.5789336519698
0.7264843228819212,4234.0945101773095,616.6884925553412,231.93635469471135,-2727.5558180670837,-5149.408974364453,23176.519897652965,-12064.972315449231,0.0007694711390268643,0.0007694711390268643,1299.5939019424188
0.7271514342895263,4237.981793494689,614.8733235685348,228.49889442019042,-2715.343035138056,-5155.4727121838305,14907.659210788668,-7022.027329320895,0.0004848708398807594,0.0004848708398807594,2062.4049081729113
0.7278185456971313,4241.868780959991,613.0651793657494,225.05806805180774,-2705.5109444113004,-5160.1085169831895,14568.94878802897,-6876.115459152956,0.00047415580659013906,0.00047415580659013906,2109.0113968896335
0.7284856571047365,4245.755467810284,611.263518893406,221.61418155329574,-2695.90481127144,-5164.646982309452,14230.238365269215,-6730.203588984991,0.0004634256918705195,0.0004634256918705195,2157.8432476708663
0.7291527685123415,4249.6418792867535,609.4681914126218,218.16729986092864,-2686.5246357184797,-5169.088108162621,13891.527942509518,-6584.291718817052,0.0004526814409728588,0.0004526814409728588,2209.0589750065687
0.7298198799199466,4253.528039748866,607.6790461845119,214.7174879109782,-2677.3704177524155,-5173.431894542698,13552.817519749762,-6438.379848649088,0.0004419239642870664,0.0004419239642870664,2262.8327061042037
0.7304869913275517,4257.413972694462,605.8959324701929,211.26481063971784,-2668.442157373249,-5177.6783414496795,13214.107096990007,-6292.467978481123,0.0004311541379552221,0.0004311541379552221,2319.3561466035517
0.7311541027351567,4261.299700779918,604.1186995307813,207.80933298342106,-2659.7398545809815,-5181.827448883566,12875.39667423031,-6146.556108313184,0.0004203728045059904,0.0004203728045059904,2378.840850980287
0.7318212141427618,4265.185245840361,602.3471966273927,204.3511198783596,-2651.2635093756103,-5185.87921684436,12536.68625147055,-6000.64423814522,0.0004095807735090006,0.0004095807735090006,2441.5208541961133
0.7324883255503668,4269.070628909937,600.5812730211437,200.89023626080763,-2643.0131217571384,-5189.833645332059,12197.975828710853,-5854.732367977281,0.0003987788222479965,0.0003987788222479965,2507.6557334785202
0.7331554369579719,4272.95587024213,598.82077797315,197.42674706703684,-2634.988691725563,-5193.6907343466655,11859.265405951099,-5708.820497809316,0.0003879676964115454,0.0003879676964115454,2577.534184545168
0.733822548365577,4276.84098933012,597.0655607445278,193.9607172333206,-2627.190219280885,-5197.450483888175,11520.554983191341,-5562.908627641353,0.00037714811080023585,0.00037714811080023585,2651.4782160202053
0.734489659773182,4280.726004927191,595.3154705963941,190.49221169593267,-2619.6177044231063,-5201.112893956593,11181.844560431644,-5416.996757473414,0.00036632075004923816,0.00036632075004923816,2729.848090411442
0.7351567711807871,4284.610935067179,593.5703567898635,187.02129539114455,-2612.2711471522234,-5204.677964551916,10843.13413767189,-5271.08488730545,0.00035548626936521,0.00035548626936521,2813.048171412344
0.7358238825883922,4288.495797084946,591.8300685860535,183.54803325523042,-2605.150547468241,-5208.145695674144,10504.423714912191,-5125.17301713751,0.0003446452952765651,0.0003446452952765651,2901.5338775988134
0.7364909939959973,4292.3806076369065,590.0944552460797,180.07249022446206,-2598.255905371154,-5211.51608732328,10165.713292152435,-4979.261146969547,0.00033379842639611265,0.00033379842639611265,2995.8199947093754
0.7371581054036024,4296.265382721563,588.3633660310581,176.59473123511285,-2591.5872208609653,-5214.789139499322,9827.002869392682,-4833.349276801582,0.00032294623419520935,0.00032294623419520935,3096.490666602838
0.7378252168112074,4300.150137700089,586.6366502021054,173.11482122345646,-2585.1444939376747,-5217.964852202268,9488.292446632982,-4687.437406633642,0.000312089263788508,0.000312089263788508,3204.2114741815185
0.7384923282188125,4304.034887316934,584.914157020337,169.63282512576444,-2578.9277246012816,-5221.043225432122,9149.582023873227,-4541.525536465679,0.00030122803472849483,0.00030122803472849483,3319.744129729916
0.7391594396264175,4307.919645720446,583.1957357468699,166.14880787831095,-2572.9369128517865,-5224.024259188879,8810.871601113528,-4395.613666297739,0.00029036304180904757,0.00029036304180904757,3443.9644720957062
0.7398265510340226,4311.804426483525,581.4812356428192,162.66283441736778,-2567.1720586891893,-5226.907953472545,8472.161178353774,-4249.701796129776,0.00027949475587721534,0.00027949475587721534,3577.884661418511
0.7404936624416277,4315.68924262429,579.7705059693019,159.17496967920837,-2561.6331621134887,-5229.694308283116,8133.450755594017,-4103.789925961812,0.00026862362465257273,0.00026862362465257273,3722.6807630689996
0.7411607738492327,4319.574106626769,578.063395987434,155.68527860010624,-2556.3202231246873,-5232.383323620593,7794.740332834318,-3957.878055793872,0.0002577500735534235,0.0002577500735534235,3879.7273118633325
0.7418278852568378,4323.459030461607,576.3597549583313,152.19382611633316,-2551.2332417227826,-5234.974999484976,7456.029910074564,-3811.966185625908,0.00024687450652924233,0.00024687450652924233,4050.641008092708
0.7424949966644429,4327.344025606778,574.6594321431105,148.70067716416315,-2546.3722179077768,-5237.469335876265,7117.319487314864,-3666.054315457968,0.00023599730689876906,0.00023599730689876906,4237.336489729307
0.743162108072048,4331.22910306833,572.962276802887,145.20589667986798,-2541.7371516796675,-5239.86633279446,6778.6090645551085,-3520.142445290004,0.00022511883819314934,0.00022511883819314934,4442.098262527508
0.7438292194796531,4335.114273401119,571.2681381987773,141.7095495997211,-2537.3280430384566,-5242.1659902395595,6439.898641795354,-3374.2305751220406,0.00021423944500364067,0.00021423944500364067,4667.674526430025
0.7444963308872581,4338.99954672957,569.5768655918979,138.21170085999609,-2533.1448919841437,-5244.368308211567,6101.188219035655,-3228.3187049541007,0.00020335945383334153,0.00020335945383334153,4917.401090285808
0.7451634422948632,4342.884932768443,567.8883082433645,134.71241539696464,-2529.187698516728,-5246.473286710479,5762.4777962759,-3082.406834786137,0.00019247917395249288,0.00019247917395249288,5195.367267353386
0.7458305537024682,4346.770440843599,566.2023154142935,131.21175814690088,-2525.4564626362107,-5248.480925736298,5423.767373516202,-2936.4949646181976,0.00018159889825693128,0.00018159889825693128,5506.641337576682
0.7464976651100733,4350.656079912786,564.5187363658007,127.70979404607647,-2521.9511843425903,-5250.391225289021,5085.056950756446,-2790.583094450233,0.00017071890412923837,0.00017071890412923837,5857.582117812657
0.7471647765176784,4354.5418585864145,562.8374203590026,124.20658803076499,-2518.6718636358682,-5252.204185368653,4746.34652799669,-2644.6712242822696,0.0001598394543022587,0.0001598394543022587,6256.277615343866
0.7478318879252834,4358.427785148355,561.1582166550155,120.70220503723986,-2515.6185005160437,-5253.91980597519,4407.636105236992,-2498.75935411433,0.00014896079772458283,0.00014896079772458283,6713.175649400884
0.7484989993328885,4362.313867576724,559.4809745149548,117.19671000177287,-2512.7910949831166,-5255.538087108631,4068.9256824772365,-2352.847483946366,0.0001380831704276808,0.0001380831704276808,7242.012164862165
0.7491661107404936,4366.200113564679,557.8055431999376,113.69016786063808,-2510.1896470370884,-5257.059028768981,3730.215259717538,-2206.9356137784266,0.00012720679639439538,0.00012720679639439538,7861.2151893171895
0.7498332221480987,4370.086530541216,556.131771971079,110.18264355010724,-2507.814156677957,-5258.482630956234,3391.5048369577826,-2061.0237436104626,0.00011633188842846154,0.00011633188842846154,8596.095305501307
0.7505003335557038,4373.973125691966,554.4595100894959,106.67420200645384,-2505.664623905723,-5259.808893670395,3052.794414198028,-1915.1118734424986,0.00010545864902483734,0.00010545864902483734,9482.389630882553
0.7511674449633088,4377.859905979987,552.7886068163047,103.16490816595142,-2503.741048720388,-5261.037816911462,2714.0839914383296,-1769.2000032745593,9.458727124055426e-05,9.458727124055426e-05,10572.247056972401
0.7518345563709139,4381.746878166568,551.1189114126204,99.65482696487166,-2502.0434311219497,-5262.169400679435,2375.3735686785735,-1623.2881331065953,8.371793956587151e-05,8.371793956587151e-05,11944.871137364451
0.7525016677785189,4385.634048832017,549.4502731395604,96.14402333948867,-2500.57177111041,-5263.203644974312,2036.6631459188752,-1477.3762629386558,7.285083079553787e-05,7.285083079553787e-05,13726.67942259418
0.753168779186124,4389.521424396456,547.78254125824,92.63256222607417,-2499.326068685767,-5264.140549796097,1697.9527231591198,-1331.4643927706916,6.198611489991363e-05,6.198611489991363e-05,16132.645216023911
0.7538358905937291,4393.4090111406085,546.1155650297756,89.1205085609017,-2498.306323848022,-5264.980115144786,1359.242300399365,-1185.552522602728,5.112395589582019e-05,5.112395589582019e-05,19560.30167222952
0.7545030020013341,4397.296815226591,544.4491937152836,85.60792728024472,-2497.5125365971753,-5265.722341020384,1020.5318776396662,-1039.6406524347883,4.0264512716893816e-05,4.0264512716893816e-05,24835.76560409805
0.7551701134089392,4401.184842718692,542.7832765758799,82.09488332037498,-2496.944706933227,-5266.367227422887,681.8214548799108,-893.7287822668245,2.9407940083296535e-05,2.9407940083296535e-05,34004.42183871259
0.7558372248165443,4405.073099604151,541.1176628726805,78.58144161756654,-2496.602834856175,-5266.9147743522935,343.1110321202118,-747.8169120988848,1.8554389370643552e-05,1.8554389370643552e-05,53895.6028152661
0.7565043362241494,4408.961591813934,539.4522018668018,75.0676671080912,-2496.4869203660214,-5267.364981808609,4.400609360457111,-601.905041930921,7.704009477951858e-06,7.704009477951858e-06,129802.54020479918
0.7571714476317545,4412.8503252435,537.7867428193597,71.55362472822239,-2496.596963462766,-5267.7178497918285,-334.30981339929826,-455.9931717629571,3.143052305480839e-06,3.143052305480839e-06,318162.0612091644
0.7578385590393595,4416.739305773564,536.1211349914709,68.03937941423366,-2496.9329641464074,-5267.973378301954,-673.0202361589968,-310.0813015950175,1.3986649434452408e-05,1.3986649434452408e-05,71496.75157631139
0.7585056704469646,4420.628539290858,534.4552276442507,64.52499610239671,-2497.4949224169472,-5268.131567338986,-1011.7306589187522,-164.1694314270536,2.4826635243607746e-05,2.4826635243607746e-05,40279.32058402782
0.7591727818545696,4424.518031708873,532.7888700388161,61.01053972898566,-2498.2828382743846,-5268.192416902925,-1350.4410816784507,-18.257561259114027,3.566286208468324e-05,3.566286208468324e-05,28040.374258954602
0.7598398932621747,4428.407788988612,531.1219114362825,57.49607523027219,-2499.2967117187195,-5268.155926993768,-1689.1515044382063,127.65430890884986,4.649518046542631e-05,4.649518046542631e-05,21507.60551932038
0.7605070046697798,4432.297817159314,529.4542010977665,53.981667542529884,-2500.5365427499523,-5268.022097611518,-2027.8619271979612,273.56617907681374,5.732343819027271e-05,5.732343819027271e-05,17444.871270294658
0.7611741160773848,4436.188122201148,527.7855893010418,50.467381272126296,-2501.989022731874,-5267.795247415293,-2250.4271713105904,381.78888057478406,6.458731895445535e-05,6.458731895445535e-05,15482.915473007388
0.76184122748499,4440.078702482395,526.1159830741493,46.95326260993703,-2503.490514052128,-5267.5284768922975,-2251.043806812837,417.989147362831,6.504699585742348e-05,6.504699585742348e-05,15373.500141219438
0.762508338892595,4443.9695447799395,524.445375048056,43.43932996864791,-2504.9924167369613,-5267.237556758371,-2251.660442315084,454.1894141508719,6.550746965176052e-05,6.550746965176052e-05,15265.434694944362
0.7631754503002001,4447.860634912763,522.773764948335,39.925599458738716,-2506.4947307863713,-5266.92248701351,-2252.277077817331,490.3896809389188,6.596875494062529e-05,6.596875494062529e-05,15158.69142748022
0.7638425617078052,4451.751958705275,521.1011525005612,36.412087190691004,-2507.9974562003595,-5266.583267657717,-2252.8937133195777,526.5899477269658,6.643086635111712e-05,6.643086635111712e-05,15053.24339313217
0.7645096731154102,4455.643501987362,519.4275374303085,32.89880927498625,-2509.500592978926,-5266.219898690993,-2253.5103488218247,562.7902145150067,6.689381853521988e-05,6.689381853521988e-05,14949.064381389675
0.7651767845230153,4459.535250594432,517.7529194631501,29.385781822104267,-2511.00414112207,-5265.832380113336,-2254.126984324072,598.9904813030537,6.735762617074543e-05,6.735762617074543e-05,14846.12889214788
0.7658438959306203,4463.427190367455,516.077298324661,25.873020942527166,-2512.508100629792,-5265.420711924745,-2254.743619826319,635.1907480910945,6.782230396227668e-05,6.782230396227668e-05,14744.412111924245
0.7665110073382254,4467.319307153013,514.4006737404142,22.36054274673468,-2514.012471502092,-5264.984894125222,-2255.3602553285664,671.3910148791415,6.828786664211226e-05,6.828786664211226e-05,14643.889891023668
0.7671781187458305,4471.211586803338,512.7230454359844,18.848363345208387,-2515.5172537389694,-5264.5249267147665,-2255.976890830813,707.5912816671885,6.875432897121056e-05,6.875432897121056e-05,14544.538721608777
0.7678452301534355,4475.10401517636,511.04441313694565,15.336498848429777,-2517.0224473404246,-5264.040809693377,-2256.5935263330603,743.7915484552294,6.922170574013504e-05,6.922170574013504e-05,14446.335716633399
0.7685123415610406,4478.996578135757,509.3647765688715,11.824965366878656,-2518.528052306459,-5263.5325430610565,-2257.210161835307,779.9918152432764,6.96900117699999e-05,6.96900117699999e-05,14349.258589600056
0.7691794529686456,4482.889261550989,507.68413545733637,8.313779011037099,-2520.0340686370696,-5263.000126817803,-2257.826797337554,816.1920820313172,7.015926191341644e-05,7.015926191341644e-05,14253.285635104032
0.7698465643762508,4486.782051297358,506.0024895279138,4.802955891384908,-2521.540496332259,-5262.4435609636175,-2258.443432839801,852.3923488193643,7.062947105544054e-05,7.062947105544054e-05,14158.39571012858
0.7705136757838559,4490.674933256037,504.31983850617786,1.2925121184036077,-2523.047335392026,-5261.862845498497,-2259.0600683420485,888.5926156074112,7.110065411452067e-05,7.110065411452067e-05,14064.568216057707
0.7711807871914609,4494.567893314129,502.63618211770324,-2.2175361974252934,-2524.5545858163714,-5261.257980422446,-2259.676703844295,924.7928823954521,7.157282604344714e-05,7.157282604344714e-05,13971.78308137457
0.771847898599066,4498.46091736471,500.95152008806315,-5.727172945622014,-2526.0622476052945,-5260.628965735462,-2260.293339346542,960.9931491834991,7.204600183030286e-05,7.204600183030286e-05,13880.020745015107
0.772515010006671,4502.353991306871,499.265852142832,-9.236382015704447,-2527.5703207587944,-5259.975801437545,-2260.9099748487893,997.1934159715399,7.252019649941437e-05,7.252019649941437e-05,13789.262140348384
0.7731821214142761,4506.2471010457675,497.5791780075834,-12.745147297192803,-2529.0788052768735,-5259.298487528695,-2261.526610351036,1033.3936827595867,7.299542511230532e-05,7.299542511230532e-05,13699.488679755952
0.7738492328218812,4510.140232492668,495.8914974078917,-16.253452679605566,-2530.5877011595308,-5258.597024008913,-2262.143245853283,1069.5939495476339,7.347170276865016e-05,7.347170276865016e-05,13610.682239784603
0.7745163442294862,4514.033371564995,494.20281006933095,-19.76128205246121,-2532.097008406765,-5257.871410878198,-2262.7598813555305,1105.7942163356747,7.394904460723036e-05,7.394904460723036e-05,13522.82514684747
0.7751834556370913,4517.926504186382,492.5131157174748,-23.26861930527995,-2533.606727018577,-5257.121648136552,-2263.3765168577775,1141.9944831237217,7.442746580689174e-05,7.442746580689174e-05,13435.900163450187
0.7758505670446963,4521.819616286709,490.82241407789763,-26.775448327579706,-2535.1168569949673,-5256.34773578397,-2263.993152360024,1178.1947499117628,7.490698158750331e-05,7.490698158750331e-05,13349.890474919755
0.7765176784523015,4525.71269380216,489.130704876173,-30.281753008880653,-2536.6273983359356,-5255.549673820457,-2264.6097878622713,1214.3950166998095,7.538760721091828e-05,7.538760721091828e-05,13264.779676614691
0.7771847898599066,4529.6057226752655,487.4379878378751,-33.78751723870132,-2538.1383510414807,-5254.727462246012,-2265.2264233645183,1250.5952834878565,7.586935798193658e-05,7.586935798193658e-05,13180.551761596373
0.7778519012675116,4533.498688854951,485.7442626885782,-37.292724906560125,-2539.6497151116046,-5253.881101060633,-2265.843058866765,1286.7955502758975,7.63522492492694e-05,7.63522492492694e-05,13097.191108742207
0.7785190126751167,4537.391578296589,484.04952915385593,-40.79735990197734,-2541.1614905463066,-5253.010590264323,-2266.459694369012,1322.9958170639443,7.683629640650628e-05,7.683629640650628e-05,13014.682471282189
0.7791861240827217,4541.284376962041,482.35378695928273,-44.30140611447084,-2542.6736773455864,-5252.115929857079,-2267.0763298712595,1359.1960838519853,7.732151489308332e-05,7.732151489308332e-05,12933.010965741614
0.7798532354903268,4545.177070819714,480.65703583043194,-47.80484743356087,-2544.186275509444,-5251.197119838904,-2267.692965373506,1395.3963506400323,7.780792019525468e-05,7.780792019525468e-05,12852.162061272878
0.7805203468979319,4549.069645844602,478.95927549287796,-51.30766774876584,-2545.6992850378792,-5250.2541602097945,-2268.3096008757534,1431.5966174280793,7.829552784706556e-05,7.829552784706556e-05,12772.121569360861
0.7811874583055369,4552.96208801834,477.260505672195,-54.80985094960428,-2547.2127059308928,-5249.287050969753,-2268.9262363780003,1467.7968842161201,7.878435343132793e-05,7.878435343132793e-05,12692.875633886442
0.781854569713142,4556.854383329255,475.56072609395653,-58.3113809255964,-2548.7265381884836,-5248.295792118779,-2269.5428718802473,1503.997151004167,7.927441258059916e-05,7.927441258059916e-05,12614.41072153375
0.782521681120747,4560.746517772408,473.85993648373704,-61.8122415662601,-2550.2407818106526,-5247.280383656873,-2270.159507382494,1540.197417792208,7.97657209781621e-05,7.97657209781621e-05,12536.71361252756
0.7831887925283522,4564.638477349654,472.1581365671101,-65.3124167611156,-2551.7554367973994,-5246.240825584033,-2270.7761428847416,1576.3976845802551,8.025829435900942e-05,8.025829435900942e-05,12459.771391687253
0.7838559039359573,4568.530248069683,470.4553260696499,-68.81189039968135,-2553.2705031487244,-5245.177117900261,-2271.3927783869885,1612.597951368302,8.0752148510829e-05,8.0752148510829e-05,12383.571439785263
0.7845230153435623,4572.421815948077,468.75150471693075,-72.31064637147587,-2554.7859808646267,-5244.089260605557,-2272.0094138892355,1648.7982181563427,8.124729927499349e-05,8.124729927499349e-05,12308.10142519756
0.7851901267511674,4576.31316700736,467.04667223452617,-75.80866856601934,-2556.3018699451077,-5242.977253699919,-2272.6260493914824,1684.99848494439,8.174376254755253e-05,8.174376254755253e-05,12233.349295834936
0.7858572381587724,4580.2042872770435,465.34082834801035,-79.30594087282967,-2557.818170390166,-5241.841097183349,-2273.2426848937293,1721.1987517324308,8.224155428022708e-05,8.224155428022708e-05,12159.30327134424
0.7865243495663775,4584.0951627936865,463.63397278295713,-82.80244718142708,-2559.3348821998025,-5240.680791055846,-2273.8593203959767,1757.399018520478,8.274069048140852e-05,8.274069048140852e-05,12085.951835568687
0.7871914609739826,4587.98577960094,461.9261052649406,-86.29817138133004,-2560.8520053740162,-5239.496335317411,-2274.475955898223,1793.5992853085247,8.32411872171593e-05,8.32411872171593e-05,12013.283729257775
0.7878585723815876,4591.876123749601,460.2172255195352,-89.79309736205707,-2562.3695399128082,-5238.287729968042,-2275.09259140047,1829.7995520965655,8.374306061221794e-05,8.374306061221794e-05,11941.287943016763
0.7885256837891927,4595.766181297666,458.5073332723142,-93.2872090131283,-2563.8874858161785,-5237.0549750077425,-2275.7092269027175,1865.9998188846123,8.424632685100742e-05,8.424632685100742e-05,11869.953710486809
0.7891927951967977,4599.655938310381,456.79642824885224,-96.78049022406174,-2565.4058430841264,-5235.798070436509,-2276.3258624049645,1902.2000856726534,8.475100217864621e-05,8.475100217864621e-05,11799.270501747047
0.7898599066044029,4603.545380860299,455.0845101747227,-100.2729248843775,-2566.924611716652,-5234.517016254344,-2276.9424979072114,1938.4003524607003,8.525710290196383e-05,8.525710290196383e-05,11729.228016930021
0.790527018012008,4607.434495027324,453.3715787755,-103.76449688359413,-2568.4437917137566,-5233.211812461245,-2277.559133409459,1974.6006192487473,8.576464539051951e-05,8.576464539051951e-05,11659.816180042653
0.791194129419613,4611.323266898774,451.6576337767581,-107.25519011123008,-2569.9633830754374,-5231.882459057213,-2278.1757689117057,2010.8008860367884,8.62736460776247e-05,8.62736460776247e-05,11591.025132984993
0.7918612408272181,4615.211682569428,449.9426749040707,-110.74498845680554,-2571.4833858016964,-5230.52895604225,-2278.7924044139527,2047.0011528248351,8.678412146136969e-05,8.678412146136969e-05,11522.845229759352
0.7925283522348231,4619.099728141583,448.2267018830123,-114.23387580983848,-2573.0037998925336,-5229.151303416353,-2279.4090399161996,2083.201419612876,8.72960881056538e-05,8.72960881056538e-05,11455.267030862913
0.7931954636424282,4622.987389725107,446.50971443915637,-117.72183605984907,-2574.524625347949,-5227.749501179524,-2280.0256754184466,2119.401686400923,8.780956264121979e-05,8.780956264121979e-05,11388.28129785693
0.7938625750500333,4626.874653437494,444.7917122980772,-121.20885309635578,-2576.0458621679422,-5226.3235493317625,-2280.6423109206935,2155.60195318897,8.832456176669234e-05,8.832456176669234e-05,11321.878988106175
0.7945296864576383,4630.761505403916,443.072695185349,-124.6949108088771,-2577.567510352513,-5224.873447873068,-2281.2589464229404,2191.802219977011,8.884110224962067e-05,8.884110224962067e-05,11256.051249682347
0.7951967978652434,4634.647931757284,441.35266282654527,-128.17999308693328,-2579.089569901662,-5223.399196803441,-2281.8755819251874,2228.0024867650577,8.935920092752573e-05,8.935920092752573e-05,11190.78941642556
0.7958639092728484,4638.533918638295,439.6316149472405,-131.66408382004215,-2580.6120408153884,-5221.900796122881,-2282.4922174274343,2264.202753553099,8.987887470895128e-05,8.987887470895128e-05,11126.085003158227
0.7965310206804536,4642.419452195498,437.90955127300805,-135.147166897724,-2582.134923093693,-5220.378245831389,-2283.1088529296812,2300.4030203411453,9.040014057451991e-05,9.040014057451991e-05,11061.92970104583
0.7971981320880587,4646.304518585337,436.18647152942236,-138.62922620949723,-2583.658216736576,-5218.831545928963,-2283.7254884319286,2336.6032871291927,9.092301557799345e-05,9.092301557799345e-05,10998.315373099382
0.7978652434956637,4650.1891039722195,434.46237544205763,-142.11024564488037,-2585.1819217440357,-5217.260696415606,-2284.3421239341756,2372.803553917234,9.14475168473377e-05,9.14475168473377e-05,10935.234049814584
0.7985323549032688,4654.073194528567,432.7372627364874,-145.59020909339364,-2586.7060381160745,-5215.665697291315,-2284.9587594364225,2409.0038207052808,9.197366158579276e-05,9.197366158579276e-05,10872.677924942707
0.7991994663108739,4657.956776434871,431.0111331382858,-149.06910044455552,-2588.2305658526902,-5214.046548556092,-2285.57539493867,2445.2040874933277,9.25014670729473e-05,9.25014670729473e-05,10810.639351388807
0.7998665777184789,4661.839835879754,429.2839863730273,-152.54690358788446,-2589.7555049538846,-5212.403250209936,-2286.1920304409164,2481.4043542813683,9.303095066581793e-05,9.303095066581793e-05,10749.110837232656
0.800533689126084,4665.722359060024,427.55582216628494,-156.02360241290063,-2591.2808554196563,-5210.735802252848,-2286.8086659431638,2517.6046210694153,9.35621297999345e-05,9.35621297999345e-05,10688.085041868084
0.801200800533689,4669.604332180733,425.82664024363385,-159.49918080912204,-2592.8066172500057,-5209.0442046848275,-2287.4253014454107,2553.8048878574564,9.409502199042885e-05,9.409502199042885e-05,10627.554772256899
0.8018679119412941,4673.485741455237,424.096440330647,-162.97362266606888,-2594.3327904449334,-5207.328457505873,-2288.0419369476576,2590.005154645503,9.462964483313046e-05,9.462964483313046e-05,10567.512979293075
0.8025350233488993,4677.3665731052515,422.3652221528988,-166.44691187325958,-2595.8593750044392,-5205.588560715987,-2288.658572449905,2626.2054214335503,9.516601600566614e-05,9.516601600566614e-05,10507.952754273758
0.8032021347565043,4681.246813360912,420.63298543596363,-169.91903232021264,-2597.3863709285224,-5203.824514315169,-2289.275207952152,2662.405688221591,9.570415326856561e-05,9.570415326856561e-05,10448.867325473258
0.8038692461641094,4685.126448460835,418.89972990541486,-173.38996789644824,-2598.913778217184,-5202.036318303417,-2289.8918434543984,2698.605955009638,9.624407446637295e-05,9.624407446637295e-05,10390.250054816554
0.8045363575717144,4689.005464652173,417.165455286827,-176.85970249148437,-2600.441596870423,-5200.223972680733,-2290.5084789566454,2734.806221797679,9.678579752876254e-05,9.678579752876254e-05,10332.094434649078
0.8052034689793195,4692.883848190681,415.43016130577354,-180.32821999484116,-2601.96982688824,-5198.387477447115,-2291.1251144588928,2771.006488585726,9.7329340471662e-05,9.7329340471662e-05,10274.394084599347
0.8058705803869246,4696.761585340771,413.6938476878288,-183.79550429603717,-2603.4984682706354,-5196.526832602566,-2291.74174996114,2807.2067553737734,9.78747213983793e-05,9.78747213983793e-05,10217.142748531583
0.8065376917945296,4700.638676972107,411.95648581883603,-187.2615414069099,-2605.1705555670483,-5194.652749785798,-2773.6351803707025,2807.3649388424774,0.00011068079511555867,0.00011068079511555867,9034.991110751675
0.8072048032021347,4704.515205199216,410.21788952593016,-190.7263291386295,-2607.201256228361,-5192.781342558226,-3314.405402245231,2803.1139294184277,0.00012498445487849912,0.00012498445487849912,8000.995011516656
0.8078719146097397,4708.391280433841,408.4778181978989,-194.18986937916824,-2609.5927108735796,-5190.912771227535,-3855.1756241196695,2798.8629199943794,0.00013928223143308216,0.00013928223143308216,7179.666707741165
0.8085390260173448,4712.26701342612,406.7360311716439,-197.65216402038652,-2612.3449195027033,-5189.047035793723,-4395.945845994198,2794.6119105703297,0.00015357041155930162,0.00015357041155930162,6511.6710298965845
0.80920613742495,4716.142515273335,404.99228778406734,-201.11321495414302,-2615.4578821157343,-5187.184136256795,-4936.716067868726,2790.3609011462804,0.000167845264434731,0.000167845264434731,5957.868417484392
0.809873248832555,4720.017897455301,403.2463473720712,-204.57302407229605,-2618.931598712668,-5185.324072616744,-5477.486289743164,2786.1098917222316,0.00018210304184174074,0.00018210304184174074,5491.396463706874
0.8105403602401601,4723.893271869649,401.49796927255744,-208.03159326670615,-2622.7660692935096,-5183.466844873575,-6018.256511617692,2781.858882298182,0.00019633997841730046,0.00019633997841730046,5093.206223516042
0.8112074716477651,4727.768750867,399.7469128224282,-211.4889244292313,-2626.961293858255,-5181.612453027286,-6559.026733492131,2777.607872874133,0.0002105522919492189,0.0002105522919492189,4749.413985202215
0.8118745830553702,4731.6444472860085,397.9929373585852,-214.94501945173172,-2631.5172724069075,-5179.760897077879,-7099.796955366658,2773.356863450084,0.00022473618372269747,0.00022473618372269747,4449.661747544412
0.8125416944629753,4735.520474488256,396.23580221793054,-218.39988022606616,-2636.4340049394655,-5177.912177025352,-7640.567177241187,2769.1058540260346,0.00023888783892088775,0.00023888783892088775,4186.064910282725
0.8132088058705803,4739.396946392982,394.4752667373665,-221.85350864409298,-2641.7114914559284,-5176.066292869705,-8181.337399115626,2764.854844601986,0.00025300342708319115,0.00025300342708319115,3952.5156300400063
0.8138759172781854,4743.273977511643,392.7110902537946,-225.3059065976727,-2647.3497319562975,-5174.22324461094,-8722.107620990155,2760.603835177936,0.00026707910262487754,0.00026707910262487754,3744.2090757828287
0.8145430286857904,4747.151682982269,390.94303210411726,-228.75707597866312,-2653.348726440571,-5172.383032249055,-9262.877842864591,2756.352825753888,0.0002811110054214995,0.0002811110054214995,3557.313590410998
0.8152101400933955,4751.030178603617,389.17085162523614,-232.20701867892478,-2659.708474908752,-5170.54565578405,-9803.648064739122,2752.1018163298386,0.00029509526146154745,0.00029509526146154745,3388.73621706835
0.8158772515010007,4754.90958086909,387.39430815405336,-235.65573659031605,-2666.428977360838,-5168.711115215925,-10344.418286613649,2747.850806905789,0.00030902798357054627,0.00030902798357054627,3235.9529012417597
0.8165443629086057,4758.79000700042,385.61316102747134,-239.1032316046957,-2673.5102337968287,-5166.879410544682,-10885.188508488087,2743.59979748174,0.00032290527220978565,0.00032290527220978565,3096.883470364393
0.8172114743162108,4762.671574981092,383.8271695823913,-242.54950561392394,-2680.952244216726,-5165.05054177032,-11425.958730362614,2739.348788057691,0.0003367232163526476,0.0003367232163526476,2969.798194588127
0.8178785857238158,4766.55440358949,382.0360931557159,-245.99456050985873,-2688.7550086205274,-5163.224508892838,-11966.728952237052,2735.097778633642,0.00035047789444133477,0.00035047789444133477,2853.246997486132
0.8185456971314209,4770.438612431756,380.23969108434665,-249.43839818436052,-2696.918527008236,-5161.401311912236,-12507.499174111581,2730.846769209593,0.0003641653754267152,0.0003641653754267152,2746.005159958543
0.819212808539026,4774.324321974335,378.4377227051857,-252.8810205292878,-2705.4427993798504,-5159.5809508285165,-13048.26939598611,2726.595759785543,0.0003777817198936846,0.0003777817198936846,2647.031201725219
0.819879919946631,4778.211653576203,376.62994735513547,-256.3224294364992,-2714.3278257353686,-5157.763425641675,-13589.039617860548,2722.3447503614943,0.0003913229812743773,0.0003913229812743773,2555.433868829817
0.8205470313542361,4782.100729520756,374.8161243710972,-259.76262679785486,-2723.573606074794,-5155.9487363517155,-14129.809839735075,2718.093740937445,0.0004047852071512658,0.0004047852071512658,2470.446010212784
0.8212141427618411,4785.991673047336,372.9960130899737,-263.2016145052131,-2733.1801403981235,-5154.136882958636,-14670.580061609513,2713.8427315133963,0.00041816444065196945,0.00041816444065196945,2391.4037225185334
0.8218812541694462,4789.884608382392,371.1693728486662,-266.63939445043405,-2743.14742870536,-5152.327865462438,-15211.35028348404,2709.591722089347,0.0004314567219374276,0.0004314567219374276,2317.729563951552
0.8225483655770514,4793.779660770248,369.33596298407707,-270.0759685253762,-2753.4754709965027,-5150.52168386312,-15752.12050535857,2705.340712665298,0.00044465808978473684,0.00044465808978473684,2248.918940132427
0.8232154769846564,4797.6769565034665,367.4955428331086,-273.51133862189835,-2764.164267271549,-5148.718338160683,-16292.89072723301,2701.0897032412495,0.0004577645832657946,0.0004577645832657946,2184.5289840157075
0.8238825883922615,4801.576622952802,365.6478717326621,-276.94550663186067,-2775.2138175305026,-5146.917828355126,-16833.660949107536,2696.8386938172,0.0004707722435225616,0.0004707722435225616,2124.1694126176226
0.8245496997998665,4805.478788596697,363.79270901964037,-280.3784744471212,-2786.6241217733595,-5145.120154446451,-17374.431170981978,2692.5876843931514,0.00048367711563945907,0.00048367711563945907,2067.494962373652
0.8252168112074716,4809.383583050349,361.9298140309446,-283.8102439595403,-2798.3951800001246,-5143.325316434656,-17915.201392856507,2688.3366749691018,0.0004964752506132023,0.0004964752506132023,2014.1990940432347
0.8258839226150767,4813.291137094291,360.0589461034772,-287.24081706097644,-2810.526992210795,-5141.533314319741,-18455.971614731032,2684.0856655450525,0.0005091627074199546,0.0005091627074199546,1964.0087253586023
0.8265510340226817,4817.201582702494,358.1798645741405,-290.6701956432883,-2823.019558405369,-5139.744148101708,-18996.741836605474,2679.8346561210037,0.0005217355551794779,0.0005217355551794779,1916.6798008542821
0.8272181454302868,4821.115053069978,356.2923287798357,-294.0983815983361,-2835.8728785838503,-5137.957817780554,-19537.51205848,2675.5836466969545,0.0005341898754155649,0.0005341898754155649,1871.9935476539408
0.8278852568378918,4825.031682639889,354.39609805746557,-297.525376817978,-2849.0869527462355,-5136.174323356281,-20078.282280354437,2671.3326372729057,0.0005465217644117076,0.0005465217644117076,1829.7532964243978
0.8285523682454969,4828.951607130071,352.4909317439315,-300.95118319407413,-2862.661780892528,-5134.393664828888,-20619.052502228966,2667.0816278488564,0.0005587273356606762,0.0005587273356606762,1789.781770418542
0.829219479653102,4832.874963559064,350.5765891761358,-304.3758026184833,-2876.597363022727,-5132.615842198376,-21159.822724103495,2662.8306184248067,0.0005708027224062382,0.0005708027224062382,1751.9187641300416
0.8298865910607071,4836.801670893925,348.6525019287352,-307.79880112243296,-2892.395616477169,-5128.843594802358,-26288.78805464695,8759.99501700685,0.000784562662877189,0.000784562662877189,1274.5954495626238
0.8305537024683122,4840.730731210204,346.7167151791589,-311.2179010959821,-2911.673004687838,-5120.927337748133,-31504.82180093436,14972.943631557944,0.0010024880233620648,0.0010024880233620648,997.5181515348975
0.8312208138759172,4844.660931221504,344.76690759835026,-314.63033754618056,-2934.4300685131047,-5108.86635179828,-36720.855547220905,21185.892246108007,0.0012213298519369675,0.0012213298519369675,818.7796264981573
0.8318879252835223,4848.591097603624,342.8007578550111,-318.0333454771015,-2960.6668079529763,-5092.660636952793,-41936.88929350831,27398.840860659104,0.001441637550782859,0.001441637550782859,693.6556275583731
0.8325550366911274,4852.520105873945,340.8159446178446,-321.42415989281676,-2990.383223007449,-5072.310193211674,-47152.92303979573,33611.7894752102,0.0016639252034888314,0.0016639252034888314,600.988552792669
0.8332221480987324,4856.446889412056,338.8101465555539,-324.8000157973981,-3023.579313676518,-5047.815020574929,-52368.95678608227,39824.73808976026,0.0018886661730729965,0.0018886661730729965,529.474194146723
0.8338892595063375,4860.370448654591,336.781042336841,-328.15814819491897,-3060.255079960193,-5019.1751190425475,-57584.99053236969,46037.68670431136,0.002116286680129221,0.002116286680129221,472.52577327516883
0.8345563709139425,4864.289860492115,334.72631063040933,-331.49579208945045,-3100.410521858463,-4986.390488614541,-62801.02427865622,52250.635318861416,0.002347158219623149,0.002347158219623149,426.04712014708423
0.8352234823215476,4868.204287891574,332.6436301049609,-334.81018248506604,-3144.0456393713416,-4949.4611292908985,-68017.05802494363,58463.58393341252,0.0025815886926361816,0.0025815886926361816,387.35837465218094
0.8358905937291528,4872.112989762526,330.5306794291987,-338.0985543858373,-3191.160432498821,-4908.3870410716245,-73233.09177123105,64676.53254796361,0.00281981215557164,0.00281981215557164,354.6335517506404
0.8365577051367578,4876.015331079179,328.38513727182595,-341.3581427958361,-3241.754901240893,-4863.168223956726,-78449.12551751759,70889.48116251368,0.003061977127086889,0.003061977127086889,326.5863716465388
0.8372248165443629,4879.910793262778,326.20468230154484,-344.58618271913593,-3295.8290455975766,-4813.804677946191,-83665.15926380502,77102.42977706477,0.0033081334456911303,0.0033081334456911303,302.2852664249406
0.8378919279519679,4883.7989848200905,323.98699318705854,-347.7799091598079,-3353.3828655688503,-4760.296403040032,-88881.19301009155,83315.37839161484,0.0035582177421165776,0.0035582177421165776,281.03957443738614
0.838559039359573,4887.679652223486,321.72974859706903,-350.9365571219253,-3414.4163611547337,-4702.643399238232,-94097.22675637896,89528.32700616593,0.0038120376836790217,0.0038120376836790217,262.3268925911807
0.8392261507671781,4891.552691006059,319.4306272002797,-354.0533616095601,-3478.9295323552215,-4640.845666540803,-99313.26050266637,95741.27562071702,0.004069255265796897,0.004069255265796897,245.74521249754193
0.8398932621747831,4895.418157031637,317.08730766539344,-357.127557626784,-3546.922379170298,-4574.903204947754,-104529.29424895292,101954.2242352671,0.004329369570401282,0.004329369570401282,230.98051199803476
0.8405603735823882,4899.2762778839615,314.6974686611122,-360.15638017767003,-3618.394901599987,-4504.816014459061,-109745.32799524032,108167.17284981819,0.0045916995819204436,0.0045916995819204436,217.78428273867115
0.8412274849899932,4903.12746430211,312.2587888561396,-363.1370642662899,-3693.347099644264,-4430.584095074749,-114961.36174152687,114380.12146436825,0.004855367845664425,0.004855367845664425,205.95761882242243
0.8418945963975983,4906.972321570394,309.76894691917755,-366.06684489671665,-3771.778973303156,-4352.207446794795,-120177.39548781427,120593.07007891934,0.005119285963412266,0.005119285963412266,195.33974213338314
0.8425617078052035,4910.8116607508055,307.22562151892924,-368.9429570730221,-3853.690522576649,-4269.68606961921,-125393.4292341017,126806.01869347045,0.00538214313411901,0.00538214313411901,185.79959229636646
0.8432288192128085,4914.64650962514,304.6264913240978,-371.7626357992782,-3939.0817474647292,-4183.019963548007,-130609.46298038823,133018.9673080205,0.005642399144888709,0.005642399144888709,177.22957456951127
0.8438959306204136,4918.478123192788,301.96923500338494,-374.52311607955795,-4027.952647967424,-4092.2091285811584,-135825.49672667563,139231.91592257158,0.005898283372825002,0.005898283372825002,169.54085397240704
0.8445630420280186,4922.307993549779,299.2515312254945,-377.221632917933,-4120.303224084706,-3997.2535647186955,-141041.5304729622,145444.86453712167,0.006147801439771019,0.006147801439771019,162.65977517277233
0.8452301534356237,4926.137858956181,296.47105865912823,-379.8554213184764,-4216.133475816604,-3898.1532719605857,-146257.5642192496,151657.81315167277,0.006388751132302707,0.006388751132302707,156.52511410936248
0.8458972648432288,4929.969711883589,293.6254959729893,-382.42171628526,-4315.443403163104,-3794.908250306844,-151473.597965537,157870.76176622385,0.006618749020511767,0.006618749020511767,151.08595248149766
0.8465643762508338,4933.805805823858,290.712521835781,-384.91775282235574,-4418.233006124188,-3687.5184997574897,-156689.63171182355,164083.71038077393,0.006835268847376551,0.006835268847376551,146.3000245240991
0.8472314876584389,4937.648660635908,287.72981491620493,-387.3407659338366,-4524.502284699891,-3575.984020312486,-161905.66545811095,170296.65899532504,0.007035692193901141,0.007035692193901141,142.13242598458834
0.8478985990660439,4941.501066211033,284.675053882965,-389.6879906237742,-4634.251238890176,-3460.30481197187,-167121.69920439748,176509.60760987506,0.0072173711520617705,0.0072173711520617705,138.554603737447
0.848565710473649,4945.366084250025,281.5459174047628,-391.9566618962416,-4747.479868695081,-3340.480874735604,-172337.7329506849,182722.5562244262,0.007377701784887018,0.007377701784887018,135.54356480611176
0.8492328218812542,4949.246841672624,278.34024483402743,-394.1438842311431,-4862.829918644399,-3215.408891117843,-169899.56727302432,195153.04804060125,0.0075470410650736956,0.0075470410650736956,132.5022603398588
0.8498999332888592,4953.142646779514,275.05906994901454,-396.2441672608391,-4973.112650878247,-3079.2494145960854,-160728.06396408234,213053.06257166853,0.007767486705574587,0.007767486705574587,128.741771683023
0.8505670446964643,4957.049375049056,271.70636502731486,-398.2496336604708,-5077.276968629829,-2931.1486341843315,-151556.5606551389,230953.07710273884,0.008024032697534324,0.008024032697534324,124.62561378984489
0.8512341561040693,4960.963152431363,268.28621173302696,-400.152317249991,-5175.322871899111,-2771.106549882632,-142385.0573461969,248853.09163380612,0.00831600934320583,0.00831600934320583,120.24998514666159
0.8519012675116744,4964.8805420237,264.80269173024743,-401.94425184935346,-5267.250360686125,-2599.1231616909317,-133213.55403725343,266753.1061648764,0.008642558272502713,0.008642558272502713,115.70648047368269
0.8525683789192795,4968.798593945305,261.25988668307446,-403.6174712785114,-5353.059434990854,-2415.1984696092572,-124042.05072830996,284653.1206959467,0.009002439687178152,0.009002439687178152,111.08099967881637
0.8532354903268845,4972.714898922402,257.66187825560615,-405.16400935741785,-5432.750094813287,-2219.332473637642,-114870.547419368,302553.135227014,0.00939381479896603,0.00939381479896603,106.45302482544888
0.8539026017344896,4976.627645493121,254.01274811193883,-406.5758999060266,-5506.32234015345,-2011.5251737760213,-105699.04411042451,320453.14975808427,0.00981400307810421,0.00981400307810421,101.89521972242665
0.8545697131420946,4980.535680524724,250.3165779161714,-407.8451767442904,-5573.776171011318,-1791.776570024464,-96527.54080148257,338353.16428915155,0.010259218846161336,0.010259218846161336,97.47330815290749
0.8552368245496997,4984.438572455992,246.57744933240022,-408.9638736921632,-5635.111587386912,-1560.086662382896,-87356.03749253908,356253.17882022186,0.010724298724676432,0.010724298724676432,93.2461903265541
0.8559039359573049,4988.336676329963,242.79944402472347,-409.924024569598,-5690.328589280223,-1316.4554508513543,-78184.53418359559,374153.1933512921,0.011202440652416113,0.011202440652416113,89.26626179307833
0.8565710473649099,4992.231199267689,238.9866436572393,-410.7176631965479,-5739.4271766912425,-1060.8829354298819,-69013.03087465365,392053.20788235945,0.011684986239179285,0.011684986239179285,85.57990394948352
0.857238158772515,4996.124264563404,235.14312989404416,-411.33682339296666,-5782.407349619984,-793.3691161183931,-59841.52756571016,409953.22241342964,0.012161289870440843,0.012161289870440843,82.22811976800207
0.85790527018012,5000.018972081805,231.27298439923686,-411.7735389788073,-5819.269108066439,-513.9139929169779,-50670.024256768214,427853.23694449704,0.012618727715764866,0.012618727715764866,79.24729200319277
0.8585723815877251,5003.919372240081,227.38038722579148,-412.0201330581512,-5849.136480240438,-225.09310831856877,-36299.243719418475,430466.27581614803,0.012595013366705385,0.012595013366705385,79.39650168561758
0.8592394929953302,5007.828422465396,223.47172806896387,-412.0754255511307,-5866.859447985246,57.95139411549886,-16834.21357951298,418101.1424811312,0.01214041882262343,0.01214041882262343,82.36948120245405
0.8599066044029352,5011.746756515129,219.55557705361997,-411.94464730249456,-5871.597072074346,332.7469750451737,2630.8165603892776,405736.0091461163,0.011716606025426558,0.011716606025426558,85.34894813650557
0.8605737158105403,5015.674097389909,215.6405968506428,-411.63330126187856,-5863.349352507738,599.2936344705469,22095.846700294765,393370.8758110994,0.01132991496510621,0.01132991496510621,88.2619157407441
0.8612408272181453,5019.609420305456,211.73545013091814,-411.14689037891907,-5842.116289285429,857.5913723915297,41560.876840197016,381005.7424760847,0.010985040239843192,0.010985040239843192,91.03289365959343
0.8619079386257504,5023.551038361713,207.848799565329,-410.4909176032517,-5807.897882407408,1107.640188808208,61025.906980102525,368640.6091410678,0.010685413454397188,0.010685413454397188,93.5855223822422
0.8625750500333556,5027.496685142059,203.98930782476043,-409.6708858845127,-5760.694131873679,1349.4400837205385,80490.93712000799,356275.47580605093,0.010433559553041398,0.010433559553041398,95.84456722715485
0.8632421614409606,5031.443593812188,200.16563758009755,-408.6922981723381,-5700.505037684254,1582.9910571284831,99955.96725991025,343910.3424710361,0.010231413746503637,0.010231413746503637,97.73820361254849
0.8639092728485657,5035.3885726729395,196.38645150222337,-407.5606574163635,-5627.330599839108,1808.2931090321185,119420.99739981574,331545.2091360192,0.010080594828353214,0.010080594828353214,99.20049531078733
0.8645763842561707,5039.3280774198065,192.6604122620236,-406.2814665662256,-5541.1708183382725,2025.346239431371,138886.02753971802,319180.0758010044,0.009982636294296967,0.009982636294296967,100.17393907972941
0.8652434956637758,5043.258280590602,188.99618253038136,-404.8602285715595,-5442.025693181713,2234.150448326312,158351.05767962348,306814.9424659875,0.00993917955502207,0.00993917955502207,100.61192621223147
0.8659106070713809,5047.175138858921,185.40242497818176,-403.3024463820018,-5329.895224369448,2434.7057357169056,177816.08781952897,294449.8091309707,0.00995213440398179,0.00995213440398179,100.48095809476868
0.8665777184789859,5051.0744589702335,181.88780227630966,-401.61362294718845,-5204.779411901494,2627.012101603119,197281.11795943126,282084.6757959558,0.010023811326977909,0.010023811326977909,99.76245236266745
0.867244829886591,5054.953020640176,178.45982897665945,-399.79916994850487,-5072.632205258884,2811.5428475819936,196162.03631062212,271355.8500938636,0.009883136082923794,0.009883136082923794,101.1824578362138
0.867911941294196,5058.813745119079,175.1191510385435,-397.86395305735715,-4943.195243272108,2989.072372769594,191889.97572576866,260877.66641861672,0.009665335257260632,0.009665335257260632,103.4625259634731
0.8685790527018011,5062.661439015803,171.86387136047486,-395.8126357877852,-4816.608221635448,3159.611782096485,187617.91514091447,250399.4827433681,0.009410885170784727,0.009410885170784727,106.25993005465764
0.8692461641094062,5066.500411796973,168.69208871473543,-393.6498813258207,-4692.871140348923,3323.1610755626357,183345.85455606028,239921.29906811955,0.009125786112327684,0.009125786112327684,109.57960089039751
0.8699132755170113,5070.334471548936,165.60190187360723,-391.38035285749504,-4571.983999412556,3479.720253168021,179073.7939712068,229443.11539287266,0.008816051966348505,0.008816051966348505,113.42945842618339
0.8705803869246164,5074.166929844668,162.5914096093708,-389.0087135688389,-4453.946798826305,3629.289314912693,174801.7333863526,218964.93171762413,0.008487488133338106,0.008487488133338106,117.82048873471624
0.8712474983322214,5078.000611255468,159.6587106943083,-386.53962664588397,-4338.759538590208,3771.868260796602,170529.67280149914,208486.74804237724,0.008145517673871757,0.008145517673871757,122.76690568208863
0.8719146097398265,5081.8378667823645,156.80190390070035,-383.97775527466086,-4226.422218704229,3907.457090819795,166257.61221664498,198008.56436712865,0.007795057551268282,0.007795057551268282,128.28641654317184
0.8725817211474316,5085.680590463553,154.0190880008288,-381.3277626412009,-4116.934839168384,4036.055804982247,161985.55163179076,187530.38069188007,0.007440442144231623,0.007440442144231623,134.40061499238635
0.8732488325550366,5089.530238434091,151.3083617669756,-378.594311931536,-4010.2973999826954,4157.66440328394,157713.4910469373,177052.1970166332,0.007085388021152183,0.007085388021152183,141.13553090030857
0.8739159439626417,5093.387849762824,148.66782397142123,-375.7820663316962,-3906.509901147125,4272.282885724915,153441.43046208308,166574.01334138462,0.006732992259374983,0.006732992259374983,148.52237481895295
0.8745830553702467,5097.254068459799,146.09557338644802,-372.89568902771384,-3805.5723426617074,4379.911252305132,149169.36987722962,156095.82966613775,0.0063857561087732,0.0063857561087732,156.5985269349905
0.8752501667778518,5101.129166126711,143.58970878433652,-369.939843205619,-3707.484724526408,4480.5495030246275,144897.30929237543,145617.64599088917,0.006045626206302641,0.006045626206302641,165.40883704610906
0.875917278185457,5105.013064806183,141.14832893736866,-366.9191920514433,-3612.2470467412472,4574.197637883384,140625.24870752124,135139.4623156406,0.005714046511033728,0.005714046511033728,175.0073259062587
0.876584389593062,5108.905359667647,138.76953261782614,-363.8383987512185,-3519.8593093062373,4660.855656881386,136353.18812266778,124661.27864039374,0.0053920153604153885,0.0053920153604153885,185.45941232685254
0.8772515010006671,5112.8053412444415,136.4514185979897,-360.7021264909747,-3430.3215122213473,4740.523560018662,132081.1275378136,114183.09496514515,0.005080143332677582,0.005080143332677582,196.8448397051293
0.8779186124082721,5116.712017006156,134.19208565014148,-357.5150384567442,-3343.6336554866084,4813.201347295186,127809.0669529601,103704.9112898983,0.004778708795067002,0.004778708795067002,209.2615480215674
0.8785857238158772,5120.624132111113,131.98963254656218,-354.2817978345571,-3259.7957391019904,4878.889018710984,123537.00636810591,93226.7276146497,0.0044877090437534075,0.0044877090437534075,222.83084537129997
0.8792528352234823,5124.5401892357295,129.84215805953366,-351.0070678104451,-3178.8077630675098,4937.586574266041,119264.94578325175,82748.5439394011,0.004206905767086988,0.004206905767086988,237.70439733249262
0.8799199466310873,5128.458467420806,127.7477609613376,-347.6955115704399,-3100.6697273831774,4989.294013960351,114992.88519839826,72270.36026415427,0.003935864189781868,0.003935864189781868,254.07380737276446
0.8805870580386924,5132.377039910046,125.70454002425485,-344.3517923005717,-3025.3816320489695,5034.011337793929,110720.82461354409,61792.17658890567,0.0036739857006754194,0.0036739857006754194,272.18396626207925
0.8812541694462974,5136.293790984366,123.71059402056741,-340.9805731868727,-2952.9434770649086,5071.738545766762,106448.7640286906,51313.992913658825,0.0034205340588413075,0.0034205340588413075,292.35200784369505
0.8819212808539025,5140.206431817797,121.76402172255607,-337.5865174153727,-2883.3552624309723,5102.475637878861,102176.7034438364,40835.80923841023,0.0031746554418806026,0.0031746554418806026,314.9948138647827
0.8825883922615076,5144.112942258244,119.86222387716043,-334.17418847803765,-2820.164697069641,5126.729308525473,85883.83899284988,32074.472711139344,0.002649472647499269,0.002649472647499269,377.4336002086528
0.8832555036691127,5148.013523492552,117.99864603141806,-330.7475849733573,-2768.827222525428,5145.278720178669,68025.90969071668,23536.663425144223,0.002081309912910013,0.002081309912910013,480.4666492948355
0.8839226150767178,5151.908970739469,116.16534227531346,-327.31050676776397,-2729.4029763348663,5158.132461861222,50167.980388580516,14998.854139147676,0.0015080397442128232,0.0015080397442128232,663.1124967611426
0.8845897264843228,5155.7998671188025,114.354365158311,-323.8667535076699,-2701.8919584979685,5165.290533573129,32310.05108644731,6461.044853152551,0.0009306672833864258,0.0009306672833864258,1074.4978553036622
0.8852568378919279,5159.686641268765,112.557767229874,-320.4201248394856,-2686.294169014726,5166.752935314393,14452.121784311137,-2076.7644328439965,0.0003498689564958443,0.0003498689564958443,2858.2130007063884
0.885923949299533,5163.569626461533,110.76760103946663,-316.97442040962284,-2682.6096078851438,5162.519667085011,-3405.807517825029,-10614.57371884054,0.00023388315343985636,0.00023388315343985636,4275.639289501681
0.886591060707138,5167.449120133803,108.97591913655306,-313.53343986449363,-2690.8382751092204,5152.590728884987,-21263.736819958234,-19152.38300483567,0.0008201913444482693,0.0008201913444482693,1219.2276921340658
0.8872581721147431,5171.325443740196,107.17477407059657,-310.1009828505082,-2710.9801706869575,5136.966120714316,-39121.6661220944,-27690.19229083221,0.001408598255220103,0.001408598255220103,709.9256273349163
0.8879252835223481,5175.199002855358,105.35621839106162,-306.680849014079,-2743.03529461835,5115.645842573005,-56979.595424227606,-36228.001576827344,0.001998449934832205,0.001998449934832205,500.3878168626539
0.8885923949299532,5179.070347436636,103.51230464741144,-303.2768380016163,-2787.0036469034058,5088.6298944610435,-74837.52472636377,-44765.810862823884,0.0025887575264726724,0.0025887575264726724,386.28569488412313
0.8892595063375583,5182.94023211249,101.63508538911027,-299.892749459532,-2842.885227542123,5055.918276378439,-92695.45402849995,-53303.62014882043,0.0031780600505012593,0.0031780600505012593,314.6573645901609
0.8899266177451634,5186.8096762824625,99.71661316562223,-296.5323830342381,-2910.680036534489,5017.510988325195,-110553.38333063315,-61841.42943481555,0.003764292414500681,0.003764292414500681,265.65417610699785
0.8905937291527685,5190.68002370314,97.74894052641059,-293.1995383721449,-2990.3880738805256,4973.4080303013,-128411.31263276932,-70379.23872081209,0.0043446650170410476,0.0043446650170410476,230.16734226406578
0.8912608405603735,5194.552871664504,95.72542763694936,-289.89736531217017,-3075.0384339907105,4927.0735283673075,-121494.6269684649,-66605.53578745366,0.004100957056038521,0.004100957056038521,243.84551857901897
0.8919279519679786,5198.429184544514,93.6478534075701,-286.6248300770428,-3152.249215729809,4884.660551999039,-109983.2966853383,-60548.56736460727,0.0037057745029055187,0.0037057745029055187,269.8491230958463
0.8925950633755837,5202.309382765349,91.52133247247714,-283.3792412328448,-3221.780657720324,4846.288248361156,-98471.9664022117,-54491.5989417609,0.0033121958140654353,0.0033121958140654353,301.91451717722754
0.8932621747831887,5206.193634905088,89.35098780682003,-280.1579032007037,-3283.632759962245,4811.956617453661,-86960.63611908702,-48434.63051891553,0.0029210082711451455,0.0029210082711451455,342.3475413878107
0.8939292861907938,5210.081885364211,87.14194238574719,-276.9581204017458,-3337.8055224555933,4781.665659276546,-75449.30583596045,-42377.662096069165,0.0025326555800665516,0.0025326555800665516,394.84247596498005
0.8945963975983988,5213.973881108727,84.8993191844085,-273.7771972570992,-3384.2989452003508,4755.41537382982,-63937.975552835764,-36320.693673223795,0.0021472844393332874,0.0021472844393332874,465.7044878090259
0.8952635090060039,5217.869198204619,82.62824117795238,-270.6124381878901,-3423.113028196532,4733.205761113473,-52426.64526970917,-30263.72525037743,0.0017647901320608384,0.0017647901320608384,566.6396144408669
0.895930620413609,5221.767268082227,80.33383134152838,-267.46114761524626,-3454.2477714441306,4715.036821127513,-40915.314986582576,-24206.75682753106,0.0013848600659096713,0.0013848600659096713,722.0946178003417
0.896597731821214,5225.667403509638,78.02121265028597,-264.3206299602951,-3477.7031749431403,4700.908553871937,-29403.984703457896,-18149.788404685693,0.0010070147537961725,0.0010070147537961725,993.0341102057058
0.8972648432288192,5229.568824287418,75.69550807937364,-261.18818964416295,-3493.479238693572,4690.820959346745,-17892.654420331306,-12092.819981839322,0.0006306461758628912,0.0006306461758628912,1585.6751983499064
0.8979319546364242,5233.47068270357,73.3618406039412,-258.0611310879779,-3501.575962695418,4684.774037551939,-6381.32413720663,-6035.851558993958,0.00025505380184577656,0.00025505380184577656,3920.7413995133084
0.8985990660440293,5237.372088807921,71.0253331991371,-254.93675871286612,-3501.9933469486828,4682.767788487515,5130.006145919964,21.116863852414326,0.00012052120149549745,0.00012052120149549745,8297.2953106293
0.8992661774516344,5241.272221110591,68.69059122301114,-251.81265694063674,-3497.597901676271,4683.251597199176,6058.377375520544,353.3212729505275,0.00014826108091718426,0.00014826108091718426,6744.858420117553
0.8999332888592394,5245.170867042166,66.35853903385535,-248.68840139941824,-3494.0636976115243,4683.156122136851,4537.166410591632,-639.5555098027412,9.531496174079809e-05,9.531496174079809e-05,10491.532302341213
0.9006004002668445,5249.068077321635,64.02850605448617,-245.56443048446764,-3491.544310734855,4682.398287646404,3015.9554456624664,-1632.4322925561744,4.226619796643944e-05,4.226619796643944e-05,23659.568357533088
0.9012675116744495,5252.96390283063,61.699815288781565,-242.44118606331642,-3490.0397410462647,4680.978093727837,1494.744480733555,-2625.309075309443,1.0879129502172851e-05,1.0879129502172851e-05,91919.11906189493
0.9019346230820546,5256.858394052371,59.37178974061796,-239.31911000349396,-3489.5499885457507,4678.895540381148,-26.466484195609155,-3618.1858580628764,6.411499019277364e-05,6.411499019277364e-05,15596.976572768926
0.9026017344896597,5260.751601572774,57.04375241387296,-236.19864417253132,-3490.075053233316,4676.150627606338,-1547.6774491247743,-4611.06264081631,0.00011743530320370123,0.00011743530320370123,8515.326930824349
0.9032688458972647,5264.643576582398,54.71502631242413,-233.08023043795927,-3491.614935108959,4672.743355403408,-3068.8884140536848,-5603.939423569578,0.00017083383542873667,0.00017083383542873667,5853.641332177138
0.9039359573048699,5268.534371379144,52.38493444014793,-229.96431066730742,-3494.169634172681,4668.673723772356,-4590.09937898285,-6596.816206323012,0.00022430409900362532,0.00022430409900362532,4458.233284376303
0.9046030687124749,5272.424039871599,50.052799800922294,-226.8513267281071,-3497.73915042448,4663.941732713185,-6111.310343911763,-7589.692989076281,0.0002778392481172287,0.0002778392481172287,3599.2035206561964
0.90527018012008,5276.312638082927,47.71794539862366,-223.74172048788768,-3502.323483864358,4658.547382225891,-7632.5213088409255,-8582.569771829714,0.00033143197534162385,0.00033143197534162385,3017.2103912703324
0.9059372915276851,5280.200224655186,45.37969423712963,-220.6359338141802,-3507.9226344923136,4652.490672310476,-9153.732273770092,-9575.446554583148,0.0003850744076501851,0.0003850744076501851,2596.9007031712026
0.9066044029352901,5284.0868613539515,43.03736932031777,-217.5344085745156,-3514.5366023083466,4645.77160296694,-10674.943238699001,-10568.323337336416,0.0004387580023125444,0.0004387580023125444,2279.160709843102
0.9072715143428952,5287.972613573118,40.69029365206451,-214.43758663642325,-3522.165387312459,4638.390174195283,-12196.15420362817,-11561.20012008985,0.0004924734428785462,0.0004924734428785462,2030.5663472022388
0.9079386257505002,5291.857550839707,38.33779023624784,-211.34590986743467,-3530.8089895046483,4630.346385995506,-13717.36516855708,-12554.076902843117,0.0005462105354909534,0.0005462105354909534,1830.795883680941
0.9086057371581053,5295.741747318546,35.979182076744166,-208.25982013507914,-3540.467408884916,4621.640238367607,-15238.576133486244,-13546.953685596553,0.0005999581057986599,0.0005999581057986599,1666.783047574309
0.9092728485657104,5299.625282316602,33.61379217743107,-205.17975930688772,-3551.140645453263,4612.271731311587,-16759.78709841541,-14539.830468349985,0.0006537038967772702,0.0006537038967772702,1529.744590677757
0.9099399599733154,5303.508240786787,31.24094354218617,-202.1061692503913,-3562.828699209686,4602.240864827447,-18280.99806334432,-15532.707251103253,0.0007074344678037566,0.0007074344678037566,1413.558492710312
0.9106070713809206,5307.390713830986,28.85995917488586,-199.0394918331194,-3575.5315701541895,4591.547638915185,-19802.209028273486,-16525.58403385669,0.0007611350953744385,0.0007611350953744385,1313.827211591199
0.9112741827885256,5311.272799202067,26.47016207940813,-195.9801689226034,-3589.2492582867685,4580.192053574805,-21323.4199932024,-17518.460816609957,0.0008147896759016487,0.0008147896759016487,1227.3105926304197
0.9119412941961307,5315.154601804581,24.070875259629396,-192.92864238637267,-3603.9817636074276,4568.1741088063,-22844.63095813156,-18511.33759936339,0.000868380631073705,0.000868380631073705,1151.568752476152
0.9126084056037358,5319.036234193836,21.66142171942723,-189.88535409195816,-3619.729086116165,4555.493804609675,-24365.841923060725,-19504.21438211682,0.0009218888163137069,0.0009218888163137069,1084.7295056671053
0.9132755170113408,5322.91781707301,19.241124462679267,-186.8507459068909,-3636.4912258129784,4542.15114098493,-25887.052887989637,-20497.09116487009,0.0009752934329264286,0.0009752934329264286,1025.3324448206708
0.9139426284189459,5326.799479787922,16.809306493261882,-183.82525969870025,-3654.268182697873,4528.146117932064,-27408.263852918804,-21489.967947623525,0.0010285719445767816,0.0010285719445767816,972.2217344859256
0.9146097398265509,5330.681360819032,14.36529081505309,-180.80933733491764,-3673.0599567708414,4513.478735451077,-28929.474817847713,-22482.844730376793,0.0010816999987983656,0.0010816999987983656,924.4707415280353
0.915276851234156,5334.563608270255,11.90840043192927,-177.80342068307252,-3692.866548031892,4498.148993541969,-30450.68578277688,-23475.72151313023,0.0011346513542856173,0.0011346513542856173,881.3279922708994
0.9159439626417611,5338.446380354058,9.437958347768031,-174.8079516106958,-3713.68795648102,4482.156892204737,-31971.896747706043,-24468.59829588366,0.0011873978147760294,0.0011873978147760294,842.1777331539246
0.9166110740493661,5342.329845872351,6.953287566446988,-171.8233719853185,-3735.5241821182235,4465.502431439389,-33493.107712634956,-25461.47507863693,0.0012399091703803663,0.0012399091703803663,806.5106895638417
0.9172781854569713,5346.214184692583,4.453711091842516,-168.85012367446998,-3758.3752249435083,4448.185611245916,-35014.31867756412,-26454.35186139036,0.0012921531472660194,0.0012921531472660194,773.9020735396832
0.9179452968645763,5350.099578318822,1.9386560008446272,-165.88857314813058,-3781.5925402457174,4430.676281415607,-33841.201661815256,-25495.274649907526,0.0012463928441380475,0.0012463928441380475,802.315260957357
0.9186124082721814,5353.986117319294,-0.591453725356625,-162.93836465116462,-3803.4304323970123,4414.239142303403,-31628.799007759844,-23783.268408479922,0.001162999205417338,0.001162999205417338,859.8458153212183
0.9192795196797865,5357.873824944574,-3.1356394573129993,-159.99874060360855,-3823.79240549957,4398.944102084745,-29416.396353704426,-22071.26216705232,0.0010797372359587713,0.0010797372359587713,926.1512585624897
0.9199466310873915,5361.7627069442415,-5.692916592589954,-157.0689390982623,-3842.678459553388,4384.791160759637,-27203.993699649374,-20359.255925625,0.0009966219456404497,0.0009966219456404497,1003.3895042892915
0.9206137424949966,5365.6527533505305,-8.262300528754235,-154.14819822792452,-3860.0885945584746,4371.780318328076,-24991.591045593956,-18647.2496841974,0.0009136632837250997,0.0009136632837250997,1094.495114133181
0.9212808539026016,5369.543939692043,-10.842806663370858,-151.2357560853956,-3876.0228105148203,4359.9115747900605,-22779.188391538904,-16935.243442770075,0.000830866554686931,0.000830866554686931,1203.5627073432968
0.9219479653102067,5373.43622820504,-13.433450394006579,-148.33085076347416,-3890.4811074224344,4349.184930145593,-20566.78573748349,-15223.237201342476,0.0007482328311483148,0.0007482328311483148,1336.4823867261978
0.9226150767178118,5377.329569041907,-16.033247118226853,-145.43272035496003,-3903.4634852813115,4339.600384394673,-18354.383083428067,-13511.230959914868,0.0006657593625353645,0.0006657593625353645,1502.0442163843861
0.9232821881254168,5381.223901476576,-18.641212233597134,-142.5406029526533,-3914.969944091451,4331.157937537301,-16141.98042937302,-11799.224718487552,0.0005834399784882153,0.0005834399784882153,1713.9723654027912
0.923949299533022,5385.119155106789,-21.25636113768418,-139.65373664935254,-3925.0004838528557,4323.857589573476,-13929.577775317603,-10087.218477059949,0.0005012654864444025,0.0005012654864444025,1994.950833525847
0.924616410940627,5389.015251053213,-23.877709228053,-136.77135953785813,-3933.5551045655243,4317.699340503199,-11717.175121262551,-8375.21223563263,0.0004192240631511267,0.0004192240631511267,2385.359257489732
0.9252835223482321,5392.912103155544,-26.504271902270347,-133.89270971096866,-3940.633806229457,4312.683190326468,-9504.772467207134,-6663.205994205027,0.0003373016401557667,0.0003373016401557667,2964.70541779221
0.9259506337558372,5396.809619165765,-29.135064557901693,-131.0170252614841,-3946.236588844654,4308.8091390432855,-7292.369813151716,-4951.199752777423,0.0002554822835769979,0.0002554822835769979,3914.1657339171916
0.9266177451634422,5400.707701938881,-31.769102592512468,-128.1435442822044,-3950.363452411114,4306.07718665365,-5079.9671590966655,-3239.193511350105,0.00017374856867026725,0.00017374856867026725,5755.443096039301
0.9272848565710473,5404.606250621448,-34.40540140366944,-125.27150486592816,-3953.0143969288383,4304.487333157561,-2867.5645050412472,-1527.187269922501,9.208194987561596e-05,9.208194987561596e-05,10859.891665530511
0.9279519679786523,5408.50516183831,-37.04297638893762,-122.40014510545583,-3954.189422397827,4304.039578555021,-655.1618509861969,184.81897150481768,1.046312717284532e-05,1.046312717284532e-05,95573.72126712497
0.9286190793862574,5412.404330877963,-39.68084294588377,-119.5287030935859,-3953.88852881808,4304.733922846028,1557.2408030692209,1896.8252129324212,7.112759032981762e-05,7.112759032981762e-05,14059.24192515189
0.9292861907938625,5416.303215093244,-42.31991448609413,-116.65875544078447,-3963.1673986467495,4292.948807678817,-39162.28899241438,-49287.027781988516,0.0018223384082963823,0.0018223384082963823,548.7454994349006
0.9299533022014675,5420.197838133812,-44.97646358339184,-113.81080257569481,-4007.1036883881584,4237.786388191894,-92558.70765234319,-116089.90583981971,0.004321937159728036,0.004321937159728036,231.37772786657695
0.9306204136090727,5424.083328697591,-47.674204788593975,-111.01451408718478,-4086.661338142875,4138.0590066917275,-145955.1263122809,-182892.783897662,0.006869694292565805,0.006869694292565805,145.56688513521956
0.9312875250166777,5427.956717958886,-50.43690151731892,-108.29961976979382,-4201.840347910873,3993.7666631783477,-199351.54497220964,-249695.66195549318,0.009472386082678093,0.009472386082678093,105.57002124614347
0.9319546364242828,5431.818089652408,-53.28831718518686,-105.69584941805954,-4352.640717692189,3804.9093576517084,-252747.96363214735,-316498.54001333547,0.012106512061868907,0.012106512061868907,82.60017376512884
0.9326217478318879,5435.6717437138705,-56.252215207816626,-103.23293282652088,-4539.062447486809,3571.4870901118284,-306144.38229208504,-383301.41807117785,0.014705113697373675,0.014705113697373675,68.00355444913014
0.9332888592394929,5439.527347724783,-59.352359000826965,-100.94059978971671,-4761.10553729469,3293.499860558758,-359540.8009520138,-450104.296129009,0.01714775454581899,0.01714775454581899,58.31667331882953
0.933955970647098,5443.397807127712,-62.60733984863206,-98.84642795575739,-4993.505418313694,2981.460366625734,-330663.1483996205,-482672.5731339239,0.01726384333234559,0.01726384333234559,57.92452936168605
0.934623082054703,5447.284520227433,-66.00947492482071,-96.96706220026861,-5202.096021808514,2649.5852590202085,-294691.4808779147,-512288.9994675411,0.017318041770647434,0.017318041770647434,57.74324910654232
0.9352901934623081,5451.18466686797,-69.54275879928723,-95.31568432705797,-5386.689515549058,2297.952695554973,-258719.81335620285,-541905.4258011632,0.017493156692317605,0.017493156692317605,57.16521137886827
0.9359573048699132,5455.096148450926,-73.19118272636445,-93.90547476031507,-5547.285899535293,1926.5626762300826,-222748.14583449104,-571521.8521347853,0.017775396031867553,0.017775396031867553,56.2575370026755
0.9366244162775182,5459.017906284403,-76.93873796038503,-92.74961392422925,-5683.885173767191,1535.4152010456028,-186776.4783127852,-601138.2784684026,0.01814691533148303,0.01814691533148303,55.105784191603234
0.9372915276851234,5462.950176406476,-80.76935888503635,-91.8613056193182,-5795.461792965734,1124.0887259387173,-138475.74274817837,-635822.4921908558,0.018666837983616007,0.018666837983616007,53.57093691377757
0.9379586390927284,5466.887585687504,-84.66005582072471,-91.2565997396121,-5859.35116002881,683.2671080375128,-53064.579706935736,-685760.7182770884,0.019750407365111335,0.019750407365111335,50.6318670553843
0.9386257505003335,5470.813340882231,-88.57436849121173,-90.95708318482254,-5866.2617658902545,209.13112983854268,32346.583334321163,-735698.9443633293,0.021304365418707154,0.021304365418707154,46.93873674931945
0.9392928619079386,5474.713357882606,-92.47428571490799,-90.98498034474137,-5816.193610550059,-298.31920865812174,117757.74637557805,-785637.1704495703,0.02331088824775984,0.02331088824775984,42.898408219004665
0.9399599733155436,5478.579873764118,-96.32241264140077,-91.36162901338038,-5714.41566932093,-831.5044575523705,173139.49028503732,-792377.9123327618,0.02426235602012169,0.02426235602012169,41.21611269617271
0.9406270847231487,5482.421137644228,-100.09393683036997,-92.09026711879191,-5589.464603689587,-1349.3744727049977,201463.80447770207,-760196.3930947115,0.023780276833852913,0.023780276833852913,42.05165511683316
0.9412941961307537,5486.254481162112,-103.77580204523143,-93.15722122543993,-5445.618064947752,-1845.7758292597773,229788.11867036216,-728014.8738566665,0.02308565077552896,0.02308565077552896,43.31695085069947
0.9419613075383588,5490.094829968744,-107.35540290032223,-94.54816934626821,-5282.876053095377,-2320.7085272168742,258112.43286302692,-695833.3546186162,0.022252485510685264,0.022252485510685264,44.938800185705865
0.9426284189459639,5493.9544245782645,-110.82013400997769,-96.2487894942201,-5101.238568132483,-2774.172566576205,286436.7470556917,-663651.835380566,0.02134902608486048,0.02134902608486048,46.84054420211437
0.943295530353569,5497.843021195647,-114.15741028053779,-98.24472805707173,-4901.461889665761,-3204.9892826853015,295970.1187227193,-602184.5605234957,0.019418355327473217,0.019418355327473217,51.49766718838404
0.9439626417611741,5501.766812744809,-117.37082284299954,-100.49642071475863,-4746.515035312961,-3515.0212213421114,168560.55062694594,-327291.1915695547,0.010415329484775976,0.010415329484775976,96.0123250504647
0.9446297531687791,5505.716093590464,-120.5092196174718,-102.89377026871243,-4676.564557274896,-3641.668657694738,41150.98253119379,-52397.82261565927,0.0018964122267936497,0.0018964122267936497,527.3115126929683
0.9452968645763842,5509.665087694059,-123.62930265620027,-105.31443882546884,-4691.610455551543,-3584.931591743226,-86258.58556457961,222495.54633828177,0.006573274288352943,0.006573274288352943,152.13118396289664
0.9459639759839893,5513.5850364786575,-126.78777401142908,-107.63608849156246,-4791.652730142922,-3344.810023487538,-213668.15366035298,497388.9152922228,0.015525250797593714,0.015525250797593714,64.41119779881377
0.9466310873915943,5517.457618831782,-130.0413357354023,-109.73638137352773,-4976.691381048993,-2921.3039529277594,-341077.72175610514,772282.284246118,0.025184448052564933,0.025184448052564933,39.70704451861728
0.9472981987991994,5521.288847081455,-133.44335743484257,-111.49835704237988,-5222.393388661992,-2353.6788227268357,-350036.57268029713,856035.3870735475,0.028167361603739068,0.028167361603739068,35.50208266106313
0.9479653102068044,5525.10499486835,-137.00034999986727,-112.88066953374428,-5434.2520922368185,-1794.4371142280042,-285115.8206370991,820571.2550061144,0.026520922275372175,0.026520922275372175,37.706079359412726
0.9486324216144095,5528.926711601686,-140.68422983402917,-113.89779693840622,-5602.801421533358,-1258.8539327920817,-220195.06859389023,785107.1229386757,0.024693062165176093,0.024693062165176093,40.49720497647598
0.9492995330220146,5532.767080709516,-144.4661047596903,-114.56552212965622,-5728.041376551569,-746.9292784191616,-155274.31655068143,749642.9908712369,0.022878777931361047,0.022878777931361047,43.70862827551867
0.9499666444296196,5536.6325246737015,-148.3170825992127,-114.89962798078516,-5809.971957291441,-258.66315110932345,-90353.56450748336,714178.8588038038,0.02121330193499881,0.02121330193499881,47.14023319255867
0.9506337558372248,5540.523747261128,-152.20827117496046,-114.915897365084,-5848.593163753006,205.94444913759503,-25432.812464274524,678714.726736365,0.019778974961527432,0.019778974961527432,50.5587373433216
0.9513008672448298,5544.436704524858,-156.1107783092948,-114.63011315584359,-5843.9049959362455,646.8935223214391,39487.939578923484,643250.5946689321,0.018620065411115574,0.018620065411115574,53.705504138725125
0.9519679786524349,5548.363529611431,-159.99571182457984,-114.05805822635467,-5795.907453841159,1064.184068442356,104408.69162213233,607786.4626014932,0.01775804551323808,0.01775804551323808,56.31250349339011
0.95263509006004,5552.2933785597825,-163.8341795431776,-113.21551544990815,-5704.600537467746,1457.8160875002698,169329.44366534118,572322.3305340544,0.01720412583596451,0.01720412583596451,58.12559205475826
0.953302201467645,5556.213193296803,-167.59728928745014,-112.11826769979513,-5569.984246816031,1827.7895794951214,234250.1957085392,536858.1984666215,0.0169685492322846,0.0169685492322846,58.932557304155736
0.9539693128752501,5560.108459595269,-171.2562147866974,-110.78209266376071,-5393.33744432257,2174.205165083271,282627.52829578286,502695.6995337822,0.01691273105635556,0.01691273105635556,59.12705621983
0.9546364242828551,5563.972905862233,-174.79176110582486,-109.22201023787478,-5206.948932587261,2499.6033211867043,276165.229886729,472847.9724644068,0.016360462072690502,0.016360462072690502,61.122968016241884
0.9553035356904602,5567.817494345169,-178.20440350551237,-107.45149267089856,-5024.87149383995,2805.089718071125,269702.9314776741,443000.24539502646,0.0156493313619431,0.0156493313619431,63.90049369341458
0.9559706470980653,5571.653251447487,-181.4970179517287,-105.48382332455283,-4847.105128080666,3090.6643557364782,263240.6330686192,413152.51832564606,0.014824152951190512,0.014824152951190512,67.4574799175754
0.9566377585056703,5575.488962147812,-184.67248041044266,-103.33228556055846,-4673.649835309442,3356.327234182722,256778.3346595654,383304.7912562707,0.013927796049200039,0.013927796049200039,71.79886871314692
0.9573048699132755,5579.331242303397,-187.73366684762465,-101.01016274063531,-4504.505615526217,3602.0783534099432,250316.03625051051,353457.0641868904,0.012997835611085903,0.012997835611085903,76.93588609068853
0.9579719813208805,5583.1846545079825,-190.68345322924299,-98.53073822650464,-4339.672468731048,3827.9177134180613,243853.73784145666,323609.3371175149,0.01206479726288532,0.01206479726288532,82.88576908592395
0.9586390927284856,5587.051852948915,-193.52471552126795,-95.90729537988615,-4179.1503949238795,4033.845314207151,237391.4394324018,293761.6100481346,0.01115173104953369,0.01115173104953369,89.67217695245753
0.9593062041360907,5590.9337442828055,-196.26032968966842,-93.15311756250077,-4022.93939410474,4219.861155777173,230929.14102334686,263913.88297875423,0.010274697116874256,0.010274697116874256,97.32646993142876
0.9599733155436957,5594.829654011776,-198.89317170041318,-90.28148813606948,-3871.039466273654,4385.9652381281,224466.84261429307,234066.15590937884,0.009443752317982487,0.009443752317982487,105.89011298992165
0.9606404269513008,5598.737490538223,-201.4261175194726,-87.30569046231193,-3723.4506114305723,4532.157561259992,218004.54420523817,204218.4288399985,0.008664115388261716,0.008664115388261716,115.41859211095182
0.9613075383589058,5602.653901575921,-203.862043112815,-84.23900790294954,-3580.1728295755424,4658.438125172794,211542.24579618438,174370.7017706231,0.007937298405493124,0.007937298405493124,125.98745176418406
0.9619746497665109,5606.574419680782,-206.20382444641075,-81.0947238197019,-3441.206120708517,4764.806929866552,205079.94738712945,144522.97470124273,0.007262088298988003,0.007262088298988003,137.70143777229387
0.962641761174116,5610.494390365964,-208.45368891522799,-77.88469577548751,-3303.441520403054,4858.0986283741195,208552.98866721534,136516.79685029184,0.007220950721735537,0.007220950721735537,138.4859194496279
0.963308872581721,5614.412411724013,-210.6107392701992,-74.61391221061452,-3162.9364444154685,4946.9804782328165,212681.22914360705,129950.9890261109,0.007227709912436667,0.007227709912436667,138.35641055257454
0.9639759839893262,5618.328172090744,-212.67313847497388,-71.28529556554827,-3019.677372112722,5031.482202791875,216809.46961999947,123385.18120192888,0.007242584620735082,0.007242584620735082,138.07225629605492
0.9646430953969312,5622.241363250693,-214.639049307193,-67.90176787184399,-2873.6643034948615,5111.603802051266,220937.71009639124,116819.37337774798,0.007265581011487381,0.007265581011487381,137.63524189172642
0.9653102068045363,5626.15168928425,-216.50663454449875,-64.46625116105471,-2724.897238561837,5187.345276011014,225065.95057278365,110253.56555356596,0.007296664553390666,0.007296664553390666,137.04892045987134
0.9659773182121414,5630.0588756820935,-218.27405696453272,-60.98166746473514,-2573.3761773136753,5258.70662467111,229194.1910491761,103687.75772938394,0.0073357578277945,0.0073357578277945,136.31856768922955
0.9666444296197464,5633.962678508462,-219.9394793449362,-57.450938814439986,-2419.101119750401,5325.687848031539,233322.4315255678,97121.94990520303,0.007382737391570135,0.007382737391570135,135.45111345038964
0.9673115410273515,5637.862893621272,-221.5010644633512,-53.87698724172222,-2262.0720658719615,5388.288946092324,237450.67200196022,90556.14208102101,0.007437429713884284,0.007437429713884284,134.45505214431645
0.9679786524349565,5641.759365954668,-222.9569750974193,-50.262734778137194,-2102.2890156784115,5446.509918853448,241578.91247835197,83990.3342568401,0.007499606226023857,0.007499606226023857,133.34033412713993
0.9686457638425616,5645.651998866425,-224.30537402478222,-46.611103455237796,-1939.751969169696,5500.350766314925,245707.1529547444,77424.52643265808,0.007568977547908847,0.007568977547908847,132.11824102666012
0.9693128752501667,5649.540763548521,-225.54442402308172,-42.9250153045788,-1774.4609263458424,5549.8114884767465,249835.39343113682,70858.71860847608,0.00764518698577078,0.00764518698577078,130.80124813967268
0.9699799866577717,5653.425708494352,-226.672287869959,-39.207392357714944,-1606.4158872068779,5594.892085338908,253963.63390752857,64292.91078429516,0.007727803433645145,0.007727803433645145,129.4028773617897
0.9706470980653769,5657.306969010225,-227.6871283430563,-35.46115664619915,-1435.6168517527472,5635.592556901422,258091.874383921,57727.10296011315,0.007816313857493032,0.007816313857493032,127.93754424809336
0.9713142094729819,5661.184776752042,-228.58710822001484,-31.689230201586792,-1262.0638199835073,5671.912903164275,262220.1148603127,51161.29513593223,0.00791011559512353,0.00791011559512353,126.42040283412359
0.971981320880587,5665.059469260535,-229.37039027847672,-27.89453505543076,-1085.7567918990999,5703.8531241274795,266348.35533670516,44595.487311750214,0.008008508767136132,0.008008508767136132,124.86719176778814
0.9726484322881921,5668.931499459866,-230.03513729608332,-24.079993239285812,-906.6957674995542,5731.41321979103,270476.59581309755,38029.6794875682,0.008110689162407625,0.008110689162407625,123.29408512348341
0.9733155436957971,5672.801445081715,-230.57951208688317,-20.248526783317516,-724.8849993386779,5754.593352424663,274273.68618797546,31476.50775077818,0.008206020425695267,0.008206020425695267,121.86174882879037
0.9739826551034022,5676.670123060578,-231.00239186969287,-16.403030457299003,-543.4059370487231,5773.511104558684,269800.5425572719,25238.913147015104,0.008057946604755247,0.008057946604755247,124.10109535968736
0.9746497665110072,5680.538720785013,-231.30520025842785,-12.546301865186466,-364.91095990269685,5788.267686176518,265327.398926569,19001.31854325307,0.007907828508007805,0.007907828508007805,126.456965902505
0.9753168779186123,5684.408317481243,-231.48992797032886,-8.681116971298936,-189.40006790053903,5798.863097278167,260854.25529586535,12763.723939489999,0.007757310094254794,0.007757310094254794,128.91066463110948
0.9759839893262174,5688.279791203257,-231.55856572263667,-4.810251739957395,-16.87326104227958,5805.29733786363,256381.11166516173,6526.1293357269205,0.007607881091860586,0.007607881091860586,131.44264321768463
0.9766511007338224,5692.1538275602925,-231.51310423259207,-0.9364821354828319,152.6694606720532,5807.570407932907,251907.96803445884,288.53473196488267,0.00746087615536343,0.00746087615536343,134.0325156424324
0.9773182121414276,5696.030928813424,-231.35553421743577,2.9374158778057025,319.22809724251596,5805.6823074859985,247434.82440375522,-5949.059871798188,0.007317478484074051,0.007317478484074051,136.65909673344797
0.9779853235490326,5699.911423224896,-231.0878463944086,6.808666335586592,482.80264866905304,5799.633036522903,242961.68077305233,-12186.65447556023,0.00717872691594041,0.00717872691594041,139.300465348458
0.9786524349566377,5703.7954745586885,-230.7120314807512,10.67449327354078,643.3931149517193,5789.422595043621,238488.5371423487,-18424.2490793233,0.0070455255837825565,0.0070455255837825565,141.93405276986113
0.9793195463642428,5707.683091645728,-230.23008019370442,14.53212072734729,800.9994960904868,5775.050983048155,234015.3935116451,-24661.843683086376,0.006918655325332821,0.006918655325332821,144.5367564905967
0.9799866577718478,5711.574137941649,-229.64398325050908,18.37877273268514,955.6217920853304,5756.518200536504,229542.24988094222,-30899.438286848414,0.0067987861582141235,0.0067987861582141235,147.0850791198698
0.9806537691794529,5715.468341018735,-228.95573136840576,22.21167332523527,1107.2600029363014,5733.824247508664,225069.10625023858,-37137.03289061149,0.006686490254265703,0.006686490254265703,149.55529163630226
0.9813208805870579,5719.365301946461,-228.16731526463545,26.028046540676073,1255.9141286433492,5706.969123964642,220595.96261953568,-43374.627494373526,0.006582254965976839,0.006582254965976839,151.92361966665248
0.981987991994663,5723.264504526668,-227.28072565643865,29.825116414688477,1401.5841692065237,5675.95282990443,216122.81898883206,-49612.222098136604,0.00648649556563668,0.00648649556563668,154.16645087952747
0.9826551034022681,5727.165324359934,-226.2979532610562,33.60010698295151,1544.2701246257993,5640.7753653280315,211649.67535812844,-55849.81670189967,0.006399567451983384,0.006399567451983384,156.26056096808156
0.9833222148098731,5731.067037728997,-225.22098879572917,37.35024228114421,1683.9719949011537,5601.436730235452,207176.53172742552,-62087.411305661706,0.0063217776583092715,0.0063217776583092715,158.18335507032765
0.9839893262174783,5734.96883029333,-224.05182297769778,41.07274634494749,1820.6897800326333,5557.936924626682,202703.3880967219,-68325.0059094248,0.0062533955601454996,0.0062533955601454996,159.91312086081
0.9846564376250833,5738.869805596102,-222.79244652420334,44.764843210039786,1954.423480020192,5510.275948501733,198230.24446601904,-74562.60051318683,0.006194662730660344,0.006194662730660344,161.4292889668589
0.9853235490326884,5742.7689933910415,-221.44485015248608,48.42375691210196,2085.173094863874,5458.45380186059,193757.1008353154,-80800.1951169499,0.006145801929103867,0.006145801929103867,162.71269584273963
0.9859906604402935,5746.665357802047,-220.011024579787,52.04671148681309,2212.9386245636583,5402.470484703261,189283.9572046118,-87037.78972071297,0.006107025233577736,0.006107025233577736,163.7458438032621
0.9866577718478985,5750.557805333106,-218.49296052334714,55.63093096985221,2337.7200691195235,5342.325997029755,184810.8135739089,-93275.384324475,0.006078541345671015,0.006078541345671015,164.51315260233855
0.9873248832555036,5754.4451927500895,-216.8926487004067,59.173639396900185,2459.5174285315106,5278.020338840052,180337.66994320526,-99512.97892823808,0.0060605621025354335,0.0060605621025354335,165.00119676715306
0.9879919946631086,5758.326335863347,-215.21208047668435,62.672062228834086,2578.3056193626217,5209.6086375525865,175217.69942480943,-104329.0021366703,0.006017404619288385,0.006017404619288385,166.18460337444608
0.9886591060707137,5762.200875724577,-213.45381860710594,66.12468070388253,2691.847525717706,5142.007540921389,165180.9358277115,-98339.08556364618,0.005698163804397897,0.005698163804397897,175.49513041871322
0.9893262174783188,5766.070718009916,-211.62204500529978,69.53353458533995,2798.693792581731,5078.402385966659,155144.1722306136,-92349.16899062207,0.0053668758551171465,0.0053668758551171465,186.32814080216363
0.9899933288859238,5769.937872681388,-209.72122640875173,72.90128961148226,2898.84441995468,5018.793172688404,145107.4086335173,-86359.25241759895,0.005026459639827036,0.005026459639827036,198.94718582370052
0.990660440293529,5773.80402958035,-207.75582955494696,76.23061152058709,2992.2994078365864,4963.17990108661,135070.64503641942,-80369.33584457483,0.004679494163370107,0.004679494163370107,213.69831120375068
0.991327551701134,5777.670576569042,-205.7303211813717,79.52416605092981,3079.0587562274186,4911.562571161288,125033.88143932317,-74379.41927155173,0.004328199663621145,0.004328199663621145,231.04294573216617
0.9919946631087391,5781.538618904014,-203.64916802551102,82.78461894078802,3159.1224651272064,4863.941182912426,114997.11784222526,-68389.50269852762,0.003974434819452971,0.003974434819452971,251.60810163635716
0.9926617745163442,5785.408999517056,-201.51683682485103,86.01463592843768,3232.4905345359352,4820.315736340031,104960.35424512734,-62399.58612550351,0.0036197066958115103,0.0036197066958115103,276.2654778513229
0.9933288859239492,5789.282319923575,-199.33779431687768,89.21688275215475,3299.1629644535933,4780.68623144411,94923.5906480311,-56409.66955248039,0.003265190166462296,0.003265190166462296,306.26087578949813
0.9939959973315543,5793.158961524185,-197.11650723907604,92.3940251502168,3359.1397548802033,4745.052668224649,84886.82705093318,-50419.75297945628,0.0029117538847296728,0.0029117538847296728,343.43561976318614
0.9946631087391593,5797.039107110427,-194.85744232893245,95.54872886089923,3412.4209058157444,4713.41504668166,74850.06345383693,-44429.83640643316,0.002559990324032912,0.002559990324032912,390.6264764409882
0.9953302201467644,5800.92276242832,-192.56506632393194,98.68365962247964,3459.0064172602365,4685.773366815133,64813.29985673902,-38439.919833409054,0.0022102479088650794,0.0022102479088650794,452.4379351244273
0.9959973315543695,5804.809777692546,-190.24384596156048,101.80148317323395,3498.896289213668,4662.127628625073,54776.53625964109,-32450.00326038494,0.0018626637494245503,0.0018626637494245503,536.8655509127394
0.9966644429619745,5808.699868979095,-187.89824797930427,104.90486525143815,3532.0905216760348,4642.4778321114845,44739.77266254484,-26460.086687361825,0.0015171959448719646,0.0015171959448719646,659.1106464395339
0.9973315543695797,5812.592639454554,-185.53273911464814,107.99647159536978,3558.5891146473477,4626.823977274359,34703.00906544693,-20470.17011433771,0.0011736548123368706,0.0011736548123368706,852.0392789161699
0.9979986657771847,5816.487600425964,-183.1517861050786,111.0789679433043,3578.3920681275977,4615.166064113701,24666.24546835068,-14480.253541314598,0.0008317327241392889,0.0008317327241392889,1202.3093128081994
0.9986657771847898,5820.384192216424,-180.75985568808056,114.15502003351925,3591.499382116793,4607.5040926295105,14629.481871252761,-8490.336968290485,0.0004910324947762174,0.0004910324947762174,2036.5250989259662
0.9993328885923949,5824.281804888456,-178.36141460114018,117.2272936042906,3597.9110566149284,4603.838062821786,4592.718274154845,-2500.4203952663743,0.0001510944570601431,0.0001510944570601431,6618.376474273641
1.0,5828.179798849964,-175.96092958174304,120.29845439389486,3597.627091622004,4604.16797469053,-5444.045322943071,3489.4961777577373,0.00018857748974472532,0.00018857748974472532,5302.859855403133
