u,s,X,Y,dx,dy,ddx,ddy,Curvature,ICC,Radius_m
0.0,0.0,107.67746305386717,-44.557401339906384,-863.7383589800829,4819.152800508852,10395.973742225997,-1445.1197583172748,0.0004162641625022496,0.0004162641625022496,2402.3206657733735
0.00066711140760507,3.265422215838752,107.10355659326099,-41.34280748964042,-856.8482717240219,4818.20497156632,10260.507851444501,-1396.471411393321,0.0004115990659406356,0.0004115990659406356,2429.5487593361754
0.00133422281521014,6.529433028715215,106.53421644475327,-38.128835121702004,-850.0485553090429,4817.289596490983,10125.041960663002,-1347.823064469367,0.0004069053210696129,0.0004069053210696129,2457.5741535435
0.00200133422281521,9.792070097449187,105.96938232092495,-34.915462585746035,-843.3392097351453,4816.406675282839,9989.576069881505,-1299.174717545413,0.0004021834390610118,0.0004021834390610118,2486.42759218213
0.00266844563042028,13.053370866611834,105.40899393435703,-31.70266823142756,-836.7202350023298,4815.55620794189,9854.11017910001,-1250.526370621459,0.000397433932259484,0.000397433932259484,2516.141473665368
0.00333555703802535,16.31337256865554,104.8529909976305,-28.490430408401476,-830.1916311105957,4814.738194468134,9718.644288318512,-1201.878023697505,0.0003926573140613094,0.0003926573140613094,2546.7499628540227
0.00400266844563042,19.572112226071873,104.30131322332639,-25.278727466322806,-823.7533980599435,4813.952634861572,9583.178397537013,-1153.2296767735506,0.00038785409879554887,0.00038785409879554887,2578.2891120795766
0.00466977985323549,22.829626653578206,103.75390032402574,-22.06753775484652,-817.4055358503729,4813.199529122206,9447.712506755517,-1104.5813298495968,0.0003830248016075781,0.0003830248016075781,2610.796992265096
0.00533689126084056,26.085952460331953,103.21069201230945,-18.85683962362758,-811.1480444818842,4812.478877250032,9312.24661597402,-1055.9329829256426,0.0003781699383450306,0.0003781699383450306,2644.313835140515
0.00600400266844563,29.34112605217212,102.67162800075857,-15.646611422320962,-804.9809239544769,4811.790679245053,9176.780725192522,-1007.2846360016886,0.00037329002544617796,0.00037329002544617796,2678.8821876629086
0.0066711140760507,32.59518363388784,102.13664800195411,-12.436831500581663,-798.9041742681516,4811.134935107268,9041.314834411023,-958.6362890777345,0.0003683855798307703,0.0003683855798307703,2714.547079881308
0.00733822548365577,35.8481612115134,101.60569172847705,-9.22747820806462,-792.9177954229081,4810.511644836678,8905.848943629526,-909.9879421537805,0.00036345711879336065,0.00036345711879336065,2751.356207631576
0.00800533689126084,39.100094594649086,101.07869889290839,-6.0185298944248355,-787.0217874187459,4809.92080843328,8770.38305284803,-861.3395952298266,0.0003585051598991284,0.0003585051598991284,2789.360131612519
0.00867244829886591,42.35101939880784,100.55560920782915,-2.8099649093172627,-781.2161502556656,4809.362425897078,8634.917162066531,-812.6912483058725,0.00035353022088221726,0.00035353022088221726,2828.612494582639
0.00933955970647098,45.60097104778682,100.03636238582028,0.39823839760311763,-775.5008839336671,4808.836497228069,8499.451271285034,-764.0429013819187,0.0003485328195466052,0.0003485328195466052,2869.1702586312153
0.01000667111407605,48.84998477606362,99.52089813946289,3.6061016766813117,-769.8759884527503,4808.343022426254,8363.985380503538,-715.3945544579644,0.00034351347366950996,0.00034351347366950996,2911.093964722
0.01067378252168112,52.09809563121687,99.00915618133786,6.813646578262388,-764.3414638129151,4807.882001491634,8228.51948972204,-666.7462075340106,0.0003384727009073414,0.0003384727009073414,2954.4480169872104
0.011340893929286189,55.345338476370195,98.50107622402625,10.020894752691314,-758.8973100141619,4807.453434424207,8093.0535989405425,-618.0978606100565,0.0003334110187042058,0.0003334110187042058,2999.300994569636
0.01200800533689126,58.59174799265986,97.99659798010904,13.227867850313173,-753.5435270564902,4807.057321223976,7957.587708159044,-569.4495136861026,0.0003283289442029611,0.0003283289442029611,3045.725994178071
0.01267511674449633,61.83735868172483,97.49566116216721,16.43458752147295,-748.2801149399003,4806.693661890936,7822.121817377547,-520.8011667621485,0.000323226994158826,0.000323226994158826,3093.80100694382
0.0133422281521014,65.08220486821943,96.99820548278183,19.641075416515722,-743.1070736643923,4806.362456425094,7686.65592659605,-472.15281983819443,0.0003181056848555365,0.0003181056848555365,3143.6093336531753
0.01400933955970647,68.3263207023477,96.50417065453382,22.84735318578646,-738.0244032299656,4806.063704826443,7551.190035814553,-423.5044729142405,0.00031296553202405145,0.00031296553202405145,3195.240042993456
0.01467645096731154,71.56974016241931,96.01349639000424,26.053442479630213,-733.0321036366211,4805.797407094989,7415.724145033056,-374.8561259902865,0.00030780705076378917,0.00030780705076378917,3248.788478102144
0.01534356237491661,74.81249705742626,95.52612240177405,29.259364948392008,-728.1301748843579,4805.563563230726,7280.258254251558,-326.20777906633236,0.00030263075546639514,0.00030263075546639514,3304.3568174651123
0.01601067378252168,78.05462502964014,95.04198840242422,32.46514224241685,-723.3186169731765,4805.362173233658,7144.79236347006,-277.5594321423782,0.0002974371597420224,0.0002974371597420224,3362.0546970907562
0.016677785190126748,81.29615755722939,94.56103410453584,35.67079601204979,-718.5974299030769,4805.193237103785,7009.326472688563,-228.91108521842443,0.00029222677634811376,0.00029222677634811376,3421.9999019143775
0.01734489659773182,84.53712795689609,94.08319922068985,38.876347907635875,-713.966613674059,4805.056754841105,6873.860581907065,-180.26273829447018,0.00028700011712066634,0.00028700011712066634,3484.3191355896206
0.01801200800533689,87.77756938653162,93.60842346346725,42.08181957952007,-709.4261682861229,4804.95272644562,6738.394691125568,-131.61439137051627,0.00028175769290796385,0.00028175769290796385,3549.148879234506
0.01867911941294196,91.01751484789138,93.13664654544905,45.28723267804745,-704.9760937392683,4804.88115191733,6602.928800344071,-82.96604444656225,0.0002765000135067513,0.0002765000135067513,3616.636351359827
0.01934623082054703,94.2569971892871,92.66780817921624,48.49260885356303,-700.6163900334956,4804.842031256232,6467.462909562572,-34.317697522608114,0.00027122758760083444,0.00027122758760083444,3686.9405831670033
0.0200133422281521,97.49604910829723,92.20184807734985,51.697969756411844,-696.3470571688046,4804.835364462328,6331.997018781075,14.330649401346022,0.00026594092270207647,0.00026594092270207647,3760.2336257224397
0.02068045363575717,100.73470315449417,91.73870595243089,54.90333703693889,-692.1680951451954,4804.861151535621,6196.5311279995785,62.978996325300045,0.00026064052509376597,0.00026064052509376597,3836.7019082709717
0.02134756504336224,103.97299173218859,91.27832151704027,58.10873234548919,-688.0795039626678,4804.919392476105,6061.065237218082,111.62734324925373,0.00025532689977633195,0.00025532689977633195,3916.5477702349676
0.02201467645096731,107.21094710318978,90.82063448375905,61.3141773324078,-684.0812836212219,4805.010087283785,5925.599346436584,160.27569017320775,0.0002500005504153697,0.0002500005504153697,3999.991193373474
0.022681787858572378,110.44860138958173,90.36558456516825,64.51969364803975,-680.1734341208578,4805.133235958658,5790.133455655087,208.92403709716177,0.0002446619792919533,0.0002446619792919533,4087.271765290133
0.02334889926617745,113.6859865765147,89.91311147384884,67.72530294273005,-676.3559554615754,4805.2888385007245,5654.667564873589,257.5723840211159,0.00023931168725519682,0.00023931168725519682,4178.6509111593095
0.02401601067378252,116.92313451501158,89.46315492238185,70.93102686682373,-672.6288476433747,4805.476894909987,5519.201674092092,306.22073094506993,0.00023395017367703233,0.00023395017367703233,4274.414437411351
0.02468312208138759,120.16007692478871,89.01565462334823,74.13688707066584,-668.9921106662558,4805.697405186444,5383.735783310595,354.8690778690237,0.00022857793640917022,0.00022857793640917022,4374.875439464688
0.02535023348899266,123.39684539709035,88.57055028932902,77.34290520460132,-665.4457445302185,4805.950369330093,5248.269892529098,403.51742479297786,0.00022319547174220021,0.00022319547174220021,4480.377635774978
0.02601734489659773,126.63347139753716,88.12778163290517,80.54910291897531,-661.9897492352629,4806.235787340936,5112.8040017476,452.1657717169321,0.00021780327436679982,0.00021780327436679982,4591.299202949136
0.0266844563042028,129.86998626898705,87.68728836665775,83.75550186413277,-658.6241247813891,4806.553659218975,4977.338110966102,500.81411864088625,0.0002124018373370076,0.0002124018373370076,4708.057202035164
0.02735156771180787,133.10642123440897,87.24901020316771,86.96212369041872,-655.348871168597,4806.903984964207,4841.872220184606,549.4624655648399,0.00020699165203552148,0.00020699165203552148,4831.112705107507
0.02801867911941294,136.34280739976882,86.81288685501606,90.1689900481782,-652.1639883968867,4807.286764576632,4706.4063294031075,598.1108124887938,0.00020157320814097906,0.00020157320814097906,4960.97675490984
0.02868579052701801,139.5791757569267,86.37885803478382,93.37612258775629,-649.069476466258,4807.701998056254,4570.940438621611,646.759159412748,0.00019614699359717805,0.00019614699359717805,5098.217319882424
0.02935290193462308,142.81555718654545,85.94686345505194,96.58354295949793,-646.0653353767111,4808.149685403067,4435.474547840113,695.4075063367022,0.00019071349458419328,0.00019071349458419328,5243.467444085532
0.03002001334222815,146.05198246101003,85.51684282840147,99.79127281374817,-643.1515651282458,4808.629826617075,4300.008657058616,744.0558532606561,0.00018527319549134237,0.00018527319549134237,5397.434838579923
0.03068712474983322,149.2884822473571,85.08873586741339,102.9993338008521,-640.3281657208623,4809.142421698279,4164.542766277118,792.7042001846102,0.0001798265788919576,0.0001798265788919576,5560.913220735932
0.03135423615743829,152.52508711021412,84.6624822846687,106.20774757115464,-637.5951371545605,4809.687470646674,4029.0768754956202,841.3525471085644,0.00017437412551991614,0.00017437412551991614,5734.795784743792
0.03202134756504336,155.7618275147483,84.23802179274841,109.4165357750009,-634.9524794293405,4810.264973462266,3893.6109847141242,890.0008940325182,0.00016891631424787885,0.00016891631424787885,5920.091285750733
0.03268845897264843,158.998733829624,83.81529410423352,112.62572006273588,-632.4001925452022,4810.874930145051,3758.1450939326264,938.6492409564721,0.00016345362206719345,0.00016345362206719345,6117.943349024804
0.033355570380253496,162.2358363299688,83.39423893170499,115.83532208470457,-629.9382765021455,4811.517340695029,3622.67920315113,987.2975878804259,0.00015798652406940998,0.00015798652406940998,6329.653784652283
0.03402268178785857,165.4731652003476,82.97479598774385,119.04536349125206,-627.5667313001707,4812.192205112202,3487.213312369632,1035.9459348043802,0.0001525154934293599,0.0001525154934293599,6556.710911886252
0.03468979319546364,168.71075053774416,82.55690498493111,122.2558659327234,-625.2855569392775,4812.89952339657,3351.7474215881343,1084.5942817283344,0.00014704100138974977,0.00014704100138974977,6800.824195622691
0.03535690460306871,171.9486223545496,82.14050563584777,125.46685105946347,-623.0947534194661,4813.6392955481315,3216.2815308066374,1133.2426286522882,0.00014156351724721792,0.00014156351724721792,7063.966899421274
0.03602401601067378,175.1868105815582,81.72553765307478,128.6783405218174,-620.9943207407363,4814.411521566886,3080.8156400251396,1181.8909755762425,0.00013608350833980252,0.00013608350833980252,7348.429006569887
0.03669112741827885,178.42534507096863,81.31194074919321,131.89035597013026,-618.9842589030882,4815.216201452836,2945.3497492436413,1230.5393225001967,0.00013060144003577132,0.00013060144003577132,7656.883413583366
0.03735823882588392,181.66425559939134,80.89965463678402,135.10291905474696,-617.0645679065219,4816.053335205979,2809.883858462145,1279.1876694241503,0.00012511777572376032,0.00012511777572376032,7992.4694490080865
0.03802535023348899,184.90357187086155,80.4886190284282,138.31605142601262,-615.2352477510374,4816.922922826317,2674.417967680647,1327.8360163481045,0.00011963297680416817,0.00011963297680416817,8358.899249300955
0.03869246164109406,188.14332351985664,80.07877363670679,141.52977473427222,-613.4962984366346,4817.824964313848,2538.95207689915,1376.4843632720583,0.00011414750268175708,0.00011414750268175708,8760.594638570388
0.03935957304869913,191.38354011431835,79.67005817420075,144.74411062987082,-611.8477199633134,4818.759459668574,2403.4861861176523,1425.1327101960126,0.00010866181075940363,0.00010866181075940363,9202.865229387498
0.0400266844563042,194.624251158679,79.26241235349109,147.9590807631534,-610.2895123310739,4819.726408890494,2268.0202953361545,1473.7810571199666,0.00010317635643295081,0.00010317635643295081,9692.142992564874
0.04069379586390927,197.8654860968912,78.85577588715881,151.174706784465,-608.8216755399162,4820.725811979609,2132.5544045546585,1522.4294040439204,9.769159308710491e-05,9.769159308710491e-05,10236.29534947156
0.04136090727151434,201.10727431546096,78.45008848778494,154.39101034415071,-607.4442095898403,4821.7576689359175,1997.0885137731602,1571.0777509678746,9.220797209232687e-05,9.220797209232687e-05,10845.04926535756
0.04202801867911941,204.34964514648314,78.04528986795043,157.60801309255544,-606.1571144808458,4822.821979759419,1861.622622991664,1619.726097891828,8.672594280266464e-05,8.672594280266464e-05,11530.575139152885
0.04269513008672448,207.59262787067993,77.6413197402363,160.8257366800243,-604.9603902129334,4823.918744450115,1726.156732210166,1668.3744448157822,8.124595255447205e-05,8.124595255447205e-05,12308.305442410086
0.04336224149432955,210.83625172044054,77.23811781722358,164.04420275690234,-603.8540367861026,4825.047963008006,1590.6908414286677,1717.0227917397367,7.576844666596417e-05,7.576844666596417e-05,13198.106124685917
0.04402935290193462,214.08054588286265,76.8356238114932,167.26343297353446,-602.8380542003533,4826.20963543309,1455.2249506471715,1765.6711386636903,7.0293868437554e-05,7.0293868437554e-05,14225.991857146917
0.04469646430953969,217.32553950279532,76.43377743562625,170.48344898026585,-601.912442455686,4827.403761725369,1319.7590598656736,1814.3194855876445,6.482265915291856e-05,6.482265915291856e-05,15426.7043818886
0.045363575717144757,220.57126168588172,76.03251840220365,173.70427242744142,-601.0772015521004,4828.630341884842,1184.293169084177,1862.9678325115983,5.935525808074321e-05,5.935525808074321e-05,16847.70704963766
0.04603068712474983,223.81774150160294,75.63178642380645,176.92592496540624,-600.3323314895964,4829.889375911508,1048.8272783026791,1911.6161794355523,5.389210247708993e-05,5.389210247708993e-05,18555.59449411182
0.0466977985323549,227.06500798632106,75.2315212130156,180.14842824450528,-599.6778322681741,4831.180863805369,913.3613875211812,1960.2645263595068,4.843362758833938e-05,4.843362758833938e-05,20646.811931979977
0.04736490993995997,230.31309014632197,74.83166248241214,183.37180391508363,-599.1137038878337,4832.504805566425,777.8954967396846,2008.9128732834606,4.2980266654654166e-05,4.2980266654654166e-05,23266.491295528383
0.04803202134756504,233.562016960857,74.43214994457706,186.5960736274863,-598.6399463485749,4833.861201194673,642.4296059581867,2057.5612202074144,3.753245091391202e-05,3.753245091391202e-05,26643.610413124752
0.048699132755170106,236.8118173851831,74.03292331209138,189.82125903205832,-598.2565596503978,4835.250050690117,506.96371517669024,2106.209567131368,3.209060960605863e-05,3.209060960605863e-05,31161.76390152471
0.04936624416277518,240.06252035360157,73.63392229753606,193.04738177914476,-597.9635437933025,4836.671354052754,371.4978243951923,2154.8579140553225,2.6655169977828455e-05,2.6655169977828455e-05,37516.17419179062
0.05003335557038025,243.31415478249397,73.2350866134921,196.27446351909055,-597.7608987772887,4838.125111282585,236.03193361369435,2203.5062609792767,2.122655728778466e-05,2.122655728778466e-05,47110.79552101811
0.05070046697798532,246.566749573356,72.83635597254053,199.5025259022407,-597.6486246023569,4839.611322379611,100.56604283219787,2252.1546079032305,1.580519481162737e-05,1.580519481162737e-05,63270.336868251215
0.05136757838559039,249.82033361582822,72.43767008726235,202.73159057894043,-597.6267212685067,4841.129987343831,-34.89984794930007,2300.8029548271847,1.0391503847721595e-05,1.0391503847721595e-05,96232.46208192056
0.05203468979319546,253.0749007223648,72.03902483287827,205.9616507969715,-597.4381355489503,4842.55110924978,613.9796520023579,1952.7922495687812,3.563908079159205e-05,3.563908079159205e-05,28059.085077074134
0.05270180120080053,256.33029690347246,71.64065282285897,209.19258008087783,-596.8074543737268,4843.735406234415,1276.8025113175995,1597.7301103697419,6.140755375576465e-05,6.140755375576465e-05,16284.641527608886
0.0533689126084056,259.5863293202519,71.24284903800351,212.42422041480626,-595.7345965078327,4844.682837215582,1939.6253706328475,1242.6679711706993,8.716539160442389e-05,8.716539160442389e-05,11472.443151959029
0.05403602401601067,262.8428052975407,70.84590845942641,215.65641378274356,-594.219561951268,4845.393402193282,2602.448229948089,887.6058319716599,0.00011292630585406194,0.00011292630585406194,8855.332621013302
0.05470313542361574,266.0995323929606,70.45012606824214,218.88900216867685,-592.2623507040329,4845.867101167513,3265.271089263337,532.5436927726171,0.00013870397070445397,0.00013870397070445397,7209.598938813138
0.05537024683122081,269.3563184658572,70.05579684556527,222.1218275565932,-589.8629627661269,4846.103934138275,3928.0939485785857,177.48155357357427,0.000164512031015149,0.000164512031015149,6078.582787102759
0.05603735823882588,272.61297174639134,69.66321577251031,225.35473193047943,-587.0213981375502,4846.10390110557,4590.916807893828,-177.5805856254649,0.00019036411013394121,0.00019036411013394121,5253.091033264593
0.05670446964643095,275.86930090484356,69.27267783019177,228.58755727432273,-583.7376568183031,4845.867002069395,5253.739667209075,-532.6427248245082,0.0002162738175599045,0.0002162738175599045,4623.768199416998
0.05737158105403602,279.1251151211905,68.8844779997242,231.82014557211008,-580.0117388083855,4845.393237029753,5916.562526524318,-887.7048640235475,0.0002422547564229551,0.0002422547564229551,4127.885927878706
0.05803869246164109,282.38022415501587,68.49891126222208,235.05233880782845,-575.8436441077971,4844.682605986642,6579.385385839566,-1242.7670032225901,0.00026832053076115167,0.00026832053076115167,3726.885889660678
0.05870580386924616,285.63443841581585,68.1162725988,238.28397896546488,-571.2333727165382,4843.735108940064,7242.208245154814,-1597.8291424216332,0.0002944847525759964,0.0002944847525759964,3395.761550479373
0.05937291527685123,288.88756903375963,67.73685699057242,241.51490802900628,-566.1809246346086,4842.550745890016,7905.031104470056,-1952.8912816206723,0.00032076104864492573,0.00032076104864492573,3117.5855180189737
0.0600400266844563,292.13942793096743,67.3609594186539,244.74496798243985,-560.6862998620084,4841.1295168364995,8567.853963785303,-2307.9534208197147,0.00034716306706891617,0.00034716306706891617,2880.490740109424
0.060707138092061366,295.3898278933653,66.98887486415894,247.97400080975243,-554.7494983987376,4839.471421779515,9230.676823100546,-2663.0155600187536,0.00037370448353171585,0.00037370448353171585,2675.911165286116
0.06137424949966644,298.63858264318065,66.6208983082021,251.2018484949312,-548.3705202447961,4837.576460719063,9893.499682415793,-3018.077699217797,0.0004003990072456287,0.0004003990072456287,2497.5086898418313
0.06204136090727151,301.88550691213794,66.25732473189785,254.42835302196306,-541.5493654001841,4835.444633655143,10556.32254173104,-3373.1398384168397,0.0004272603865570122,0.0004272603865570122,2340.493131268942
0.06270847231487658,305.1304165154185,65.89844911636077,257.653356374835,-534.2860338649015,4833.0759405877525,11219.145401046291,-3728.2019776158827,0.00045430241418272004,0.00045430241418272004,2201.176944654758
0.06337558372248164,308.3731355265015,65.5445098314599,260.87670146455827,-527.1217278014398,4830.479243846965,8432.715043642398,-4026.7816734294975,0.00033653781497921235,0.00033653781497921235,2971.434280161857
0.06404269513008672,311.61367552732975,65.19424263317323,264.0982558078485,-523.7209152935993,4827.71455007714,1762.9208548635434,-4261.770248507931,5.48323921455713e-05,5.48323921455713e-05,18237.395102974147
0.06470980653769179,314.85224524005486,64.84476000100597,267.31791350300705,-524.7695985754712,4824.793092748222,-4906.873333915313,-4496.758823586364,0.00022774582809217137,0.00022774582809217137,4390.859794785301
0.06537691794529686,318.0890619459263,64.4930936255587,270.53556997127527,-530.2677776470554,4821.714871860214,-11576.667522694168,-4731.7473986647965,0.0005110277909036744,0.0005110277909036744,1956.8407389970967
0.06604402935290193,321.32434948407865,64.13627519743203,273.75112063389486,-540.2154525083521,4818.479887413113,-18246.46171147302,-4966.73597374323,0.0007948345855610143,0.0007948345855610143,1258.1234110417765
0.06671114076050699,324.55834640185327,63.771336407226514,276.9644609121068,-554.6126231593606,4815.08813940692,-24916.25590025174,-5201.724548821658,0.0010789668978464439,0.0010789668978464439,926.8124925759471
0.06737825216811207,327.7913141136945,63.39530894554277,280.17548622715304,-573.459289600082,4811.539627841636,-31586.0500890306,-5436.71312390009,0.0013631944403011255,0.0013631944403011255,733.5710669265222
0.06804536357571714,331.0235450583576,63.00522450298141,283.3840920002747,-596.7554518305158,4807.834352717259,-38255.844277809454,-5671.701698978523,0.0016472454603924096,0.0016472454603924096,607.0740664003883
0.06871247498332221,334.255370842133,62.598114770143,286.5901736527133,-624.5011098506618,4803.972314033793,-44925.63846658831,-5906.690274056957,0.0019307964509794747,0.0019307964509794747,517.9209851420171
0.06937958639092728,337.48717035304185,62.17101143762815,289.7936266057103,-656.6962636605205,4799.953511791234,-51595.43265536716,-6141.678849135389,0.002213462219170384,0.002213462219170384,451.7809210110687
0.07004669779853234,340.71937782755805,61.720946196037424,292.99434628050693,-693.3409132600906,4795.777945989584,-58265.22684414589,-6376.667424213818,0.002494786507898066,0.002494786507898066,400.83590192353995
0.07071380920613742,343.95249084736776,61.244950735971436,296.192228098345,-734.4350586493738,4791.445616628841,-64935.02103292473,-6611.65599929225,0.0027742334078677705,0.0027742334078677705,360.459937207873
0.07138092061374249,347.18707823905834,60.74005674803077,299.3871674804656,-779.9786998283694,4786.956523709006,-71604.81522170358,-6846.644574370683,0.003051179843846752,0.003051179843846752,327.74207066708254
0.07204803202134756,350.42378784452404,60.20329592281601,302.5790598481104,-829.9718367970775,4782.310667230081,-78274.60941048244,-7081.633149449117,0.0033249094656934474,0.0033249094656934474,300.76006890354194
0.07271514342895263,353.6633541243624,59.63169995092776,305.76780062252067,-884.4144695554978,4777.508047192063,-84944.40359926129,-7316.621724527549,0.0035946083172935586,0.0035946083172935586,278.19442668872387
0.0733822548365577,356.9066055507919,59.02230052296662,308.95328522493793,-943.3065981036306,4772.548663594953,-91614.19778804015,-7551.610299605983,0.0038593626910127894,0.0038593626910127894,259.11013813982225
0.07404936624416276,360.1544717407864,58.372129329533166,312.1354090766035,-1006.6482224414744,4767.432516438753,-98283.99197681887,-7786.5988746844105,0.004118159595877411,0.004118159595877411,242.82691739316647
0.07471647765176784,363.40799027442847,57.678218061227994,315.3140675987589,-1074.4393425690319,4762.159605723459,-104953.78616559773,-8021.587449762844,0.004369890268304961,0.004369890268304961,228.83869813689634
0.07538358905937291,366.667965106411,56.93676960528065,318.4886053749293,-1152.2601475527133,4753.021236830019,-136670.54252021268,-24903.240269120874,0.005798359547889152,0.005798359547889152,172.46257182586103
0.07605070046697798,369.93152487626435,56.13439575654739,321.65199257511114,-1258.167663648591,4728.016383392646,-180840.1907352278,-50061.31033612255,0.007838539192844676,0.007838539192844676,127.5747910928147
0.07671781187458306,373.1943444871347,55.25154121789222,324.7931006083784,-1393.5412559386084,4686.228294420248,-225009.83895024293,-75219.38040312425,0.009920050773878893,0.009920050773878893,100.80593565439833
0.07738492328218811,376.45373925764926,54.2685488337487,327.90073318684927,-1558.3809244227618,4627.656969912829,-269179.48716525716,-100377.45047012539,0.012042477132328078,0.012042477132328078,83.03939372369626
0.07805203468979319,379.70917610983224,53.16576144855029,330.9636940226417,-1752.6866691010582,4552.302409870382,-313349.1353802723,-125535.52053712709,0.014184662360117024,0.014184662360117024,70.49868192927153
0.07871914609739826,382.9627535591239,51.92352190673058,333.9707868278738,-1976.4584899734937,4460.164614292911,-357518.7835952874,-150693.59060412878,0.016299331066272398,0.016299331066272398,61.352211077500165
0.07938625750500333,386.2196753865377,50.52217443209561,336.91081489665453,-2229.605809324098,4351.216134246162,-397723.1880831408,-177053.29965263352,0.018185119585167723,0.018185119585167723,54.99001506790349
0.0800533689126084,389.48477476347125,48.947296571475235,339.7709956016765,-2490.3512826419233,4218.857499967729,-383991.74092369823,-219757.88591410828,0.01843239670112073,0.01843239670112073,54.25230458170411
0.08072048032021346,392.75256489828445,47.20152793647444,342.5333757779429,-2741.9363509167542,4058.0101490372153,-370260.29376425594,-262462.4721755822,0.01891693599141139,0.01891693599141139,52.86268349451608
0.08138759172781854,396.01588523451613,45.29097953779558,345.1789502775874,-2984.3610141485997,3868.6740814546124,-356528.84660481336,-305167.05843705696,0.019632604071392147,0.019632604071392147,50.93567803657592
0.08205470313542361,399.2686645577767,43.22176238614117,347.688713952743,-3217.625272337454,3650.8492972199256,-342797.3994453708,-347871.6446985317,0.020572002664781548,0.020572002664781548,48.60975454334158
0.08272181454302868,402.5062658862621,40.999987492213684,350.04366165554325,-3441.729125483319,3404.5357963331544,-329065.9522859282,-390576.2309600065,0.021722339627044694,0.021722339627044694,46.0355568124431
0.08338892595063375,405.7258600899943,38.63176586671555,352.2247882381214,-3656.672573586193,3129.733578794297,-315334.5051264856,-433280.8172214813,0.023059981462523107,0.023059981462523107,43.36516929231673
0.08405603735823881,408.9268283967114,36.123208520349316,354.213088552611,-3862.4556166460725,2826.4426446033635,-301603.05796704337,-475985.4034829552,0.024543775767626477,0.024543775767626477,40.74352738012753
0.08472314876584389,412.1111868479205,33.48042646381733,355.98955745114523,-4059.0782546629657,2494.6629937603384,-287871.6108076008,-518689.98974442994,0.026107877906012596,0.026107877906012596,38.302615157002165
0.08539026017344896,415.28463372055023,30.709902230358782,357.53712345142515,-4243.8619204423385,2148.3357809551117,-261265.71412876653,-494386.85162870423,0.024710394056494268,0.024710394056494268,40.46880020260886
0.08605737158105403,418.46215340823943,27.823186472519094,358.8650931420026,-4406.690252964659,1840.1136908617698,-226893.62677314781,-429662.9744711319,0.021219646660930604,0.021219646660930604,47.126138148246824
0.0867244829886591,421.65879410799465,24.835494512722594,360.0018466406551,-4546.588573908848,1575.0696375646737,-192521.5394175291,-364939.0973135595,0.017616104356040312,0.017616104356040312,56.76623956062761
0.08739159439626416,424.8829146327045,21.76212322326964,360.97618850828763,-4663.556883274903,1353.2036210638275,-158149.45206191106,-300215.22015598847,0.01409649892993169,0.01409649892993169,70.93960031995306
0.08805870580386924,428.13714612728717,18.61836947646039,361.816923305805,-4757.59518106283,1174.515641359222,-123777.36470629234,-235491.3429984161,0.010755883755472566,0.010755883755472566,92.9723696103728
0.08872581721147431,431.41954911961767,15.419530144595198,362.5528555941119,-4828.703467272627,1039.0056984508628,-89405.2773506736,-170767.46584084374,0.007614127541700288,0.007614127541700288,131.33481078735556
0.08939292861907938,434.7247306493551,12.180902099974345,363.2127899341131,-4876.88174190429,946.6737923387493,-55033.189995054854,-106043.58868327137,0.004642895722167689,0.004642895722167689,215.38282568472528
0.09006004002668445,438.044881678958,8.917782214898125,363.8255308867134,-4902.130004957823,897.5199230228816,-20661.10263943614,-41319.71152569901,0.0017862900971985325,0.0017862900971985325,559.8194837268125
0.09072715143428951,441.37073479484906,5.645467361666896,364.41988301281754,-4904.448256433225,891.5440905032597,13710.98471618189,23404.16563187202,0.001025376505878243,0.001025376505878243,975.2515239692293
0.09139426284189459,444.6924649455216,2.3792544125807984,365.0246508733302,-4883.836496330495,928.7462947798831,48083.072071800634,88128.04278944439,0.003866540258300517,0.003866540258300517,258.62914471231596
0.09206137424949966,448.0005670841826,-0.8655597600598015,365.6686390291562,-4840.294724649634,1009.1265358527525,82455.15942741935,152851.91994701675,0.0068092088533307105,0.0068092088533307105,146.8599394643112
0.09272848565710473,451.28674830144337,-4.073678283954621,366.38065204120045,-4773.822941390641,1132.6848137218676,116827.24678303808,217575.79710458912,0.009914656824641694,0.009914656824641694,100.8607779055569
0.0933955970647098,454.54487006422005,-7.229804286803374,367.18949447036766,-4684.421146553519,1299.4211283872287,151199.33413865682,282299.6742621615,0.013221026868961358,0.013221026868961358,75.63709006201874
0.09406270847231486,457.7719674838536,-10.3186408963057,368.12397087756233,-4572.0893401382655,1509.3354798488308,185571.4214942748,347023.5514197325,0.01672431580912928,0.01672431580912928,59.79317847215796
0.09472981987991994,460.96935984889063,-13.324911036686277,369.2128500164264,-4437.353717372863,1761.4761045383605,210619.26564993095,394882.06281954463,0.019511827104420884,0.019511827104420884,51.25096663927621
0.09539693128752501,464.1450612022168,-16.239791935300534,370.47322632230157,-4303.765223710785,2013.244874061273,189879.03834897585,359920.708210145,0.018004843807702182,0.018004843807702182,55.54060955375887
0.09606404269513008,467.3119228229684,-19.070169516671513,371.89378088720287,-4184.012772277497,2241.6905250989294,169138.81104802075,324959.3536007454,0.016258206824753912,0.016258206824753912,61.50739812692328
0.09673115410273515,470.48057699080914,-21.825273962406133,373.4589545927281,-4078.0963630729984,2446.8130576513286,148398.5837470657,289997.9989913458,0.014370202553046274,0.014370202553046274,69.58844152047213
0.09739826551034021,473.658859487757,-24.514335454111276,375.15318832047456,-3986.01599609729,2628.6124717184675,127658.35644611104,255036.64438194688,0.012421672190483773,0.012421672190483773,80.50445903459752
0.09806537691794528,476.85207695894906,-27.146584173393983,376.9609229520399,-3907.771671350369,2787.088767300355,106918.12914515595,220075.28977254732,0.010471861748337117,0.010471861748337117,95.49400326630509
0.09873248832555036,480.0633230725141,-29.73125030186113,378.8665993690218,-3843.3633888322383,2922.2419443969843,86177.90184420088,185113.9351631477,0.008558913383555805,0.008558913383555805,116.83726136559517
0.09939959973315543,483.29381722640795,-32.27756402111965,380.85465845301763,-3792.7911485428967,3034.072003008358,65437.674543245805,150152.58055374806,0.006702984912603263,0.006702984912603263,149.18726702185373
0.1000667111407605,486.5432472748104,-34.79475551277646,382.90954108562505,-3756.054950482344,3122.5789431344747,44697.44724229074,115191.22594434848,0.004910342681341639,0.004910342681341639,203.65177440666378
0.10073382254836558,489.8101050879873,-37.29205495843852,385.01568814844165,-3733.1547946505802,3187.7627647753343,23957.21994133565,80229.87133494885,0.0031773919212488956,0.0031773919212488956,314.7235294810415
0.10140093395597063,493.0920097263466,-39.77869253971268,387.1575405230649,-3724.090681047607,3229.6234679309377,3216.992640380995,45268.51672554997,0.001494163581665715,0.001494163581665715,669.2707627669427
0.10206804536357571,496.38601734110074,-42.263898438205985,389.3195390910923,-3728.8626096734215,3248.161052601284,-17523.23466057406,10307.162116150372,0.00015284538328934807,0.00015284538328934807,6542.559405323503
0.10273515677118078,499.6889197425705,-44.75690283552531,391.4861247341217,-3747.4705805280255,3243.3755187863744,-38263.46196152917,-24654.192493249255,0.0017783714595498012,0.0017783714595498012,562.3122180858393
0.10340226817878585,502.9975351693486,-47.26693591327759,393.6417383337503,-3779.914593611419,3215.2668664862085,-59003.68926248424,-59615.54710264886,0.0033964259198935153,0.0033964259198935153,294.4271488869547
0.10406937958639093,506.3089953957309,-49.80322785306974,395.77082077157587,-3826.194648923601,3163.835095700785,-79743.91656343931,-94576.90171204848,0.005018462092274031,0.005018462092274031,199.26423306843532
0.10473649099399598,509.6210330906774,-52.375008836508684,397.85781292919603,-3886.3107464645723,3089.080206430108,-100484.14386439396,-129538.25632144736,0.006651480372823562,0.006651480372823562,150.34247174294805
0.10540360240160106,512.931870459709,-54.99146720975212,399.8865538355862,-3959.870650379851,2985.3594200872585,-118772.7188288145,-199769.54137970472,0.009393612168323337,0.009393612168323337,106.45532113537212
0.10607071380920613,516.2311050886259,-57.660730494852615,401.82562130513406,-4044.3183745156975,2815.901840355828,-134401.55813045253,-308264.2826551211,0.013579150368873302,0.013579150368873302,73.64230992627064
0.1067378252168112,519.5013691063846,-60.38980753087288,403.6274995688673,-4139.192275637293,2574.066181054407,-150030.39743209054,-416759.0239305376,0.018230624041317044,0.018230624041317044,54.85275752128101
0.10740493662441628,522.7308459291853,-63.18565373941779,405.2439043842438,-4244.492353744638,2259.8524421829943,-165659.23673372855,-525253.765205954,0.023418087791838498,0.023418087791838498,42.70203480697996
0.10807204803202133,525.9161480596574,-66.05522454209222,406.62655150872223,-4360.21860883773,1873.260623741599,-181288.07603536628,-633748.5064813681,0.029033203966628587,0.029033203966628587,34.44332224405623
0.1087391594396264,529.0650068494516,-69.0054753605012,407.7271566997609,-4486.371040916574,1414.2907257302056,-196916.91533700432,-742243.2477567845,0.03466715303928644,0.03466715303928644,28.845749140887143
0.10940627084723148,532.1990270574116,-72.0433616162495,408.49743571481775,-4622.949649981167,882.9427481488209,-212545.7546386423,-850737.989032201,0.039524049941867485,0.039524049941867485,25.301050916361397
0.11007338225483655,535.3558848140367,-75.1758267054903,408.8891158907921,-4769.400277218473,279.7502966523444,-211150.0366522641,-942839.5956549391,0.041777320207197245,0.041777320207197245,23.936432376237565
0.11074049366244162,538.5728650430361,-78.392752220463,408.87035356442357,-4857.283187311744,-329.3852500824981,-52322.92780735894,-883348.7734561112,0.037034679410231926,0.037034679410231926,27.00171881935396
0.11140760507004668,541.8391501535694,-81.63296340722987,408.45846779331407,-4839.210721257647,-898.833790680686,106504.18103754296,-823857.9512572847,0.03423835008068323,0.03423835008068323,29.207014872021684
0.11207471647765176,545.1255110892666,-84.82577622566609,407.67993423199135,-4715.182879056181,-1428.5953251422432,265331.28988244815,-764367.1290584569,0.03330600645428734,0.03330600645428734,30.024614370158876
0.11274182788525683,548.3974324713568,-87.90050663564656,406.56122853498266,-4485.199660707348,-1918.6698534671568,424158.3987273533,-704876.3068596291,0.034241604664284095,0.034241604664284095,29.204238814282434
0.1134089392928619,551.619406077625,-90.78656464850887,405.12882389037895,-4151.495117008057,-2369.11596213719,547607.8336456099,-646313.2403999148,0.03644831908701268,0.03644831908701268,27.436107481739025
0.11407605070046697,554.7785676670594,-93.43630119486694,403.4085918760704,-3795.532731315485,-2782.0699762925856,519567.3986607179,-591722.8940379553,0.03541978527195532,0.03541978527195532,28.232808085140483
0.11474316210807203,557.9064650442316,-95.85481069741823,401.42502090728965,-3458.276439675549,-3158.606147644798,491526.9636758264,-537132.547675997,0.0331906790286394,0.0331906790286394,30.128940692569902
0.1154102735156771,561.0335993331507,-98.05457220489713,399.20240574241114,-3139.726242088236,-3498.7244761938437,463486.52869093436,-482542.20131403767,0.03019327071290833,0.03019327071290833,33.11996270654032
0.11607738492328218,564.1823703310704,-100.04806476603778,396.76504113980917,-2839.882138553553,-3802.4249619397137,435446.0937060423,-427951.85495207814,0.02685937743798448,0.02685937743798448,37.230944846316575
0.11674449633088725,567.3673921293844,-101.84776742957446,394.13722185785804,-2558.7441290714996,-4069.707604882409,407405.65872115013,-373361.5085901187,0.023523815475273904,0.023523815475273904,42.510110702539265
0.11741160773849232,570.5962482507009,-103.4661592442414,391.34324265493217,-2296.312213642076,-4300.572405021929,379365.22373625805,-318771.1622281593,0.02039692839331167,0.02039692839331167,49.026989785771306
0.11807871914609738,573.8704514170178,-104.91571925877281,388.4073982894061,-2052.586392265287,-4495.01936235827,351324.78875136655,-264180.815866201,0.0175817704655493,0.0175817704655493,56.87709334844609
0.11874583055370246,577.1864319328762,-106.20892652190304,385.35398351965404,-1827.5666649411235,-4653.04847689144,323284.35376647447,-209590.4695042416,0.015106670303691257,0.015106670303691257,66.19592404526455
0.11941294196130753,580.5364510678752,-107.35826008236621,382.2072931040503,-1621.2530316695893,-4774.659748621435,295243.9187815824,-155000.12314228213,0.012955449130489459,0.012955449130489459,77.18759804680117
0.1200800533689126,583.9093936328898,-108.37619898889662,378.99162180096926,-1433.645492450685,-4859.853177548255,267203.4837966903,-100409.77678032272,0.011089052293614067,0.011089052293614067,90.17903185251252
0.12074716477651767,587.2914305164755,-109.27522229022851,375.7312643687853,-1264.744047284411,-4908.628763671901,239163.04881179822,-45819.43041836328,0.009458599805617396,0.009458599805617396,105.7238936577174
0.12141427618412273,590.6665611000161,-110.06780903509609,372.4505155658729,-1114.548696170769,-4920.98650699237,211122.61382690672,8770.915943595022,0.008011915981341343,0.008011915981341343,124.81408970449307
0.1220813875917278,594.0189134364389,-110.76554802249582,369.17157877279783,-978.0614071429676,-4908.667801747098,201788.7825275281,19415.643274988906,0.007748183484331774,0.007748183484331774,129.06250891220898
0.12274849899933288,597.3452650653206,-111.37346975855681,365.901250605505,-845.0090321558058,-4895.806363378435,197102.2376839817,19142.948954259573,0.0077370978657362345,0.0077370978657362345,129.2474280865056
0.12341561040693795,600.6482953242827,-111.89367358186033,362.6394417708491,-715.0831046960262,-4883.12684250192,192415.69284043528,18870.25463353024,0.007704420878605987,0.007704420878605987,129.79560900895862
0.12408272181454302,603.9306016334332,-112.32824518121714,359.3860309095957,-588.2836247636294,-4870.629239117554,187729.1479968889,18597.560312800906,0.007650661517979588,0.007650661517979588,130.70765157364895
0.12474983322214808,607.1946657990578,-112.67927024543805,356.1408966625108,-464.6105923586175,-4858.3135532253345,183042.60315334258,18324.86599207158,0.007576567024317178,0.007576567024317178,131.98589767509156
0.12541694462975317,610.4428495782175,-112.94883446333392,352.9039176703598,-344.0640074809833,-4846.179784825264,178356.05830979612,18052.17167134224,0.007483096913752482,0.007483096913752482,133.63451142296364
0.12608405603735823,613.6773910162865,-113.13902352371544,349.67497257390863,-226.64387013073664,-4834.227933917339,173669.51346624983,17779.477350612917,0.007371392395276323,0.007371392395276323,135.65958049402064
0.1267511674449633,616.9004015763511,-113.25192311539348,346.45394001392316,-112.35018030787205,-4822.458000501564,168982.96862270354,17506.783029883587,0.007242742681832951,0.007242742681832951,138.06924309327056
0.12741827885256837,620.1138640637737,-113.28961892717878,343.2406986311687,-1.1829380123854705,-4810.8699845779365,164296.42377915705,17234.08870915425,0.007098549724970669,0.007098549724970669,140.87384589027894
0.12808539026017343,623.3196313345921,-113.25419664788217,340.03512706641146,106.85785675571412,-4799.463886146455,159609.87893561076,16961.39438842492,0.006940292827991811,0.006940292827991811,144.08613941572725
0.12875250166777852,626.5194257632552,-113.14774196631444,336.83710396041687,211.77220399643556,-4788.239705207122,154923.33409206427,16688.700067695583,0.006769494437873545,0.006769494437873545,147.72151881908084
0.12941961307538358,629.7148394337921,-112.97234057128638,333.6465079539509,313.56010370977003,-4777.197441759936,150236.78924851798,16416.005746966257,0.00658768820371907,0.00658768820371907,151.79831969513242
0.13008672448298864,632.9073350091518,-112.7300781516088,330.46321768777926,412.2215558957226,-4766.337095804898,145550.2444049717,16143.31142623693,0.0063963901429889974,0.0063963901429889974,156.3381810123148
0.13075383589059372,636.0982472261759,-112.42304039609249,327.28711180266754,507.7565605542962,-4755.658667342009,140863.69956142522,15870.617105507594,0.006197073499072516,0.006197073499072516,161.36649019084007
0.13142094729819878,639.2887849585238,-112.05331299354825,324.1180689393816,600.1651176854834,-4745.162156371266,136177.1547178789,15597.922784778264,0.005991147624586319,0.005991147624586319,166.91292931862094
0.13208805870580387,642.4800337867238,-111.62298163278683,320.9559677386872,689.4472272892921,-4734.847562892671,131490.60987433244,15325.228464048927,0.005779940999417454,0.005779940999417454,173.0121466812183
0.13275517011340893,645.6729590132231,-111.1341320026191,317.80068684135006,775.6028893657144,-4724.714886906224,126804.06503078612,15052.534143319599,0.005564688301284156,0.005564688301284156,179.7045846699502
0.13342228152101399,648.8684090606314,-110.58884979185578,314.65210488813585,858.6321039147542,-4714.764128411924,122117.52018723983,14779.839822590271,0.005346521294985991,0.005346521294985991,187.0375043559272
0.13408939292861907,652.067119193044,-109.98922068930771,311.5101005198103,938.534870936415,-4704.995287409773,117430.97534369334,14507.145501860932,0.00512646319585646,0.00512646319585646,195.06625948436826
0.13475650433622413,655.26971550314,-109.33733038378574,308.3745523771395,1015.31119043069,-4695.408363899769,112744.43050014706,14234.451181131608,0.004905426091204145,0.004905426091204145,203.85588966330303
0.13542361574382922,658.4767191114066,-108.63526456410052,305.2453391008886,1088.9610623975857,-4686.003357881911,108057.88565660056,13961.756860402267,0.004684210966400731,0.004684210966400731,213.48312601052277
0.13609072715143428,661.6885505281157,-107.88510891906299,302.122339331824,1159.4844868370956,-4676.780269356203,103371.34081305428,13689.062539672941,0.0044635098740473615,0.0044635098740473615,224.0389353263004
0.13675783855903934,664.9055341333516,-107.08894913748388,299.005431710711,1226.8814637492237,-4667.739098322642,98684.79596950798,13416.368218943613,0.004243909799078034,0.004243909799078034,235.63177525998418
0.13742494996664442,668.1279027352524,-106.24887090817394,295.89449487831536,1291.1519931339715,-4658.879844781228,93998.2511259615,13143.673898214274,0.004025897803589951,0.004025897803589951,248.3917994908578
0.13809206137424948,671.3558021715554,-105.36695991994408,292.7894074754031,1352.296074991334,-4650.202508731963,89311.70628241521,12870.979577484948,0.003809867077008929,0.003809867077008929,262.47634885600405
0.13875917278185457,674.5892959243666,-104.445301861605,289.69004814273967,1410.313709321317,-4641.707090174844,84625.1614388687,12598.28525675561,0.00359612356509448,0.00359612356509448,278.0772078319081
0.13942628418945963,677.8283697227268,-103.48598242196753,286.59629552109106,1465.2048961239148,-4633.393589109874,79938.61659532241,12325.590936026281,0.0033848929013758004,0.0033848929013758004,295.43032206234557
0.14009339559706468,681.0729361119483,-102.49108728984248,283.5080282512229,1516.9696353991303,-4625.262005537051,75252.07175177612,12052.896615296955,0.0031763274139281258,0.0031763274139281258,314.8290052262944
0.14076050700466977,684.322838972783,-101.4627021540406,280.42512497390084,1565.6079271469653,-4617.312339456375,70565.52690822963,11780.202294567618,0.0029705130268513603,0.0029705130268513603,336.6421863700645
0.14142761841227483,687.5778579772491,-100.40291270337275,277.3474643298907,1611.1197713674155,-4609.544590867848,65878.98206468334,11507.50797383829,0.002767475918044657,0.002767475918044657,361.3400909759474
0.14209472981987992,690.8377129713506,-99.31380462664963,274.2749249599583,1653.5051680604856,-4601.958759771467,61192.43722113686,11234.813653108951,0.0025671888321400237,0.0025671888321400237,389.53114296870564
0.14276184122748498,694.1020682779912,-98.19746361268217,271.2073855048694,1692.7641172261715,-4594.554846167235,56505.89237759056,10962.119332379625,0.002369576979497629,0.002369576979497629,422.0162538091541
0.14342895263509006,697.3705369161155,-97.05597535028102,268.14472460538957,1728.8966188644758,-4587.332850055151,51819.34753404408,10689.425011650286,0.002174523479054934,0.002174523479054934,459.8708680922628
0.14409606404269512,700.6426847345122,-95.89142552825707,265.0868209022847,1761.9026729753964,-4580.292771435214,47132.80269049778,10416.730690920958,0.001981874324883984,0.001981874324883984,504.5728618834287
0.14476317545030018,703.9180344608319,-94.70589983542115,262.03355303632065,1791.782279558935,-4573.434610307424,42446.25784695149,10144.036370191632,0.001791442874014612,0.001791442874014612,558.2092594217121
0.14543028685790527,707.1960696682014,-93.50148396058391,258.9847996482628,1818.5354386150916,-4566.758366671782,37759.713003405006,9871.342049462293,0.0016030138669784525,0.0016030138669784525,623.8249216676563
0.14609739826551033,710.4762386634056,-92.28026359255628,255.94043937887722,1842.1621501438653,-4560.264040528288,33073.16815985872,9598.647728732967,0.0014163470031958955,0.0014163470031958955,706.0416675740935
0.1467645096731154,713.7579583019805,-91.04432442014897,252.90035086892942,1862.6624141452571,-4553.951631876942,28386.623316312223,9325.953408003628,0.0012311801013354699,0.0012311801013354699,812.2288517458111
0.14743162108072047,717.0406177367221,-89.79575213217288,249.86441275918543,1880.036230619265,-4547.821140717742,23700.07847276593,9053.259087274302,0.0010472318806584104,0.0010472318806584104,954.8983548622346
0.14809873248832553,720.3235821071272,-88.53663241743872,246.83250369041085,1894.2835995658913,-4541.872567050692,19013.53362921964,8780.564766544974,0.000864204403607901,0.000864204403607901,1157.1336547524825
0.14876584389593062,723.6061961781223,-87.26905096475727,243.8045023033713,1905.4045209851356,-4536.105910875789,14326.98878567315,8507.870445815635,0.0006817852229484304,0.0006817852229484304,1466.73756828496
0.14943295530353568,726.8877879371655,-85.9950934629394,240.78028723883267,1913.3989948769965,-4530.521172193032,9640.443942126858,8235.176125086307,0.0004996492789822599,0.0004996492789822599,2001.4038688035514
0.15010006671114076,730.1676721594163,-84.7168456007958,237.7597371375606,1918.267021241475,-4525.118351002424,4953.899098580369,7962.481804356969,0.0003174605940915765,0.0003174605940915765,3149.997255128724
0.15076717811874582,733.4451539511792,-83.43639306713743,234.74273064032107,1920.0086000785718,-4519.897447303964,267.35425503407623,7689.787483627642,0.00013487381334819726,0.00013487381334819726,7414.337707041381
0.15143428952635088,736.7195826101971,-82.15575301372836,231.72912082871608,1919.0328493701013,-4515.011031333907,-2791.092779831886,6809.935134259466,3.952335307971754e-06,3.952335307971754e-06,253014.97015777658
0.15210140093395597,739.9907379559044,-80.87635269648123,228.71854079756304,1916.3285128365385,-4510.827830133685,-5316.508147788861,5731.302064005115,0.00011041975611579198,0.00011041975611579198,9056.350377656578
0.15276851234156102,743.2586206522218,-79.59931842542096,225.71051141149837,1911.9394429020708,-4507.364197359251,-7841.92351574573,4652.668993750811,0.00022536494926976032,0.00022536494926976032,4437.247243816104
0.1534356237491661,746.5232344550601,-78.32577410541793,222.70455263821646,1905.8656395666972,-4504.620133010602,-10367.338883702703,3574.0359234964594,0.00034088479753236736,0.00034088479753236736,2933.54237924045
0.15410273515677117,749.7845858253653,-77.05684364134282,219.7001844454122,1898.1071028304193,-4502.595637087741,-12892.754251659573,2495.4028532421544,0.0004569794157525254,0.0004569794157525254,2188.2823723104943
0.15476984656437623,753.0426853151988,-75.79365093806605,216.69692680077998,1888.6638326932355,-4501.290709590666,-15418.169619616441,1416.7697829878489,0.0005736467156766341,0.0005736467156766341,1743.2332002815863
0.15543695797198132,756.2975489606464,-74.53731990045812,213.69429967201438,1877.535829155147,-4500.705350519378,-17943.584987573417,338.1367127334988,0.0006908816215449391,0.0006908816215449391,1447.4259682343484
0.15610406937958637,759.5491996814568,-73.2889744333896,210.69182302681023,1864.7230922161532,-4500.839559873877,-20469.000355530286,-740.4963575208067,0.0008086752661588202,0.0008086752661588202,1236.5903123882665
0.15677118078719146,762.797668687225,-72.04973844173095,207.68901683286185,1850.225621876254,-4501.693337654163,-22994.415723487262,-1819.1294277751576,0.0009270141681423161,0.0009270141681423161,1078.7321643680411
0.15743829219479652,766.0429968898248,-70.82073583035277,204.68540105786406,1834.0434181354497,-4503.2666838602345,-25519.83109144413,-2897.762498029462,0.0010458793916654976,0.0010458793916654976,956.1331908524963
0.15810540360240158,769.2852363216734,-69.60309050412552,201.6804956695114,1816.1764809937404,-4505.559598492094,-28045.246459401,-3976.3955682837686,0.0011652456905703295,0.0011652456905703295,858.1881126808115
0.15877251501000667,772.5244515592509,-68.39792636791968,198.6738206354984,1796.6248104511255,-4508.57208154974,-30570.661827357973,-5055.028638538118,0.001285080639645207,0.001285080639645207,778.1612835409971
0.15943962641761172,775.7607211511255,-67.20636732660587,195.66489592351982,1775.3884065076056,-4512.304133033173,-33096.07719531484,-6133.661708792425,0.0014053437567363566,0.0014053437567363566,711.5696748262573
0.1601067378252168,778.994139049535,-66.02953728505449,192.65324150127,1752.46726916318,-4516.755752942391,-35621.492563271815,-7212.294779046774,0.001525985620463259,0.001525985620463259,655.3141697995948
0.16077384923282187,782.2248160443457,-64.86856014813617,189.6383773364439,1727.86139841785,-4521.926941277397,-38146.90793122869,-8290.92784930108,0.0016469469895190262,0.0016469469895190262,607.184084468948
0.16144096064042693,785.4528811979714,-63.72455982072137,186.61982339673594,1701.5707942716147,-4527.8176980381895,-40672.323299185555,-9369.560919555386,0.0017681579308801603,0.0017681579308801603,565.5603396819968
0.16210807204803201,788.6784832795508,-62.59866020768058,183.59709964984063,1673.5954567244737,-4534.428023224769,-43197.738667142534,-10448.193989809737,0.001889536965711764,0.001889536965711764,529.2301860965779
0.16277518345563707,791.9017921964021,-61.49198521388438,180.56972606345275,1643.935385776428,-4541.757916837136,-45723.154035099404,-11526.82706006404,0.0020109902433186476,0.0020109902433186476,497.26745483844047
0.16344229486324216,795.1230004204447,-60.405658744203215,177.53722260526678,1612.590581427476,-4549.80737887529,-48248.56940305638,-12605.460130318392,0.0021324107551360964,0.0021324107551360964,468.95280263964776
0.16410940627084722,798.3423244069528,-59.34080470350767,174.4991092429774,1579.5610436776199,-4558.576409339228,-50773.984771013245,-13684.093200572697,0.0022536776024451336,0.0022536776024451336,443.71918987660314
0.16477651767845228,801.5600060026472,-58.298546996668264,171.4549059442793,1544.8467725268588,-4568.065008228955,-53299.400138970115,-14762.726270827003,0.0023746553331965314,0.0023746553331965314,421.1137448119246
0.16544362908605736,804.7763138397655,-57.28000952855543,168.40413267686677,1508.447767975191,-4578.273175544467,-55824.815506927094,-15841.359341081356,0.0024951933649849387,0.0024951933649849387,400.7705430901689
0.16611074049366242,807.9915447123703,-56.28631620403978,165.34630940843476,1470.3640300226198,-4589.200911285767,-58350.23087488396,-16919.992411335657,0.0026151255127701474,0.0026151255127701474,382.39082411792964
0.1667778519012675,811.206024930772,-55.31859092799175,162.28095610667765,1430.5955586691414,-4600.848215452855,-60875.646242840936,-17998.62548159001,0.0027342696413259924,0.0027342696413259924,365.7283776573868
0.16744496330887257,814.4201116495447,-54.37795760528194,159.20759273929022,1389.1423539147595,-4613.215088045727,-63401.061610797806,-19077.258551844316,0.0028524274635279836,0.0028524274635279836,350.5785906166969
0.16811207471647763,817.634194164237,-53.46554014078083,156.125739273967,1346.0044157594725,-4626.301529064387,-65926.47697875467,-20155.89162209862,0.0029693845063797643,0.0029693845063797643,336.7701279007437
0.16877918612408271,820.8486951714925,-52.5824624393589,153.03491567840248,1301.1817442032789,-4640.107538508835,-68451.89234671165,-21234.52469235297,0.003084910267028207,0.003084910267028207,324.15853734485836
0.16944629753168777,824.0640719869382,-51.72984840588673,149.93464192029148,1254.6743392461813,-4654.633116379067,-70977.30771466852,-22313.157762607276,0.0031987585808268175,0.0031987585808268175,312.62127939068137
0.17011340893929286,827.2808177148623,-50.90882194523476,146.82443796732835,1206.482200888177,-4669.878262675089,-73502.7230826255,-23391.79083286163,0.0033106682226744875,0.0033106682226744875,302.05382501063815
0.17078052034689792,830.4994623633952,-50.12050696227361,143.703823787208,1156.6053291292692,-4685.842977396896,-76028.13845058237,-24470.42390311593,0.0034203637612831668,0.0034203637612831668,292.36656384899976
0.17144763175450298,833.7205738986495,-49.36602736187373,140.57231934762484,1105.0437239694563,-4702.52726054449,-78553.55381853924,-25549.056973370236,0.0035275566836252335,0.0035275566836252335,283.4823334354787
0.17211474316210806,836.9447592310615,-48.64650704890562,137.4294446162734,1051.797385408736,-4719.931112117871,-81078.96918649621,-26627.69004362459,0.003631946803506526,0.003631946803506526,275.33442919222625
0.17278185456971312,840.1726651038132,-47.963069928805666,134.27471958448157,996.8662669696354,-4738.052590839123,-83606.92974211252,-27600.015352077753,0.0037323995301959847,0.0037323995301959847,267.92415761221866
0.1734489659773182,843.4048126370187,-47.316843951017226,131.10783315424158,940.2332564682154,-4756.176952564791,-86178.83574114004,-26736.82110147324,0.003817353122909823,0.003817353122909823,261.9616178546611
0.17411607738492327,846.6411973316749,-46.7089707980567,127.92904783250079,881.8844981355588,-4773.725467558901,-88750.74174016742,-25873.62685086876,0.0039028093214839854,0.0039028093214839854,256.2256870955112
0.17478318879252833,849.8817320780639,-46.14059506487489,124.73874777318278,821.8199919716633,-4790.698135821453,-91322.64773919481,-25010.432600264285,0.003988649321069112,0.003988649321069112,250.7114362543061
0.1754503002001334,853.1263678109852,-45.61286134642256,121.53731713021102,760.039737976526,-4807.0949573524495,-93894.55373822231,-24147.23834965977,0.004074738881933193,0.004074738881933193,245.41449868943909
0.17611741160773847,856.3750946599083,-45.12691423765054,118.32514005750942,696.5437361501521,-4822.915932151886,-96466.45973724971,-23284.04409905529,0.0041609278466658685,0.0041609278466658685,240.33101194035248
0.17678452301534356,859.6279430953575,-44.683898333509575,115.10260070900136,631.3319864925364,-4838.161060219768,-99038.36573627719,-22420.849848450776,0.004247049741613604,0.004247049741613604,235.45756721466245
0.17745163442294862,862.8849850667491,-44.284958228950515,111.87008323861076,564.4044890036843,-4852.83034155609,-101610.27173530459,-21557.655597846297,0.004332921483558719,0.004332921483558719,230.79116568220826
0.17811874583055368,866.1463351264541,-43.93123851892412,108.6279718002612,495.7612436835933,-4866.9237761608565,-104182.17773433198,-20694.461347241817,0.0044183432139586415,0.0044183432139586415,226.32918077544363
0.17878585723815876,869.4121515344065,-43.62388379838117,105.37665054787611,425.40225053226015,-4880.441364034065,-106754.0837333595,-19831.267096637304,0.0045030982840652215,0.0045030982840652215,222.0693258103261
0.17945296864576382,872.6826373371307,-43.364038662272506,102.1165036353795,353.32750954969083,-4893.383105175716,-109325.9897323869,-18968.072846032825,0.004586953414847296,0.004586953414847296,218.0096263378535
0.1801200800533689,875.9580414146396,-43.15284770554886,98.84791521669472,279.5370207358794,-4905.74899958581,-111897.89573141439,-18104.87859542831,0.004669659055735049,0.004669659055735049,214.1483967168542
0.18078719146097397,879.2386594882371,-42.99145552316108,95.57126944574566,204.03078409083193,-4917.539047264347,-114469.80173044179,-17241.684344823832,0.004750949965680333,0.004750949965680333,210.48422046616955
0.18145430286857903,882.5248350818949,-42.88100671005992,92.28695047645587,126.80879961454536,-4928.753248211326,-117041.70772946917,-16378.490094219353,0.004830546038772566,0.004830546038772566,207.01593401107476
0.1821214142761841,885.8169604295359,-42.822645861196214,88.99534246274888,47.87106730701643,-4939.391602426747,-119613.61372849667,-15515.295843614838,0.00490815339456013,0.00490815339456013,203.7426134864353
0.18278852568378917,889.115477320281,-42.81751757152071,85.69682955854861,-32.78241283174833,-4949.454109910612,-122185.51972752405,-14652.10159301036,0.004983465750211496,0.004983465750211496,200.66356429911463
0.18345563709139426,892.4208778735081,-42.86676643598423,82.39179591777841,-115.15164080175555,-4958.940770662918,-124757.42572655156,-13788.907342405846,0.005056166087638678,0.005056166087638678,197.77831318571623
0.18412274849899932,895.7336912822137,-42.97155678949948,79.0806402792271,-199.72140786276879,-4967.493396808655,-135266.61706428305,-7061.252230470476,0.005456967388651488,0.005456967388651488,183.25196556600963
0.18478985990660438,899.0508878659697,-43.13829851568176,75.7676370537485,-305.2757752603404,-4961.233390402727,-181185.3763936423,25828.75143544039,0.007383714030540803,0.007383714030540803,135.43319742121125
0.18545697131420946,902.3616510724491,-43.38567455239336,72.46612859459853,-441.4630708296054,-4933.032087355098,-227104.1357230035,58718.75510135264,0.00943485250883909,0.00943485250883909,105.98999815451751
0.18612408272181452,905.655509774053,-43.73412047546591,69.19075219106472,-608.2832945705518,-4882.889487665768,-273022.89505236276,91608.75876726348,0.011657282105528037,0.011657282105528037,85.78328901603803
0.1867911941294196,908.9240778287607,-44.20407186073114,65.95614513243417,-805.7364464831941,-4810.805591334732,-318941.6543817239,124498.76243317573,0.014085008621109578,0.014085008621109578,70.99747163102714
0.18745830553702467,912.1616274695286,-44.815964284020694,62.776944707994495,-1033.8225265675155,-4716.780398361999,-364860.4137110832,157388.7660990866,0.016730278948917002,0.016730278948917002,59.77186650941841
0.18812541694462973,915.3657414951766,-45.59023332116625,59.667788207032835,-1292.5415348235238,-4600.813908747562,-410779.17304044246,190278.76976499747,0.019569588421903136,0.019569588421903136,51.09969501866255
0.1887925283522348,918.5380364442108,-46.54731454799954,56.64331291883643,-1581.8934712512314,-4462.9061224914185,-456697.9323698036,223168.77343090967,0.022525279037631924,0.022525279037631924,44.39456658136608
0.18945963975983987,921.6849443803279,-47.70701870092976,53.717887165877755,-1896.1365072937238,-4305.528652754397,-467441.1527322882,240917.20256391104,0.023715508909726055,0.023715508909726055,42.16649972836494
0.19012675116744496,924.8174791591298,-49.07404192832442,50.89937308286044,-2199.3127763203875,-4144.159832879005,-441481.3018096283,242866.5194224981,0.022889333780380133,0.022889333780380133,43.68847121523309
0.19079386257505002,927.9465295592958,-50.63754094803496,48.18894374009149,-2485.170932656806,-3981.490601490221,-415521.4508869696,244815.83628108512,0.021886394019285143,0.021886394019285143,45.69048693534679
0.19146097398265507,931.0809611601583,-52.38596264952753,45.587466656925926,-2753.710976302992,-3817.5209585880366,-389561.59996431076,246765.1531396721,0.02077524515352969,0.02077524515352969,48.13420937322134
0.19212808539026016,934.2276479602056,-54.30775392226841,43.095809352718824,-3004.932907258956,-3652.2509041724456,-363601.74904165097,248714.46999825916,0.019616938878721027,0.019616938878721027,50.97635294590862
0.19279519679786522,937.3915757969107,-56.39136165572357,40.714839346825556,-3238.836725524678,-3485.6804382434607,-337641.8981189922,250663.78685684619,0.01846159435997641,0.01846159435997641,54.166502659593576
0.1934623082054703,940.5759792441592,-58.62523273935934,38.44542415860109,-3455.4224311001744,-3317.809560801068,-311682.04719633237,252613.10371543327,0.017347461984447848,0.017347461984447848,57.64532015671853
0.19412941961307537,943.7824976513599,-60.99781406264171,36.288431307400806,-3654.690023985431,-3148.638271845283,-285722.1962736737,254562.4205740203,0.016301714574871312,0.016301714574871312,61.34324063932975
0.19479653102068042,947.0113386603635,-63.4975525150369,34.24472831257975,-3836.639504180453,-2978.1665713760967,-259762.34535101487,256511.73743260727,0.015342185724491256,0.015342185724491256,65.17976108212963
0.1954636424282855,950.2614405874758,-66.1128949860112,32.31518269349304,-4001.2708716852508,-2806.3944593935034,-233802.49442835504,258461.05429119436,0.014479445365662005,0.014479445365662005,69.06341884969568
0.19613075383589057,953.5306279188579,-68.83228836503054,30.500661969495987,-4148.584126499809,-2633.3219358975175,-207842.6435056963,260410.37114978136,0.013718821995976259,0.013718821995976259,72.89255595657563
0.19679786524349566,956.8157565499262,-71.64417954156129,28.802033659943618,-4278.579268624139,-2458.949000888124,-181882.79258303644,262359.6880083685,0.013062170970368693,0.013062170970368693,76.55695230666346
0.19746497665110072,960.1128472207151,-74.53701540506937,27.220165284191246,-4391.256298058231,-2283.275654365337,-155922.9416603777,264309.00486695545,0.012509321688595778,0.012509321688595778,79.94038564949992
0.19813208805870577,963.417206899293,-77.49924284502107,25.755924361593966,-4486.61521480209,-2106.3018963291493,-129963.09073771894,266258.3217255424,0.012059215795082028,0.012059215795082028,82.92413180032972
0.19879919946631086,966.723538739554,-80.51930875088267,24.410178411506894,-4564.656018855721,-1928.0277267795548,-104003.23981505912,268207.6385841295,0.01171078762839921,0.01171078762839921,85.39135297569166
0.19946631087391592,970.026041796917,-83.58566001212009,23.183794953285318,-4625.378710219116,-1748.4531457165672,-78043.38889240035,270156.95544271654,0.011463652120137913,0.011463652120137913,87.2322353749138
0.200133422281521,973.3185028494527,-86.68674416106538,22.077640857498857,-4668.821783862371,-1567.6170025854292,-53620.264034564294,270555.3955247309,0.011277985827104525,0.011277985827104525,88.66831501035296
0.20080053368912607,976.5967476417092,-89.81289219123475,21.090682189962692,-4702.758779038899,-1393.3644181112204,-48122.84750466596,251853.85272895638,0.01060581427638197,0.01060581427638197,94.28790415714657
0.20146764509673115,979.8636371782669,-92.9604566994141,20.215807964190834,-4733.028384935976,-1231.5878461758805,-42625.43097476739,233152.30993318104,0.009882472688593888,0.009882472688593888,101.1892500501596
0.2021347565043362,983.1227099062487,-96.12699112837872,19.44469528989726,-4759.630601553598,-1082.2872867794224,-37128.01444486906,214450.76713740654,0.009122399689155859,0.009122399689155859,109.62027910142304
0.20280186791194127,986.3766908961346,-99.31004892090434,18.769021276795836,-4782.56542889177,-945.4627399218401,-31630.597914970727,195749.224341632,0.008337967680224887,0.008337967680224887,119.93330249668568
0.20346897931954636,989.6275477751279,-102.5071835197666,18.180463034600418,-4801.832866950491,-821.1142056031283,-26133.181385072163,177047.6815458567,0.007539217638488519,0.007539217638488519,132.6397575916753
0.20413609072715141,992.8765526340743,-105.71594836774082,17.670697673024954,-4817.43291572976,-709.2416838232974,-20635.764855173828,158346.13875008217,0.006733806370013118,0.006733806370013118,148.5044186083497
0.2048032021347565,996.1243477674523,-108.93389690760276,17.23140230178328,-4829.365575229576,-609.845174582338,-15138.348325275267,139644.59595430686,0.005927106890812699,0.005927106890812699,168.71637688026988
0.20547031354236156,999.3710135214145,-112.15858258212776,16.854254030589342,-4837.630845449939,-522.9246778802583,-9640.931795376933,120943.05315853233,0.005122405702282877,0.005122405702282877,195.22077284006127
0.20613742494996662,1002.6161369527259,-115.38755883409146,16.530929969157,-4842.228726390852,-448.480193717054,-4143.515265478599,102241.51036275779,0.004321150368529186,0.004321150368529186,231.4198569165682
0.2068045363575717,1005.8590336247099,-118.61858257447572,16.25368564687367,-4844.297660645267,-383.2753560505249,-2892.6312764451654,95612.0156416133,0.004045982104795734,0.004045982104795734,247.15877977183644
0.20747164776517676,1009.0998562112626,-121.85089660779674,16.019000693145916,-4846.156032893199,-320.7194579819727,-2678.7687228568275,91930.56676790884,0.003896322402025269,0.003896322402025269,256.6522727893898
0.20813875917278185,1012.3391632353326,-125.08440279400207,15.825228300991524,-4847.871734991974,-260.6194964535814,-2464.906169268481,88249.11789420423,0.003744378610167831,0.003744378610167831,267.0670100733157
0.2088058705803869,1015.5774540368259,-128.3190059562074,15.670730087128206,-4849.4447669415895,-202.97547146535553,-2251.0436156801425,84567.66902049977,0.0035905722121468723,0.0035905722121468723,278.50714062148904
0.20947298198799197,1018.8151687078042,-131.55461091752886,15.553867668273652,-4850.875128742047,-147.78738301729277,-2037.1810620918047,80886.22014679531,0.0034352874648042953,0.0034352874648042953,291.0964541527732
0.21014009339559706,1022.0526903494083,-134.7911225010825,15.473002661145566,-4852.162820393347,-95.05523110939079,-1823.318508503458,77204.7712730907,0.003278870997625825,0.003278870997625825,304.98302639051155
0.21080720480320211,1025.2903474034383,-138.02844552998405,15.42649668246166,-4853.307841895487,-44.779015741654206,-1609.4559549151204,73523.32239938625,0.0031216319579235965,0.0031216319579235965,320.3452596202808
0.2114743162108072,1028.5284160448825,-141.26648482734976,15.412711348939633,-4854.31019324847,3.041263085921358,-1395.5934013267731,69841.87352568161,0.0029638426217291625,0.0029638426217291625,337.39983110728764
0.21214142761841226,1031.767122622925,-144.50514521629532,15.430008277297185,-4855.169874452295,48.40560537333175,-1181.7308477384354,66160.42465197717,0.0028057393923018414,0.0028057393923018414,356.41228930374587
0.21280853902601732,1035.0066461392362,-147.74433151993685,15.476749084252027,-4855.88688550696,91.31401112057915,-967.8682941500973,62478.97577827271,0.002647524112703941,0.002647524112703941,377.71138521518156
0.2134756504336224,1038.247120753619,-150.98394856139043,15.55129538652185,-4856.461226412468,131.7664803276652,-754.0057405617506,58797.52690456809,0.0024893656248026496,0.0024893656248026496,401.70876870659663
0.21414276184122746,1041.4886383083297,-154.22390116377179,15.652008800824367,-4856.892897168817,169.7630129945864,-540.1431869734126,55116.07803086363,0.002331401513852814,0.002331401513852814,428.92654656787363
0.21480987324883255,1044.7312508636123,-157.46409415019718,15.77725094387728,-4857.181897776008,205.30360912134603,-326.2806333850656,51434.62915715902,0.0021737399850930345,0.0021737399850930345,460.03662206968175
0.2154769846564376,1047.9749732381324,-160.70443234378226,15.925383432398288,-4857.328228234041,238.38826870794102,-112.4180797967274,47753.18028345456,0.0020164618262185755,0.0020164618262185755,495.91814087315356
0.21614409606404267,1051.2197855491108,-163.94482056764318,16.094767883105092,-4857.331888542915,269.01699175437307,101.44447379161011,44071.73140975009,0.0018596224169172403,0.0018596224169172403,537.7435714384075
0.21681120747164775,1054.4656357479796,-167.18516364489594,16.283765912715403,-4857.192878702631,297.18977826064304,315.30702737995716,40390.28253604548,0.0017032537536745237,0.0017032537536745237,587.1115785552473
0.2174783188792528,1057.712442148343,-170.42536639865642,16.490739137946914,-4856.911198713188,322.90662822674886,529.1695809682951,36708.833662341014,0.001547366464632858,0.001547366464632858,646.2593205012163
0.2181454302868579,1060.9600959439133,-173.66533365204074,16.714049175517346,-4856.486848574587,346.16754165269253,743.0321345566421,33027.38478863641,0.0013919517953384236,0.0013919517953384236,718.4156831787923
0.21881254169446296,1064.208463714894,-176.9049702281647,16.952057642144386,-4855.919828286829,366.9725185384722,956.89468814498,29345.935914931946,0.0012369835516790617,0.0012369835516790617,808.4181868405736
0.21947965310206802,1067.4573899220131,-180.14418095014423,17.203126154545732,-4855.210137849911,385.3215588840887,1170.757241733318,25664.487041227483,0.0010824199911906324,0.0010824199911906324,923.8558121048995
0.2201467645096731,1070.7066993880674,-183.3828706410956,17.465616329439108,-4854.357777263835,401.21466268954293,1384.6197953216647,21983.03816752287,0.0009282056581947504,0.0009282056581947504,1077.3474511509453
0.22081387591727816,1073.9561997674132,-186.62094412413444,17.737889783542197,-4853.362746528602,414.6518299548334,1598.4823489100027,18301.589293818408,0.0007742731619509683,0.0007742731619509683,1291.5338528333573
0.22148098732488325,1077.2056840043608,-189.85830622237702,18.01830813357272,-4852.225045644209,425.6330606799611,1812.3449024983495,14620.140420113798,0.0006205449001966892,0.0006205449001966892,1611.4869362120903
0.2221480987324883,1080.4549327818588,-193.09486175893903,18.305232996248357,-4850.944674610659,434.1583548649253,2026.2074560866877,10938.691546409336,0.00046693473314924684,0.00046693473314924684,2141.626932002869
0.22281521014009337,1083.7037169622406,-196.33051555693658,18.59702598828683,-4849.52163342795,440.22771250972653,2240.0700096750256,7257.242672704876,0.0003133496152984495,0.0003133496152984495,3191.3235286647828
0.22348232154769845,1086.951800022113,-199.5651724394858,18.892048726405843,-4847.955922096082,443.84113361436465,2453.9325632633727,3575.793799000262,0.00015969119416666536,0.00015969119416666536,6262.086054390245
0.2241494329553035,1090.1989445620516,-202.79873963795944,19.188681219918454,-4846.273241582411,445.1949043146477,2484.940967619808,1290.857899882586,6.38712783655386e-05,6.38712783655386e-05,15656.489514378416
0.2248165443629086,1093.4450509527726,-206.03120717937676,19.48593581376683,-4844.688916821943,445.9335268915239,2264.8646642595086,923.5325855924709,4.762336890272426e-05,4.762336890272426e-05,20998.094486818125
0.22548365577051366,1096.6901913042407,-209.26266677079118,19.783601414368462,-4843.251407473993,446.4271025609352,2044.7883608992179,556.2072713023713,3.134639647113132e-05,3.134639647113132e-05,31901.59356661481
0.22615076717811872,1099.9344482064728,-212.49321635443928,20.08151454813599,-4841.960713538556,446.67563132288143,1824.7120575389279,188.88195701227164,1.5044050856848001e-05,1.5044050856848001e-05,66471.4583535726
0.2268178785857238,1103.1779041971074,-215.72295387255767,20.37951174148206,-4840.816835015634,446.67911317736247,1604.6357541786278,-178.44335727784346,1.279966838944364e-06,1.279966838944364e-06,781270.2404264918
0.22748498999332886,1106.4206417886453,-218.95197726738266,20.67742952081927,-4839.819771905228,446.43754812437857,1384.559450818338,-545.7686715679431,1.762194401697149e-05,1.762194401697149e-05,56747.42803841118
0.22815210140093395,1109.6627434957304,-222.180384481151,20.97510441256029,-4838.9695242073385,445.95093616392955,1164.4831474580383,-913.0939858580582,3.397815639235437e-05,3.397815639235437e-05,29430.672707864047
0.228819212808539,1112.9042918624605,-225.40827345609887,21.27237294311772,-4838.266091921963,445.2192772960156,944.4068440977479,-1280.419300148158,5.0344867806359065e-05,5.0344867806359065e-05,19862.9978302116
0.22948632421614407,1116.1453694897168,-228.6357421344629,21.569071638904205,-4837.709475049102,444.2425715206366,724.3305407374576,-1647.7446144382575,6.671833004125627e-05,6.671833004125627e-05,14988.384741968739
0.23015343562374915,1119.386059062504,-231.8628884584798,21.865037026332388,-4837.299673588756,443.0208188377924,504.254237377158,-2015.0699287283728,8.30947826421314e-05,8.30947826421314e-05,12034.449916148787
0.2308205470313542,1122.6264433772853,-235.08981037038586,22.160105631814886,-4837.036687540928,441.55401924748327,284.17793401686777,-2382.3952430184722,9.947045274953178e-05,9.947045274953178e-05,10053.236638200655
0.2314876584389593,1125.8666053693094,-238.3166058124176,22.454113981764333,-4836.920516905613,439.8421727497091,64.10163065656843,-2749.720557308587,0.00011584155494685358,0.00011584155494685358,8632.480809315668
0.23215476984656436,1129.1066281399117,-241.54337272681147,22.746898602593355,-4836.951161682813,437.88527934446984,-155.97467270372204,-3117.045871598687,0.00013220429112635262,0.00013220429112635262,7564.050996228725
0.23282188125416942,1132.3465949837844,-244.77020905580406,23.038296020714586,-4837.128621872529,435.68333903176557,-376.0509760640123,-3484.3711858887864,0.00014855485037770346,0.00014855485037770346,6731.52036071176
0.2334889926617745,1135.5865894162016,-247.99721274163198,23.32814276254068,-4837.45289747476,433.23635181159614,-596.1272794243118,-3851.6965001789017,0.0001648894089029838,0.0001648894089029838,6064.670900654215
0.23415610406937956,1138.82669520019,-251.2244817265315,23.61627535448424,-4837.923988489505,430.5443176839617,-816.2035827846021,-4219.021814469002,0.00018120412996196892,0.00018120412996196892,5518.638014541279
0.23482321547698465,1142.0669963736352,-254.45211395273932,23.90253032295792,-4838.541894916767,427.60723664886234,-1036.2798861449016,-4586.3471287591165,0.00019749516385159752,0.00019749516385159752,5063.415126212525
0.2354903268845897,1145.3075772763118,-257.6802073624917,24.18674419437433,-4839.306616756544,424.42510870629786,-1256.356189505192,-4953.672443049217,0.0002137586479234155,0.0002137586479234155,4678.173302996731
0.23615743829219477,1148.5485225768266,-260.90885989802536,24.46875349514611,-4840.218154008836,420.9979338562684,-1476.4324928654823,-5320.997757339316,0.00022999070664279613,0.00022999070664279613,4348.0017718851705
0.23682454969979985,1151.789917299465,-264.1381695015768,24.7483947516859,-4841.276506673642,417.32571209877375,-1696.5087962257817,-5688.323071629431,0.0002461874516936534,0.0002461874516936534,4061.9454530296825
0.2374916611074049,1155.0318468509286,-267.36823411538234,25.02550449040632,-4842.481674750965,413.4084434338141,-1916.5850995860721,-6055.6483859195305,0.000262344982132326,0.000262344982132326,3811.77483126246
0.23815877251501,1158.2743970469542,-270.5991516816788,25.29991923772002,-4843.833658240802,409.2461278613894,-2136.6614029463717,-6422.973700209646,0.0002784593845942472,0.0002784593845942472,3591.1879984118136
0.23882588392261506,1161.5176541388025,-273.83102014270224,25.57147552003961,-4845.332457143155,404.8387653814998,-2356.737706306662,-6790.299014499746,0.0002945267335569058,0.0002945267335569058,3395.2775285398297
0.23949299533022012,1164.7617048396073,-277.0639374406894,25.840009863777727,-4846.978071458022,400.18635599414506,-2576.814009666952,-7157.624328789845,0.0003105430916625682,0.0003105430916625682,3220.1650168620918
0.2401601067378252,1168.0066363505703,-280.2980015178769,26.105358795347012,-4848.770501185405,395.28889969932516,-2796.8903130272515,-7524.94964307996,0.0003265045101040833,0.0003265045101040833,3062.7448291027263
0.24082721814543026,1171.252536386995,-283.5333103165011,26.36735884116009,-4850.709746325303,390.1463964970403,-3016.966616387542,-7892.274957370059,0.00034240702907702305,0.00034240702907702305,2920.500793151224
0.24149432955303535,1174.4994932041468,-286.7699617787986,26.625846527629598,-4852.795806877717,384.7588463872903,-3237.0429197478416,-8259.600271660174,0.00035824667830128596,0.00035824667830128596,2791.3727064874515
0.2421614409606404,1177.7475956229275,-290.0080538470056,26.880658381168157,-4855.028682842645,379.12624937007547,-3457.1192231081322,-8626.925585950275,0.00037401947761514905,0.00037401947761514905,2673.657549537994
0.24282855236824546,1180.996919171404,-293.24766814234727,27.13166184748306,-4857.305931501128,373.44267776751377,-3248.5247654803484,-8182.156777266955,0.0003542385744670234,0.0003542385744670234,2822.9562562591314
0.24349566377585055,1184.247404118875,-296.48872714176366,27.37902586272697,-4859.346893408232,368.2398260792789,-2870.279032016496,-7415.992584060903,0.00032050716466272463,0.00032050716466272463,3120.055057278728
0.2441627751834556,1187.4989133471818,-299.73106352335816,27.623089482206,-4861.135523271664,363.54809126443047,-2492.033298552659,-6649.828390854882,0.0002868836928414023,0.0002868836928414023,3485.733155815271
0.2448298865910607,1190.7513077715635,-302.97450895354626,27.864193677817024,-4862.671821091424,359.3674733229682,-2113.7875650888063,-5883.664197648828,0.00025335536076067456,0.00025335536076067456,3947.025225744576
0.24549699799866576,1194.0044473180728,-306.2188950987429,28.102679421456884,-4863.955786867514,355.6979722548923,-1735.5418316249686,-5117.500004442807,0.00021990929477781315,0.00021990929477781315,4547.329393286249
0.24616410940627081,1197.2581910397992,-309.46405362536325,28.338887685022428,-4864.9874205999295,352.53958806020273,-1357.2960981611316,-4351.335811236784,0.0001865325535937064,0.0001865325535937064,5360.99453277275
0.2468312208138759,1200.51239723258,-312.7098161998227,28.57315944041054,-4865.766722288675,349.8923207388993,-979.0503646972788,-3585.1716180307303,0.00015321213553013733,0.00015321213553013733,6526.898124223957
0.24749833222148096,1203.7669235502774,-315.9560144885362,28.80583565951805,-4866.293691933749,347.75617029098225,-600.8046312334418,-2819.0074248247097,0.0001199349854051378,0.0001199349854051378,8337.850683201583
0.24816544362908605,1207.0216271196914,-319.20248015791896,29.037257314241824,-4866.568329535151,346.13113671645135,-222.5588977695893,-2052.843231618656,8.66880010705477e-05,8.66880010705477e-05,11535.621858279885
0.2488325550366911,1210.2763646551873,-322.4490448743861,29.26776537647871,-4866.590635092882,345.01722001530686,155.68683569424775,-1286.6790384126343,5.3458039675453083e-05,5.3458039675453083e-05,18706.26020091756
0.24949966644429616,1213.5309925731099,-325.6955403043529,29.49770081812557,-4866.36060860694,344.4144201875486,533.9325691580848,-520.5148452066132,2.023192371872493e-05,2.023192371872493e-05,49426.837205524156
0.2501667778519012,1216.78536710606,-328.94179811423436,29.727404611079255,-4865.878250077327,344.3227372331766,912.1783026219218,245.64934799940784,1.3003553046281467e-05,1.3003553046281467e-05,76902.05872509305
0.25083388925950634,1220.0393444171104,-332.18764997044605,29.95721772723664,-4865.143559504042,344.74217115219096,1290.4240360857905,1011.8135412054935,4.626161979196396e-05,4.626161979196396e-05,21616.19079697051
0.2515010006671114,1223.2927807140336,-335.43292753940256,30.187481138494547,-4864.156536887085,345.67272194459156,1668.6697695496277,1777.9777344115146,7.955552281864593e-05,7.955552281864593e-05,12569.837574690964
0.25216811207471646,1226.545532363621,-338.6774624875192,30.41853581674985,-4862.917182226457,347.1143896103784,2046.915503013464,2544.1419276175366,0.00011289851971555042,0.00011289851971555042,8857.51206056125
0.2528352234823215,1229.7974560061673,-341.92108648121143,30.650722733899407,-4861.425495522158,349.0671741495516,2425.161236477302,3310.3061208235576,0.00014630387341699273,0.00014630387341699273,6835.089028366444
0.2535023348899266,1233.0484086701938,-345.1636311868942,30.88438286184006,-4859.681476774186,351.5310755621109,2803.4069699411393,4076.47031402958,0.00017978484608980404,0.00017978484608980404,5562.204055287794
0.2541694462975317,1236.2982478874917,-348.40492827098285,31.119857172468688,-4857.685125982543,354.5060938480568,3181.6527034050073,4842.634507235664,0.00021335469278728695,0.00021335469278728695,4687.030723045744
0.25483655770513675,1239.5468318085566,-351.64480939989227,31.357486637682126,-4855.436443147229,357.9922290073888,3559.8984368688443,5608.798700441688,0.0002470266548042041,0.0002470266548042041,4048.146143551231
0.2555036691127418,1242.7940193184922,-354.88310624003765,31.59761222937723,-4852.9354282682425,361.989481040107,3938.144170332681,6374.9628936477075,0.0002808139526664036,0.0002808139526664036,3561.076614978467
0.25617078052034686,1246.039670153459,-358.1196504578342,31.840574919450862,-4850.182081345583,366.49784994621143,4316.389903796518,7141.12708685373,0.00031472977868750274,0.00031472977868750274,3177.3288316416556
0.2568378919279519,1249.2836450177404,-361.3542737196972,32.086715679799866,-4847.176402379253,371.5173357257022,4694.635637260355,7907.2912800597505,0.00034878728902391735,0.00034878728902391735,2867.0769591360513
0.25750500333555704,1252.5258057015064,-364.58680769204204,32.33637548232114,-4843.918391369251,377.04793837857966,5072.881370724224,8673.455473265836,0.00038299959515812805,0.00038299959515812805,2610.968817309409
0.2581721147431621,1255.7660151993432,-367.8170840412833,32.58989529891148,-4840.4080483155785,383.08965790484297,5451.127104188061,9439.619666471857,0.000417379754738595,0.000417379754738595,2395.8996301253283
0.25883922615076715,1259.00413782963,-371.04493443383643,32.84761610146777,-4836.645373218234,389.6424943044925,5829.372837651898,10205.78385967788,0.00045194076170322503,0.00045194076170322503,2212.6793702592995
0.2595063375583722,1262.240039354831,-374.27019053611656,33.10987886188686,-4832.630366077217,396.70644757752837,6207.618571115736,10971.948052883901,0.00048669553561153065,0.00048669553561153065,2054.6726378813087
0.26017344896597727,1265.4735871027783,-377.4926840145389,33.37702455206561,-4828.36302689253,404.2815177239505,6585.8643045795725,11738.112246089922,0.0005216569101089779,0.0005216569101089779,1916.9687597756404
0.2608405603735824,1268.7046500890192,-380.7122465355189,33.649394143900906,-4823.843355664169,412.36770474375953,6964.110038043441,12504.276439296009,0.0005568376204451774,0.0005568376204451774,1795.8556736890832
0.26150767178118745,1271.9331311262986,-383.9287464961514,33.927275074020514,-4819.32508863041,420.5951859797397,6173.812596583552,11567.27933019072,0.0005153334475666218,0.0005153334475666218,1940.4911610568827
0.2621747831887925,1275.1593272438088,-387.1425045384537,34.210295628354096,-4815.6790493786675,427.6947288805824,4757.013080144326,9717.150286536082,0.0004321047046350423,0.0004321047046350423,2314.253904836803
0.26284189459639756,1278.383796974381,-390.35414553092824,34.497640680223064,-4812.97817324663,433.56002959086163,3340.2135637051006,7867.021242881447,0.0003483520678828266,0.0003483520678828266,2870.6590033401635
0.2635090060040026,1281.60710012929,-393.5643000026741,34.788486852582366,-4811.222460234298,438.1910881105775,1923.414047265875,6016.892199226811,0.00026420657077063893,0.00026420657077063893,3784.917222471778
0.26417611741160774,1284.829793571681,-396.7735984827908,35.082010768386944,-4810.411910341671,441.58790443973004,506.61453082653134,4166.763155572018,0.00017979932346208027,0.00017979932346208027,5561.756188759521
0.2648432288192128,1288.0524319258557,-399.9826715003771,35.37738905059169,-4810.546523568752,443.7504785783189,-910.1849856126946,2316.6341119173812,9.526132952633276e-05,9.526132952633276e-05,10497.439044492587
0.26551034022681785,1291.2755682910968,-403.1921495845324,35.67379832215153,-4811.626299915538,444.67881052634436,-2326.9845020519197,466.5050682627443,1.0723311593266536e-05,1.0723311593266536e-05,93254.77407818007
0.2661774516344229,1294.4997549581694,-406.4026632643558,35.9704152060214,-4813.651239382029,444.3729002838062,-3743.784018491143,-1383.6239753918908,7.368445635621242e-05,7.368445635621242e-05,13571.38329372622
0.26684456304202797,1297.72554412666,-409.6148430689467,36.26641632515624,-4816.621341968227,442.83274785070466,-5160.583534930369,-3233.7530190465286,0.00015783231245124256,0.00015783231245124256,6335.838235335487
0.2675116744496331,1300.953488621301,-412.82931952740455,36.56097830251101,-4820.536607674132,440.0583532270395,-6577.383051369713,-5083.882062701319,0.00024159136854926466,0.00024159136854926466,4139.2207263236005
0.26817878585723814,1304.1841426054502,-416.0467231688278,36.85327776104056,-4825.397036499741,436.049716412811,-7994.182567808937,-6934.011106355955,0.00032483367238706943,0.00032483367238706943,3078.498582525051
0.2688458972648432,1307.418062289903,-419.2676845223161,37.14249132369986,-4831.202628445058,430.806837408019,-9410.982084248164,-8784.140150010593,0.00040743237256192293,0.00040743237256192293,2454.3950538638574
0.26951300867244826,1310.6558066352204,-422.49283411696877,37.42779561344383,-4837.953383510079,424.3297162126636,-10827.781600687387,-10634.26919366523,0.0004892618885145271,0.0004892618885145271,2043.8951479260952
0.2701801200800533,1313.897938045791,-425.7228024818848,37.7083672532274,-4845.649301694807,416.61835282674474,-12244.581117126614,-12484.398237319869,0.0005701980875155455,0.0005701980875155455,1753.776489074486
0.27084723148765844,1317.145023053856,-428.9582201461636,37.98338286600553,-4854.290382999241,407.67274725026164,-13661.380633565957,-14334.527280974658,0.0006501184704443834,0.0006501184704443834,1538.1811861405165
0.2715143428952635,1320.397632991749,-432.199717638904,38.25201907473309,-4863.87662742338,397.49289948321575,-15078.180150005182,-16184.656324629297,0.000728902367896094,0.000728902367896094,1371.9258491180417
0.27218145430286855,1323.6562403097405,-435.4478008374535,38.51370053790449,-4873.685236253734,387.5170546048776,-13700.859395780364,-12474.966769876719,0.0005656900042199449,0.0005656900042199449,1767.7526428612514
0.2728485657104736,1326.9204825121155,-438.7019784119148,38.76983618485719,-4882.096080046929,380.96899145743464,-11514.850296219958,-7156.126546157617,0.00033487336043137736,0.00033487336043137736,2986.2034970826567
0.27351567711807867,1330.1895855149019,-441.9612805280635,39.0227870862107,-4889.04861223268,377.9691872984633,-9328.841196659552,-1837.2863224385164,0.00010608491103163667,0.00010608491103163667,9426.411261275223
0.2741827885256838,1333.462764685879,-445.22473432959106,39.27492032601337,-4894.5428328109865,378.5176421279639,-7142.832097098964,3481.553901281024,0.00012118119429041583,0.00012118119429041583,8252.10550082101
0.27484989993328884,1336.7392328509045,-448.49136696018707,39.52860298831351,-4898.578741781846,382.61435594593615,-4956.822997538558,8800.394125000123,0.0003474244656445454,0.0003474244656445454,2878.323488660448
0.2755170113408939,1340.0182057307225,-451.76020556354314,39.78620215715948,-4901.156339145259,390.2593287523801,-2770.8138979781525,14119.234348719228,0.0005731348607328154,0.0005731348607328154,1744.7900459612438
0.27618412274849896,1343.2989073574192,-455.03027728335,40.05008491659964,-4902.27562490123,401.45256054729583,-584.8047984177447,19438.074572438323,0.0007987896074798397,0.0007987896074798397,1251.8941040745058
0.276851234156104,1346.580575489904,-458.3006092632984,40.32261835068232,-4901.936599049754,416.194051330683,1601.2043011426595,24756.914796157424,0.0010248499420856634,0.0010248499420856634,975.7526042933745
0.27751834556370913,1349.8624670471804,-461.5702286470796,40.6061695434559,-4900.139261590832,434.48380110254357,3787.213400703251,30075.755019876968,0.0012517576484255932,0.0012517576484255932,798.8766845225647
0.2781854569713142,1353.1438635774027,-464.8381625783837,40.90310557896869,-4896.883612524465,456.3218098628745,5973.222500263655,35394.595243596064,0.001479931289816703,0.001479931289816703,675.7070459155269
0.27885256837891925,1356.4240767797387,-468.10343820090185,41.215793541269036,-4892.169651850654,481.7080776116769,8159.231599824063,40713.43546731517,0.0017097620294471232,0.0017097620294471232,584.8767154592647
0.2795196797865243,1359.7024540948314,-471.365082658325,41.546600514405306,-4885.997379569396,510.64260434895107,10345.240699384467,46032.275691034265,0.0019416089417934597,0.0019416089417934597,515.0367710380971
0.28018679119412937,1362.9783843782016,-474.6221230943438,41.897893582425844,-4878.366795680695,543.125390074697,12531.249798944875,51351.11591475337,0.002175793724863057,0.002175793724863057,459.6023917951778
0.2808539026017345,1366.2513036691555,-477.87358665264946,42.27203982937901,-4869.277900184546,579.1564347889176,14717.258898505464,56669.95613847291,0.002412594732974534,0.002412594732974534,414.49149595343806
0.28152101400933954,1369.5207010656613,-481.11850047693235,42.67140633931311,-4858.730693080955,618.735738491607,16903.26799806587,61988.796362192006,0.002652240263079091,0.002652240263079091,377.03974783908166
0.2821881254169446,1372.7861247131593,-484.3558917108834,43.0983601962765,-4846.725174369916,661.863301182768,19089.277097626276,67307.63658591111,0.0028949010455261606,0.0028949010455261606,345.4349507197907
0.28285523682454966,1376.0471879123306,-487.58478749819346,43.55526848431756,-4833.261344051432,708.5391228624009,21275.286197186684,72626.4768096302,0.0031406819140200226,0.0031406819140200226,318.4021901536714
0.2835223482321547,1379.3035753474126,-490.8042149825535,44.04449828748461,-4818.339202125505,758.7632035305054,23461.29529674709,77945.3170333493,0.003389612660723131,0.003389612660723131,295.01895941899824
0.28418945963975983,1382.5550494326542,-494.0132013076545,44.568416689826044,-4801.95874859213,812.535543187086,25647.304396307678,83264.15725706886,0.0036416381224706686,0.0036416381224706686,274.60169472345876
0.2848565710473649,1385.801456769906,-497.2107736171868,45.129390775390114,-4784.119983451311,869.856141832134,27833.313495868082,88582.99748078796,0.0038966075942077376,0.0038966075942077376,256.63348844427867
0.28552368245496995,1389.042734705095,-500.3959590548415,45.72978762822523,-4764.822906703046,930.7249994656536,30019.322595428494,93901.83770450707,0.004154263727117159,0.004154263727117159,240.71654225331224
0.286190793862575,1392.2789179653932,-503.5677847643094,46.37197433237973,-4744.067518347338,995.1421160876448,32205.33169498889,99220.67792822616,0.004414231142052761,0.004414231142052761,226.54001746156126
0.2868579052701801,1395.5101453522789,-506.72527788928176,47.05831797190203,-4721.853818384181,1063.1074916981138,34391.340794549484,104539.5181519457,0.004676005073639732,0.004676005073639732,213.85776624523956
0.2875250166777852,1398.7367320843166,-509.86764585523906,47.79070141374594,-4699.042703293285,1132.308852878426,33836.66729634008,102497.18584318149,0.0046043360357653825,0.0046043360357653825,217.18658069963593
0.28819212808539024,1401.959362339031,-512.9949552736913,48.56869984553147,-4676.711461567991,1199.8527210210234,33112.3953960901,99999.33084832804,0.004508163680107669,0.004508163680107669,221.81980756655156
0.2888592394929953,1405.1787754881923,-516.1075284301677,49.391201742535,-4654.863389889562,1265.7302416020102,32388.123495840122,97501.47585347459,0.004408435179355506,0.004408435179355506,226.8378595386755
0.28952635090060036,1408.3956625717904,-519.2056876529183,50.25709546528916,-4633.498488257999,1329.9414146213874,31663.851595590142,95003.62085862116,0.004305532357631247,0.004305532357631247,232.2593159072587
0.2901934623082055,1411.6106669134642,-522.2897552701934,51.16526937432663,-4612.6167566732975,1392.4862400791596,30939.5796953401,92505.7658637675,0.00419982585907802,0.00419982585907802,238.10511043891907
0.29086057371581053,1414.824384853078,-525.3600536102427,52.11461183017989,-4592.218195135463,1453.3647179753168,30215.30779509012,90007.91086891406,0.004091672646705313,0.004091672646705313,244.39882814311105
0.2915276851234156,1418.0373665721377,-528.4169050013162,53.10401119338158,-4572.302803644493,1512.5768483098634,29491.03589484014,87510.05587406059,0.0039814138999059445,0.0039814138999059445,251.16705400150022
0.29219479653102065,1421.2501170032808,-531.4606317716642,54.13235582446437,-4552.870582200386,1570.1226310828001,28766.76399459016,85012.20087920716,0.0038693733007507253,0.0038693733007507253,258.43978398413583
0.2928619079386257,1424.4630968151675,-534.491556249537,55.198534083960865,-4533.921530803145,1626.0020662941272,28042.49209434018,82514.3458843537,0.003755855692047796,0.003755855692047796,266.25091110856084
0.2935290193462308,1427.6767234642955,-537.5100007631847,56.30143433240378,-4515.455649452767,1680.2151539438487,27318.220194090143,80016.49088950006,0.003641146084514819,0.003641146084514819,274.6388023959905
0.2941961307538359,1430.8913723055286,-540.5162876408565,57.439944930325495,-4497.472938149254,1732.7618940319555,26593.948293840163,77518.6358946466,0.003525508986202045,0.003525508986202045,283.6469865525087
0.29486324216144094,1434.1073777534805,-543.5107392108034,58.61295423825877,-4479.9733968926075,1783.642286558452,25869.676393590184,75020.78089979316,0.003409188024425483,0.003409188024425483,293.32497733636154
0.295530353569046,1437.3250344872743,-546.4936778012751,59.819350616736195,-4462.957025682824,1832.856331523339,25145.404493340204,72522.92590493972,0.0032924058287910666,0.0032924058287910666,303.72926425269645
0.29619746497665106,1440.544598691666,-549.4654257405217,61.05802242629039,-4446.423824519906,1880.4040289266156,24421.132593090228,70025.07091008627,0.0031753641432605948,0.0031753641432605948,314.9245109800726
0.2968645763842562,1443.766289327968,-552.4263053567936,62.32785802745408,-4430.37379340385,1926.2853787682861,23696.860692840182,67527.2159152326,0.003058244135467417,0.003058244135467417,326.9850135254691
0.29753168779186123,1446.990289428716,-555.3766389783403,63.62774578075968,-4414.806932334661,1970.5003810483427,22972.588792590206,65029.360920379164,0.002941206872470638,0.002941206872470638,339.99648557872155
0.2981987991994663,1450.2167474105254,-558.3167489334122,64.95657404673989,-4399.723241312336,2013.049035766789,22248.316892340223,62531.50592552571,0.002824393933684452,0.002824393933684452,354.0582593928352
0.29886591060707135,1453.4457784000879,-561.2469575502595,66.31323118592734,-4385.122720336876,2053.931342923626,21524.044992090247,60033.65093067227,0.002707928133688816,0.002707928133688816,369.286018915787
0.2995330220146764,1456.6774655687682,-564.1675871571321,67.69660555885461,-4371.00536940828,2093.147302518852,20799.773091840263,57535.795935818816,0.0025919143298868278,0.0025919143298868278,385.8152210006353
0.3002001334222815,1459.911861471755,-567.0789600822803,69.10558552605448,-4357.371188526548,2130.6969145524718,20075.50119159023,55037.94094096517,0.0024764402924100522,0.0024764402924100522,403.8054150002574
0.3008672448298866,1463.1489893881965,-569.9813986539538,70.53905944805932,-4344.220177691682,2166.580179024478,19351.229291340245,52540.08594611172,0.0023615776161879484,0.0023615776161879484,423.4457479378539
0.30153435623749164,1466.3888446592257,-572.8752252004027,71.99591568540184,-4331.55233690368,2200.7970959348745,18626.95739109027,50042.23095125827,0.0022473826576122295,0.0022473826576122295,444.96205246260433
0.3022014676450967,1469.631396021204,-575.7607620498775,73.47504259861466,-4319.367666162543,2233.3476652836607,17902.68549084029,47544.37595640482,0.0021338974806794793,0.0021338974806794793,468.62607461422107
0.30286857905270176,1472.8765869319454,-578.6383315306276,74.97532854823041,-4307.666165468269,2264.231887070837,17178.41359059031,45046.52096155138,0.0020211507998365423,0.0020211507998365423,494.7676343996072
0.3035356904603069,1476.124336888074,-581.508255970904,76.49566189478183,-4296.44783482086,2293.449761296406,16454.141690340268,42548.66596669773,0.0019091589089502853,0.0019091589089502853,523.7908669162751
0.30420280186791193,1479.374542732022,-584.370857698956,78.03493099880127,-4285.712674220316,2321.001287960362,15729.869790090288,40050.81097184428,0.0017979265878528706,0.0017979265878528706,556.1962355727912
0.304869913275517,1482.6270799475449,-587.226459043034,79.5920242208215,-4275.460683666638,2346.886467062708,15005.597889840308,37552.95597699084,0.0016874479797629675,0.0016874479797629675,592.6108608933047
0.30553702468312205,1485.8818039429123,-590.0753823313879,81.16582992137509,-4265.691863159824,2371.105298603444,14281.325989590328,35055.10098213738,0.0015777074345482824,0.0015777074345482824,633.8310754593817
0.3062041360907271,1489.1385513212567,-592.9179498922681,82.7552364609947,-4256.406212699873,2393.6577825825702,13557.054089340349,32557.24598728393,0.0014686803142757486,0.0014686803142757486,680.8833687494005
0.3068712474983322,1492.3971411378072,-595.7544840539244,84.359132200213,-4247.603732286787,2414.5439190000884,12832.782189090309,30059.390992430282,0.001360333758800449,0.001360333758800449,735.1137127419424
0.3075383589059373,1495.6573761439884,-598.5853071446069,85.97640549956246,-4239.284421920566,2433.763707855994,12108.51028884033,27561.535997576837,0.001252627410281933,0.001252627410281933,798.321984487731
0.30820547031354234,1498.9190440185866,-601.4107414925656,87.60594471957572,-4231.44828160121,2451.31714915029,11384.238388590351,25063.681002723388,0.001145514096499757,0.001145514096499757,872.9704881464216
0.3088725817211474,1502.1819185863785,-604.2311094260508,89.24663822078546,-4224.095311328718,2467.204242882976,10659.966488340371,22565.82600786994,0.0010389404736832121,0.0010389404736832121,962.5190521790321
0.30953969312875246,1505.4457610248048,-607.0467332733124,90.89737436372425,-4217.22551110309,2481.424989054052,9935.694588090391,20067.971013016493,0.0009328476302871715,0.0009328476302871715,1071.9864290078713
0.31020680453635757,1508.7103210594312,-609.8579353626011,92.55704150892491,-4210.838880924328,2493.979387663519,9211.422687840352,17570.116018162837,0.0008271716537526185,0.0008271716537526185,1208.9389130579045
0.31087391594396263,1511.975338149077,-612.6650380221658,94.22452801691969,-4204.935420792429,2504.8674387113742,8487.150787590372,15072.261023309391,0.0007218441628008129,0.0007218441628008129,1385.3405645339296
0.3115410273515677,1515.240542661637,-615.4683635802575,95.89872224824143,-4199.515130707396,2514.0891421976207,7762.878887340392,12574.406028455944,0.0006167928082380353,0.0006167928082380353,1621.2899804338765
0.31220813875917275,1518.5056570417064,-618.2682343651257,97.57851256342268,-4194.578010669226,2521.6444981222567,7038.606987090412,10076.551033602494,0.0005119417456072819,0.0005119417456072819,1953.3472481595882
0.3128752501667778,1521.7703969712531,-621.0649727050211,99.26278732299608,-4190.124060677922,2527.533506485282,6314.335086840432,7578.69603874905,0.0004072120833248924,0.0004072120833248924,2455.722806246283
0.3135423615743829,1525.0344725246368,-623.8589009281935,100.95043488749438,-4186.1532807334825,2531.756167286698,5590.063186590392,5080.841043895395,0.0003025223101958668,0.0003025223101958668,3305.541331323809
0.314209472981988,1528.2975893193675,-626.6503413628927,102.64034361744993,-4182.665670835908,2534.3124805265043,4865.7912863404135,2582.9860490419483,0.00019778870642031142,0.00019778870642031142,5055.9004004755825
0.31487658438959304,1531.5594496640545,-629.439616337369,104.33140187339548,-4179.661230985196,2535.2024462046993,4141.519386090434,85.13105418850137,9.292574239319753e-05,9.292574239319753e-05,10761.280719918179
0.3155436957971981,1534.8197537050407,-632.2270481798723,106.02249801586362,-4177.13996118135,2534.426064321285,3417.2474858404544,-2412.723940664946,1.2153530232116335e-05,1.2153530232116335e-05,82280.61977888928
0.31621080720480316,1538.07820131658,-635.0129584220473,107.71252315167979,-4175.085843059301,2532.038558086742,2907.710042760374,-4170.283276390778,8.631520353767875e-05,8.631520353767875e-05,11585.444498934361
0.31687791861240827,1541.3346111460203,-637.7975412973275,109.4008072474329,-4173.067387285638,2529.527484201069,3143.62036668103,-3357.9162328565326,5.215771463655912e-05,5.215771463655912e-05,19172.619179504196
0.31754503002001333,1544.589049930357,-640.5807251432495,111.08759694410334,-4170.891553043715,2527.5583496372997,3379.5306906016663,-2545.5491893223543,1.7890335081944857e-05,1.7890335081944857e-05,55896.10230437842
0.3182121414276184,1547.8416153204437,-643.3624049708419,112.77325377559511,-4168.558340333534,2526.1311543954353,3615.441014522303,-1733.182145788177,1.6478010599055244e-05,1.6478010599055244e-05,60686.937539494866
0.31887925283522345,1551.0924049037105,-646.142475791133,114.45813927581207,-4166.067749155093,2525.2458984754744,3851.351338442939,-920.8151022539987,5.093833343300211e-05,5.093833343300211e-05,19631.58063102466
0.3195463642428285,1554.3415163260922,-648.9208326151519,116.14261497865816,-4163.419779508394,2524.9025818774185,4087.261662363576,-108.44805871982135,8.54815657919605e-05,8.54815657919605e-05,11698.428669799232
0.3202134756504336,1557.58904741427,-651.6973704539266,117.82704241803731,-4160.614431393434,2525.101204601266,4323.171986284231,703.9189848144238,0.00012009854699997856,0.00012009854699997856,8326.49540714409
0.3208805870580387,1560.8350962981772,-654.4719843184857,119.51178312785314,-4157.651704810215,2525.841766647017,4559.082310204868,1516.2860283486016,0.00015478000880830788,0.00015478000880830788,6460.782679231406
0.32154769846564374,1564.07976153371,-657.2445692198579,121.19719864200968,-4154.531599758738,2527.1242680146725,4794.992634125504,2328.6530718827803,0.00018951656079494301,0.00018951656079494301,5276.5837233718075
0.3222148098732488,1567.323142225591,-660.0150201690715,122.8836504944108,-4151.254116239002,2528.948708704233,5030.902958046141,3141.020115416957,0.00022429867574545026,0.00022429867574545026,4458.34107881613
0.32288192128085386,1570.5653381503248,-662.7832321771551,124.57150021896032,-4147.819254251004,2531.315088715696,5266.813281966777,3953.387158951136,0.0002591166750737035,0.0002591166750737035,3859.265327928272
0.32354903268845897,1573.8064498791944,-665.5491002551374,126.26110934956232,-4144.227013794749,2534.223408049064,5502.723605887433,4765.754202485381,0.00029396071434268506,0.00029396071434268506,3401.815110689413
0.32421614409606403,1577.046578901233,-668.3125194140466,127.95283942012038,-4140.477394870234,2537.6736667043356,5738.633929808069,5578.121246019558,0.00032882076894716615,0.00032882076894716615,3041.1704321531975
0.3248832555036691,1580.285827746119,-671.0733846649111,129.64705196453846,-4136.570397477461,2541.6658646815117,5974.544253728705,6390.488289553736,0.00036368662002180874,0.00036368662002180874,2749.6199886045692
0.32555036691127415,1583.5243001069266,-673.8315910187599,131.3441085167205,-4132.506021616427,2546.200001980592,6210.454577649341,7202.855333087915,0.0003985478406398514,0.0003985478406398514,2509.109065537886
0.3262174783188792,1586.7621009626735,-676.587033486621,133.04437061057027,-4128.284267287134,2551.276078601575,6446.364901569978,8015.222376622092,0.00043339378236934516,0.00043339378236934516,2307.370434649623
0.3268845897264843,1589.9993367006014,-679.3396070795237,134.74819977999192,-4123.9051344895815,2556.8940945444638,6682.2752254906345,8827.589420156339,0.0004682135622555714,0.0004682135622555714,2135.7775182389023
0.3275517011340894,1593.2361152381206,-682.0892068084956,136.455957558889,-4119.3686232237715,2563.054049809256,6918.1855494112715,9639.956463690516,0.0005029960502999459,0.0005029960502999459,1988.087181606459
0.32821881254169444,1596.4725461443597,-684.8357276845657,138.16800548116538,-4114.6747334897,2569.7559443959517,7154.095873331907,10452.323507224693,0.0005377298575074118,0.0005377298575074118,1859.6698435816659
0.3288859239492995,1599.7087407612398,-687.5790647187624,139.88470508072518,-4109.823465287371,2576.999778304552,7390.006197252544,11264.69055075887,0.0005724033245757793,0.0005724033245757793,1747.019901991523
0.32955303535690456,1602.9448123240118,-690.3191129221142,141.60641789147206,-4104.814818616782,2584.785551535056,7625.91652117318,12077.057594293048,0.0006070045113020479,0.0006070045113020479,1647.43421404721
0.33022014676450967,1606.1808760811796,-693.0557673056499,143.3335054473101,-4099.648793477933,2593.113264087465,7861.826845093836,12889.424637827295,0.0006415211867820057,0.0006415211867820057,1558.7949713963358
0.33088725817211473,1609.4170494137345,-695.7889228803975,145.066329282143,-4094.3253898708263,2601.9829159617775,8097.737169014473,13701.791681361474,0.0006759408204805921,0.0006759408204805921,1479.4194546336212
0.3315543695797198,1612.653451953625,-698.5184746573859,146.80525092987457,-4088.8446077954595,2611.3945071579938,8333.64749293511,14514.15872489565,0.0007102505742515495,0.0007102505742515495,1407.9538070824988
0.33222148098732485,1615.8902057013818,-701.2443176476432,148.55063192440883,-4083.206447251833,2621.348037676114,8569.557816855746,15326.525768429829,0.0007444372953855378,0.0007444372953855378,1343.296482052405
0.3328885923949299,1619.127435142816,-703.9663468621984,150.3028337996496,-4077.410908239948,2631.8435075161387,8805.468140776382,16138.892811964006,0.0007784875107664884,0.0007784875107664884,1284.5421232453857
0.333555703802535,1622.3652673647093,-706.68445731208,152.06221808950093,-4071.457990759803,2642.880916678068,9041.378464697038,16951.25985549825,0.0008123874222161063,0.0008123874222161063,1230.9397864286311
0.3342228152101401,1625.603832169406,-709.3985440083161,153.82914632786634,-4065.3476948114,2654.4602651619007,9277.288788617672,17763.626899032428,0.0008461229031062662,0.0008461229031062662,1181.8614013742256
0.33488992661774514,1628.8432621882232,-712.1085019619354,155.60398004864993,-4059.0800203947365,2666.5815529676374,9513.19911253831,18575.993942566605,0.0008796794963185856,0.0008796794963185856,1136.777660710463
0.3355570380253502,1632.0836929935872,-714.8142261839664,157.3870807857555,-4052.654967509814,2679.2447800952777,9749.109436458946,19388.360986100783,0.0009130424136293822,0.0009130424136293822,1095.239372314543
0.33622414943295525,1635.3252632098004,-717.5156116854378,159.17881007308694,-4046.072536156633,2692.4499465448225,9985.019760379582,20200.72802963496,0.0009461965365969103,0.0009461965365969103,1056.8628834730248
0.33689126084056037,1638.5681146223494,-720.2125534773782,160.97952944454832,-4039.332726335191,2706.1970523162727,10220.930084300238,21013.095073169206,0.000979126419025774,0.000979126419025774,1021.3185759965451
0.33755837224816543,1641.8123922856514,-722.9049465708155,162.78960043404314,-4032.435538045491,2720.4860974096255,10456.840408220874,21825.462116703384,0.0010118162910809363,0.0010118162910809363,988.3217030748608
0.3382254836557705,1645.0582446291469,-725.5926859767786,164.60938457547545,-4025.380971287532,2735.3170818248823,10692.75073214151,22637.82916023756,0.0010442500651207365,0.0010442500651207365,957.6250300586571
0.33889259506337555,1648.3058235616309,-728.2756667062961,166.43924340274913,-4018.169026061313,2750.690005562043,10928.661056062148,23450.19620377174,0.0010764113433145497,0.0010764113433145497,929.0128780329837
0.3395597064709806,1651.5552845737232,-730.9537837703964,168.27953844976804,-4010.7997023668354,2766.604868621108,11164.571379982784,24262.56324730592,0.0011082834271064635,0.0011082834271064635,902.2962678516516
0.3402268178785857,1654.8067669858224,-733.6269901817321,170.13051261452136,-4003.7281003404782,2782.130813944931,9019.903140177847,20205.71980508501,0.0009145973545295695,0.0009145973545295695,1093.3773152168783
0.3408939292861908,1658.0600742184943,-736.2962063600717,171.99043007060544,-3999.01759345115,2793.047439029722,5102.196514033832,12522.322199115933,0.0005542643814513572,0.0005542643814513572,1804.193149452381
0.34156104069379584,1661.314709779229,-738.9631518689656,173.85592043128497,-3996.920633343769,2798.838381922404,1184.4898878898166,4838.924593146858,0.0001950180947801163,0.0001950180947801163,5127.7293070035585
0.3422281521014009,1664.5701483837474,-741.6295702352871,175.72356429549802,-3997.4372200183407,2799.5036426229794,-2733.2167382541975,-2844.473012822218,0.00016365861815922808,0.00016365861815922808,6110.280113859154
0.34289526350900595,1667.8258575042382,-744.2972049859085,177.5899422621824,-4000.5673534748626,2795.0432211314474,-6650.923364398212,-10527.870618791294,0.0005222927858503507,0.0005222927858503507,1914.6349080274754
0.34356237491661107,1671.0813106889784,-746.9677996477023,179.4516349302761,-4006.311033713335,2785.457117447807,-10568.629990542551,-18211.26822476101,0.0008814010097799434,0.0008814010097799434,1134.5573568717227
0.3442294863242161,1674.3360008861785,-749.6430977475412,181.30522289871678,-4014.668260733759,2770.74533157206,-14486.336616686567,-25894.665830730086,0.0012414690432386332,0.0012414690432386332,805.497330317065
0.3448965977318212,1677.589453803484,-752.3248428122974,183.1472867664424,-4025.639034536132,2750.907863504204,-18404.04324283058,-33578.063436699165,0.0016029309415821636,0.0016029309415821636,623.8571943797878
0.34556370913942625,1680.8412413319115,-755.0147783688438,184.97440713239098,-4039.223355120457,2725.9447132442433,-22321.749868974595,-41261.461042668234,0.001966147469276534,0.001966147469276534,508.60884833219615
0.3462308205470313,1684.0909950585026,-757.7146479440529,186.78316459550027,-4055.4212224867315,2695.855880792173,-26239.45649511861,-48944.85864863732,0.002331383509371108,0.002331383509371108,428.92985902167186
0.3468979319546364,1687.3384198855995,-760.4261950647975,188.57013975470838,-4074.232636634959,2660.6413661479937,-30157.16312126295,-56628.256254607026,0.0026987843095512914,0.0026987843095512914,370.53720686788165
0.3475650433622415,1690.5833077662155,-763.1511632579493,190.3319132089528,-4095.6575975651353,2620.3011693117087,-34074.86974740696,-64311.6538605761,0.00306835051991789,0.00306835051991789,325.9080061122744
0.34823215476984654,1693.825551554443,-765.8912960503817,192.06506555717175,-4119.696105277262,2574.835290283317,-37992.57637355098,-71995.05146654519,0.0034399121358038532,0.0034399121358038532,290.70509958427056
0.3488992661774516,1697.0651589570134,-768.6483369689665,193.76617739830294,-4146.34815977134,2524.2437290628177,-41910.28299969499,-79678.44907251425,0.0038131016584836037,0.0038131016584836037,262.2536951710017
0.34956637758505665,1700.3022665570074,-771.4240295405772,195.4318293312844,-4175.613761047368,2468.5264856502113,-45827.98962583901,-87361.84667848333,0.004187327030120232,0.004187327030120232,238.8158347334258
0.35023348899266177,1703.5371538631719,-774.2201172920859,197.05860195505397,-4207.492909105349,2407.683560045492,-49745.69625198335,-95045.24428445305,0.0045617451860685875,0.0045617451860685875,219.2143487220561
0.3509006004002668,1706.7702573184747,-777.0383437503648,198.64307586854952,-4241.98560394528,2341.7149522486698,-53663.40287812737,-102728.64189042214,0.00493523739189016,0.00493523739189016,202.62449819399816
0.3515677118078719,1710.0021841795558,-779.8804524422867,200.18183167070882,-4279.09184556716,2270.620662259741,-57581.109504271386,-110412.03949639123,0.005306387880946785,0.005306387880946785,188.45211138647036
0.35223482321547694,1713.233726154974,-782.7481868947244,201.67144996046994,-4318.81163397099,2194.4006900787044,-61498.81613041539,-118095.43710236029,0.005673467658417116,0.005673467658417116,176.25904653151713
0.352901934623082,1716.4658726652062,-785.6432906345499,203.10851133677062,-4361.144969156771,2113.0550357055604,-65416.5227565594,-125778.83470832935,0.0060344256547592845,0.0060344256547592845,165.71585387108234
0.3535690460306871,1719.699823562029,-788.5675071886365,204.48959639854894,-4406.091851124507,2026.5836991403016,-69334.22938270375,-133462.23231429906,0.006386889649478685,0.006386889649478685,156.5707339380167
0.3542361574382922,1722.9370011203202,-791.5225800838562,205.81128574474263,-4453.652279874191,1934.9866803829427,-73251.93600884776,-141145.62992026817,0.006728179486779146,0.006728179486779146,148.62861520935897
0.35490326884589724,1726.1790610929204,-794.5102528470815,207.0701599742896,-4503.826255405824,1838.2639794334762,-77169.64263499177,-148829.02752623722,0.007055335003090807,0.007055335003090807,141.7367140698378
0.3555703802535023,1729.4279026006109,-797.5322690051851,208.26279968612766,-4556.613777719407,1736.4155962919021,-81087.3492611358,-156512.4251322063,0.007365160717358521,0.007365160717358521,135.7743623493725
0.35623749166110735,1732.6856766164763,-800.5903720850397,209.38578547919485,-4612.014846814942,1629.4415309582212,-85005.0558872798,-164195.8227381754,0.007654288644375385,0.007654288644375385,130.6457133328558
0.35690460306871247,1735.9547927989036,-803.6863056135178,210.43569795242905,-4670.029462692433,1517.3417834324232,-88922.76251342414,-171879.2203441451,0.007919259551274314,0.007919259551274314,126.27443178561899
0.3575717144763175,1739.23776813663,-806.8217044926673,211.40894043852808,-4729.362481333355,1398.002791628271,-82545.71967366505,-196362.7512539148,0.008704620619349035,0.008704620619349035,114.8815145116323
0.3582388258839226,1742.5305875102006,-809.9933501735763,212.29399586150092,-4776.632068759003,1249.5865695475209,-59168.50342842618,-248589.08254418234,0.01047969578568036,0.01047969578568036,95.42261726398752
0.35890593729152764,1745.8209970610958,-813.1913280650307,213.06841978829547,-4808.306448549401,1066.3295660856718,-35791.28718318731,-300815.41383444984,0.01242655909441415,0.01242655909441415,80.47279962234349
0.3595730486991327,1749.0981144037237,-816.4052344261135,213.70896953620246,-4824.385620704548,848.2317812427245,-12414.07093794844,-353041.74512471736,0.014580941627895578,0.014580941627895578,68.582676312677
0.3602401601067378,1752.3536395376304,-819.6246655159074,214.19240242251277,-4824.869585224447,595.2932150186563,10963.145307292376,-405268.0764149893,0.01696201101518534,0.01696201101518534,58.95527358782777
0.3609072715143429,1755.5824471364438,-822.8392175934947,214.49547576451718,-4809.758342109096,307.51386741350893,34340.361552531234,-457494.4077052568,0.019561066926018347,0.019561066926018347,51.12195586171689
0.36157438292194793,1758.7832624565092,-826.0384869179574,214.5949468795063,-4779.051891358496,-15.106261572736798,57717.57779777011,-509720.7389955243,0.02232532139040504,0.02232532139040504,44.792188318945286
0.362241494329553,1761.959400373088,-829.2120697483788,214.46757308477115,-4732.750232972646,-372.56717194008115,81094.794043009,-561947.0702857919,0.02513909252243091,0.02513909252243091,39.77868330401059
0.36290860573715805,1765.1195169667258,-832.3495623438412,214.09011169760242,-4670.853366951547,-764.8688636885238,104472.01028824787,-614173.4015760594,0.027809414456499214,0.027809414456499214,35.9590455082845
0.36357571714476317,1768.278282905193,-835.4405609634277,213.43932003529093,-4593.361293295193,-1192.011336818102,127849.22653348869,-666399.7328663314,0.030068929977311636,0.030068929977311636,33.25692004186864
0.3642428285523682,1771.4557079137412,-838.4749791559707,212.49680429658298,-4502.033849847801,-1627.100419453251,144719.18512352658,-619180.9326672318,0.027557718017406984,0.027557718017406984,36.287474868867754
0.3649099399599733,1774.665778774912,-841.4449958980338,211.2787913715274,-4400.369499009493,-2016.6719532917805,160070.53868972935,-548754.5257806985,0.024137639394388333,0.024137639394388333,41.42907198425071
0.36557705136757834,1777.9124749782172,-844.3437752269003,209.81656203278052,-4288.464085084991,-2359.261227699668,175421.89225593212,-478328.1188941653,0.02102302782398227,0.02102302782398227,47.56688752793439
0.3662441627751834,1781.1930810290037,-847.1644852125597,208.14145868156362,-4166.317608074296,-2654.8682426769133,190773.2458221349,-407901.7120076321,0.018294979408553656,0.018294979408553656,54.65980462008385
0.3669112741827885,1784.4993996305484,-849.9002939250012,206.28482371909772,-4033.9300679773987,-2903.492998223536,206124.59938833892,-337475.30512109306,0.01596239839919738,0.01596239839919738,62.64722725190733
0.3675783855903936,1787.818808999355,-852.5443694342138,204.27799954660452,-3891.3014647943187,-3105.1354943394945,221475.95295454172,-267048.89823455986,0.013995961995343783,0.013995961995343783,71.44917943708927
0.36824549699799863,1791.135147370952,-855.0898798101869,202.152328565305,-3738.4317985250464,-3259.795731024811,236827.3065207445,-196622.49134802667,0.012350189642717117,0.012350189642717117,80.97041656276899
0.3689126084056037,1794.4304965292922,-857.5305763435891,199.93820876113617,-3579.667231993523,-3374.511494732793,230586.91165771912,-161159.826215802,0.01138113030124526,0.01138113030124526,87.8647351828127
0.36957971981320875,1797.7006150431896,-859.8688185015951,197.65209881070552,-3432.654100172054,-3477.857678363109,210158.45754305203,-148672.0323078879,0.010637572945598556,0.010637572945598556,94.0064058892084
0.37024683122081387,1800.9520663418941,-862.113532237699,195.29982421134576,-3299.2690231302054,-3572.8731122216404,189730.00342838324,-136184.23839997273,0.009800174293115815,0.009800174293115815,102.03900156168196
0.3709139426284189,1804.190707069402,-864.2738089827075,192.88694250126397,-3179.5120008679996,-3659.5577963083742,169301.54931371618,-123696.44449205861,0.008890024554171108,0.008890024554171108,112.4856285723992
0.371581054036024,1807.4214380796593,-866.3587401674271,190.41901121866664,-3073.3830333854244,-3737.9117306233165,148873.09519904907,-111208.65058414452,0.007926605142306526,0.007926605142306526,126.1574131733544
0.37224816544362904,1810.6482751083686,-868.3774172226656,187.9015879017604,-2980.8821206824805,-3807.934915166469,128444.64108438199,-98720.85667623038,0.006926918514888,0.006926918514888,144.3643371653216
0.3729152768512341,1813.8744326397464,-870.3389315792294,185.34023008875192,-2902.009262759167,-3869.6273499378317,108016.18696971491,-86233.06276831629,0.0059050508076204065,0.0059050508076204065,169.3465530744478
0.3735823882588392,1817.1024173566755,-872.2523746679257,182.74049531784758,-2836.76445961548,-3922.9890349374077,87587.73285504611,-73745.26886040113,0.00487209546945181,0.00487209546945181,205.25049360588912
0.3742494996664443,1820.3341280566208,-874.1268379195615,180.10794112725463,-2785.1477112514303,-3968.019970165188,67159.27874037903,-61257.47495248703,0.003836345066126633,0.003836345066126633,260.6647688784811
0.37491661107404933,1823.5709595161634,-875.9714127649432,177.44812505517942,-2747.1590176670106,-4004.7201556211785,46730.824625711946,-48769.68104457292,0.0028036602481141255,0.0028036602481141255,356.67659826922585
0.3755837224816544,1826.8139064303418,-877.7951804307011,174.7666000805586,-2722.529743289986,-4033.2096188241517,31017.110834371982,-38388.45321041862,0.001992743413389704,0.001992743413389704,501.8207528780518
0.37625083388925945,1830.0630682568487,-879.6039772012311,172.0674693283071,-2699.4455247285377,-4058.7670676980956,38189.376412851954,-38232.778513665515,0.002229387278891083,0.002229387278891083,448.55373916792456
0.37691794529686456,1833.3169888038353,-881.3957782621854,169.35132355091147,-2671.57660598131,-4084.2206642059623,45361.64199133253,-38077.10381691239,0.0024689268673889525,0.0024689268673889525,405.03427347670436
0.3775850567044696,1836.5740432071575,-883.1673916854878,166.61823202947005,-2638.9229870483064,-4109.570408347747,52533.907569812494,-37921.429120159286,0.0027122926192907374,0.0027122926192907374,368.6917823274906
0.3782521681120747,1839.8326695336848,-884.9156255430626,163.86826404508088,-2601.484667929526,-4134.816300123452,59706.17314829247,-37765.75442340618,0.0029603628506776327,0.0029603628506776327,337.7964291678292
0.37891927951967974,1843.091375736358,-886.6372879068332,161.10148887884202,-2559.2616486249685,-4159.958339533077,66878.43872677245,-37610.07972665307,0.0032139619686791816,0.0032139619686791816,311.1424496447799
0.3795863909272848,1846.3487469193337,-888.3291868487247,158.31797581185162,-2512.2539291346343,-4184.996526576624,74050.70430525241,-37454.40502989997,0.0034738563113303595,0.0034738563113303595,287.86452586953334
0.3802535023348899,1849.6034529459118,-889.9881304406609,155.51779412520756,-2460.461509458519,-4209.930861254093,81222.96988373299,-37298.73033314685,0.0037407474150979404,0.0037407474150979404,267.32625570064533
0.380920613742495,1852.854256418954,-891.6109267545653,152.70101310000834,-2403.8843895966293,-4234.761343565479,88395.23546221295,-37143.055636393736,0.004015262488156532,0.004015262488156532,249.04972039800944
0.38158772515010003,1856.1003030269167,-893.1951507666462,149.8678076961218,-2346.209363169176,-4258.979936428835,83751.64387846904,-35359.16569033169,0.0038242205885770783,0.0038242205885770783,261.4911919534646
0.3822548365577051,1859.3421431188167,-894.7421023977386,147.0188661676747,-2292.15859720387,-4281.935929171305,78292.55248551858,-33462.90055160028,0.0035956456972486323,0.0035956456972486323,278.1141647980485
0.38292194796531015,1862.5806637723435,-896.2542108968142,144.15503238926797,-2241.7496533819617,-4303.6269018078865,72833.46109256813,-31566.63541286887,0.003362621216776186,0.003362621216776186,297.38704883291035
0.38358905937291526,1865.8166647602663,-897.7339057649691,141.27715027024485,-2194.982531703444,-4324.052854338577,67374.36969961722,-29670.370274137294,0.003125922668819871,0.003125922668819871,319.90554660059126
0.3842561707805203,1869.0508636821219,-899.1836165032996,138.38606371994928,-2151.857232168327,-4343.213786763375,61915.278306666776,-27774.10513540588,0.0028862520514780473,0.0028862520514780473,346.47008721497514
0.3849232821881254,1872.2839014024848,-900.6057726129018,135.4826166477245,-2112.373754776605,-4361.10969908228,56456.18691371633,-25877.839996674462,0.0026442379203840093,0.0026442379203840093,378.18079541600974
0.38559039359573044,1875.516347666284,-902.0028035948723,132.56765296291408,-2076.5320995282796,-4377.7405912952945,50997.09552076588,-23981.57485794305,0.002400437085406048,0.002400437085406048,416.59079760086445
0.3862575050033355,1878.748706858004,-903.3771389503073,129.64201657486137,-2044.3322664233494,-4393.106463402417,45538.00412781542,-22085.309719211637,0.0021553376614232337,0.0021553376614232337,463.96442557388906
0.3869246164109406,1881.9814238753243,-904.7312081803036,126.7065513929098,-2015.7742554618133,-4407.207315403649,40078.91273486451,-20189.044580480062,0.0019093632249641264,0.0019093632249641264,523.7348174121182
0.3875917278185457,1885.214890091409,-906.0674407859565,123.76210132640315,-1990.858066643675,-4420.0431472989885,34619.82134191405,-18292.779441748644,0.0016628778488841265,0.0016628778488841265,601.3670821768716
0.38825883922615073,1888.4494493835864,-907.3882662683635,120.80951028468485,-1969.5836999689336,-4431.613959088437,29160.72994896361,-16396.514303017233,0.0014161918119879374,0.0014161918119879374,706.1190380675055
0.3889259506337558,1891.685404209447,-908.69611412862,117.84962217709827,-1951.9511554375877,-4441.919750771995,23701.638556013153,-14500.249164285819,0.0011695678072554186,0.0011695678072554186,855.0166940270551
0.38959306204136085,1894.9230217144195,-909.9934138678227,114.88328091298689,-1937.960433049637,-4450.960522349658,18242.5471630627,-12603.9840255544,0.000923227499211832,0.000923227499211832,1083.1566443305787
0.39026017344896596,1898.1625398575686,-911.282594987068,111.91133040169404,-1927.6115328050817,-4458.736273821433,12783.455770111792,-10707.71888682283,0.0006773583065351072,0.0006773583065351072,1476.3235208781934
0.390927284856571,1901.4041735446951,-912.5660869874521,108.93461455256362,-1920.904454703923,-4465.247005187314,7324.364377161342,-8811.453748091415,0.00043212030913064256,0.00043212030913064256,2314.1703337476574
0.3915943962641761,1904.6481207597826,-913.8463193700718,105.95397727493898,-1917.839198746161,-4470.492716447306,1865.2729842108893,-6915.188609360001,0.0001876531988767732,0.0001876531988767732,5328.979233957387
0.39226150767178114,1907.8945686873824,-915.1257216360225,102.9702624781635,-1918.4157649317942,-4474.473407601405,-3593.818408739564,-5018.923470628584,5.591679042681816e-05,5.591679042681816e-05,17883.716006711136
0.3929286190793862,1911.143699819708,-916.4067232864012,99.98431407158073,-1922.6341532608235,-4477.1890786496115,-9052.909801690017,-3122.65833189717,0.0002984700259568162,0.0002984700259568162,3350.420186396486
0.3935957304869913,1914.3956980429573,-917.691753822304,96.99697596453386,-1930.494363733249,-4478.639729591927,-14512.001194640921,-1226.393193165597,0.0005398867352457872,0.0005398867352457872,1852.240358423963
0.39426284189459637,1917.6507546977525,-918.9832427448275,94.00909206636692,-1941.99639634907,-4478.825360428351,-19971.092587591374,669.8719455658174,0.0007800404212419345,0.0007800404212419345,1281.984846897881
0.39492995330220143,1920.909074608555,-920.2836195550676,91.02150628642318,-1957.140251108287,-4477.745971158884,-25430.183980541824,2566.1370842972324,0.001018791471654641,0.001018791471654641,981.555134512344
0.3955970647098065,1924.1708820765002,-921.595313754121,88.03506253404606,-1975.9259280109,-4475.401561783526,-30889.27537349228,4462.402223028648,0.001255981004223911,0.001255981004223911,796.1903855527772
0.39626417611741155,1927.4364268293114,-922.9207548430838,85.0506047185791,-1998.3534270569087,-4471.792132302275,-36348.36676644273,6358.667361760063,0.0014914249959133475,0.0014914249959133475,670.4996917311291
0.39693128752501666,1930.7058109429079,-924.2631489745697,82.06952262008035,-2030.3433818950275,-4462.756356237857,-71897.232038144,29403.57640688819,0.0032289511417187204,0.0032289511417187204,309.6980895993724
0.3975983989326217,1933.9765268031006,-925.6378010206503,79.10170962221092,-2097.1417556006313,-4430.5500695660885,-128364.292331259,67150.87103507525,0.006024377621897003,0.006024377621897003,165.99225061278815
0.3982655103402268,1937.2447700557138,-927.0695800071867,76.16378128884989,-2201.6099493816946,-4373.162132041628,-184831.35262437403,104898.1656632623,0.008854629246541516,0.008854629246541516,112.93527624441022
0.39893262174783184,1940.508449055859,-928.583615900874,73.27253658654345,-2343.7479632382174,-4290.592543664474,-241298.41291748907,142645.46029144936,0.01172047610898462,0.01172047610898462,85.32076604238162
0.39959973315543695,1943.7680886543246,-930.2050386684066,70.44477448183748,-2523.555797170217,-4182.841304434618,-297765.4732106088,180392.75491963956,0.014588436713830975,0.014588436713830975,68.54744066250238
0.400266844563042,1947.0276827194675,-931.9589782764792,67.69729394127867,-2741.0334511776628,-4049.9084143520763,-354232.53350372385,218140.0495478266,0.017379312275794284,0.017379312275794284,57.539676146609615
0.40093395597064707,1950.2955234186884,-933.8705646917867,65.04689393141291,-2996.180925260568,-3891.793873416842,-410699.5937968389,255887.3441760137,0.019961250420664108,0.019961250420664108,50.09706200393082
0.40160106737825213,1953.5849448692488,-935.9649278810241,62.51037341878635,-3288.9982194189324,-3708.4976816289145,-467166.6540899539,293634.6388042007,0.022154511641919814,0.022154511641919814,45.13753298483199
0.4022681787858572,1956.9062675671878,-938.2619780671176,60.11146847977523,-3591.7757377120224,-3463.193412457009,-425567.3799279048,461713.4138599539,0.025216907028115975,0.025216907028115975,39.65593396862806
0.4029352901934623,1960.2218647012032,-940.7483910664293,57.91808416508149,-3855.8973555527486,-3091.269580978239,-366269.23035853833,653314.2329133266,0.03025039874877404,0.03025039874877404,33.057415484168686
0.40360240160106736,1963.4836782788695,-943.3978076560192,56.0154492683514,-4080.4605013658584,-2591.5266574025272,-306971.08078917675,844915.0519666834,0.03756719726270812,0.03756719726270812,26.618967420086758
0.4042695130086724,1966.6605510801196,-946.1838379279297,54.48883336403237,-4265.465175151377,-1963.964641729848,-247672.93121981528,1036515.8710200401,0.047393654879161466,0.047393654879161466,21.099870912038277
0.4049366244162775,1969.7465209173838,-949.0800919742047,53.423506026572014,-4410.911376909303,-1208.5835339602017,-188374.78165045372,1228116.690073397,0.059007033400514206,0.059007033400514206,16.947132271714676
0.40560373582388254,1972.771434844522,-952.060171200675,52.904630250923795,-4516.550141468004,-328.4381275982095,-124319.38682567728,1361346.284706552,0.06664900664971832,0.06664900664971832,15.003974556674452
0.40627084723148765,1975.8063105702656,-955.0942294238469,52.97506723773615,-4569.592106098714,519.5465667772919,-34700.42313718019,1180911.8290310325,0.055289426363221726,0.055289426363221726,18.086640896408277
0.4069379586390927,1978.9135051896967,-958.1437306410972,53.57105442636463,-4562.848237715081,1247.1613774465795,54918.54055130946,1000477.3733555279,0.043779065216623496,0.043779065216623496,22.841967845861785
0.40760507004669777,1982.112749705574,-961.1687910412088,54.61229169425678,-4496.318536317115,1854.4063044097286,144537.5042397991,820042.9176800232,0.034376784652526714,0.034376784652526714,29.089398851806212
0.40827218145430283,1985.3904499390903,-964.1295268129647,56.0184789188601,-4370.003001904814,2341.281347666739,234156.46792828874,639608.4620045185,0.0274374566752333,0.0274374566752333,36.446526798624895
0.4089392928619079,1988.7098894036374,-966.9860541451478,57.70931597762214,-4183.901634478176,2707.78650721761,323775.43161677837,459174.00632901373,0.022603338762604452,0.022603338762604452,44.24125172403406
0.409606404269513,1992.019806240629,-969.6992070604932,59.60519327474664,-3945.8846771391654,2961.492633431457,355868.81079174276,334076.7984491858,0.019753587544231562,0.019753587544231562,50.62371570535397
0.41027351567711806,1995.2949252573205,-972.2561196747979,61.651800822935705,-3725.36874389441,3169.175655712601,305237.9570760458,288556.90234969405,0.017455374742856432,0.017455374742856432,57.2889447938806
0.4109406270847231,1998.549509744927,-974.6771899120513,63.82682705111184,-3538.6292307401777,3346.4918360327765,254607.10336034885,243037.00625020234,0.014819096319488132,0.014819096319488132,67.48049803043193
0.4116077384923282,2001.7958462427366,-976.9849504074042,66.11001389258999,-3385.6661376764714,3493.441174391985,203976.24964465186,197517.11015071062,0.01199716867799371,0.01199716867799371,83.35299993191646
0.41227484989993324,2005.0419331534151,-979.2019337960071,68.48110328068503,-3266.4794647032895,3610.023670790225,153345.3959289549,151997.2140512189,0.009099949680639572,0.009099949680639572,109.89071754182677
0.41294196130753835,2008.2922411099796,-981.3506727130105,70.91983714871208,-3181.0692118206257,3696.2393252275033,102714.54221325374,106477.31795172344,0.0061942963119528,0.0061942963119528,161.4388381889891
0.4136090727151434,2011.5485452964006,-983.4536997935644,73.40595742998558,-3129.435379028495,3752.0881377038045,52083.688497556774,60957.421852231724,0.0033111196621523078,0.0033111196621523078,302.0126428623168
0.41427618412274847,2014.8107802535471,-985.5330619820571,75.91960613350328,-3107.315541348748,3781.0811747551074,26390.87917981725,35979.61942177221,0.0018049901989560361,0.0018049901989560361,554.019628792653
0.41494329553035353,2018.0779257377637,-987.6002608091021,78.44961179051303,-3090.3648708015508,3803.271882783938,24427.231120682394,30548.123248661064,0.0015915735795776782,0.0015915735795776782,628.3089973542716
0.4156104069379586,2021.3487648670612,-989.6565885990974,80.99321251189906,-3074.724172275123,3821.839177755322,22463.58306154754,25116.62707554992,0.0013817961014480672,0.0013817961014480672,723.6957746168482
0.4162775183455637,2024.62204497258,-991.7029192493225,83.54799107747655,-3060.3934457694645,3836.783059669261,20499.935002412516,19685.130902438326,0.001174963697531148,0.001174963697531148,851.0901248278695
0.41694462975316876,2027.8964834280487,-993.7401266570555,86.11153026705999,-3047.3726912845787,3848.103528525754,18536.286943277664,14253.634729327183,0.0009703723286281721,0.0009703723286281721,1030.5322714773956
0.4176117411607738,2031.1707722612684,-995.7690847195753,88.68141286046446,-3035.661908820462,3855.8005843248006,16572.638884142805,8822.138556216041,0.0007673075360187763,0.0007673075360187763,1303.258410817341
0.4182788525683789,2034.443582657299,-997.7906673341608,91.25522163750495,-3025.2610983771165,3859.8742270664025,14608.99082500795,3390.642383104894,0.0005650433761609678,0.0005650433761609678,1769.7756352693232
0.41894596397598394,2037.7135693787855,-999.8057483980906,93.83053937799629,-3016.1702599545415,3860.3244567505576,12645.34276587309,-2040.8537900062438,0.00036284083484714336,0.00036284083484714336,2756.029376961602
0.41961307538358905,2040.9793751291695,-1001.8152018086435,96.40494886175365,-3008.389393552736,3857.1512733772674,10681.694706738072,-7472.34996311784,0.0001599458076389623,0.0001599458076389623,6252.117606341082
0.4202801867911941,2044.2396348848924,-1003.8199014630978,98.97603286859152,-3001.9184991717016,3850.3546769465315,8718.046647603216,-12903.846136228985,4.4413273955850094e-05,4.4413273955850094e-05,22515.79113474206
0.42094729819879917,2047.4929802231602,-1005.8207212587326,101.541374178325,-2996.7575768114375,3839.9346674583503,6754.398588468359,-18335.342309340125,0.00025102809499192425,0.00025102809499192425,3983.6178497557044
0.42161440960640423,2050.7380436723947,-1007.8185350928264,104.09855557076904,-2992.906626471944,3825.891244912723,4790.750529333503,-23766.83848245127,0.0004607133128212723,0.0004607133128212723,2170.547219215992
0.4222815210140093,2053.9734910883394,-1009.8142546019841,106.6451657926346,-2990.7768188244754,3808.2894187553075,-159.37234982424934,-28726.148563277304,0.0007620178545442471,0.0007620178545442471,1312.305209171361
0.4229486324216144,2057.1990103638695,-1011.8101537209386,109.17900898110777,-2993.951540732535,3787.6957517539795,-9358.443930537778,-33013.66510670104,0.0011932016692270098,0.0011932016692270098,838.0812948810477
0.42361574382921946,2060.41558882558,-1013.8102176996018,111.69815984629882,-3003.2630682314634,3764.2418335562397,-18557.51551125054,-37301.18165012442,0.00162876907173572,0.00162876907173572,613.9605775632369
0.4242828552368245,2063.6243454441683,-1015.8185404709897,114.20071028200628,-3018.7114013212604,3737.9276641620863,-27756.5870919633,-41588.69819354779,0.0020673321339856215,0.0020673321339856215,483.7152112912279
0.4249499666444296,2066.826468743756,-1017.8392159681182,116.68475218202838,-3040.2965400019275,3708.7532435715207,-36955.65867267607,-45876.214736971175,0.002507324307393293,0.002507324307393293,398.8315340984497
0.42561707805203464,2070.0232352492294,-1019.8763381240032,119.14837744016334,-3068.018484273463,3676.7185717845405,-46154.73025338883,-50163.731280394546,0.002946970119344687,0.002946970119344687,339.33157090251336
0.42628418945963975,2073.2160277829607,-1021.9340008716606,121.58967795020966,-3101.87723413587,3641.823648801145,-55353.801834102356,-54451.24782381828,0.0033842588565359865,0.0033842588565359865,295.48567127739346
0.4269513008672448,2076.4063534690526,-1024.016298144107,124.00674560596521,-3141.8727895891443,3604.0684746213396,-64552.873414815134,-58738.76436724167,0.0038169244208826406,0.0038169244208826406,261.99104035933624
0.42761841227484987,2079.595861283105,-1026.1273238743572,126.39767230122843,-3188.005150633288,3563.4530492451204,-73751.94499552788,-63026.28091066503,0.004242433785517776,0.004242433785517776,235.71375548951627
0.4282855236824549,2082.7863589643157,-1028.2711719954277,128.76054992979752,-3240.2743172682985,3519.977372672488,-82951.01657624064,-67313.7974540884,0.004657986625474554,0.004657986625474554,214.68503033714063
0.42895263509006,2085.9798290857775,-1030.451936440335,131.09347038547085,-3298.680289494181,3473.6414449034437,-92150.08815695341,-71601.31399751178,0.005060528688486253,0.005060528688486253,197.60781166505515
0.4296197464976651,2089.1784440596407,-1032.673711142094,133.39452556204677,-3363.223067310936,3424.445265937981,-101349.15973766695,-75888.83054093554,0.005446781239470659,0.005446781239470659,183.5946692247152
0.43028685790527016,2092.3845798381685,-1034.9405900337208,135.66180735332318,-3433.9026507185554,3372.3888357761084,-110548.23131837971,-80176.3470843589,0.005813288395243968,0.005813288395243968,172.0196783662292
0.4309539693128752,2095.6008280616584,-1037.2566670482315,137.89340765309856,-3510.7190397170434,3317.4721544178233,-119747.30289909248,-84463.86362778228,0.0061564833181412875,0.0061564833181412875,162.43039220999813
0.4316210807204803,2098.8300064018295,-1039.6260361186426,140.08741835517114,-3593.6722343064016,3259.695221863126,-128946.37447980522,-88751.38017120564,0.006472773045053874,0.006472773045053874,154.49328951277587
0.43228819212808534,2102.0751668566054,-1042.052791177969,142.24193135333917,-3682.7622344866277,3199.0580381120144,-138145.44606051798,-93038.89671462902,0.006758640226607356,0.006758640226607356,147.95875597331084
0.43295530353569045,2105.3396017709815,-1044.5410261592274,144.3550385414011,-3777.9890402577316,3135.5606031644847,-147344.51764123153,-97326.41325805277,0.007010758335085136,0.007010758335085136,142.63792192001958
0.4336224149432955,2108.6268473899886,-1047.0948349954333,146.4248318131548,-3879.352651619696,3069.2029170205465,-156543.5892219443,-101613.92980147614,0.007226115129517246,0.007226115129517246,138.38694541624426
0.43428952635090057,2111.9406847940913,-1049.718311619603,148.44940306239874,-3986.85306857253,2999.9849796801955,-165742.66080265705,-105901.44634489952,0.007402137558941256,0.007402137558941256,135.0961113647599
0.4349566377585056,2115.284198871804,-1052.4149171961092,150.42611871029052,-4096.50425658648,2923.336781191723,-158202.10045511666,-129381.04061093777,0.007786518806896322,0.007786518806896322,128.42709621587574
0.4356237491661107,2118.6515467227828,-1055.1818879226903,152.3452082203791,-4197.289631303615,2826.627748544843,-143952.45294686622,-160552.63926440943,0.008340651648789391,0.008340651648789391,119.89470872400547
0.4362908605737158,2122.032156664912,-1058.012922907787,154.19284576437423,-4288.568903613656,2709.123786842937,-129702.80543861461,-191724.2379178837,0.00899149676306704,0.00899149676306704,111.21618862251533
0.43695797198132086,2125.416040205642,-1060.9016805220401,155.95515880788258,-4370.342073516583,2570.8248960860215,-115453.15793036419,-222895.83657135535,0.009749824735875894,0.009749824735875894,102.5659462698191
0.4376250833889259,2128.7939641136068,-1063.8418191360927,157.6182748165114,-4442.6091410124045,2411.7310762740885,-101203.51042211376,-254067.43522482703,0.010627671061451181,0.010627671061451181,94.09399239191852
0.438292194796531,2132.1575829331628,-1066.8269971205873,159.16832125586774,-4505.370106101122,2231.8423274071383,-86953.86291386336,-285239.0338782987,0.011637703137301886,0.011637703137301886,85.9276085840975
0.43895930620413603,2135.4995958526483,-1069.850872846166,160.59142559155865,-4558.624968782735,2031.1586494851713,-72704.21540561292,-316410.6325317704,0.012792138414341092,0.012792138414341092,78.17301279971404
0.43962641761174115,2138.813931368557,-1072.9071046834713,161.87371528919135,-4602.373729057245,1809.6800425081667,-58454.56789736131,-347582.23118524463,0.014100984786142455,0.014100984786142455,70.9170327580763
0.4402935290193462,2142.095962725802,-1075.9893510031457,163.00131781437264,-4636.6163869246475,1567.4065064761626,-44204.92038911089,-378753.8298387163,0.015569333234405826,0.015569333234405826,64.22882630517242
0.44096064042695127,2145.34275586385,-1079.0912701758307,163.9603606327096,-4661.352942384943,1304.3380413891405,-29955.272880860466,-409925.42849218793,0.017193443273920597,0.017193443273920597,58.16170641728423
0.4416277518345563,2148.5533491143806,-1082.2065205721697,164.7369712098095,-4676.583395438135,1020.4746472471015,-15705.625372610048,-441097.02714565967,0.018955498077520328,0.018955498077520328,52.755142381930774
0.4422948632421614,2151.729059646268,-1085.3287605628047,165.31727701127926,-4682.307746084223,715.8163240500452,-1455.977864359622,-472268.62579913135,0.020817278938296845,0.020817278938296845,48.03701785252701
0.4429619746497665,2154.8738051500004,-1088.451648518378,165.68740550272594,-4678.525994323204,390.36307179794267,12793.669643891983,-503440.2244526056,0.02271373295900767,0.02271373295900767,44.02622861705461
0.44362908605737156,2157.994420348951,-1091.568842809532,165.83348414975663,-4665.238140155081,44.114890490849575,27043.317152142412,-534611.8231060773,0.02454849591743416,0.02454849591743416,40.735693272751895
0.4442961974649766,2161.1009373395013,-1094.6740172734762,165.7421640476565,-4642.585464577626,-318.1450690407879,40432.600488234646,-536655.2893891671,0.024851926652400276,0.024851926652400276,40.23832896285395
0.4449633088725817,2164.2056771309785,-1097.7612146718805,165.41258644515855,-4611.442295982677,-666.815907600162,52934.61895942501,-508659.8846118534,0.023537473614132262,0.023537473614132262,42.48544327202494
0.44563042028018673,2167.319351460568,-1100.8248541729101,164.85663605305712,-4571.958888247508,-996.8106922720686,65436.63743061539,-480664.4798345397,0.022084476045461127,0.022084476045461127,45.2806757987597
0.44629753168779185,2170.4500045440245,-1103.8593719078922,164.08677187994948,-4524.135241372113,-1308.1294230565334,77938.6559018068,-452669.0750572236,0.020582741717712908,0.020582741717712908,48.58439238633739
0.4469646430953969,2173.603170115903,-1106.8592040081542,163.11545293443314,-4467.9713553565025,-1600.772099953504,90440.67437299716,-424673.67027991,0.019102717372519347,0.019102717372519347,52.348573268354635
0.44763175450300197,2176.7820786349353,-1109.8187866050234,161.9551382251055,-4403.467230200671,-1874.738722963008,102942.69284418752,-396678.2655025962,0.017694797646263697,0.017694797646263697,56.51378557647155
0.448298865910607,2179.987889442463,-1112.7325558298273,160.61828676056388,-4330.622865904621,-2130.0292920850443,115444.7113153779,-368682.8607252826,0.016391652563638955,0.016391652563638955,61.0066615380969
0.4489659773182121,2183.2199284842063,-1115.5949478138932,159.11735754940557,-4249.4382624683485,-2366.6438073196146,127946.72978656829,-340687.4559479689,0.015211905234114404,0.015211905234114404,65.73798512479475
0.4496330887258172,2186.4759182468497,-1118.400398688549,157.46480960022794,-4159.913419891849,-2584.582268666734,140448.7482577597,-312692.0511706528,0.014164003673030983,0.014164003673030983,70.60150668444497
0.45030020013342226,2189.752191830828,-1121.1433445851212,155.6731019216286,-4062.0483381751365,-2783.844676126368,152950.76672895008,-284696.6463933391,0.013249660241657281,0.013249660241657281,75.47363341861202
0.4509673115410273,2193.043887141548,-1123.8182216349378,153.75469352220472,-3955.8430173182037,-2964.431029698534,165452.7852001404,-256701.2416160254,0.012466624410113435,0.012466624410113435,80.2141756343248
0.4516344229486324,2196.3451200269383,-1126.4194659693258,151.72204341055374,-3841.2974573210504,-3126.3413293832336,177954.8036713308,-228705.83683871172,0.01181078818356522,0.01181078818356522,84.66835442798863
0.45230153435623743,2199.6491370210947,-1128.9415137196129,149.58761059527302,-3718.4116581836765,-3269.5755751804663,190456.82214252118,-200710.432061398,0.011277735472356483,0.011277735472356483,88.6702833606231
0.45296864576384255,2202.9484494324593,-1131.378801017127,147.3638540849598,-3587.185619906071,-3394.1337670902403,202958.84061371256,-172715.02728408197,0.010863884123247484,0.010863884123247484,92.04810992599903
0.4536357571714476,2206.234952028717,-1133.7257647337722,145.06323229336525,-3447.664303696,-3500.0520188630003,213641.09808492448,-146181.29130870404,0.010555905619162906,0.010555905619162906,94.73370036433701
0.45430286857905267,2209.5028926406308,-1135.979096680795,142.69639242140087,-3309.1663652039256,-3594.8152629928804,201575.72151432247,-137918.91459268183,0.010124898072867804,0.010124898072867804,98.76642636825649
0.4549699799866577,2212.7552014531757,-1138.142719846418,140.26817344253232,-3178.71737705915,-3684.0665813615715,189510.34494372044,-129656.5378766596,0.009637526516494554,0.009637526516494554,103.76106341066948
0.4556370913942628,2215.9960693876674,-1140.2220037772374,137.7822524253128,-3056.317339261674,-3767.8059739690743,177444.96837311843,-121394.16116063738,0.009103876731175565,0.009103876731175565,109.84331505451657
0.4563042028018679,2219.2291148074164,-1142.2223180198487,135.24230643829526,-2941.9662518114883,-3846.0334408153944,165379.59180251544,-113131.78444461447,0.00853370456967017,0.00853370456967017,117.1824020665213
0.45697131420947296,2222.4574037744324,-1144.1490321208482,132.65201255003333,-2835.664114708612,-3918.7489819005195,153314.21523191343,-104869.40772859225,0.007936044710802066,0.007936044710802066,126.00735460056823
0.457638425617078,2225.6834762909084,-1146.007515626831,130.01504782907992,-2737.4109279530353,-3985.952597224455,141248.83866131143,-96607.03101257003,0.007318937817879775,0.007318937817879775,136.63184807460084
0.4583055370246831,2228.909377326576,-1147.803138084394,127.33508934398819,-2647.206691544758,-4047.644286787203,129183.46209070942,-88344.65429654781,0.00668926982153977,0.00668926982153977,149.49314748523852
0.45897264843228813,2232.136691492805,-1149.5412690401324,124.61581416331128,-2565.0514054837795,-4103.82405058876,117118.08552010742,-80082.2775805256,0.006052707790571012,0.006052707790571012,165.21531099813097
0.45963975983989325,2235.36658033726,-1151.2272780406424,121.86089935560213,-2490.945069770094,-4154.4918886291325,105052.70894950439,-71819.90086450269,0.005413712274017926,0.005413712274017926,184.71613365920985
0.4603068712474983,2238.5998213781018,-1152.8665346325201,119.07402198941439,-2424.887684403716,-4199.647800908312,92987.3323789024,-63557.524148480465,0.004775605198670207,0.004775605198670207,209.397544059642
0.46097398265510336,2241.8368481563284,-1154.4644083623614,116.25885913330097,-2366.8792493846368,-4239.291787426304,80921.9558083004,-55295.147432458245,0.004140674202697481,0.004140674202697481,241.50656416014104
0.4616410940627084,2245.0777907449137,-1156.026268776762,113.41908785581506,-2316.9197647128567,-4273.423848183105,68856.57923769839,-47032.77071643603,0.0035102975377841765,0.0035102975377841765,284.8761363491812
0.4623082054703135,2248.3225163041348,-1157.5574854223178,110.55838522550978,-2275.009230388376,-4302.043983178719,56791.20266709637,-38770.3940004138,0.0028850774659708854,0.0028850774659708854,346.6111436503423
0.4629753168779186,2251.570669407738,-1159.0634278456248,107.68042831093807,-2241.147646411192,-4325.152192413144,44725.826096493365,-30508.017284390895,0.002264973787700751,0.002264973787700751,441.50621319778395
0.46364242828552366,2254.8217119811375,-1160.5494655932794,104.78889418065359,-2215.3350127813114,-4342.74847588638,32660.449525891363,-22245.640568368675,0.0016494324033485123,0.0016494324033485123,606.2691614217716
0.4643095396931287,2258.074962789616,-1162.0209682118768,101.88745990320922,-2197.5713294987295,-4354.832833598425,20595.07295528935,-13983.263852346457,0.0010375064752175815,0.0010375064752175815,963.8494061353055
0.4649766511007338,2261.329636491764,-1163.4833052480135,98.97980254715816,-2187.8565965634475,-4361.405265549283,8529.696384687344,-5720.887136324238,0.0004279697995106442,0.0004279697995106442,2336.613473996145
0.46564376250833883,2264.5848823321826,-1164.9418462482852,96.06959918105356,-2186.1908139754646,-4362.465771738951,-3535.6801859146626,2541.489579697983,0.00018057652831829775,0.00018057652831829775,5537.8182829903835
0.46631087391594395,2267.83992030671,-1166.4013656637806,93.16011893685048,-2189.5089776868476,-4360.115405374089,-5076.975943173053,3589.6331677330813,0.0002582672768267144,0.0002582672768267144,3871.9578116392754
0.466977985323549,2271.094544909644,-1167.8631426988893,90.25223496295278,-2192.8999172253984,-4357.720762487753,-5089.060793399792,3589.5062055079384,0.0002588165380032405,0.0002588165380032405,3863.7407320063894
0.46764509673115406,2274.348760611433,-1169.3271845575528,87.34594845439017,-2196.298918705393,-4355.326204299363,-5101.145643626531,3589.3792432827945,0.00025936479568675736,0.00025936479568675736,3855.57337244693
0.4683122081387591,2277.6025721955084,-1170.793496617985,84.44125935465975,-2199.7059821268344,-4352.931730808922,-5113.230493853269,3589.252281057651,0.0002599120391018145,0.0002599120391018145,3847.4554832308986
0.4689793195463642,2280.8559844582574,-1172.2620842583983,81.5381676072585,-2203.12110748972,-4350.53734201643,-5125.315344080007,3589.1253188325077,0.00026045825745528076,0.00026045825745528076,3839.38681679806
0.4696464309539693,2284.109002209038,-1173.7329528570065,78.63667315568328,-2206.5442947940523,-4348.143037921888,-5137.400194306747,3588.9983566073647,0.0002610034399367398,0.0002610034399367398,3831.36712773737
0.47031354236157435,2287.361630270189,-1175.2061077920225,75.73677594343157,-2209.97554403983,-4345.748818525294,-5149.485044533487,3588.871394382221,0.00026154757571889323,0.00026154757571889323,3823.396172766604
0.4709806537691794,2290.6138734770425,-1176.6815544416584,72.83847591400011,-2213.414855227052,-4343.354683826648,-5161.569894760226,3588.7444321570774,0.00026209065395796475,0.00026209065395796475,3815.473710712265
0.4716477651767845,2293.8657366779353,-1178.1592981841286,69.94177301088597,-2216.86222835572,-4340.960633825951,-5173.654744986964,3588.617469931934,0.0002626326637941095,0.0002626326637941095,3807.599502489715
0.47231487658438953,2297.117224734219,-1179.639344397646,67.04666717758622,-2220.317663425834,-4338.566668523203,-5185.739595213703,3588.4905077067906,0.0002631735943518268,0.0002631735943518268,3799.7733110835497
0.47298198799199465,2300.3683425202707,-1181.1216984604234,64.1531583575976,-2223.7811604373933,-4336.172787918404,-5197.824445440443,3588.3635454816476,0.00026371343474037716,0.00026371343474037716,3791.9949015282004
0.4736490993995997,2303.619094923506,-1182.6063657506736,61.261246494417655,-2227.252719390398,-4333.778992011553,-5209.909295667181,3588.2365832565038,0.0002642521740542021,0.0002642521740542021,3784.264040888779
0.47431621080720476,2306.8694868443877,-1184.0933516466105,58.37093153154315,-2230.7323402848474,-4331.385280802651,-5221.99414589392,3588.1096210313603,0.0002647898013733487,0.0002647898013733487,3776.580498242146
0.4749833222148098,2310.1195231964357,-1185.5826615264466,55.48221341247116,-2234.220023120743,-4328.991654291698,-5234.078996120659,3587.982658806217,0.0002653263057638971,0.0002653263057638971,3768.944044658198
0.4756504336224149,2313.369208906239,-1187.0743007683955,52.59509208069867,-2237.715767898084,-4326.598112478693,-5246.163846347397,3587.8556965810735,0.00026586167627839233,0.00026586167627839233,3761.3544531813895
0.47631754503002,2316.618548913463,-1188.5682747506692,49.709567479722494,-2241.2195746168704,-4324.204655363638,-5258.248696574137,3587.72873435593,0.0002663959019562796,0.0002663959019562796,3753.811498812464
0.47698465643762505,2319.8675481708638,-1190.0645888514823,46.82563955304014,-2244.7314432771027,-4321.811282946531,-5270.333546800876,3587.6017721307862,0.0002669289718243432,0.0002669289718243432,3746.3149584904018
0.4776517678452301,2323.1162116442924,-1191.563248449047,43.9433082441484,-2248.2513738787793,-4319.417995227373,-5282.418397027615,3587.4748099056433,0.0002674608748971493,0.0002674608748971493,3738.864611074591
0.47831887925283517,2326.364544312708,-1193.0642589215765,41.0625734965443,-2251.7793664219025,-4317.0247922061635,-5294.5032472543535,3587.3478476805003,0.0002679916001774921,0.0002679916001774921,3731.4602373271973
0.47898599066044023,2329.6125511681857,-1194.5676256472843,38.183435253724895,-2255.3154209064705,-4314.631673882903,-5306.5880974810925,3587.2208854553564,0.0002685211366568444,0.0002685211366568444,3724.1016198957414
0.47965310206804534,2332.8602372159257,-1196.0733540043832,35.30589345918696,-2258.8595373324843,-4312.23864025759,-5318.672947707833,3587.093923230213,0.0002690494733158108,0.0002690494733158108,3716.788543295894
0.4803202134756504,2336.107607474261,-1197.581449371086,32.429948056428,-2262.411715699943,-4309.845691330227,-5330.7577979345715,3586.9669610050696,0.00026957659912458463,0.00026957659912458463,3709.520793894468
0.48098732488325546,2339.3546669746684,-1199.0919171256062,29.55559898894482,-2265.971956008848,-4307.452827100812,-5342.84264816131,3586.839998779926,0.00027010250304340986,0.00027010250304340986,3702.2981598925935
0.4816544362908605,2342.6014207617754,-1200.604762646157,26.682846200234447,-2269.540258259198,-4305.060047569346,-5354.92749838805,3586.713036554783,0.00027062717402304506,0.00027062717402304506,3695.1204313091107
0.4823215476984656,2345.847873893368,-1202.119991310951,23.811689633793918,-2273.116622450993,-4302.66735273583,-5367.012348614788,3586.58607432964,0.00027115060100523094,0.00027115060100523094,3687.9873999641563
0.4829886591060707,2349.0940314404006,-1203.637608498202,20.94212923312003,-2276.7010485842343,-4300.274742600261,-5379.097198841528,3586.459112104496,0.0002716727729231631,0.0002716727729231631,3680.89885946292
0.48365577051367575,2352.3398984870005,-1205.1576195861228,18.074164941710276,-2280.293536658921,-4297.882217162642,-5391.182049068266,3586.3321498793525,0.0002721936787019662,0.0002721936787019662,3673.8546051796184
0.4843228819212808,2355.585480130479,-1206.6800299529264,15.207796703061469,-2283.8940866750527,-4295.48977642297,-5403.266899295006,3586.205187654209,0.00027271330725917324,0.00027271330725917324,3666.8544342416317
0.48498999332888587,2358.8307814813375,-1208.2048449768258,12.343024460670613,-2287.5026986326293,-4293.0974203812475,-5415.351749521744,3586.0782254290657,0.00027323164750520714,0.00027323164750520714,3659.898145513844
0.48565710473649093,2362.0758076632737,-1209.7320700360349,9.479848158034779,-2291.1193725316525,-4290.705149037476,-5427.436599748484,3585.9512632039223,0.0002737486883438666,0.0002737486883438666,3652.9855395831532
0.48632421614409604,2365.32056381319,-1211.2617105087654,6.618267738650731,-2294.744108372121,-4288.31296239165,-5439.521449975222,3585.824300978779,0.000274264418672816,0.000274264418672816,3646.1164187431505
0.4869913275517011,2368.565055081199,-1212.7937717732314,3.7582831460159856,-2298.3769061540347,-4285.920860443774,-5451.606300201962,3585.6973387536354,0.00027477882738407655,0.00027477882738407655,3639.2905869790097
0.48765843895930616,2371.809286630631,-1214.328259207646,0.8998943236273469,-2302.0177658773937,-4283.528843193847,-5463.6911504287,3585.5703765284925,0.00027529190336452266,0.00027529190336452266,3632.507849952523
0.4883255503669112,2375.0532636380412,-1215.865178190222,-1.9568987850181632,-2305.666687542198,-4281.136910641868,-5475.77600065544,3585.4434143033486,0.0002758036354963819,0.0002758036354963819,3625.7680149873095
0.4889926617745163,2378.296991293214,-1217.4045340991722,-4.8120962364235105,-2309.3236711484483,-4278.745062787838,-5487.860850882178,3585.316452078205,0.00027631401265773656,0.00027631401265773656,3619.070891054214
0.4896597731821214,2381.54047479917,-1218.9463323127109,-7.665698087091908,-2312.9887166961444,-4276.353299631757,-5499.945701108918,3585.189489853062,0.0002768230237230305,0.0002768230237230305,3612.4162887568527
0.49032688458972645,2384.7837193721707,-1220.4905782090495,-10.517704393525833,-2316.661824185285,-4273.961621173625,-5512.030551335656,3585.062527627919,0.000277330657563578,0.000277330657563578,3605.804020317336
0.4909939959973315,2388.026730241726,-1222.0372771664026,-13.3681152122285,-2320.342993615871,-4271.570027413441,-5524.115401562396,3584.935565402775,0.0002778369030480765,0.0002778369030480765,3599.2338995621526
0.49166110740493657,2391.2695126505982,-1223.586434562983,-16.216930599702877,-2324.0322249879027,-4269.178518351206,-5536.200251789134,3584.8086031776315,0.00027834174904312146,0.00027834174904312146,3592.7057419082225
0.49232821881254163,2394.5120718548064,-1225.1380557770028,-19.06415061245193,-2327.7295183013803,-4266.787093986919,-5548.285102015873,3584.681640952488,0.00027884518441372735,0.00027884518441372735,3586.2193643490828
0.49299533022014674,2397.7544131236336,-1226.6921461866764,-21.909775306978858,-2331.434873556303,-4264.395754320582,-5560.369952242613,3584.554678727345,0.00027934719802384786,0.00027934719802384786,3579.7745854412688
0.4936624416277518,2400.9965417396293,-1228.2487111702162,-24.753804739786172,-2335.1482907526715,-4262.004499352193,-5572.454802469352,3584.4277165022013,0.00027984777873690206,0.00027984777873690206,3573.371225290827
0.49432955303535686,2404.2384629986145,-1229.8077561058353,-27.596238967377065,-2338.8697698904853,-4259.613329081753,-5584.53965269609,3584.300754277058,0.0002803469154163037,0.0002803469154163037,3567.0091055399735
0.4949966644429619,2407.4801822096865,-1231.3692863717467,-30.43707804625449,-2342.5993109697442,-4257.222243509262,-5596.624502922829,3584.1737920519145,0.0002808445969259913,0.0002808445969259913,3560.6880493539347
0.495663775850567,2410.7217046952233,-1232.933307346164,-33.27632203292143,-2346.3369139904485,-4254.831242634719,-5608.709353149568,3584.046829826771,0.0002813408121309639,0.0002813408121309639,3554.407881407909
0.4963308872581721,2413.963035790887,-1234.4998244073004,-36.1139709838811,-2350.082578952599,-4252.440326458125,-5620.794203376308,3583.9198676016276,0.0002818355498978186,0.0002818355498978186,3548.168427874187
0.49699799866577715,2417.2041808456247,-1236.0688429333682,-38.95002495563599,-2353.8363058561945,-4250.049494979479,-5632.8790536030465,3583.792905376484,0.0002823287990952909,0.0002823287990952909,3541.9695164094205
0.4976651100733822,2420.445145221677,-1237.6403683025812,-41.78448400468929,-2357.598094701235,-4247.6587481987835,-5644.9639038297855,3583.665943151341,0.00028282054859479896,0.00028282054859479896,3535.8109761420283
0.49833222148098727,2423.6859342945777,-1239.2144058931524,-44.617348187543975,-2361.367945487722,-4245.268086116036,-5657.048754056525,3583.5389809261974,0.0002833107872709901,0.0002833107872709901,3529.6926376597453
0.49899933288859233,2426.9265534531573,-1240.7909610832946,-47.44861756070301,-2365.1458582156533,-4242.877508731237,-5669.133604283263,3583.412018701054,0.0002837995040022901,0.0002837995040022901,3523.614332997321
0.49966644429619744,2430.1670080995464,-1242.3700392512212,-50.27829218066962,-2368.931832885031,-4240.487016044387,-5681.218454510003,3583.2850564759106,0.0002842866876714561,0.0002842866876714561,3517.575895624343
0.5003335557038024,2433.4073036491773,-1243.951645775145,-53.10637210394603,-2372.725869495853,-4238.096608055485,-5693.303304736741,3583.158094250767,0.0002847723271661314,0.0002847723271661314,3511.577160433207
0.5010006671114076,2436.647445530788,-1245.5357860332792,-55.932857387036165,-2376.5279680481217,-4235.706284764532,-5705.38815496348,3583.0311320256237,0.00028525641137940424,0.00028525641137940424,3505.6179637272157
0.5016677785190127,2439.887439186422,-1247.1224654038376,-58.757748086442554,-2380.338128541836,-4233.316046171529,-5717.473005190221,3582.9041698004803,0.00028573892921036795,0.00028573892921036795,3499.698143208816
0.5023348899266177,2443.1272900714307,-1248.7116892650322,-61.58104425866763,-2384.156350976995,-4230.925892276473,-5729.557855416958,3582.7772075753364,0.0002862198695646851,0.0002862198695646851,3493.817537967964
0.5030020013342228,2446.3670036544777,-1250.303462995077,-64.40274596021537,-2387.9826353535996,-4228.535823079366,-5741.642705643698,3582.6502453501935,0.0002866992213551537,0.0002866992213551537,3487.9759884706227
0.5036691127418278,2449.6065854175354,-1251.8977919721845,-67.22285324758776,-2391.816981671649,-4226.145838580209,-5753.727555870436,3582.52328312505,0.0002871769735022756,0.0002871769735022756,3482.1733365473888
0.5043362241494329,2452.846040855891,-1253.494681574568,-70.0413661772887,-2395.6593899311447,-4223.755938778999,-5765.812406097175,3582.3963208999066,0.00028765311493482925,0.00028765311493482925,3476.409425382236
0.505003335557038,2456.0853754781438,-1255.0941371804406,-72.8582848058207,-2399.509860132086,-4221.366123675739,-5777.897256323915,3582.269358674763,0.0002881276345904425,0.0002881276345904425,3470.684099501406
0.505670446964643,2459.324594806208,-1256.6961641680155,-75.67360918968629,-2403.368392274472,-4218.976393270428,-5789.982106550654,3582.1423964496203,0.00028860052141617025,0.00028860052141617025,3464.9972047623964
0.5063375583722481,2462.563704375314,-1258.3007679155062,-78.48733938538935,-2407.2349863583045,-4216.586747563065,-5802.066956777392,3582.0154342244764,0.0002890717643690736,0.0002890717643690736,3459.3485883430862
0.5070046697798531,2465.8027097340037,-1259.9079538011247,-81.29947544943188,-2411.1096423835816,-4214.197186553651,-5814.151807004131,3581.888471999333,0.0002895413524168011,0.0002895413524168011,3453.738098730983
0.5076717811874583,2469.0416164441376,-1261.5177272030849,-84.11001743831781,-2414.9923603503044,-4211.807710242185,-5826.23665723087,3581.761509774189,0.00029000927453817283,0.00029000927453817283,3448.165585712583
0.5083388925950634,2472.2804300808893,-1263.1300934996002,-86.9189654085497,-2418.8831402584733,-4209.418318628668,-5838.32150745761,3581.6345475490457,0.000290475519723767,0.000290475519723767,3442.630900362854
0.5090060040026684,2475.519175668687,-1264.745184086811,-89.72626934250123,-2423.487966735653,-4206.7484836520825,-8487.143847965652,4629.234159923533,0.000410051119524562,0.000410051119524562,2438.7203262838552
0.5096731154102735,2478.7580222180068,-1266.3640536433118,-92.53151234963583,-2430.249526873305,-4203.224943237564,-11784.013444712124,5934.3400028044725,0.0005587677190256452,0.0005587677190256452,1789.6524189760935
0.5103402268178785,2481.9972079025542,-1267.98816752923,-95.33411435215858,-2439.210466328331,-4198.830751827128,-15080.883041458048,7239.4458456851935,0.0007072408473697508,0.0007072408473697508,1413.9454808344697
0.5110073382254836,2485.2369796553517,-1269.6189929755974,-98.13349452885898,-2450.370785100734,-4193.565909420773,-18377.752638204518,8544.55168856613,0.0008553631314817275,0.0008553631314817275,1169.094111255089
0.5116744496330887,2488.4775951240645,-1271.2579972134465,-100.92907205852514,-2463.730483190513,-4187.430416018499,-21674.622234950984,9849.657531447068,0.0010030203454224806,0.0010030203454224806,996.9887495938993
0.5123415610406937,2491.7193249045213,-1272.9066474738095,-103.72026611994517,-2479.2895605976655,-4180.42427162031,-24971.491831696916,11154.76337432779,0.0011500901169228612,0.0011500901169228612,869.4970813900768
0.5130086724482988,2494.9624547607373,-1274.5664109877189,-106.5064958919086,-2497.0480173221968,-4172.547476226201,-28268.361428443382,12459.869217208727,0.001296440700845254,0.001296440700845254,771.342645558736
0.5136757838559038,2498.207287828067,-1276.2387549862067,-109.28718055320309,-2517.0058533641,-4163.800029836176,-31565.231025189307,13764.975060089448,0.0014419298357594395,0.0014419298357594395,693.5150207730582
0.514342895263509,2501.4541467958006,-1277.9251467003055,-112.06173928261812,-2539.163068723383,-4154.181932450231,-34862.10062193578,15070.080902970387,0.0015864037012144163,0.0015864037012144163,630.3565726898422
0.5150100066711141,2504.7033760651375,-1279.6270533610473,-114.82959125894182,-2563.5196634000413,-4143.693184068369,-38158.97021868225,16375.186745851322,0.001729695994704286,0.001729695994704286,578.136275427384
0.5156771180787191,2507.955343878099,-1281.3459421994644,-117.59015566096234,-2590.0756373940717,-4132.333784690591,-41455.839815428175,17680.292588732045,0.0018716271486913351,0.0018716271486913351,534.2944510605183
0.5163442294863242,2511.210444412516,-1283.0832804465895,-120.34285166746912,-2618.8309907054822,-4120.103734316892,-44752.70941217465,18985.398431612983,0.0020120037092685645,0.0020120037092685645,497.01697635713396
0.5170113408939292,2514.4690998377846,-1284.840535333454,-123.08709845724988,-2649.785723334264,-4107.003032947279,-48049.57900892057,20290.504274493705,0.0021506178990191908,0.0021506178990191908,464.9826454323008
0.5176784523015343,2517.7317623256517,-1286.6191740910906,-125.82231520909404,-2682.9398352804255,-4093.031680581744,-51346.44860566704,21595.61011737464,0.002287247387250656,0.002287247387250656,437.2067514752008
0.5183455637091394,2520.998916009819,-1288.4206639505317,-128.5479211017898,-2718.2933265439633,-4078.1896772202917,-54643.31820241351,22900.71596025558,0.0024216552909236085,0.0024216552909236085,412.94068720185373
0.5190126751167444,2524.2710788877243,-1290.2464721428096,-131.26333531412527,-2755.8461971248717,-4062.477022862925,-57940.18779915943,24205.8218031363,0.0025535904291435537,0.0025535904291435537,391.6054777568183
0.5196797865243495,2527.5487507841754,-1292.0978418686332,-133.96806509713272,-2793.527061947842,-4046.7080337417606,-48469.03547301088,20491.48069343981,0.002131099232784455,0.002131099232784455,469.2414058511102
0.5203468979319545,2530.8310961523116,-1293.9705182961784,-136.663779123776,-2818.204647537975,-4036.044960597368,-25514.36612621467,11476.412593452402,0.0011344355709237638,0.0011344355709237638,881.4956315110132
0.5210140093395597,2534.1157479899825,-1295.85454957676,-139.3543857149565,-2827.5689113490594,-4031.3959422228127,-2559.696779414662,2461.344493463501,0.00014471642538196316,0.00014471642538196316,6910.065649843198
0.5216811207471648,2537.400156322027,-1297.7397200187304,-142.0438969152166,-2821.6198533810903,-4032.7609786180974,20394.972567385375,-6553.723606525407,0.0008449189674160413,0.0008449189674160413,1183.545450587093
0.5223482321547698,2540.6817559493315,-1299.6158139304423,-144.73632476909887,-2800.357473634072,-4040.14006978322,43349.64191418158,-15568.79170651281,0.0018414030039993919,0.0018414030039993919,543.064173257062
0.5230153435623749,2543.958070694644,-1301.4726156202482,-147.43568132114692,-2763.7817721079978,-4053.5332157181806,66304.3112609816,-24583.85980650172,0.002851370265968927,0.002851370265968927,350.7085740266668
0.5236824549699799,2547.226818768555,-1303.2999093965016,-150.14597861590306,-2711.8927488028803,-4072.9404164229804,89258.9806077778,-33598.92790648913,0.0038807561290830662,0.0038807561290830662,257.6817420980991
0.524349566377585,2550.4860203772196,-1305.0874795675547,-152.87122869791085,-2644.6904037187005,-4098.36167189762,112213.64995457784,-42613.99600647803,0.004934329671088171,0.004934329671088171,202.66177305892685
0.5250166777851901,2553.7341085145904,-1306.8251104417614,-155.61544361171298,-2562.174736855468,-4129.796982142101,135168.31930137787,-51629.06410646695,0.006015131546738605,0.006015131546738605,166.24740327452997
0.5256837891927951,2556.970043580465,-1308.5025863274734,-158.38263540185173,-2464.3457482131985,-4167.246347156413,158122.98864817407,-60644.13220645435,0.007123797016109645,0.007123797016109645,140.37457801487258
0.5263509006004002,2560.1934320130936,-1310.1096915330445,-161.17681611287102,-2351.2034377918612,-4210.709766940572,181077.6579949741,-69659.20030644326,0.008257762049233215,0.008257762049233215,121.09818544515414
0.5270180120080052,2563.4046484889473,-1311.6362103668268,-164.00199778931287,-2222.747805591492,-4260.18724149456,204032.3273417703,-78674.26840643065,0.009410380079619925,0.009410380079619925,106.26563343235217
0.5276851234156104,2566.6049603938736,-1313.0719271371738,-166.86219247572112,-2078.9788516120498,-4315.678770818397,226986.99668857033,-87689.33650641957,0.010570021610160196,0.010570021610160196,94.60718595303273
0.5283522348232155,2569.7966521972075,-1314.4066261524376,-169.76141221663818,-1919.8965758535528,-4377.184354912072,249941.66603537035,-96704.40460640847,0.011719288597834438,0.011719288597834438,85.32941156383725
0.5290193462308205,2572.9831460870073,-1315.6300917209724,-172.70366905660654,-1745.500978316033,-4444.703993775576,272896.33538216655,-105719.47270639589,0.0128345438922076,0.0128345438922076,77.91472828318759
0.5296864576384256,2576.1691138325605,-1316.7321081511298,-175.69297504017007,-1555.7920589994314,-4518.2376874089305,295851.00472896657,-114734.54080638479,0.01388601577278205,0.01388601577278205,72.01489731562151
0.5303535690460306,2579.3591896743133,-1317.7024589203652,-178.73188985647835,-1350.7659867308082,-4591.088797932884,318817.4507976279,-103164.67534695982,0.014625933854195538,0.014625933854195538,68.37170261871135
0.5310206804536357,2582.5533267426654,-1318.5309239268308,-181.81671681183317,-1130.418539801199,-4655.878056471175,341784.19509729685,-91073.52175082415,0.015405008882495474,0.015405008882495474,64.9139515353534
0.5316877918612408,2585.75103273858,-1319.2072821050856,-184.94207491147802,-894.7497157537306,-4712.601168514378,364750.9393969657,-78982.36815468848,0.016214474930170884,0.016214474930170884,61.67328910165708
0.5323549032688458,2588.9530694931327,-1319.7213123896734,-188.1025831370701,-643.7595145884469,-4761.258134062486,387717.6836966309,-66891.21455855481,0.017032756653719193,0.017032756653719193,58.71040256901954
0.5330220146764509,2592.161570538537,-1320.0627937151396,-191.2928604702682,-377.44793630526357,-4801.8489531155155,410684.42799629975,-54800.06096241914,0.0178324093646934,0.0178324093646934,56.07767181365362
0.5336891260840559,2595.380151445613,-1320.2215050160273,-194.5075258927289,-95.81498090426948,-4834.373625673452,433651.17229596485,-42708.90736628549,0.018580232993393772,0.018580232993393772,53.82063832867711
0.5343562374916611,2598.6140056319364,-1320.1872252268822,-197.74119838611097,201.139351614629,-4858.832151736307,456617.91659563384,-30617.753770149822,0.019238294239363015,0.019238294239363015,51.97966033568214
0.5350233488992662,2601.869648224337,-1319.950739811962,-200.98824063067508,506.18244473239156,-4873.382827386543,444937.0719051602,-9703.98387621231,0.018393411875218587,0.018393411875218587,54.367292310096005
0.5356904603068712,2605.1498302324794,-1319.5164557781027,-204.2395467350701,792.1991126315506,-4871.121077521435,412540.8984566042,16484.709971806817,0.016827368672102886,0.016827368672102886,59.426997737194746
0.5363575717144763,2608.4521197411586,-1318.8985755204517,-207.48351652320596,1056.6039236604697,-4851.388551240033,380144.7250080429,42673.40381983031,0.015435363446340665,0.015435363446340665,64.78629437372106
0.5370246831220813,2611.7717504817447,-1318.111516555267,-210.7084950408347,1299.396877819061,-4814.185248542345,347748.5515594869,68862.09766784943,0.0142240604822775,0.0142240604822775,70.30341309684054
0.5376917945296864,2615.1020333532774,-1317.1696963988052,-213.90282733371018,1520.5779751074053,-4759.511169428358,315352.37811092555,95050.79151587293,0.013191252163324797,0.013191252163324797,75.8078147259035
0.5383589059372915,2618.434656749492,-1316.0875325673246,-217.0548584475849,1720.1472155254605,-4687.366313898076,282956.20466236415,121239.48536389641,0.012330476307832981,0.012330476307832981,81.09986792357293
0.5390260173448965,2621.759946212096,-1314.8794425770836,-220.15293342821136,1898.1045990731986,-4597.750681951517,250560.0312138082,147428.17921191556,0.011634329174066028,0.011634329174066028,85.95252764801347
0.5396931287525016,2625.067088936328,-1313.5598417866952,-223.18539888596135,2054.549075745726,-4490.7360272896685,221189.1028181312,171423.11318223435,0.011171777450028831,0.011171777450028831,89.51127110014345
0.5403602401601066,2628.3476029256567,-1312.1401245102275,-226.14279214507985,2201.591553919958,-4375.104588843796,219644.24674826287,175239.9392785257,0.011462744963793531,0.011462744963793531,87.2391388937485
0.5410273515677118,2631.602396210928,-1310.6226572787093,-229.02219703691364,2347.6034409868985,-4256.926902168224,218099.3906783943,179056.76537481768,0.011740169505285997,0.011740169505285997,85.17764582102083
0.5416944629753169,2634.8342882773954,-1309.0081276112246,-231.82191493022134,2492.584736946521,-4136.20296726297,216554.5346085257,182873.59147110968,0.012000637516146745,0.012000637516146745,83.32890637305805
0.5423615743829219,2638.046223020165,-1307.2972230268588,-234.5402471937621,2636.535441798803,-4012.932784128055,215009.67853865738,186690.41756740105,0.012240646802341566,0.012240646802341566,81.69502936795021
0.543028685790527,2641.2412670926124,-1305.4906310446947,-237.17549519629614,2779.455555543791,-3887.116352763439,213464.82246878877,190507.24366369305,0.012456687270736877,0.012456687270736877,80.27816531520301
0.543695797198132,2644.4226070436607,-1303.5890391838182,-239.72596030658195,2921.345078181438,-3758.753673169164,211919.96639892046,194324.0697599844,0.012645333334487899,0.012645333334487899,79.08055671989901
0.5443629086057371,2647.59354519718,-1301.5931349633115,-242.18994389337968,3062.2040097117915,-3627.8447453451845,210375.11032905185,198140.8958562764,0.012803344802868198,0.012803344802868198,78.10459027675178
0.5450300200133422,2650.757494255684,-1299.5036059022602,-244.56574732544848,3202.032350134828,-3494.389569291525,208830.25425918325,201957.7219525684,0.012927771922408649,0.012927771922408649,77.35284981835325
0.5456971314209472,2653.9179706435775,-1297.321139519749,-246.8516719715472,3340.8300994505244,-3358.3881450082076,207285.39818931493,205774.54804885975,0.01301605928146573,0.01301605928146573,76.82816883171039
0.5463642428285523,2657.0785866409306,-1295.0464233348612,-249.0460192004361,3478.5972576589265,-3219.840472495186,205740.54211944633,209591.37414515176,0.013066142675932877,0.013066142675932877,76.53368134743741
0.5470313542361573,2660.243041395582,-1292.680144866681,-251.14709038087372,3615.3338247599877,-3078.7465517525065,204195.68604957798,213408.20024144312,0.01307653288653881,0.01307653288653881,76.47287003953593
0.5476984656437625,2663.4151109373393,-1290.222991634293,-253.15318688162017,3751.0398007537556,-2935.1063827801227,202650.8299797094,217225.02633773512,0.013046380720200196,0.013046380720200196,76.64961045109337
0.5483655770513676,2666.598637350952,-1287.675651156782,-255.06261007143456,3885.715185640205,-2788.9199655780576,201105.9739098408,221041.85243402707,0.012975518635569632,0.012975518635569632,77.06821038033209
0.5490326884589726,2669.7975172925317,-1285.0388109532319,-256.87366131907595,4019.359979419316,-2640.1873001463364,199561.11783997246,224858.67853031846,0.012864475745105996,0.012864475745105996,77.73344361743057
0.5496997998665777,2673.015690055215,-1282.3131585427263,-258.5846419933043,4151.974182091131,-2488.908386484909,198016.26177010388,228675.50462661046,0.012714464825998145,0.012714464825998145,78.6505774081211
0.5503669112741827,2676.2571254028894,-1279.4993814443505,-260.19385346287834,4283.557793655607,-2335.083224593826,196471.40570023554,232492.33072290182,0.012527341984641532,0.012527341984641532,79.82539322595294
0.5510340226817878,2679.5258113948985,-1276.5981671771879,-261.69959709655814,4414.110814112788,-2178.7118144730366,194926.54963036694,236309.15681919383,0.012305541579104275,0.012305541579104275,81.26420065071126
0.5517011340893929,2682.8257420645427,-1273.6102041570234,-263.10017533949525,4543.570330843056,-2019.8696759743964,190439.0544158849,236593.66024923217,0.011873281313650943,0.011873281313650943,84.22271599429557
0.5523682454969979,2686.159042120077,-1270.5402801304726,-264.39881144381036,4654.785652885787,-1879.144374016635,142984.48106825782,185300.79502017878,0.008943221388410989,0.008943221388410989,111.81653193734454
0.553035356904603,2689.520329486138,-1267.406722629318,-265.61498172144377,4734.3434877053,-1772.6371275819063,95529.90772062287,134007.92979111685,0.006221443764566084,0.006221443764566084,160.73439507650122
0.553702468312208,2692.900417995684,-1264.2306507244225,-266.77151342758054,4782.243835301565,-1700.3479366702459,48075.3343729958,82715.06456206348,0.003650513950862435,0.003650513950862435,273.93403051199124
0.5543695797198132,2696.2882743220403,-1261.033183486648,-267.89123381740643,4798.486695674601,-1662.276801281629,620.7610253608436,31422.19933300151,0.0011592050817622178,0.0011592050817622178,862.6601243671266
0.5550366911274183,2699.6717956119182,-1257.835439986858,-268.996970146107,4783.072068824394,-1658.4237214160714,-46833.812322274156,-19870.66589606044,0.001331219082550469,0.001331219082550469,751.1911548654413
0.5557038025350233,2703.0385426342923,-1254.658539295916,-270.1115496688673,4735.999954750959,-1688.7886970735647,-94288.38566990124,-71163.53112511383,0.003903938553855546,0.003903938553855546,256.1515726246244
0.5563709139426284,2706.3764656933963,-1251.5236004846831,-271.2577996408733,4657.270353454277,-1753.3717282541193,-141742.9590175362,-122456.39635417575,0.006644397123028964,0.006644397123028964,150.5027441141466
0.5570380253502334,2709.6746630341518,-1248.4517426240234,-272.4585473173102,4546.883264934375,-1852.1728149577134,-189197.53236516324,-173749.26158322912,0.009636551536372742,0.009636551536372742,103.77156145801159
0.5577051367578385,2712.9242120839913,-1245.464084784798,-273.73661995336374,4404.838689191215,-1985.19195718438,-236652.1057127982,-225042.12681229107,0.01295450287188792,0.01295450287188792,77.19323619666352
0.5583722481654436,2716.119111204707,-1242.581746037871,-275.1148448042193,4231.136626224816,-2152.429154934106,-284106.6790604332,-276334.992041353,0.01664555723648604,0.01664555723648604,60.076090322050696
0.5590393595730486,2719.257359512365,-1239.8258454541053,-276.616049125062,4025.7770760352123,-2353.884408206854,-331561.25240806025,-327627.8572704064,0.020700432218906988,0.020700432218906988,48.30817006258633
0.5597064709806537,2722.342177240505,-1237.2175021043627,-278.26306017107805,3788.7600386223353,-2589.5577170026913,-379015.8257556952,-378920.7224994683,0.02500894537972558,0.02500894537972558,39.98569251187564
0.5603735823882587,2725.3833188274016,-1234.7778350595067,-280.0787051974523,3520.085513986266,-2859.4490813215407,-426470.39910332224,-430213.58772852167,0.029309297149418562,0.029309297149418562,34.11886661430358
0.5610406937958639,2728.3983473685666,-1232.5279600622525,-282.0858074870156,3219.9311316970047,-3163.3464889590855,-467604.6856077816,-473962.78809696453,0.032677873467095414,0.032677873467095414,30.601746500026625
0.561707805203469,2731.4122120871357,-1230.4819141498688,-284.29874143683253,2917.178414603756,-3466.7780030484196,-440047.9602377155,-435724.8911428015,0.03006773676447157,0.03006773676447157,33.25823981476427
0.562374916611074,2734.448029375335,-1228.6317061388652,-286.7055893596037,2632.8091033611663,-3744.70057987676,-412491.234867654,-397486.99418864487,0.02701344180104101,0.02701344180104101,37.01860752751111
0.5630420280186791,2737.522668320227,-1226.965072249487,-289.28933395228717,2366.8231979691404,-3997.1142194441977,-384934.5094975879,-359249.0972344819,0.023831916119227227,0.023831916119227227,41.96053707965241
0.5637091394262841,2740.647322692018,-1225.4697487019814,-292.03295791183933,2119.220698427766,-4224.018921750649,-357377.78412752645,-321011.2002803253,0.02074836875753334,0.02074836875753334,48.196560013274244
0.5643762508338892,2743.8281146916365,-1224.1334717165944,-294.91944393521857,1890.0016047369609,-4425.414686796187,-329821.0587574603,-282773.3033261623,0.017894789912142578,0.017894789912142578,55.8821872125722
0.5650433622414943,2747.0667923866595,-1222.943977513573,-297.93177471938174,1679.165916896769,-4601.301514580777,-302264.3333873943,-244535.4063719993,0.015329501906752913,0.015329501906752913,65.23369161521697
0.5657104736490993,2750.3614246035363,-1221.889002313163,-301.0529329612855,1486.713634907219,-4751.679405104391,-274707.60801733285,-206297.5094178427,0.013061406330169011,0.013061406330169011,76.56143409995731
0.5663775850567044,2753.707038519411,-1220.9562823356111,-304.2659013578884,1312.6447587682485,-4876.548358367082,-247150.88264726676,-168059.6124636797,0.011070474543820721,0.011070474543820721,90.33036443394168
0.5670446964643094,2757.0961765022826,-1220.1335538011642,-307.5536626061469,1156.9592884799144,-4975.908374368808,-219594.15727720526,-129821.71550952307,0.00932207281495887,0.00932207281495887,107.27227944361557
0.5677118078719146,2760.51936839324,-1219.4085529300676,-310.8991994030189,1019.6572240421651,-5049.7594531096,-192037.4319071392,-91583.81855536006,0.007775697500910964,0.007775697500910964,128.60582602176137
0.5683789192795197,2763.9655259161705,-1218.7690159425683,-314.28549444546155,900.7385654550285,-5098.101594589442,-164480.70653707316,-53345.9216011971,0.00638958713851604,0.00638958713851604,156.50463454392244
0.5690460306871247,2767.4222704662607,-1218.2026790589132,-317.69553043043163,800.2033127185191,-5120.934798808332,-136923.98116701166,-15108.024647040467,0.005122590591401427,0.005122590591401427,195.21372675742612
0.5697131420947298,2770.876206779646,-1217.6972784993484,-321.1122900548876,718.0514658326041,-5118.259065766277,-109367.2557969456,23129.87230712251,0.003934278865364421,0.003934278865364421,254.17618684926973
0.5703802535023349,2774.3131546731493,-1217.2405504841197,-324.51875601578604,654.2830247973012,-5090.074395463269,-81810.53042687953,61367.7692612855,0.002783885040483438,0.002783885040483438,359.21023514187357
0.5710473649099399,2777.718350225236,-1216.8202312334743,-327.8979110100839,608.8979896126168,-5036.380787899323,-54253.80505681804,99605.66621544212,0.0016283227374037923,0.0016283227374037923,614.1288683313519
0.571714476317545,2781.0766459336414,-1216.4240425056464,-331.2327550179853,582.2519895389687,-4957.603248104653,-20866.993235777652,130876.14978706875,0.00021907106989698945,0.00021907106989698945,4564.728699550403
0.57238158772515,2784.377691469889,-1216.0358502494191,-334.5108960162625,588.1569017919991,-4870.248059298134,38569.92017036439,131014.70625490331,0.002243883357264146,0.002243883357264146,445.65596369467687
0.5730486991327551,2787.6229416790125,-1215.6304929273235,-337.730730540153,633.7128570111083,-4782.800437891309,98006.83357651632,131153.26272273788,0.004914114679729045,0.004914114679729045,203.49545445592614
0.5737158105403602,2790.816129335963,-1215.1815188762737,-340.8921969268139,718.919855196299,-4695.260383884195,157443.74698266826,131291.81919057248,0.007778513630877574,0.007778513630877574,128.55926561989963
0.5743829219479653,2793.962276362953,-1214.662476433184,-343.99523351340275,843.7778963475469,-4607.627897276806,216880.6603888103,131430.37565840705,0.01080145918960907,0.01080145918960907,92.58008408363872
0.5750500333555704,2797.068427067492,-1214.0469139349682,-347.0397786370785,1008.2869804648934,-4519.902978069112,276317.5737949622,131568.93212624162,0.01391086156219898,0.01391086156219898,71.88627358044985
0.5757171447631754,2800.1443953703965,-1213.3083797185402,-350.0257706349981,1212.447107548284,-4432.085626261143,335754.48720110423,131707.48859407622,0.01698485675352456,0.01698485675352456,58.87597490585184
0.5763842561707805,2803.203481184986,-1212.420422120813,-352.95314784432026,1456.2582775977867,-4344.175841852869,395191.40060725616,131846.0450619108,0.01984534557637406,0.01984534557637406,50.389649106967575
0.5770513675783856,2806.2630863766235,-1211.3565894787014,-355.8218486022025,1739.7204906133707,-4256.173624844306,454628.31401340815,131984.60152974539,0.022267336411564108,0.022267336411564108,44.90882885663278
0.5777184789859906,2809.3450297928757,-1210.0906907088058,-358.6318086598113,2059.1350033362437,-4168.042268931158,479064.54133823945,132470.5045811227,0.02258791443538364,0.02258791443538364,44.27146219544353
0.5783855903935957,2812.467193364491,-1208.6142030911144,-361.3827884275895,2361.7000998334215,-4079.257770224103,428025.617960241,133705.4225426106,0.019687460911291553,0.019687460911291553,50.79375164252185
0.5790527018012007,2815.6330815768433,-1206.9472279667593,-364.07426425097975,2630.2165483132117,-3989.649443657497,376986.69458225096,134940.34050409833,0.01703571725215975,0.01703571725215975,58.700199422083166
0.5797198132088058,2818.8409913234527,-1205.1124795772466,-366.70568654502,2864.6843487757033,-3899.2172892313124,325947.7712042525,136175.25846558626,0.014664571392063938,0.014664571392063938,68.19156000298601
0.580386924616411,2822.085794653097,-1203.1326721640826,-369.27650572474676,3065.1035012208495,-3807.961306945563,274908.847826254,137410.1764270742,0.012567802183068667,0.012567802183068667,79.56840706382212
0.581054036024016,2825.3595493316484,-1201.0305199687728,-371.78617220519646,3231.4740056486235,-3715.8814968002625,223869.924448264,138645.09438856193,0.010717754042118518,0.010717754042118518,93.30313012131184
0.5817211474316211,2828.652021946911,-1198.828737232823,-374.2341364014071,3363.7958620590825,-3622.977858795383,172831.00107026554,139880.01235004986,0.009076183608526382,0.009076183608526382,110.1784674189024
0.5823882588392261,2831.951126764847,-1196.5500381977395,-376.6198487284147,3462.069070452182,-3529.2503929309532,121792.07769227553,141114.93031153758,0.007600320160983341,0.007600320160983341,131.57340464860346
0.5830553702468312,2835.2442811691667,-1194.216081844276,-378.9431037016837,3533.058787494016,-3436.9050879086,99666.92098722176,132921.6198148693,0.0067822541457972065,0.0067822541457972065,147.4436048108983
0.5837224816544363,2838.5280324699975,-1191.837688613873,-381.2072300778563,3596.27231215873,-3352.302902278304,89847.22595757805,120715.73270474258,0.0061877469815210225,0.0061877469815210225,161.60971076974903
0.5843895930620413,2841.804377701465,-1189.419309986954,-383.417633410423,3652.9350062499566,-3275.843403179125,80027.530927936,108509.84559461787,0.005574789942375028,0.005574789942375028,179.37895603900907
0.5850567044696464,2845.0749764084844,-1186.965316097323,-385.57974577845795,3703.0468697677143,-3207.5265906110385,70207.83589829228,96303.95848449114,0.004948165776538096,0.004948165776538096,202.09508839447852
0.5857238158772514,2848.3411130104455,-1184.4800770787858,-387.69899926103386,3746.607902711987,-3147.352464574068,60388.14086865021,84098.07137436647,0.004311726479858602,0.004311726479858602,231.92565777799382
0.5863909272848565,2851.6037375869523,-1181.9679630651463,-389.7808259372249,3783.6181050827886,-3095.3210250681914,50568.44583900652,71892.18426423974,0.0036684318431925308,0.0036684318431925308,272.5960417816373
0.5870580386924616,2854.8635081095244,-1179.4333441902102,-391.8306578861043,3814.077476880113,-3051.432272093421,40748.750809362806,59686.29715411301,0.0030204239815652062,0.0030204239815652062,331.0793471722445
0.5877251501000667,2858.120833640942,-1176.880590587782,-393.8539271867449,3837.986018103954,-3015.686205649762,30929.05577972075,47480.410043988326,0.0023691264401094173,0.0023691264401094173,422.0965091056159
0.5883922615076718,2861.3759181484575,-1174.3140723916667,-395.8560659182211,3855.343728754321,-2988.082825737202,21109.360750077038,35274.52293386158,0.0017153588762244063,0.0017153588762244063,582.968388633084
0.5890593729152768,2864.6288046887353,-1171.7381597356693,-397.84250615960553,3866.1506088312085,-2968.6221323557497,11289.665720434976,23068.635823736884,0.0010594608591020238,0.0010594608591020238,943.8763040737327
0.5897264843228819,2867.8794198171795,-1169.1572227535942,-399.81867998997234,3870.4066583346203,-2957.3041255054,1469.9706907912696,10862.748713610163,0.00040142067949452704,0.00040142067949452704,2491.1521779575733
0.590393595730487,2871.127618150027,-1166.5756315792455,-401.7900194883946,3868.111877264552,-2954.128805186155,-8349.724338852444,-1343.138396516566,0.00025899297136334023,0.00025899297136334023,3861.1086421998066
0.591060707138092,2874.373227063059,-1163.9977563464304,-403.76195673394557,3859.266265621009,-2959.0961713980155,-18169.419368494506,-13549.025506641257,0.0009220971175518034,0.0009220971175518034,1084.4844658608533
0.5917278185456971,2877.616091545401,-1161.427967188952,-405.7399238056993,3843.8698234039853,-2972.2062241409817,-27989.114398138197,-25754.91261676798,0.0015881581338232503,0.0015881581338232503,629.6602200390785
0.5923949299533021,2880.856119240235,-1158.8706342406156,-407.72935278272837,3821.922550613488,-2993.458963415049,-37808.809427780274,-37960.79972689268,0.0022572522517627404,0.0022572522517627404,443.01650345860855
0.5930620413609072,2884.0933256960216,-1156.3301276352256,-409.73567574410737,3793.424447249509,-3022.854389220225,-47628.50445742399,-50166.686837019406,0.0029291225057661253,0.0029291225057661253,341.3991726298404
0.5937291527685123,2887.3278798214133,-1153.810817506587,-411.7643247689089,3758.3755133120503,-3060.3925015565064,-57448.19948706767,-62372.57394714612,0.0036030325299914847,0.0036030325299914847,277.5439832074909
0.5943962641761174,2890.5601494840007,-1151.3170739885059,-413.82073193620647,3716.775748801122,-3106.0733004238864,-67267.89451670974,-74578.46105727082,0.004277619118860974,0.004277619118860974,233.7749042664359
0.5950633755837225,2893.790747116915,-1148.8532672147853,-415.910329325074,3668.625153716708,-3159.8967858223787,-77087.58954635345,-86784.34816739755,0.004950747640956154,0.004950747640956154,201.98969378428401
0.5957304869913275,2897.020557278126,-1146.4236703115046,-418.0384112231758,3614.779965503876,-3220.6467436705807,-81868.90543297576,-91833.63672357009,0.0052488217354433745,0.0052488217354433745,190.51894889997226
0.5963975983989326,2900.2503337298563,-1144.0304215859508,-420.20723958563,3560.1874281775586,-3281.296025284698,-81799.52147131253,-89992.90955554058,0.005187765764466031,0.005187765764466031,192.76120885209792
0.5970647098065377,2903.4804826950517,-1141.673576725581,-422.4161181792838,3505.6411776835716,-3340.7173368067333,-81730.13750964928,-88152.18238751106,0.005125795743690782,0.005125795743690782,195.09165991073206
0.5977318212141427,2906.7113628590196,-1139.3531048519208,-424.66422781127994,3451.141214021924,-3398.9106782366785,-81660.75354798607,-86311.45521948184,0.00506312337621742,0.00506312337621742,197.50654402324366
0.5983989326217478,2909.943301789799,-1137.0689750864963,-426.95074928876295,3396.6875371925985,-3455.876049574553,-81591.36958632283,-84470.72805145234,0.004999950709848287,0.004999950709848287,200.00197162550486
0.5990660440293528,2913.176596496295,-1134.8211565508338,-429.274863418875,3342.280147195612,-3511.613450820336,-81521.9856246596,-82630.00088342313,0.004936469735966006,0.004936469735966006,202.57391485948457
0.5997331554369579,2916.4115140150307,-1132.6096183664592,-431.63575100876056,3287.919044030946,-3566.1228819740472,-81452.60166299637,-80789.2737153936,0.004872862120798656,0.004872862120798656,205.21820137937766
0.600400266844563,2919.648292021808,-1130.4343296548989,-434.03259286556244,3233.6042276986113,-3619.404343035678,-81383.21770133312,-78948.54654736408,0.004809299057915833,0.004809299057915833,207.93050878257546
0.601067378252168,2922.887139464746,-1128.2952595376794,-436.4645697964238,3179.3356981986153,-3671.4578340052185,-81313.8337396699,-77107.81937933486,0.004745941230326955,0.004745941230326955,210.70635970161572
0.6017344896597732,2926.128237215318,-1126.1923771363258,-438.9308626084886,3125.1134555309413,-3722.2833548826875,-81244.44977800667,-75267.09221130535,0.00468293887037628,0.00468293887037628,213.54111759303166
0.6024016010673782,2929.3717387342163,-1124.125651572365,-441.43065210889966,3070.9374996956067,-3771.8809056680666,-81175.06581634344,-73426.36504327614,0.004620431905704426,0.004620431905704426,216.4299832587926
0.6030687124749833,2932.61777074905,-1122.095051967323,-443.9631191048008,3016.807830692593,-3820.250486361372,-81105.68185468021,-71585.63787524661,0.004558550179832353,0.004558550179832353,219.36799213577515
0.6037358238825884,2935.8664339410943,-1120.1005474427257,-446.5274444033354,2962.7244485219107,-3867.3920969625983,-81036.29789301696,-69744.91070721709,0.004497413736382121,0.004497413736382121,222.35001238832777
0.6044029352901934,2939.117803638501,-1118.1421071200996,-449.1228088116461,2908.6873531835663,-3913.3057374717346,-80966.91393135375,-67904.18353918788,0.004437133156539073,0.004437133156539073,225.3707438385716
0.6050700466977985,2942.3719305135937,-1116.2197001209702,-451.74839313687727,2854.696544677544,-3957.991407888797,-80897.5299696905,-66063.45637115836,0.004377809940049969,0.004377809940049969,228.42471776848902
0.6057371581054035,2945.628841282056,-1114.3332955668648,-454.4033781861714,2800.752023003861,-4001.4491082137724,-80828.14600802728,-64222.72920312915,0.004319536920808637,0.004319536920808637,231.5062976271066
0.6064042695130086,2948.888539402039,-1112.4828625793082,-457.08694476667273,2746.8537881624998,-4043.678838446673,-80758.76204636405,-62382.002035099635,0.004262398708877516,0.004262398708877516,234.60968067516743
0.6070713809206137,2952.1510057713795,-1110.6683702798268,-459.7982736855241,2693.001840153468,-4084.680598587493,-80689.3780847008,-60541.27486707011,0.004206472151608179,0.004206472151608179,237.72890059849541
0.6077384923282187,2955.4161994213296,-1108.8897877899478,-462.5365457498687,2639.1961789767765,-4124.454388636225,-80619.99412303758,-58700.54769904091,0.004151826807334972,0.004151826807334972,240.85783111986137
0.6084056037358239,2958.684058205364,-1107.147084231196,-465.30094176685054,2585.4368046324057,-4163.000208592883,-80550.61016137434,-56859.820531011384,0.0040985254259096725,0.0040985254259096725,243.9901906374166
0.6090727151434289,2961.9543575651082,-1105.4390013077768,-468.0897247682807,2541.971272638937,-4192.655665646739,-23444.17655647971,-12370.846340649376,0.0011007070190795904,0.0011007070190795904,908.5069711249762
0.609739826551034,2965.2238312608047,-1103.7405805944356,-470.88343651564173,2561.6753414274763,-4173.884030230456,82516.97478451676,68648.20931865988,0.004429562631380158,0.004429562631380158,225.7559229247022
0.6104069379586391,2968.486618623176,-1102.005436722189,-473.64659722661304,2652.067303038566,-4101.063658550456,188478.12612551326,149667.26497796914,0.01004274013615802,0.01004274013615802,99.57441758346272
0.6110740493662441,2971.7393476624334,-1100.186412991355,-476.3431503726661,2813.1471574721745,-3974.194550606762,294439.277466492,230686.32063726487,0.0157585734126448,0.0157585734126448,63.45752079294134
0.6117411607738492,2974.9844972041915,-1098.2363527022524,-478.93703942527355,3044.914904728354,-3793.2767063993306,400400.4288074886,311705.37629657413,0.021443763571568252,0.021443763571568252,46.63360499487482
0.6124082721814542,2978.2336994421757,-1096.1080991551992,-481.3922078559064,3347.3705448070277,-3558.310125928226,506361.5801484674,392724.43195586983,0.026728167426712204,0.026728167426712204,37.413713556755006
0.6130753835890593,2981.5108374996526,-1093.7544956505144,-483.67259913603743,3720.514077708298,-3269.294809193367,612322.7314894638,473743.48761517915,0.03098415047911832,0.03098415047911832,32.274565690414754
0.6137424949966644,2984.8421577044055,-1091.1397503648495,-485.7367700101871,4103.45030312534,-2897.36763379684,500758.39397321426,657865.3293385918,0.03274427483299732,0.03274427483299732,30.53968991832038
0.6144096064042694,2988.187189823251,-1088.3022285676288,-487.50812822534476,4386.404097317095,-2390.497358904897,347537.08101375104,861731.7547876072,0.03698529566329479,0.03698529566329479,27.03777222990885
0.6150767178118746,2991.485573701432,-1085.310039691481,-488.89598338252074,4567.1422057453965,-1747.625465968142,194315.76805426233,1065598.1802366565,0.0445226530018099,0.0445226530018099,22.460476467099763
0.6157438292194796,2994.696943697816,-1082.2313729864172,-489.8096072508648,4645.664628410186,-968.7519549867897,41094.45509479912,1269464.6056856718,0.055554340065416936,0.055554340065416936,18.000393827421394
0.6164109406270847,2997.8134655382783,-1079.134418517564,-490.1582924956461,4621.933166801753,-54.85607001567888,-113320.24256349674,1442737.8252784556,0.06745952635111485,0.06745952635111485,14.823703249785325
0.6170780520346898,3000.8717784511123,-1076.0885773571706,-489.8823767504248,4491.079977947548,869.2718155781722,-278977.6176213818,1327797.5757317264,0.06483100803357317,0.06483100803357317,15.424717744356888
0.6177451634422948,3003.9193431984954,-1073.1668917345908,-489.01554111877186,4249.71486443836,1716.7217495062873,-444634.9926792393,1212857.3261850164,0.061460197051282806,0.061460197051282806,16.270693033502532
0.6184122748498999,3006.9849022421404,-1070.4430854154373,-487.60893833695525,3897.8378262741053,2487.4937317689482,-610292.3677371243,1097917.0766382874,0.05864263561384327,0.05864263561384327,17.052439569478327
0.6190793862575049,3010.084119723826,-1067.9908821653248,-485.71372114124307,3435.4488634549034,3181.587762365898,-775949.7427949819,982976.8270915773,0.05694219146172184,0.05694219146172184,17.561670429776637
0.61974649766511,3013.2321892568234,-1065.8721025718971,-483.38539238029466,2927.5605095957644,3775.2444865379466,-704884.3682293905,781524.3394397631,0.045390213966840856,0.045390213966840856,22.0311805696826
0.6204136090727151,3016.4602247430435,-1064.0669055091896,-480.70929883464123,2497.968373348803,4223.221800646414,-583032.8562389145,561511.6482573311,0.0327173723644161,0.0327173723644161,30.564801746964704
0.6210807204803201,3019.769404301811,-1062.5211800071263,-477.7833114757423,2149.664770784671,4524.426138649141,-461181.34424845886,341498.95707493566,0.022442206069979743,0.022442206069979743,44.558899284757466
0.6217478318879253,3023.1266018774163,-1061.1806975575796,-474.7053442302853,1882.6497019032513,4678.857500546229,-339329.832257983,121486.26589250361,0.014159058514787005,0.014159058514787005,70.62616479447772
0.6224149432955303,3026.4790711492024,-1059.992496751505,-471.57050307598195,1686.7068102718877,4709.155795086735,-272393.2253555816,23167.49253137729,0.010561160120155053,0.010561160120155053,94.6865674436265
0.6230820547031354,3029.8014009303315,-1058.9261528795766,-468.4239516428446,1512.793085511213,4724.002555366944,-249000.12147688647,21343.094788688613,0.009902428706680254,0.009902428706680254,100.9853268951477
0.6237491661107405,3033.098928425619,-1057.9706234316195,-465.2679017293826,1354.485167207307,4737.632239100996,-225607.01759819136,19518.697045999932,0.009154995395571835,0.009154995395571835,109.22998393682299
0.6244162775183455,3036.377159214826,-1057.115497596121,-462.1031652612438,1211.783055360193,4750.044846288893,-202213.91371950015,17694.299303311556,0.008335462715192312,0.008335462715192312,119.96934473444267
0.6250833889259506,3039.640729305147,-1056.350364561569,-458.9305541640754,1084.6867499698226,4761.240376930633,-178820.80984080504,15869.901560622877,0.007459489435211617,0.007459489435211617,134.05743230624083
0.6257505003335556,3042.893467492177,-1055.6648135164507,-455.7508803635259,973.1962510362382,4771.218831026213,-155427.7059621138,14045.5038179345,0.00654105128954227,0.00654105128954227,152.8806235778619
0.6264176117411607,3046.1384697355033,-1055.0484336492552,-452.56495578524255,877.3115585594031,4779.980208575641,-132034.60208341872,12221.10607524582,0.0055920144198684215,0.0055920144198684215,178.82643443246516
0.6270847231487658,3049.3781826938302,-1054.4908141484698,-449.3735923548736,797.0326725393372,4787.524509578911,-108641.49820472361,10396.70833255714,0.004621985962761287,0.004621985962761287,216.3572126910086
0.6277518345563708,3052.6144939023798,-1053.9815442025813,-446.17760199806736,732.3595929760494,4793.851734036023,-85248.39432603239,8572.310589868763,0.0036383860464143268,0.0036383860464143268,274.8471402548149
0.628418945963976,3055.848826511892,-1053.5102130000787,-442.97779664047084,683.2923198695186,4798.961881946982,-61855.29044733728,6747.912847180083,0.0026466812000639777,0.0026466812000639777,377.8316783962599
0.629086057371581,3059.0822369714288,-1053.0664097294493,-439.77498820773263,649.8308532197609,4802.854953311781,-38462.18656864605,4923.5151044917075,0.0016507254095899195,0.0016507254095899195,605.7942733482394
0.6297531687791861,3062.315514471574,-1052.6397235791815,-436.56998862549983,631.9751930267654,4805.530948130425,-15069.082689950941,3099.117361803027,0.0006531664247701972,0.0006531664247701972,1531.0033738366587
0.6304202801867912,3065.5492813331875,-1052.2197437377622,-433.36360981942084,629.7253392905388,4806.989866402913,8324.021188744173,1274.7196191143466,0.0003441127606002587,0.0003441127606002587,2906.024171424604
0.6310873915943962,3068.7840349577973,-1051.7970860343023,-430.15658760596006,637.5419652678494,4807.642361698792,11791.852882077681,927.4660360777578,0.0004918218878313667,0.0004918218878313667,2033.2563977772268
0.6317545030020013,3072.0198871040807,-1051.369188703399,-426.94915202799257,645.2371267495912,4808.243709135381,11278.24124018245,875.3735788168673,0.0004699963398397337,0.0004699963398397337,2127.6761439057054
0.6324216144096063,3075.256792874357,-1050.9362721307418,-423.74132687584245,652.5896520459446,4808.810305099481,10764.6295982873,823.2811215559852,0.0004482338568368243,0.0004482338568368243,2230.9782823122205
0.6330887258172114,3078.4947058756843,-1050.4985648928389,-420.5331353326126,659.5995411569121,4809.342149591093,10251.017956392066,771.1886642950944,0.0004265319588343687,0.0004265319588343687,2344.4902059222272
0.6337558372248165,3081.7335787362613,-1050.0562955661974,-417.324600581407,666.2667940824924,4809.8392426102155,9737.406314496831,719.0962070342038,0.00040488808430583646,0.00040488808430583646,2469.8182998258835
0.6344229486324215,3084.973363153416,-1049.6096927273263,-414.11574580533033,672.5914108226849,4810.3015841568495,9223.794672601683,667.0037497733217,0.00038329959492583335,0.00038329959492583335,2608.925272132091
0.6350900600400267,3088.2140099413887,-1049.1589849527327,-410.9065941874849,678.5733913774912,4810.729174230995,8710.183030706452,614.911292512431,0.0003617637801738837,0.0003617637801738837,2764.234715590778
0.6357571714476317,3091.4554690789078,-1048.7044008189255,-407.6971689109756,684.2127357469096,4811.122012832651,8196.571388811302,562.8188352515491,0.00034027786180837824,0.00034027786180837824,2938.774784482257
0.6364242828552368,3094.6976897565823,-1048.2461689024115,-404.48749315890524,689.5094439309418,4811.480099961818,7682.959746916067,510.72637799065825,0.0003188389982165701,0.0003188389982165701,3136.379193240201
0.6370913942628419,3097.9406204241063,-1047.784517779699,-401.27759011437774,694.4635159295868,4811.803435618495,7169.348105020834,458.63392072976757,0.0002974442886468902,0.0002974442886468902,3361.9741180747496
0.6377585056704469,3101.1842088372946,-1047.3196760272963,-398.0674829604978,699.074951742844,4812.092019802685,6655.736463125685,406.5414634688855,0.00027609077732983434,0.00027609077732983434,3621.9971187423657
0.638425617078052,3104.4284021049566,-1046.8518722217113,-394.85719488036784,703.343751370715,4812.345852514385,6142.124821230452,354.44900620799484,0.00025477545749395835,0.00025477545749395835,3925.0248428018763
0.639092728485657,3107.6731467356144,-1046.3813349394513,-391.6467490570925,707.269914813198,4812.564933753596,5628.513179335303,302.35654894711286,0.00023349527528365464,0.00023349527528365464,4282.7419046710065
0.6397598398932621,3110.918388684083,-1045.908292757025,-388.43616867377483,710.8534420702949,4812.749263520318,5114.90153744007,250.26409168622212,0.0002122471335853902,0.0002122471335853902,4711.488834301194
0.6404269513008672,3114.164073397915,-1045.4329742509397,-385.2254769135187,714.0943331420045,4812.898841814551,4601.289895544835,198.17163442533138,0.00019102789576938935,0.00019102789576938935,5234.8375402051715
0.6410940627084722,3117.4101458637288,-1044.955607997704,-382.01469695942876,716.9925880283267,4813.013668636297,4087.6782536496876,146.07917716444933,0.0001698343893536502,0.0001698343893536502,5888.089001325145
0.6417611741160774,3120.656550653427,-1044.4764225738254,-378.8038519946073,719.5482067292621,4813.093743985552,3574.0666117544533,93.98671990355862,0.00014866340959739576,0.00014866340959739576,6726.604769177295
0.6424282855236824,3123.903231970313,-1043.9956465558116,-375.5929652021594,721.7611892448101,4813.139067862318,3060.454969859305,41.89426264267661,0.0001275117230311361,0.0001275117230311361,7842.416181262156
0.6430953969312875,3127.150133695125,-1043.5135085201707,-372.3820597651875,723.6315355749714,4813.149640266595,2546.8433279640712,-10.198194618214075,0.00010637607093046665,0.00010637607093046665,9400.61041222002
0.6437625083388926,3130.3971994319927,-1043.0302370434113,-369.1711588667961,725.1592457197457,4813.125461198384,2033.231686068837,-62.2906518791048,8.525317274097703e-05,8.525317274097703e-05,11729.768732927741
0.6444296197464976,3133.6443725543313,-1042.5460607020402,-365.96028569008917,726.3443196791328,4813.066530657683,1519.6200441736887,-114.38310913998684,6.413972946150646e-05,6.413972946150646e-05,15590.960679061662
0.6450967311541027,3136.8915962506853,-1042.0612080725664,-362.74946341816957,727.1867574531328,4812.972848644495,1006.0084022784548,-166.47556640087754,4.303242699314835e-05,4.303242699314835e-05,23238.289584717604
0.6457638425617077,3140.1388174616927,-1041.5758780194808,-359.5387157898454,727.8584394963615,4812.841200481853,1155.2686565226302,-230.96570447921695,4.966892222297249e-05,4.966892222297249e-05,20133.313855912253
0.6464309539693128,3143.3860140156917,-1041.0900331304756,-356.3280709630031,728.7422404137938,4812.6644252730985,1494.3664939392124,-299.0063713656764,6.425113379533297e-05,6.425113379533297e-05,15563.927683913296
0.6470980653769179,3146.633178573699,-1040.6035231921476,-353.1175592052478,729.8522573668608,4812.4422593592835,1833.4643313557947,-367.0470382521358,7.883463638613923e-05,7.883463638613923e-05,12684.77975977347
0.647765176784523,3149.8803039843665,-1040.1161972931982,-349.907210797237,731.1884903555624,4812.174702740406,2172.5621687723205,-435.08770513858394,9.341971195439223e-05,9.341971195439223e-05,10704.378969699701
0.6484322881921281,3153.127383214428,-1039.6279045223298,-346.6970560196269,732.7509393798991,4811.86175541647,2511.660006188903,-503.1283720250434,0.00010800663457207406,0.00010800663457207406,9258.690486580143
0.6490993995997331,3156.374409370542,-1039.1384939682448,-343.4871251530757,734.5396044398705,4811.503417387472,2850.7578436054287,-571.1690389114915,0.00012259566896114177,0.00012259566896114177,8156.895006763759
0.6497665110073382,3159.6213757211517,-1038.6478147196447,-340.2774484782395,736.5544855354768,4811.099688653412,3189.855681022011,-639.209705797951,0.00013718706902844706,0.00013718706902844706,7289.316748888631
0.6504336224149433,3162.868275718341,-1038.1557158652324,-337.0680562757759,738.7955826667181,4810.650569214293,3528.9535184385936,-707.2503726844103,0.00015178107639823139,0.00015178107639823139,6588.436607052896
0.6511007338225483,3166.115103019699,-1037.6620464937084,-333.85897882634265,741.2628958335936,4810.156059070111,3868.0513558551193,-775.2910395708584,0.00016637791894200194,0.00016637791894200194,6010.412958396194
0.6517678452301534,3169.3618515101925,-1037.1666556937762,-330.6502464105957,743.9564250361044,4809.616158220869,4207.149193271702,-843.3317064573179,0.0001809778093055329,0.0001809778093055329,5525.539312456623
0.6524349566377584,3172.6085153240424,-1036.6693925541372,-327.4418893091935,746.8761702742495,4809.030866666566,4546.247030688228,-911.372373343766,0.0001955809434327689,0.0001955809434327689,5112.972575182156
0.6531020680453635,3175.855088866611,-1036.1701061634935,-324.23393780279196,750.0221315480298,4808.400184407202,4885.344868104809,-979.4130402302254,0.00021018749908652046,0.00021018749908652046,4757.656874676288
0.6537691794529686,3179.101566836292,-1035.6686456105472,-321.02642217204874,753.3943088574449,4807.724111442775,5224.442705521392,-1047.4537071166847,0.00022479763436574542,0.00022479763436574542,4448.445388766865
0.6544362908605736,3182.347944246412,-1035.1648599840005,-317.8193726976216,756.9927022024947,4807.00264777329,5563.540542937918,-1115.4943740031329,0.00023941148621938157,0.00023941148621938157,4176.9090355325025
0.6551034022681788,3185.5942164471426,-1034.6585983725552,-314.6128196601665,760.8173115831794,4806.235793398742,5902.6383803544995,-1183.5350408895922,0.00025402916895665354,0.00025402916895665354,3936.555806198129
0.6557705136757838,3188.8403791474116,-1034.1497098649136,-311.40679334034184,764.8681369994983,4805.423548319133,6241.736217771026,-1251.5757077760404,0.0002686507727538176,0.0002686507727538176,3722.304573143238
0.6564376250833889,3192.0864284368354,-1033.6380435497772,-308.2013240188036,769.1451784514529,4804.565912534465,6580.834055187609,-1319.6163746625,0.00028327636215744623,0.00028327636215744623,3530.121582979789
0.657104736490994,3195.3323608076475,-1033.1234485158484,-304.9964419762094,773.648435939042,4803.6628860447345,6919.931892604191,-1387.6570415489591,0.0002979059745842717,0.0002979059745842717,3356.7638292434444
0.657771847898599,3198.5781731766447,-1032.6057738518296,-301.79217749321697,778.3779094622655,4802.714468849943,7259.029730020717,-1455.6977084354073,0.0003125396188177889,0.0003125396188177889,3199.5943547336365
0.6584389593062041,3201.8238629071375,-1032.0848686464226,-298.5885608504825,783.3335990211244,4801.720660950091,7598.127567437298,-1523.738375321867,0.0003271772735018024,0.0003271772735018024,3056.4470120339547
0.6591060707138091,3205.069427830907,-1031.5605819883292,-295.38562232866394,788.5155046156171,4800.681462345177,7937.225404853824,-1591.779042208315,0.000341818885631153,0.000341818885631153,2925.525891155913
0.6597731821214142,3208.314866270175,-1031.0327629662513,-292.1833922084176,793.9236262457458,4799.596873035203,8276.323242270406,-1659.8197090947742,0.00035646436904001596,0.00035646436904001596,2805.3294714786543
0.6604402935290193,3211.5601770595745,-1030.5012606688915,-288.9819007704011,799.5579639115091,4798.466893020168,8615.421079686988,-1727.8603759812338,0.00037111360288809465,0.00037111360288809465,2694.5926859531996
0.6611074049366243,3214.80535956813,-1029.9659241849517,-285.781178295272,805.4185176129063,4797.291522300072,8954.518917103516,-1795.901042867682,0.00038576643014523666,0.00038576643014523666,2592.242149280619
0.6617745163442295,3218.0504137212456,-1029.4266026031337,-282.5812550636866,811.5052873499392,4796.070760874914,9293.616754520097,-1863.9417097541414,0.000400422656074995,0.000400422656074995,2497.3611878062925
0.6624416277518345,3221.295340022694,-1028.8831450121397,-279.382161356303,817.818273122606,4794.804608744696,9632.714591936623,-1931.9823766405896,0.00041508204671772685,0.00041508204671772685,2409.1622557697415
0.6631087391594396,3224.540139576612,-1028.3354005006718,-276.18392745377724,824.3574749309084,4793.493065909415,9971.812429353206,-2000.023043527049,0.00042974432737399567,0.00042974432737399567,2326.9649796441063
0.6637758505670447,3227.7848141094983,-1027.783218157432,-272.986583636767,831.1228927748459,4792.136132369076,10310.910266769788,-2068.0637104135085,0.00044440918108898766,0.00044440918108898766,2250.1785349024144
0.6644429619746497,3231.0293659922104,-1027.2264470711223,-269.79016018593,838.114526654417,4790.733808123674,10650.008104186314,-2136.1043772999565,0.0004590762471388867,0.0004590762471388867,2178.2873895835974
0.6651100733822548,3234.2737982619688,-1026.6649363304446,-266.5946873819223,845.3323765696239,4789.286093173212,10989.105941602895,-2204.1450441864154,0.00047374511952013383,0.00047374511952013383,2110.8396874102273
0.6657771847898598,3237.5181146443488,-1026.0985350241012,-263.40019550540217,852.7764425204646,4787.792987517689,11328.20377901942,-2272.185711072864,0.0004884153454426256,0.0004884153454426256,2047.4377173668686
0.6664442961974649,3240.7623195752817,-1025.527092240794,-260.2067148370256,860.4467245069411,4786.254491157104,11667.301616436005,-2340.2263779593236,0.0005030864238280541,0.0005030864238280541,1987.7300452492077
0.66711140760507,3244.0064182230385,-1024.9504570692252,-257.0142756574503,868.3432225290526,4784.670604091458,12006.399453852586,-2408.2670448457834,0.000517757803814583,0.000517757803814583,1931.4049786067837
0.667778519012675,3247.250416510216,-1024.3684785980968,-253.82290824733397,876.4659365867976,4783.041326320752,12345.497291269112,-2476.3077117322314,0.0005324288832692776,0.0005324288832692776,1878.1851087035163
0.6684456304202802,3250.4943211357104,-1023.7810059161105,-250.6326428873327,884.8148666801786,4781.366657844985,12684.595128685694,-2544.3483786186903,0.000547099007309735,0.000547099007309735,1827.8227279507005
0.6691127418278852,3253.7381395966763,-1023.1878881119693,-247.4435098581047,893.3900128091932,4779.646598664156,13023.69296610222,-2612.3890455051387,0.0005617674668364584,0.0005617674668364584,1780.095963248651
0.6697798532354903,3256.9818802104774,-1022.5889742743739,-244.25553944030594,902.1913749738438,4777.881148778267,13362.790803518803,-2680.429712391598,0.0005764334970777334,0.0005764334970777334,1734.805498066237
0.6704469646430954,3260.2255521366133,-1021.984113492027,-241.0687619145942,911.2189531741293,4776.070308187316,13701.888640935384,-2748.470379278057,0.0005910962761487273,0.0005910962761487273,1691.7717812662845
0.6711140760507004,3263.469165398631,-1021.3731548536309,-237.88320756162713,920.4727474100482,4774.214076891304,14040.98647835191,-2816.5110461645054,0.000605754923626789,0.000605754923626789,1650.8326403899093
0.6717811874583055,3266.712730906014,-1020.7559474478874,-234.6989066620609,929.9527576816033,4772.312454890232,14380.084315768492,-2884.5517130509647,0.0006204084991449605,0.0006204084991449605,1611.8412326365417
0.6724482988659105,3269.9562604760367,-1020.1323403634987,-231.5158894965536,939.6589839887916,4770.365442184098,14719.182153185018,-2952.5923799374127,0.0006350560010058306,0.0006350560010058306,1574.6642790811434
0.6731154102735156,3273.199766855602,-1019.5021826891664,-228.33418634576137,949.5914263316163,4768.373038772904,15058.279990601599,-3020.6330468238725,0.0006496963648180598,0.0006496963648180598,1539.1805374808257
0.6737825216811207,3276.44326374303,-1018.865323513593,-225.15382749034188,959.750084710076,4766.335244656648,15397.377828018185,-3088.673713710332,0.000664328462157907,0.000664328462157907,1505.2794768897102
0.6744496330887257,3279.6867658098204,-1018.2216119254805,-221.97484321095277,970.1349591241685,4764.252059835332,15736.475665434707,-3156.7143805967794,0.0006789510992583313,0.0006789510992583313,1472.8601236412671
0.6751167444963309,3282.930288722367,-1017.5708970135306,-218.79726378825018,980.7460495738978,4762.123484308954,16075.573502851294,-3224.7550474832397,0.0006935630157282932,0.0006935630157282932,1441.8300533945353
0.6757838559039359,3286.1738491636256,-1016.913027866446,-215.62111950289224,991.58335605926,4759.949518077516,16414.671340267818,-3292.7957143696876,0.0007081628833049895,0.0007081628833049895,1412.104508122495
0.676450967311541,3289.4174648547337,-1016.2478535729279,-212.4464406355351,1002.6468785802588,4757.730161141016,16753.7691776844,-3360.836381256147,0.0007227493046419805,0.0007227493046419805,1383.6056203407318
0.6771180787191461,3292.661154576568,-1015.5752232216786,-209.2732574668364,1013.9366171368924,4755.465413499455,17092.867015100983,-3428.8770481426063,0.0007373208121361434,0.0007373208121361434,1356.2617296843018
0.6777851901267511,3295.9049381912473,-1014.8949859014008,-206.1016002774539,1025.452571729159,4753.155275152834,17431.964852517507,-3496.9177150290543,0.0007518758667966508,0.0007518758667966508,1330.0067792579594
0.6784523015343562,3299.148836663565,-1014.2069907007957,-202.9314993480436,1037.194742357062,4750.799746101151,17771.06268993409,-3564.958381915514,0.0007664128571592014,0.0007664128571592014,1304.7797811046862
0.6791194129419612,3302.392872082346,-1013.511086708566,-199.7629849592637,1049.1631290205983,4748.398826344408,18110.160527350614,-3632.999048801962,0.0007809300982488538,0.0007809300982488538,1280.5243417335116
0.6797865243495663,3305.637067681734,-1012.8071230134133,-196.5960873917703,1061.357731719771,4745.952515882603,18449.2583647672,-3701.0397156884214,0.000795425830595015,0.000795425830595015,1257.1882399795268
0.6804536357571714,3308.8814478623835,-1012.0949487040398,-193.4308369262211,1073.7785504545786,4743.460814715736,18788.35620218378,-3769.080382574881,0.0008098982193021068,0.0008098982193021068,1234.72305058493
0.6811207471647764,3312.1260382125683,-1011.3744128691476,-190.26726384327378,1086.4255852250192,4740.9237228438105,19127.454039600307,-3837.1210494613288,0.0008243453531796887,0.0008243453531796887,1213.0838078273518
0.6817878585723816,3315.3708655291925,-1010.6453645974385,-187.1053984235844,1099.2988360310967,4738.341240266824,19466.55187701689,-3905.1617163477886,0.000838765243935823,0.000838765243935823,1192.2287043125425
0.6824549699799866,3318.61595783869,-1009.907652977615,-183.94527094781117,1112.3983028728067,4735.713366984774,19805.649714433413,-3973.2023832342365,0.0008531558254375754,0.0008531558254375754,1172.118820717317
0.6831220813875917,3321.861344417823,-1009.1611270983786,-180.78691169661016,1125.7239857501534,4733.040102997664,20144.747551849996,-4041.2430501206964,0.0008675149530427151,0.0008675149530427151,1152.717882836034
0.6837891927951968,3325.1070558143515,-1008.4056360484317,-177.6303509506391,1139.275884663135,4730.3214483054935,20483.845389266582,-4109.283717007156,0.0008818404030066513,0.0008818404030066513,1133.9920427670147
0.6844563042028018,3328.353123867583,-1007.6410289164764,-174.4756189905556,1153.0539996117495,4727.557402908263,20822.943226683106,-4177.324383893604,0.0008961298719688291,0.0008961298719688291,1115.90968148731
0.6851234156104069,3331.5995774445555,-1006.8671656553048,-171.3227478418328,1166.9898702922346,4724.736971803401,20874.438328980345,-4291.5552170161345,0.0008990707227808518,0.0008990707227808518,1112.2595527379326
0.6857905270180119,3334.846404179839,-1006.0840131855266,-168.17178670941126,1180.894128039571,4721.829741614924,20810.526397538342,-4424.320888032364,0.0008975094072508417,0.0008975094072508417,1114.194449574737
0.686457638425617,3338.093567767542,-1005.2915992483983,-165.0227945662723,1194.7557494083624,4718.833941932776,20746.61446609633,-4557.0865590486155,0.0008959969996248439,0.0008959969996248439,1116.0751658975448
0.6871247498332221,3341.341031500464,-1004.4899522871342,-161.87583049813605,1208.5747343986072,4715.749572756954,20682.702534654323,-4689.852230064867,0.000894533423039697,0.000894533423039697,1117.9012144699066
0.6877918612408271,3344.5887585496857,-1003.6791007449486,-158.73095359072252,1222.3510830103025,4712.57663408746,20618.790603212317,-4822.6179010810965,0.0008931186055885807,0.0008931186055885807,1119.6721171663226
0.6884589726484323,3347.8367119673326,-1002.8590730650566,-155.58822292975032,1236.084795243453,4709.315125924292,20554.878671770308,-4955.383572097348,0.0008917524803748493,0.0008917524803748493,1121.387405145931
0.6891260840560373,3351.0848546893176,-1002.0298976906722,-152.4476976009401,1249.7758710980545,4705.965048267451,20490.966740328306,-5088.1492431135775,0.0008904349855652519,0.0008904349855652519,1123.0466190242917
0.6897931954636424,3354.333149538078,-1001.1916030650098,-149.30943669001036,1263.4243105741107,4702.526401116936,20427.054808886292,-5220.914914129829,0.0008891660644425957,0.0008891660644425957,1124.64930904317
0.6904603068712475,3357.5815592252907,-1000.3442176312842,-146.17349928268126,1277.0301136716203,4698.999184472746,20363.142877444283,-5353.680585146081,0.0008879456654579091,0.0008879456654579091,1126.1950352382262
0.6911274182788525,3360.830046354578,-999.4877698327102,-143.0399444646729,1290.5932803905803,4695.383398334886,20299.23094600228,-5486.446256162311,0.0008867737422821494,0.0008867737422821494,1127.6833676045235
0.6917945296864576,3364.078573424203,-998.622288112502,-139.90883132170396,1304.1138107309957,4691.679042703351,20235.31901456027,-5619.211927178563,0.0008856502538575207,0.0008856502538575207,1129.1138862597506
0.6924616410940626,3367.327102829746,-997.7478009138739,-136.78021893949483,1317.5917046928616,4687.886117578144,20171.40708311827,-5751.977598194792,0.0008845751644484335,0.0008845751644484335,1130.4861816050854
0.6931287525016677,3370.5755968667745,-996.8643366800405,-133.65416640376424,1331.026962276183,4684.004622959262,20107.495151676256,-5884.743269211043,0.0008835484436921733,0.0008835484436921733,1131.7998544835852
0.6937958639092728,3373.8240177334983,-995.9719238542165,-130.53073280023227,1344.4195834809573,4680.034558846707,20043.583220234243,-6017.508940227296,0.0008825700666493123,0.0008825700666493123,1133.0545163360364
0.6944629753168778,3377.0723275334153,-995.0705908796166,-127.40997721461902,1357.769568307182,4675.97592524048,19979.67128879224,-6150.274611243525,0.0008816400138539199,0.0008816400138539199,1134.2497893541517
0.695130086724483,3380.3204882779473,-994.1603661994544,-124.29195873264302,1371.0769167548622,4671.828722140578,19915.75935735023,-6283.040282259777,0.0008807582713636119,0.0008807582713636119,1135.385306631041
0.695797198132088,3383.568461889061,-993.2412782569456,-121.17673644002498,1384.3416288239932,4667.5929495470045,19851.84742590823,-6415.805953276007,0.0008799248308094841,0.0008799248308094841,1136.4607123088608
0.6964643095396931,3386.816210201885,-992.3133554953041,-118.06436942248341,1397.5637045145793,4663.268607459757,19787.935494466215,-6548.571624292259,0.0008791396894459791,0.0008791396894459791,1137.4756617235485
0.6971314209472982,3390.063694967314,-991.376626357744,-114.95491676573839,1410.7431438266183,4658.855695878836,19724.023563024202,-6681.337295308511,0.0008784028502007179,0.0008784028502007179,1138.429821546568
0.6977985323549032,3393.3108778546025,-990.4311192874808,-111.84843755551015,1423.8799467601084,4654.3542148042425,19660.111631582207,-6814.102966324741,0.000877714321724347,0.000877714321724347,1139.322869923567
0.6984656437625083,3396.5577204539563,-989.4768627277281,-108.74499087751707,1436.9741133150533,4649.764164235974,19596.19970014019,-6946.868637340991,0.000877074118440436,0.000877074118440436,1140.154496609869
0.6991327551701133,3399.8041842791063,-988.5138851217009,-105.64463581747992,1450.025643491449,4645.085544174033,19532.28776869819,-7079.634308357221,0.0008764822605954682,0.0008764822605954682,1140.9244031027117
0.6997998665777184,3403.0502307698853,-987.5422149126136,-102.54743146111726,1463.0345372893,4640.318354618421,19468.37583725618,-7212.399979373473,0.0008759387743089578,0.0008759387743089578,1141.6323027701521
0.7004669779853235,3406.2958212947883,-986.5618805436804,-99.45343689414914,1476.0007947086035,4635.462595569132,19404.463905814166,-7345.165650389724,0.0008754436916237395,0.0008754436916237395,1142.2779209765488
0.7011340893929285,3409.5409171535302,-985.5729104581166,-96.36271120229564,1488.9244157493583,4630.518267026172,19340.551974372163,-7477.931321405954,0.0008749970505564494,0.0008749970505564494,1142.8609952045617
0.7018012008005337,3412.7854795795993,-984.5753330991358,-93.27531347127544,1501.805400411568,4625.485368989538,19276.640042930154,-7610.696992422206,0.0008745988951482587,0.0008745988951482587,1143.381275173557
0.7024683122081387,3416.0294697427985,-983.5691769099533,-90.19130278680909,1514.6437486952286,4620.363901459231,19212.72811148815,-7743.462663438435,0.0008742492755158678,0.0008742492755158678,1143.838522954372
0.7031354236157438,3419.2728487517884,-982.5544703337828,-87.11073823461518,1527.4394606003443,4615.153864435251,19148.81618004614,-7876.228334454688,0.0008739482479028114,0.0008739482479028114,1144.232513080347
0.7038025350233489,3422.5155776566185,-981.5312418138393,-84.0336789004138,1540.192536126913,4609.855257917597,19084.90424860413,-8008.99400547094,0.0008736958747311023,0.0008736958747311023,1144.5630326545497
0.7044696464309539,3425.7576174512583,-980.4995197933376,-80.96018386992507,1552.9029752749325,4604.4680819062705,19020.992317162127,-8141.759676487169,0.0008734922246532394,0.0008734922246532394,1144.8298814531313
0.705136757838559,3428.9989290761237,-979.4593327154913,-77.89031222886756,1565.570778044407,4598.99233640127,18957.080385720114,-8274.52534750342,0.0008733373726046244,0.0008733373726046244,1145.0328720247244
0.705803869246164,3432.2394734205955,-978.4107090235161,-74.82412306296189,1578.1959444353329,4593.428021402597,18893.168454278115,-8407.29101851965,0.0008732313998564019,0.0008732313998564019,1145.1718297858329
0.7064709806537691,3435.479211325543,-977.3536771606251,-71.7616754579266,1590.778474447713,4587.77513691025,18829.2565228361,-8540.0566895359,0.0008731743940687599,0.0008731743940687599,1145.2465931121349
0.7071380920613742,3438.7181035858334,-976.2882655700339,-68.70302849948186,1603.3183680815464,4582.03368292423,18765.34459139409,-8672.822360552154,0.0008731664493447202,0.0008731664493447202,1145.2570134256348
0.7078052034689792,3441.956110952849,-975.2145026949569,-65.64824127334774,1615.8156253368306,4576.203659444536,18701.43265995209,-8805.588031568383,0.0008732076662844382,0.0008732076662844382,1145.2029552776057
0.7084723148765844,3445.193194136998,-974.132416978608,-62.5973728652428,1628.2702462135703,4570.28506647117,18637.520728510077,-8938.353702584636,0.0008732981520400466,0.0008732981520400466,1145.0842964272565
0.7091394262841894,3448.4293138102207,-973.0420368642026,-59.55048236088767,1640.6822307117604,4564.277904004131,18573.608797068075,-9071.119373600864,0.0008734380203710632,0.0008734380203710632,1144.9009279160637
0.7098065376917945,3451.664430608504,-971.9433907949539,-56.50762884600093,1653.0515788314055,4558.182172043416,18509.696865626065,-9203.885044617116,0.0008736273917003915,0.0008736273917003915,1144.6527541377134
0.7104736490993996,3454.8985051343825,-970.8365072140778,-53.46887140630269,1665.3782905725043,4551.99787058903,18445.78493418405,-9336.650715633368,0.0008738663931709259,0.0008738663931709259,1144.3396929036069
0.7111407605070046,3458.1315472654624,-969.7213208967734,-50.43425101834059,1678.2294135834275,4545.834628991904,20670.402598765253,-9026.966770781786,0.000958963267160414,0.000958963267160414,1042.7928099489147
0.7118078719146097,3461.3640092854093,-968.5969315863003,-47.40364721894776,1693.0251713434607,4539.967024139283,23687.279165811975,-8564.112577368509,0.001072793529240144,0.001072793529240144,932.145816267457
0.7124749833222147,3464.596584262936,-967.4620005452427,-44.37685477192127,1709.833521876705,4534.40819459915,26704.1557328582,-8101.258383955308,0.0011856860764443591,0.0011856860764443591,843.3935591103545
0.7131420947298198,3467.829979643138,-966.3151851500022,-41.35366768972675,1728.6544651831646,4529.158140371499,29721.03229990492,-7638.40419054203,0.0012974057324474802,0.0012974057324474802,770.7689082840403
0.7138092061374249,3471.0649164415686,-965.155142776981,-38.33387998483137,1749.4880012628382,4524.216861456332,32737.908866951642,-7175.549997128752,0.0014077141889606269,0.0014077141889606269,710.3714715970441
0.7144763175450299,3474.3021304524846,-963.9805308025816,-35.31728566970229,1772.3341301157209,4519.584357853649,35754.785433997866,-6712.695803715551,0.0015163706181362438,0.0015163706181362438,659.469385676366
0.715143428952635,3477.542373420961,-962.7900066032057,-32.30367875680515,1797.192851741821,4515.26062956345,38771.66200104459,-6249.841610302274,0.0016231323925296603,0.0016231323925296603,616.0926888049439
0.71581054036024,3480.7864141742907,-961.5822275552557,-29.29285325860761,1824.0641661411296,4511.245676585734,41788.53856809081,-5786.987416889072,0.0017277559164219775,0.0017277559164219775,578.7854583481371
0.7164776517678452,3484.0350397081083,-960.3558510351336,-26.284603187575343,1852.9480733136556,4507.5394989205015,44805.41513513753,-5324.133223475794,0.0018299975702407594,0.0018299975702407594,546.44881297216
0.7171447631754503,3487.2890562227058,-959.1095344192418,-23.278722556175488,1883.8445732593957,4504.142096567754,47822.29170218425,-4861.279030062516,0.001929614767484369,0.001929614767484369,518.2381565744835
0.7178118745830553,3490.54929010511,-957.8419350839821,-20.275005376875196,1916.7536659783432,4501.053469527491,50839.16826923048,-4398.424836649315,0.0020263671209943524,0.0020263671209943524,493.4939921001546
0.7184789859906604,3493.8165888525937,-956.5517104057564,-17.273245662140138,1951.6753514705097,4498.27361779971,53856.0448362772,-3935.5706432360366,0.002120017712664769,0.002120017712664769,471.6941721883276
0.7191460973982654,3497.0918219334444,-955.2375177609674,-14.273237424437953,1988.609629735883,4495.802541384413,56872.921403323424,-3472.716449822836,0.0022103344577827336,0.0022103344577827336,452.42021924733336
0.7198132088058705,3500.375608236707,-953.897277343476,-11.275403521631178,2034.807757215591,4487.454636336287,107440.86078460084,-43572.769407209,0.004771682126860558,0.004771682126860558,209.56970171395972
0.7204803202134756,3503.6611790324782,-952.5079877570988,-8.298013742108127,2142.182243570055,4428.946511607954,214467.8493060612,-131834.588528322,0.01034820507596546,0.01034820507596546,96.63511620218858
0.7211474316210806,3506.9358328764442,-951.023251907322,-5.379295315436906,2320.9556548887713,4311.5579204879705,321494.83782750374,-220096.4076494203,0.016157982891516477,0.016157982891516477,61.888913159144145
0.7218145430286858,3510.19259560839,-949.3954387568103,-2.55852807243153,2571.1279911717984,4135.2888629763,428521.8263489641,-308358.22677053325,0.022214438297775703,0.022214438297775703,45.01576797015518
0.7224816544362908,3513.434259855999,-947.5769172682304,0.12500815609207572,2892.6992524190555,3900.139339073,535548.8148704066,-396620.04589163157,0.02826366196303334,0.02826366196303334,35.38111944969911
0.7231487658438959,3516.6769485344917,-945.520294522564,2.632064746525177,3281.4808877429377,3606.6582900320536,593457.4806532507,-478444.5375445115,0.0320044493581486,0.0320044493581486,31.24565552774904
0.723815877251501,3519.93656991424,-943.2054379570322,4.926965750996922,3648.9970720746137,3266.4411414957904,508356.039973041,-541526.4737671386,0.030958804042092093,0.030958804042092093,32.30098936122932
0.724482988659106,3523.203934315513,-940.6643438241953,6.980867096915809,3959.7411145248457,2884.1413136916617,423254.5992928454,-604608.4099897554,0.03074884658413707,0.03074884658413707,32.52154506881201
0.7251501000667111,3526.4651539312226,-937.9348854675354,8.765694948880299,4213.7130150937355,2459.758806619539,338153.1586126356,-667690.3462123824,0.03138348023611246,0.03138348023611246,31.863897581674713
0.7258172114743161,3529.7066506449387,-935.0549362305371,10.253375471487585,4410.912773781199,1993.293620279565,253051.71793244005,-730772.2824349991,0.03287072132329331,0.03287072132329331,30.422210397049184
0.7264843228819212,3532.917066140576,-932.0623694566825,11.41583482933594,4551.340390587303,1484.745754671584,167950.27725223033,-793854.2186576263,0.03520190457760888,0.03520190457760888,28.40755385252868
0.7271514342895263,3536.0893119581983,-928.9950584894553,12.224999187022869,4634.995865512008,934.1152097956705,82848.83657202059,-856936.1548802534,0.03830842913919033,0.03830842913919033,26.103915573426082
0.7278185456971313,3539.2228329430427,-925.8908766723396,12.6527947091461,4661.879198555316,341.4019856519262,-2252.6041081749718,-920018.0911028701,0.041986733896700094,0.041986733896700094,23.817046652409275
0.7284856571047365,3542.3260665373896,-922.7876973488171,12.671147560303563,4631.990389717235,-293.39391775984654,-87354.04478838472,-983100.0273254972,0.0458027397658304,0.0458027397658304,21.83275509527525
0.7291527685123415,3545.420751379894,-919.7206252054349,12.258663934304847,4561.839252470917,-930.4387331032775,-106822.23269884025,-887826.4664010173,0.04111739768426983,0.04111739768426983,24.3206052989722
0.7298198799199466,3548.5464509680473,-916.700997034705,11.451295600820144,4491.22054383926,-1473.7183476189834,-104892.65577885135,-740925.8179169602,0.03297232685327146,0.03297232685327146,30.328463151844005
0.7304869913275517,3551.729441524531,-913.7280500429238,10.314187397207634,4421.889077982781,-1918.9988637463853,-102963.07885886243,-594025.169432903,0.025216118115843712,0.025216118115843712,39.65717464543772
0.7311541027351567,3554.974773741898,-910.8009254957523,8.912715639937417,4353.844854901487,-2266.2802814854344,-101033.50193887384,-447124.5209488703,0.018398659297283446,0.018398659297283446,54.35178639063388
0.7318212141427618,3558.2714872694464,-907.9187646588493,7.31225664547887,4287.08787459536,-2515.562600836246,-99103.92501888491,-300223.8724648131,0.012510258124800642,0.012510258124800642,79.93440183440944
0.7324883255503668,3561.597379561858,-905.0807087978764,5.578186730302361,4221.618137064418,-2666.8458217987372,-97174.34809889631,-153323.22398078037,0.007280124004448833,0.007280124004448833,137.36029762527494
0.7331554369579719,3564.9242239772743,-902.2858544239017,3.7735585711896484,4157.7686053259895,-2737.4172451639183,-93593.32987496165,-92164.71823486974,0.005183345317786588,0.005183345317786588,192.9255989502594
0.733822548365577,3568.239189800544,-899.5326400627305,1.9272625248072572,4096.8863605531305,-2797.216762796628,-88931.6399540588,-87114.23562797999,0.004961229435229324,0.004961229435229324,201.5629418182263
0.734489659773182,3571.5433225696283,-896.8190036278503,0.04219736544837782,4039.113982305232,-2853.6470458683602,-84269.95003315673,-82063.75302109109,0.004728540067914102,0.004728540067914102,211.4817651193404
0.7351567711807871,3574.8378913866936,-894.1428704918262,-1.8793892520770965,3984.4514705822767,-2906.708094379135,-79608.26011225388,-77013.27041420137,0.004486553901183233,0.004486553901183233,222.88821710941025
0.7358238825883922,3578.124030467034,-891.5021660272236,-3.835249672958009,3932.898825384281,-2956.399908328934,-74946.57019135178,-71962.78780731244,0.004236470925450772,0.004236470925450772,236.04552411594733
0.7364909939959973,3581.402745036617,-888.8948156066072,-5.823136242384493,3884.4560467112283,-3002.722487717775,-70284.88027044895,-66912.3052004227,0.003979400918923259,0.003979400918923259,251.29410692064138
0.7371581054036024,3584.674917728436,-886.3187446025421,-7.840801305545709,3839.1231345631295,-3045.675832545649,-65623.1903495461,-61861.82259353297,0.0037163539441364716,0.0037163539441364716,269.0809365931799
0.7378252168112074,3587.9413154070344,-883.7718783875936,-9.88599720763079,3796.9000889399877,-3085.2599428125477,-60961.500428644016,-56811.33998664407,0.0034482345462179464,0.0034482345462179464,290.0034747047032
0.7384923282188125,3591.202596355454,-881.2521423343264,-11.956476293829905,3757.7869098417914,-3121.4748185184876,-56299.81050774117,-51760.85737975432,0.0031758392633232414,0.0031758392633232414,314.8773968344942
0.7391594396264175,3594.459317764678,-878.7574618153064,-14.049990909331838,3721.7835972685525,-3154.320459663454,-51638.12058683909,-46710.37477286543,0.0028998570195445557,0.0028998570195445557,344.8445882883762
0.7398265510340226,3597.71194347204,-876.2857622030976,-16.16429339932678,3688.890151220259,-3183.7968662474586,-46976.430665936234,-41659.892165975674,0.0026208719617470426,0.0026208719617470426,381.55240492305916
0.7404936624416277,3600.9608519017243,-873.8349688702658,-18.297136109003855,3659.1065716969188,-3209.9040382704966,-42314.740745033385,-36609.40955908594,0.0023393683175793505,0.0023393683175793505,427.4658216431455
0.7411607738492327,3604.2063441672553,-871.4030071893762,-20.446271383552187,3632.4328586985343,-3232.641975732563,-37653.05082413131,-31558.92695219704,0.0020557368856795547,0.0020557368856795547,486.4435750343775
0.7418278852568378,3607.448652302412,-868.9878025329931,-22.609451568161983,3608.869012225097,-3252.0106786336664,-32991.36090322845,-26508.444345307296,0.0017702828147507686,0.0017702828147507686,564.8814933227413
0.7424949966644429,3610.6879475932656,-866.5872802736824,-24.78442900802199,3588.4150322766154,-3268.0101469738006,-28329.670982326374,-21457.961738418395,0.0014832343804088875,0.0014832343804088875,674.2022792947445
0.743162108072048,3613.9243489898477,-864.1993657840081,-26.968956048322422,3571.0709188530814,-3280.640380752969,-23667.98106142352,-16407.47913152865,0.001194752523148678,0.001194752523148678,836.9934196619877
0.7438292194796531,3617.157931581165,-861.8219844365364,-29.160785034252406,3556.8366719545,-3289.901379971172,-19006.291140520665,-11356.996524638907,0.0009049409640140306,0.0009049409640140306,1105.0444612036542
0.7444963308872581,3620.3887711874427,-859.4531870286289,-31.35785658560939,3545.0661023082757,-3296.763136493602,-16564.048452669984,-9638.116363942312,0.0007824633365562339,0.0007824633365562339,1278.0151519957283
0.7451634422948632,3623.6171333364873,-857.0917616331599,-33.559218043212034,3534.722831646558,-3302.781353164153,-14445.076991156531,-8404.497214370864,0.0006838116946799518,0.0006838116946799518,1462.3909005651558
0.7458305537024682,3626.843351514477,-854.7367648405225,-35.76431981833725,3525.7931510192075,-3307.976608427385,-12326.10552964343,-7170.878064799621,0.0005845539910971521,0.0005845539910971521,1710.7059659674812
0.7464976651100733,3630.067752433555,-852.3872536286792,-37.97261290404296,3518.2770604262205,-3312.348902283299,-10207.134068129977,-5937.258915228172,0.0004847827597234505,0.0004847827597234505,2062.7796264257845
0.7471647765176784,3633.2906569124084,-850.0422849755919,-40.18354829338591,3512.174559867599,-3315.898234731893,-8088.162606616525,-4703.639765656724,0.0003845888395797286,0.0003845888395797286,2600.179456826623
0.7478318879252834,3636.5123808770436,-847.7009158592241,-42.396576979422925,3507.485649343343,-3318.6246057731682,-5969.191145103425,-3470.0206160854814,0.0002840616300486944,0.0002840616300486944,3520.362816437327
0.7484989993328885,3639.733236368739,-845.3622032575367,-44.61114995521187,3504.2103288534518,-3320.528015407124,-3850.219683589974,-2236.401466514033,0.00018328936662633042,0.00018328936662633042,5455.853868700887
0.7491661107404936,3642.953532557628,-843.0252041484936,-46.8267182138092,3502.348598397926,-3321.6084636337605,-1731.2482220768707,-1002.7823169427884,8.235941291889771e-05,8.235941291889771e-05,12141.902966024492
0.7498332221480987,3646.173576760432,-840.688975510056,-49.04273274827279,3501.900457976765,-3321.8659504530783,387.72323943658193,230.83683262865907,1.8641435370903303e-05,1.8641435370903303e-05,53643.937824705354
0.7505003335557038,3649.393675460846,-838.3525743201868,-51.25864455165943,3502.865907589969,-3321.3004758650764,2506.6947009500327,1464.4559822001065,0.00011962663872534888,0.00011962663872534888,8359.342121915693
0.7511674449633088,3652.6141353311277,-836.0150575568485,-53.4739046170259,3505.2449472375383,-3319.912039869755,4625.666162463136,2698.075131771351,0.00022050959861753615,0.00022050959861753615,4534.949980723762
0.7518345563709139,3655.8352642534132,-833.6754821980031,-55.687963937430126,3509.0375769194734,-3317.7006424671154,6744.637623976587,3931.6942813427995,0.00032120334309722256,0.00032120334309722256,3113.2926275219925
0.7525016677785189,3659.0573723393068,-831.3329052216137,-57.900273505928524,3514.2437966357725,-3314.666283657157,8863.609085489688,5165.313430914042,0.0004216202174125573,0.0004216202174125573,2371.8027710741762
0.753168779186124,3662.280772946274,-828.9863836056418,-60.11028431557896,3520.863606386437,-3310.808963439879,10982.580547003141,6398.932580485491,0.0005216715839253281,0.0005216715839253281,1916.9148384036566
0.7538358905937291,3665.5057836893443,-826.6349743280505,-62.317447359438255,3528.897006171468,-3306.128681815281,13101.552008516595,7632.55173005694,0.0006212675355770172,0.0006212675355770172,1609.6125143111267
0.7545030020013341,3668.732727446625,-824.2777343668021,-64.52121363056318,3538.343995990862,-3300.625438783366,15220.523470029693,8866.170879628182,0.0007203166271613726,0.0007203166271613726,1388.2783796631284
0.7551701134089392,3671.9619333570763,-821.9137206998586,-66.72103412201166,3549.204575844624,-3294.299234344129,17339.494931543148,10099.79002919963,0.0008187256286493912,0.0008187256286493912,1221.4104029571515
0.7558372248165443,3675.1937378089747,-819.5419903051828,-68.91635982684006,3561.478745732747,-3287.150068497576,19458.466393056246,11333.409178770873,0.0009163993047920018,0.0009163993047920018,1091.2273664666009
0.7565043362241494,3678.4284854174593,-817.1616001607367,-71.10664173810633,3575.1665056552383,-3279.1779412437018,21577.437854569696,12567.02832834232,0.0010132402251887126,0.0010132402251887126,986.9327876454504
0.7571714476317545,3681.6665299894844,-814.7716072444828,-73.29133084886723,3590.2678556120945,-3270.3828525825083,23696.40931608315,13800.64747791377,0.0011091486089484924,0.0011091486089484924,901.5924394009124
0.7578385590393595,3684.90823547448,-812.3710685343842,-75.46987815217958,3606.7827956033134,-3260.764802513997,25815.380777596252,15034.266627485013,0.0012040222079783833,0.0012040222079783833,830.5494644314349
0.7585056704469646,3688.153976898957,-809.9590410084026,-77.64173464110125,3624.7113256289003,-3250.323791038166,27934.352239109707,16267.885777056461,0.001297756232804797,0.001297756232804797,770.5607376192164
0.7591727818545696,3691.404141283232,-807.5345816445005,-79.80635130868865,3644.05344568885,-3239.0598181550167,30053.323700622805,17501.504926627706,0.001390243324656235,0.001390243324656235,719.2985445531772
0.7598398932621747,3694.6591285384225,-805.0967474206401,-81.96317914799971,3664.809155783166,-3226.972883864546,32172.29516213626,18735.12407619915,0.0014813735773061961,0.0014813735773061961,675.0491674209892
0.7605070046697798,3697.9193523417734,-802.644595314784,-84.11166915209121,3686.9784559118493,-3214.0629881667573,34291.26662364971,19968.7432257706,0.001571034611881564,0.001571034611881564,636.5232137071383
0.7611741160773848,3701.18524098836,-800.1771823048953,-86.25127231401993,3710.5613460748928,-3200.3301310616507,36410.23808516281,21202.362375341843,0.0016591117074806685,0.0016591117074806685,602.7321701674218
0.76184122748499,3704.4572235077067,-797.6935719854637,-88.38142474709194,3735.478669272181,-3185.596298281147,37897.87843287665,23855.76683713088,0.0017734277331627095,0.0017734277331627095,563.8797574325806
0.762508338892595,3707.735084586201,-795.1931259682848,-90.5008923606879,3760.9073471971365,-3168.010488876735,38337.29798614752,28866.489757301686,0.0019344456556586464,0.0019344456556586464,516.9439612194826
0.7631754503002001,3711.0177201255215,-792.6756184108632,-92.60751330009167,3786.6291669188076,-3147.0819690519256,38776.71753941845,33877.212677473326,0.0020970750164127933,0.0020970750164127933,476.85466288687
0.7638425617078052,3714.3039930053055,-790.1408537549623,-94.6990576050491,3812.6441284371913,-3122.8107388067206,39216.1370926894,38887.935597644966,0.002261747010233608,0.002261747010233608,442.13609898691254
0.7645096731154102,3717.5928036245823,-787.5886364423465,-96.77329531530616,3838.9522317522815,-3095.1967981411262,39655.556645960256,43898.65851781577,0.0024288703784610165,0.0024288703784610165,411.7140251155029
0.7651767845230153,3720.883093226941,-785.0187709147779,-98.82799647060972,3865.553476864089,-3064.2401470551326,40094.9761992312,48909.38143798741,0.002598830962620121,0.002598830962620121,384.78839693052134
0.7658438959306203,3724.173847346611,-782.4310616140207,-100.86093111070534,3892.4478637726024,-3029.94078554875,40534.39575250207,53920.10435815821,0.002771990612644912,0.002771990612644912,360.75158243261285
0.7665110073382254,3727.4640993861135,-779.8253129818376,-102.86986927533994,3919.635392477833,-2992.298713621967,40973.81530577301,58930.82727832985,0.002948685413722843,0.002948685413722843,339.1341766558464
0.7671781187458305,3730.7529343352876,-777.2013294599925,-104.8525810042594,3947.1160629797755,-2951.3139312747885,41413.23485904394,63941.550198501485,0.003129223190966324,0.003129223190966324,319.56812888479
0.7678452301534355,3734.0394926405456,-774.5589154902488,-106.80683633720963,3974.8898752784244,-2906.9864385072233,41852.654412314805,68952.2731186723,0.0033138802479897858,0.0033138802479897858,301.7610550672748
0.7685123415610406,3737.322974232006,-771.8978755143694,-108.73040531393755,4002.9568293737902,-2859.3162353192565,42292.07396558575,73962.99603884394,0.0035028972946434703,0.0035028972946434703,285.4779674897038
0.7691794529686456,3740.602642714739,-769.218013974118,-110.62105797418869,4031.316925265862,-2808.3033217109023,42731.493518856616,78973.71895901473,0.0036964745213589035,0.0036964745213589035,270.5280380594585
0.7698465643762508,3743.877829728656,-766.519135311258,-112.47656435770999,4059.9701629546516,-2753.9476976821466,43170.91307212756,83984.44187918637,0.003894765783674631,0.003894765783674631,256.7548488259853
0.7705136757838559,3747.147939479486,-763.8010439675526,-114.29469450424733,4088.9165424401526,-2696.249363232995,43610.33262539849,88995.16479935803,0.004097871871559792,0.004097871871559792,244.02910372582377
0.7711807871914609,3750.412453440858,-761.0635443847655,-116.07321845354664,4118.156063722361,-2635.208318363459,44049.75217866936,94005.88771952882,0.004305832855311658,0.004305832855311658,232.2431068745281
0.771847898599066,3753.670935224574,-758.3064410046594,-117.80990624535475,4147.688726801285,-2570.8245630735187,44489.171731940296,99016.61063970045,0.004518619524339514,0.004518619524339514,221.30652837963157
0.772515010006671,3756.923035612758,-755.5295382689985,-119.50252791941732,4177.514531676917,-2503.0980973631945,44928.591285211165,104027.33355987126,0.0047361239683834985,0.0047361239683834985,211.14312181767346
0.7731821214142761,3760.168497741604,-752.7326406195452,-121.14885351548114,4207.633478349264,-2432.028921232464,45368.0108384821,109038.0564800429,0.00495814939392051,0.00495814939392051,201.68815429929583
0.7738492328218812,3763.4071624218595,-749.9155524980636,-122.74665307329218,4238.045566818324,-2357.6170346813396,45807.43039175305,114048.77940021455,0.00518439932274484,0.00518439932274484,192.88637655915707
0.7745163442294862,3766.638973576029,-747.0780783463173,-124.29369663259644,4268.750797084091,-2279.862437709833,46246.8499450239,119059.50232038535,0.005414466385661699,0.005414466385661699,184.6904069158406
0.7751834556370913,3769.8639837664177,-744.2200226060688,-125.78775423314063,4299.749169146574,-2198.765130317919,46686.26949829485,124070.22524055699,0.0056478210019136315,0.0056478210019136315,177.0594357826095
0.7758505670446963,3773.0823597816934,-741.3411897190823,-127.22659591467048,4331.040683005764,-2114.3251125056245,47125.689051565714,129080.94816072778,0.005883800323434706,0.005883800323434706,169.9581809425245
0.7765176784523015,3776.294388242601,-738.4413841271205,-128.60799171693273,4362.62533866167,-2026.542384272921,47565.10860483665,134091.67108089942,0.0061215979200238135,0.0061215979200238135,163.35604086785725
0.7771847898599066,3779.500481179887,-735.5204102719467,-129.92971167967337,4394.503136114288,-1935.4169456198229,48004.52815810759,139102.39400107108,0.006360254783059361,0.006360254783059361,157.22640587661925
0.7778519012675116,3782.701181529572,-732.5780725953255,-131.18952584263837,4426.674075363614,-1840.9487965463456,48443.94771137846,144113.11692124186,0.006598652325400835,0.006598652325400835,151.54609618551999
0.7785190126751167,3785.8971684825538,-729.6141755390187,-132.38520424557447,4459.1381564096555,-1743.137937052458,48883.367264649394,149123.8398414135,0.0068355081452488795,0.0068355081452488795,146.29490284421132
0.7791861240827217,3789.089262617418,-726.6285235447909,-133.51451692822752,4491.895379252404,-1641.9843671381927,49322.786817920256,154134.5627615843,0.007069375391179531,0.007069375391179531,141.45521275439714
0.7798532354903268,3792.2785018994405,-723.621047343354,-134.57580581245546,4524.310616809124,-1540.3641723058995,47632.77006685494,149502.4267177278,0.006867871702340462,0.006867871702340462,145.60551555720178
0.7805203468979319,3795.4663549667634,-720.5923729760843,-135.57056143866978,4555.4392138489475,-1442.5550936377301,45690.763858526865,143729.1911294244,0.006605212840087618,0.006605212840087618,151.39557561732335
0.7811874583055369,3798.654273420645,-717.5433644995475,-136.50135216627936,4585.272276393549,-1348.597406289325,43748.7576501991,137955.95554112195,0.006334187119303401,0.006334187119303401,157.8734541883844
0.781854569713142,3801.843537771988,-714.4748861795831,-137.37074730236904,4613.809804442942,-1258.4911102606532,41806.75144187103,132182.71995281856,0.006056803104751302,0.006056803104751302,165.10360048117514
0.782521681120747,3805.0352628312285,-711.3878022820331,-138.18131615402305,4641.051797997112,-1172.2362055517442,39864.74523354326,126409.48436451612,0.005774888096750632,0.005774888096750632,173.16352858208143
0.7831887925283522,3808.2304038271777,-708.2829770727369,-138.93562802832636,4666.998257056073,-1089.8326921625696,37922.73902521518,120636.24877621273,0.0054900755662983846,0.0054900755662983846,182.1468553436028
0.7838559039359573,3811.4297630201113,-705.1612748175361,-139.63625223236323,4691.649181619818,-1011.2805700931441,35980.73281688711,114863.01318790934,0.0052037996488273576,0.0052037996488273576,192.16727535337444
0.7845230153435623,3814.633996700702,-702.0235597822714,-140.28575807321818,4715.004571688343,-936.5798393434796,34038.726608559344,109089.7775996069,0.004917295550398682,0.004917295550398682,203.36381853617127
0.7851901267511674,3817.8436224762154,-698.8706962327831,-140.88671485797596,4737.064427261657,-865.7304999135516,32096.72040023127,103316.54201130348,0.00463160469596532,0.00463160469596532,215.90789060023175
0.7858572381587724,3821.059026756203,-695.7035484349122,-141.44169189372093,4757.828748339752,-798.7325518033833,30154.71419190351,97543.30642300104,0.004347583496893626,0.004347583496893626,230.0128337303943
0.7865243495663775,3824.2804723611625,-692.522980654499,-141.95325848753785,4777.297534922634,-735.5859950129527,28212.70798357543,91770.07083469765,0.004065914712227797,0.004065914712227797,245.9471166457596
0.7871914609739826,3827.5081061888372,-689.3298571573846,-142.42398394651124,4795.470787010303,-676.2908295422711,26270.70177524735,85996.83524639426,0.003787120505644941,0.003787120505644941,264.05285982039317
0.7878585723815876,3830.741966883721,-686.1250422094098,-142.85643757772542,4812.348504602751,-620.8470553913472,24328.695566919592,80223.59965809181,0.0035115764415097127,0.0035115764415097127,284.7723854674442
0.7885256837891927,3833.9819924655962,-682.9094000764148,-143.25318868826517,4827.930687699987,-569.2546725601628,22386.689358591513,74450.3640697884,0.0032395258065251,0.0032395258065251,308.6871535290089
0.7891927951967977,3837.2280278824687,-679.683795024241,-143.61680658521502,4842.217336302006,-521.5136810487353,20444.683150263758,68677.12848148595,0.0029710937794326184,0.0029710937794326184,336.57638372861027
0.7898599066044029,3840.4798324619305,-676.4490913187283,-143.9498605756595,4855.208450408811,-477.6240808570484,18502.676941935675,62903.892893182565,0.002706301094469233,0.002706301094469233,369.5080351715716
0.790527018012008,3843.737087242747,-673.2061532257176,-144.2549199666831,4866.9040300204,-437.58587198511054,16560.670733607596,57130.65730487916,0.0024450769518639575,0.0024450769518639575,408.98508295931924
0.791194129419613,3846.9994021753496,-669.9558450110504,-144.53455406537046,4877.304075136772,-401.3990544329274,14618.66452527984,51357.42171657672,0.0021872710195326404,0.0021872710195326404,457.19071439700804
0.7918612408272181,3850.26632318591,-666.6990309405666,-144.7913321788062,4886.408585757931,-369.06362820048696,12676.65831695176,45584.18612827332,0.001932664444697338,0.001932664444697338,517.4203948045433
0.7925283522348231,3853.53733910385,-663.4365752801073,-145.02782361407463,4894.217561883873,-340.5795932877999,10734.652108624003,39810.95053997089,0.0016809798537001646,0.0016809798537001646,594.8911272189282
0.7931954636424282,3856.811888457087,-660.1693422955125,-145.24659767826057,4900.7310035146,-315.94694969485687,8792.645900295924,34037.71495166748,0.0014318903646052125,0.0014318903646052125,698.3774908463126
0.7938625750500333,3860.0893661430314,-656.8981962526235,-145.45022367844845,4905.948910650111,-295.1656974216628,6850.639691967841,28264.479363364077,0.0011850276723183984,0.0011850276723183984,843.8621505298618
0.7945296864576383,3863.3691299865027,-653.6240014172815,-145.64127092172282,4909.8712832904075,-278.23583646822027,4908.633483640084,22491.243775061637,0.0009399892919385559,0.0009399892919385559,1063.841906047337
0.7951967978652434,3866.6505071983,-650.3476220553259,-145.82230871516828,4912.498121435488,-265.1573668345237,2966.627275312004,16718.00818675824,0.0006963450648155241,0.0006963450648155241,1436.0696306003408
0.7958639092728484,3869.932800750247,-647.069922432599,-145.99590636586933,4913.829425085354,-255.93028852057734,1024.6210669842485,10944.772598455802,0.00045364304504869475,0.00045364304504869475,2204.376350336548
0.7965310206804536,3873.2152956842424,-643.7917668149398,-146.16463318091056,4913.865194240004,-250.55460152637806,-917.3851413438333,5171.5370101524,0.00021141489339017807,0.00021141489339017807,4730.035731940814
0.7971981320880587,3876.4972653740933,-640.5140194681901,-146.3310584673766,4912.605428899438,-249.0303058519279,-2859.3913496719138,-601.698578151003,3.081908805802047e-05,3.081908805802047e-05,32447.4234317831
0.7978652434956637,3879.777977759913,-637.2375446581907,-146.49775153235183,4910.0501290636585,-251.35740149722602,-4801.3975579996695,-6374.934166453441,0.00027354514239747715,0.00027354514239747715,3655.7037395566003
0.7985323549032688,3883.0567015754723,-633.9632066507816,-146.667281682921,4906.199294732662,-257.53588846227325,-6743.40376632775,-12148.169754756844,0.0005172513243696208,0.0005172513243696208,1933.2961616264774
0.7991994663108739,3886.3327973307833,-630.6917690508751,-146.84192253691748,4901.583085294742,-266.0084352723826,-6823.919915547332,-12453.319475150245,0.000531402016075452,0.000531402016075452,1881.8144639067634
0.7998665777184789,3889.606161322917,-627.4233678472237,-147.0221041035891,4897.110199641724,-274.1057590354708,-6585.791272202989,-11822.457166590688,0.0005059700262703896,0.0005059700262703896,1976.4016603339296
0.800533689126084,3892.876892930562,-624.1578975685125,-147.20754710858083,4892.796172323157,-281.78222735589213,-6347.662628858607,-11191.594858031021,0.0004803745136354515,0.0004803745136354515,2081.709107404653
0.801200800533689,3896.1450905575966,-620.895252238535,-147.39797079442582,4888.641003339044,-289.0378402336441,-6109.533985514265,-10560.732549471462,0.000454622388427113,0.000454622388427113,2199.627703025726
0.8018679119412941,3899.410851277381,-617.6353258810835,-147.59309440365737,4884.644692689382,-295.872597668729,-5871.405342169884,-9929.870240911798,0.00042872050168668807,0.00042872050168668807,2332.521995252765
0.8025350233488993,3902.6742709028244,-614.3780125199509,-147.79263717880872,4880.807240374173,-302.28649966114574,-5633.276698825502,-9299.007932352133,0.00040267564743474326,0.00040267564743474326,2483.388321023456
0.8032021347565043,3905.935444057089,-611.1232061789312,-147.99631836241304,4877.1286463934175,-308.2795462108932,-5395.14805548116,-8668.145623792576,0.00037649456526771334,0.00037649456526771334,2656.0808368878625
0.8038692461641094,3909.1944642449016,-607.8708008818157,-148.20385719700366,4873.608910747113,-313.8517373179734,-5157.019412136778,-8037.283315232911,0.0003501839433391087,0.0003501839433391087,2855.642067607957
0.8045363575717144,3912.4514239244213,-604.6206906523986,-148.41497292511377,4870.248033435262,-319.0030729823846,-4918.890768792435,-7406.421006673351,0.0003237504217071573,0.0003237504217071573,3088.799065424947
0.8052034689793195,3915.706414579659,-601.3727695144719,-148.62938478927666,4867.046014457864,-323.7335532041284,-4680.762125448054,-6775.558698113687,0.0002972005960300856,0.0002972005960300856,3364.730802554548
0.8058705803869246,3918.95952679339,-598.1269314918286,-148.84681203202553,4864.002853814918,-328.043177983204,-4442.633482103673,-6144.696389554022,0.0002705410215900149,0.0002705410215900149,3696.2971238994833
0.8065376917945296,3922.2108503205454,-594.8830706082624,-149.06697389589363,4861.118551506425,-331.9319473196107,-4204.50483875933,-5513.834080994464,0.00024377821762578973,0.00024377821762578973,4102.089225769318
0.8072048032021347,3925.4604741620456,-591.6410808875652,-149.28958962341423,4858.393107532384,-335.3998612133498,-3966.3761954149486,-4882.971772434799,0.00021691867195481538,0.00021691867195481538,4610.022691860764
0.8078719146097397,3928.708486639041,-588.4008563535308,-149.5143784571205,4855.826521892796,-338.4469196644203,-3728.247552070606,-4252.109463875239,0.00018996884586361087,0.00018996884586361087,5264.021031732515
0.8085390260173448,3931.9549754675386,-585.1622910299509,-149.7410596395458,4853.41879458766,-341.07312267282293,-3490.118908726224,-3621.2471553155747,0.0001629351792462816,0.0001629351792462816,6137.41000946437
0.80920613742495,3935.2000278333703,-581.9252789406195,-149.96935241322336,4851.169925616978,-343.2784702385575,-3251.9902653818426,-2990.3848467559114,0.00013582409597002906,0.00013582409597002906,7362.463875486865
0.809873248832555,3938.4437304674884,-578.6897141093293,-150.19897602068627,4849.079914980746,-345.06296236162336,-3013.8616220375,-2359.5225381963514,0.0001086420094462552,0.0001086420094462552,9204.542562282928
0.8105403602401601,3941.6861697215454,-575.4554905598726,-150.42964970446798,4847.1487626789685,-346.42659904202145,-2775.7329786931186,-1728.6602296366864,8.139532838566426e-05,8.139532838566426e-05,12285.717372646228
0.8112074716477651,3944.9274316437304,-572.2225023160431,-150.66109270710152,4845.376468711642,-347.36938027975106,-2537.6043353487767,-1097.7979210771282,5.4090462715470295e-05,5.4090462715470295e-05,18487.547523123558
0.8118745830553702,3948.1676020548416,-568.9906434016328,-150.89302427112034,4843.763033078771,-347.89130607481263,-2299.475692004395,-466.9356125174627,2.6733829636360672e-05,2.6733829636360672e-05,37405.78935387171
0.8125416944629753,3951.4067666245483,-565.7598078404354,-151.1251636390576,4842.3084557803495,-347.99237642720607,-2061.3470486600136,163.9266960422001,6.681402031722029e-07,6.681402031722029e-07,1496691.8548714623
0.8132088058705803,3954.645010947829,-562.5298896562435,-151.35723005344647,4841.012736816383,-347.6725913369313,-1823.2184053156716,794.7890046017592,2.810899643806793e-05,2.810899643806793e-05,35575.798737720244
0.8138759172781854,3957.8824206215445,-559.3007828728498,-151.58894275682033,4839.875876186868,-346.93195080398823,-1585.0897619712898,1425.6513131614247,5.558226264656664e-05,5.558226264656664e-05,17991.351060296765
0.8145430286857904,3961.119081321117,-556.0723815140475,-151.82002099171223,4838.897873891804,-345.7704548283771,-1346.9611186269476,2056.513621720984,8.308142996207321e-05,8.308142996207321e-05,12036.384068696234
0.8152101400933955,3964.355078877294,-552.8445796036292,-152.05018400065563,4838.078729931193,-344.1881034100976,-1108.832475282566,2687.3759302806484,0.00011059995066083471,0.00011059995066083471,9041.595353569328
0.8158772515010007,3967.590499352955,-549.6172711653877,-152.27915102618363,4837.418444305035,-342.18489654914987,-870.7038319381844,3318.238238840312,0.0001381312317492975,0.0001381312317492975,7239.4923822510955
0.8165443629086057,3970.825429119932,-546.3903502231168,-152.5066413108296,4836.917017013331,-339.7608342455342,-632.5751885938421,3949.1005473998716,0.00016566862857556364,0.00016566862857556364,6036.145820715156
0.8172114743162108,3974.0599549358276,-543.1637108006081,-152.73237409712664,4836.574448056078,-336.91591649925005,-394.4465452494604,4579.962855959536,0.0001932054384895079,0.0001932054384895079,5175.837739444924
0.8178785857238158,3977.2941640207746,-539.9372469216556,-152.95606862760806,4836.390737433278,-333.6501433102983,-156.31790190511833,5210.825164519096,0.00022073489457641668,0.00022073489457641668,4530.3213246775895
0.8185456971314209,3980.5281441341285,-536.7108526100512,-153.1774441448071,4836.365885144931,-329.96351467867765,81.81074143926344,5841.6874730787595,0.0002482501594894729,0.0002482501594894729,4028.1947937375053
0.819212808539026,3983.761983651046,-533.4844218895887,-153.39621989125706,4836.499891191035,-325.85603060438876,319.9393847836451,6472.549781638424,0.0002757443194064462,0.0002757443194064462,3626.547963535754
0.819879919946631,3986.9957716389285,-530.2578487840607,-153.61211510949107,4836.792755571593,-321.3276910874324,558.0680281279872,7103.412090197983,0.00030321037813649173,0.00030321037813649173,3298.0401467321967
0.8205470313542361,3990.2295979080927,-527.031027350088,-153.8248491509389,4837.243316361747,-316.3823503868949,768.7800517670275,7643.329829437333,0.00032670334704113104,0.00032670334704113104,3060.880793100974
0.8212141427618411,3993.4635352699597,-523.8038744269477,-154.03421694012175,4837.763631668821,-311.3117234421323,791.1252388395437,7558.409750962974,0.0003231204672748951,0.0003231204672748951,3094.8209763179407
0.8218812541694462,3996.697607965752,-520.5763694233053,-154.24022095254128,4838.298853705096,-306.2977476504536,813.4704259120634,7473.4896724886,0.000319532341349004,0.000319532341349004,3129.5736631171435
0.8225483655770514,3999.931831819697,-517.3485023947126,-154.44289898082798,4838.848982470571,-301.3404230118599,835.8156129845831,7388.569594014226,0.00031593916279493584,0.00031593916279493584,3165.166328712032
0.8232154769846564,4003.1662225405544,-514.1202633967206,-154.64228881761224,4839.414017965249,-296.43974952635205,858.1608000570993,7303.649515539866,0.00031234112351853345,0.00031234112351853345,3201.627722712161
0.8238825883922615,4006.4007957228278,-510.89164248487936,-154.8384282555247,4839.9939601891265,-291.5957271939283,880.5059871296191,7218.729437065494,0.0003087384137967195,0.0003087384137967195,3238.9879435554235
0.8245496997998665,4009.635566847977,-507.66262971474066,-155.03135508719566,4840.588809142206,-286.8083560145903,902.8511742021351,7133.809358591133,0.00030513122227493,0.00030513122227493,3277.2785182205243
0.8252168112074716,4012.8705512856404,-504.4332151418546,-155.22110710525573,4841.198564824486,-282.07763598833657,925.1963612746549,7048.88928011676,0.0003015197359652409,0.0003015197359652409,3316.532487662034
0.8258839226150767,4016.105764294861,-501.20338882177253,-155.40772210233538,4841.823227235968,-277.4035671151678,947.5415483471747,6963.969201642387,0.0002979041402451888,0.0002979041402451888,3356.7844984529384
0.8265510340226817,4019.3412210253146,-497.9731408100458,-155.591237871065,4842.462796376651,-272.78614939508475,969.8867354196909,6879.049123168027,0.0002942846188572622,0.0002942846188572622,3398.0709011673935
0.8272181454302868,4022.576936518548,-494.7424611622242,-155.7716922040751,4843.117272246534,-268.22538282808586,992.2319224922107,6794.129044693654,0.0002906613539090537,0.0002906613539090537,3440.4298560891393
0.8278852568378918,4025.8129257092146,-491.5113399338598,-155.94912289399613,4843.7866548456195,-263.72126741417264,1014.5771095647268,6709.208966219295,0.00028703452587406763,0.00028703452587406763,3483.901446889828
0.8285523682454969,4029.049203426324,-488.27976718050246,-156.12356773345869,4844.470944173906,-259.27380315334375,1036.9222966372465,6624.28888774492,0.00028340431359315477,0.00028340431359315477,3528.527802987377
0.829219479653102,4032.2857843944835,-485.04773295770366,-156.29506451509317,4845.170140231393,-254.88299004559988,1059.2674837097663,6539.368809270548,0.00027977089427657964,0.00027977089427657964,3574.353231367258
0.8298865910607071,4035.522683235157,-481.81522732101456,-156.46365103153002,4845.884243018081,-250.54882809094158,1081.6126707822825,6454.448730796188,0.00027613444350669023,0.00027613444350669023,3621.4243587318792
0.8305537024683122,4038.759914467918,-478.58224032598537,-156.62936507539976,4846.613252533971,-246.2713172893676,1103.9578578548023,6369.528652321815,0.00027249513524118775,0.00027249513524118775,3669.7902849344136
0.8312208138759172,4041.9974925117112,-475.34876202816764,-156.79224443933282,4847.357168779062,-242.05045764087927,1126.3030449273183,6284.608573847456,0.00026885314181698415,0.00026885314181698415,3719.5027487561515
0.8318879252835223,4045.235431686119,-472.1147824831116,-156.95232691595976,4848.115991753353,-237.8862491454752,1148.6482319998381,6199.688495373082,0.0002652086339546229,0.0002652086339546229,3770.6163072017466
0.8325550366911274,4048.473746212626,-468.8802917463684,-157.10965029791103,4848.889721456846,-233.7786918031561,1170.993419072358,6114.768416898708,0.00026156178076326627,0.00026156178076326627,3823.1885296157916
0.8332221480987324,4051.7124502158927,-465.64527987348976,-157.264252377817,4849.678357889541,-229.72778561392272,1193.3386061448741,6029.848338424349,0.0002579127497462221,0.0002579127497462221,3877.280208070241
0.8338892595063375,4054.951557725034,-462.40973692002507,-157.41617094830826,4850.481901051436,-225.73353057777356,1215.683793217394,5944.928259949975,0.0002542617068070033,0.0002542617068070033,3932.95558563621
0.8345563709139425,4058.1910826748913,-459.17365294152677,-157.5654438020153,4851.3003509425325,-221.79592669471006,1238.0289802899101,5860.008181475616,0.0002506088162559107,0.0002506088162559107,3990.282604339202
0.8352234823215476,4061.431038907321,-455.9370179935443,-157.71210873156855,4852.133707562831,-217.91497396473082,1260.37416736243,5775.088103001243,0.000246954240817115,0.000246954240817115,4049.333174806916
0.8358905937291528,4064.671440172476,-452.69982213162956,-157.85620352959853,4852.981970912329,-214.0906723878366,1282.7193544349495,5690.168024526869,0.00024329814163623985,0.00024329814163623985,4110.183469856177
0.8365577051367578,4067.9123001300945,-449.4620554113335,-157.99776598873558,4853.845140991029,-210.32302196402802,1305.064541507466,5605.24794605251,0.00023964067828841976,0.00023964067828841976,4172.914244535934
0.8372248165443629,4071.1536323507926,-446.2237078882062,-158.13683390161034,4854.723217798931,-206.61202269330371,1327.4097285799855,5520.327867578137,0.00023598200878682598,0.00023598200878682598,4237.61118544994
0.8378919279519679,4074.3954503173563,-442.98476961779943,-158.27344506085316,4855.616201336033,-202.95767457566504,1349.7549156525015,5435.407789103778,0.00023232228959165277,0.00023232228959165277,4304.365292532523
0.838559039359573,4077.6377674260407,-439.7452306556633,-158.40763725909463,4856.524091602336,-199.35997761111068,1372.1001027250215,5350.487710629403,0.00022866167561953657,0.00022866167561953657,4373.273296850455
0.8392261507671781,4080.8805969878667,-436.50508105734906,-158.5394482889652,4857.44688859784,-195.81893179964132,1394.4452897975414,5265.567632155031,0.00022500032025341547,0.00022500032025341547,4444.438118460056
0.8398932621747831,4084.123952229924,-433.2643108784082,-158.66891594309524,4858.384592322545,-192.3345371412575,1416.7904768700573,5180.647553680671,0.00022133837535279747,0.00022133837535279747,4517.969368872758
0.8405603735823882,4087.3678462966764,-430.0229101743907,-158.79607801411544,4859.3372027764535,-188.9067936359581,1439.1356639425771,5095.727475206298,0.00021767599126443465,0.00021767599126443465,4593.983903283075
0.8412274849899932,4090.6122922512664,-426.78086900084827,-158.92097229465605,4860.304719959561,-185.5357012837442,1461.480851015093,5010.807396731938,0.00021401331683339563,0.00021401331683339563,4672.606428404998
0.8418945963975983,4093.857303076827,-423.5381774133308,-159.04363657734768,4861.28714387187,-182.22126008461476,1483.826038087613,4925.887318257564,0.00021035049941450814,0.00021035049941450814,4753.970172561562
0.8425617078052035,4097.102891677789,-420.2948254673899,-159.16410865482078,4862.28447451338,-178.96347003857025,1506.1712251601327,4840.967239783191,0.00020668768488417888,0.00020668768488417888,4838.217625594712
0.8432288192128085,4100.349070881193,-417.05080321857685,-159.28242631970585,4863.296711884092,-175.76233114561126,1528.516412232649,4756.047161308832,0.00020302501765256215,0.00020302501765256215,4925.501357233253
0.8438959306204136,4103.595853438013,-413.8061007224414,-159.3986273646333,4864.323855984005,-172.6178434057367,1550.8615993051687,4671.127082834459,0.00019936264067607314,0.00019936264067607314,5015.9849237993
0.8445630420280186,4106.8432520244605,-410.56070803453576,-159.51274958223362,4865.365906813117,-169.5300068189476,1573.2067863776847,4586.207004360099,0.00019570069547023803,0.00019570069547023803,5109.84387458183
0.8452301534356237,4110.091279243313,-407.3146152104095,-159.62483076513735,4866.422864371432,-166.49882138524302,1595.5519734502043,4501.286925885725,0.00019203932212285416,0.00019203932212285416,5207.266870897751
0.8458972648432288,4113.339947625226,-404.06781230561427,-159.73490870597493,4867.4947286589495,-163.5242871046234,1617.8971605227243,4416.366847411352,0.00018837865930746887,0.00018837865930746887,5308.4569328408625
0.8465643762508338,4116.589269630062,-400.8202893757014,-159.8430211973768,4868.581499675665,-160.6064039770892,1640.2423475952405,4331.446768936992,0.00018471884429714771,0.00018471884429714771,5413.6328310464705
0.8472314876584389,4119.8392576482065,-397.5720364762207,-159.94920603197352,4869.683177421584,-157.7451720026395,1662.5875346677603,4246.526690462619,0.000181060012978527,0.000181060012978527,5523.030643539145
0.8478985990660439,4123.089924001896,-394.3230436627242,-160.05350100239548,4870.799761896703,-154.94059118127524,1684.932721740276,4161.606611988259,0.0001774022998661473,0.0001774022998661473,5636.905500968787
0.848565710473649,4126.3412809465435,-391.07330099076177,-160.1559439012732,4871.931253101024,-152.1926615129955,1707.2779088127963,4076.6865335138855,0.00017374583811703888,0.00017374583811703888,5755.533547378434
0.8492328218812542,4129.5933406720615,-387.8227985158848,-160.2565725212372,4873.077651034546,-149.50138299780073,1729.6230958853157,3991.766455039512,0.00017009075954556804,0.00017009075954556804,5879.2141482094785
0.8498999332888592,4132.8461153041935,-384.57152629364464,-160.3554246549178,4874.2389556972685,-146.86675563569136,1751.9682829578321,3906.846376565153,0.0001664371946385172,0.0001664371946385172,6008.27238269599
0.8505670446964643,4136.099616905843,-381.31947437959116,-160.45253809494568,4875.415167089192,-144.2887794266665,1774.3134700303517,3821.9262980907793,0.00016278527257039386,0.00016278527257039386,6143.061864319244
0.8512341561040693,4139.353857478396,-378.06663282927644,-160.54795063395122,4876.606285210319,-141.7674543707271,1796.6586571028681,3737.0062196164204,0.0001591351212189644,0.0001591351212189644,6283.967940829572
0.8519012675116744,4142.608848963062,-374.81299169825013,-160.64170006456484,4877.812310060644,-139.3027804678722,1819.0038441753877,3652.0861411420465,0.00015548686718098607,0.00015548686718098607,6431.411334797839
0.8525683789192795,4145.864603242195,-371.5585410420638,-160.73382417941713,4879.033241640171,-136.89475771810228,1841.3490312479078,3567.166062667673,0.00015184063578814564,0.00015184063578814564,6585.852297109988
0.8532354903268845,4149.121132140628,-368.3032709162688,-160.8243607711385,4880.269079948899,-134.5433861214177,1863.6942183204237,3482.245984193314,0.00014819655112317795,0.00014819655112317795,6747.795359750447
0.8539026017344896,4152.378447427011,-365.0471713764152,-160.91334763235946,4881.51982498683,-132.24866567781777,1886.0394053929435,3397.32590571894,0.000144554736036162,0.000144554736036162,6917.79479123976
0.8545697131420946,4155.6365608151345,-361.7902324780546,-161.00082255571044,4882.785476753961,-130.01059638730314,1908.3845924654597,3312.405827244581,0.00014091531216098866,0.00014091531216098866,7096.460878982053
0.8552368245496997,4158.895483965269,-358.532444276737,-161.08682333382194,4884.066035250293,-127.82917824987311,1930.7297795379795,3227.4857487702075,0.00013727839993197527,0.00013727839993197527,7284.467188541853
0.8559039359573049,4162.155228485492,-355.2737968280139,-161.1713877593245,4885.361500475826,-125.70441126552805,1953.0749666104991,3142.565670295834,0.0001336441186006366,0.0001336441186006366,7482.5589818004655
0.8565710473649099,4165.415805933029,-352.0142801874366,-161.25455362484848,4886.671872430559,-123.6362954342683,1975.420153683015,3057.6455918214747,0.0001300125862525855,0.0001300125862525855,7691.56301573159
0.857238158772515,4168.677227815582,-348.75388441055514,-161.33635872302443,4887.997151114496,-121.62483075609322,1997.765340755535,2972.725513347101,0.0001263839198245611,0.0001263839198245611,7912.39899338573
0.85790527018012,4171.939505592662,-345.4925995529212,-161.41684084648278,4889.337336527632,-119.67001723100338,2020.110527828051,2887.805434872742,0.00012275823512158062,0.00012275823512158062,8146.093001496747
0.8585723815877251,4175.202650676926,-342.23041567008494,-161.49603778785414,4890.6924286699705,-117.77185485899824,2042.455714900571,2802.8853563983685,0.00011913564683418928,0.00011913564683418928,8393.793348784859
0.8592394929953302,4178.46667443551,-338.9673228175975,-161.57398733976885,4892.062427541509,-115.93034364007806,2064.8009019730907,2717.965277923995,0.0001155162685558193,0.0001155162685558193,8656.78932069022
0.8599066044029352,4181.731588191358,-335.7033110510105,-161.65072729485735,4893.44733314225,-114.14548357424314,2087.146089045607,2633.045199449635,0.00011190021280023213,0.00011190021280023213,8936.533496904356
0.8605737158105403,4184.997403224562,-332.4383704258736,-161.72629544575022,4894.84714547219,-112.41727466149285,2109.4912761181263,2548.125120975262,0.00010828759101904133,0.00010828759101904133,9234.668447136844
0.8612408272181453,4188.264130773687,-329.17249099773903,-161.80072958507796,4896.261864531332,-110.74571690182788,2131.836463190643,2463.205042500903,0.00010467851361931361,0.00010467851361931361,9553.058841059967
0.8619079386257504,4191.531782037109,-325.9056628221564,-161.87406750547098,4897.691490319676,-109.13081029524757,2154.1816502631623,2378.284964026529,0.00010107308998122423,0.00010107308998122423,9893.830298309515
0.8625750500333556,4194.800368174346,-322.63787595467716,-161.94634699955978,4899.136022837221,-107.57255484175226,2176.526837335682,2293.3648855521556,9.747142847577589e-05,9.747142847577589e-05,10259.416688948242
0.8632421614409606,4198.069900307384,-319.36912045085273,-162.0176058599747,4900.595462083966,-106.07095054134213,2198.8720244081987,2208.444807077796,9.3873636482558e-05,9.3873636482558e-05,10652.618109513665
0.8639092728485657,4201.340389522015,-316.09938636623315,-162.08788187934653,4902.069808059914,-104.62599739401675,2221.2172114807186,2123.524728603423,9.027982040754334e-05,9.027982040754334e-05,11076.672455547385
0.8645763842561707,4204.611846869162,-312.8286637563702,-162.15721285030543,4903.559060765061,-103.23769539977656,2243.5623985532343,2038.6046501290634,8.669008570092159e-05,8.669008570092159e-05,11535.344461995026
0.8652434956637758,4207.88428336621,-309.5569426768137,-162.2256365654821,4905.06322019941,-101.90604455862112,2265.907585625754,1953.68457165469,8.310453687494402e-05,8.310453687494402e-05,12033.037396078667
0.8659106070713809,4211.157199322603,-306.2847657656227,-162.29518596864983,4904.051196188672,-109.76978412854605,-5440.8101685374,-26037.744585820914,0.0010869100989712424,0.0010869100989712424,920.0392939089419
0.8665777184789859,4214.427961397556,-303.0150102232299,-162.37632316072325,4897.803095029482,-136.6493462762782,-13290.997106713925,-54547.1827330882,0.0022866789814889655,0.0022866789814889655,437.3154290983391
0.867244829886591,4217.69350376786,-299.75116967469137,-162.4817359017319,4886.318044612001,-182.54787983647088,-21141.184044891757,-83056.62088036022,0.0035043909912335813,0.0035043909912335813,285.35628658490236
0.867911941294196,4220.951048564913,-296.4967377485994,-162.624111964466,4869.596044936233,-247.46538480910868,-28991.370983068275,-111566.05902762749,0.004748578394468874,0.004748578394468874,210.5893420996895
0.8685790527018011,4224.1982610715695,-293.2552080735442,-162.8161391217157,4847.63709600217,-331.4018611942133,-36841.5579212461,-140075.4971748995,0.006025650511541951,0.006025650511541951,165.95718554943244
0.8692461641094062,4227.433410229313,-290.03007427811764,-163.0705051462712,4820.441197809817,-434.3573089917756,-44691.74485942393,-168584.9353221715,0.007338874555804226,0.007338874555804226,136.2606749026814
0.8699132755170113,4230.65553537713,-286.8248299909113,-163.39989781092248,4788.008350359179,-556.3317282017736,-52541.93179760045,-197094.37346943878,0.00868713227246377,0.00868713227246377,115.11278620331039
0.8705803869246164,4233.864619155178,-283.6429688405156,-163.81700488845996,4750.338553650244,-697.3251188242476,-60392.118735778284,-225603.81161671082,0.010063470888574592,0.010063470888574592,99.3692942596311
0.8712474983322214,4237.061765117917,-280.48798445552274,-164.33451415167366,4707.431807683026,-857.3374808591514,-68242.3056739548,-254113.24976397812,0.011453549439528591,0.011453549439528591,87.309179157056
0.8719146097398265,4240.249376758493,-277.36337046452286,-164.96511337335374,4659.288112457509,-1036.3688143065376,-76092.49261213264,-282622.6879112501,0.012834202136576834,0.012834202136576834,77.91680303601032
0.8725817211474316,4243.431332361922,-274.2726204961079,-165.7214903262905,4605.907467973703,-1234.4191191663815,-83942.67955031048,-311132.12605852215,0.014172490177159701,0.014172490177159701,70.55923041750235
0.8732488325550366,4246.613147514597,-271.21922817886946,-166.61633278327386,4547.289874231615,-1451.488395438645,-91792.86648848698,-339641.5642057894,0.015425756317641605,0.015425756317641605,64.82664314205158
0.8739159439626417,4249.802114522519,-268.2066871413979,-167.66232851709424,4483.435331231226,-1687.5766431234008,-99643.05342666483,-368151.00235306146,0.016543259728455228,0.016543259728455228,60.447579039090485
0.8745830553702467,4253.007239748302,-265.2386586673347,-168.87213622499647,4411.777817499643,-1942.2388504350442,-133675.8346305972,-392119.72907336144,0.01776299801726749,0.01776299801726749,56.29680299620004
0.8752501667778518,4256.226132277947,-262.3324486741868,-170.25604828619473,4290.259041287174,-2208.1810661323107,-230637.45645436124,-405175.033586991,0.020006763785723625,0.020006763785723625,49.983096252357285
0.875917278185457,4259.436554003893,-259.5288810280849,-171.82027848413938,4104.05606105618,-2482.832624400379,-327599.07827812526,-418230.33810062066,0.022923339932337437,0.022923339932337437,43.62366055521092
0.876584389593062,4262.618929822193,-256.87110729942185,-173.5706369206116,3853.1688768067047,-2766.1935252391986,-424560.70010187314,-431285.6426142481,0.02657692737294426,0.02657692737294426,37.6266219931058
0.8772515010006671,4265.760208168955,-254.40227905858941,-175.51293369739392,3537.597488538668,-3058.2637686488665,-521522.3219256372,-444340.9471278777,0.030968980950117887,0.030968980950117887,32.29037473369602
0.8779186124082721,4268.855811490131,-252.16554787598108,-177.6529789162673,3157.3418962521755,-3359.0433546292847,-618483.9437493852,-457396.2516415051,0.03594592357503988,0.03594592357503988,27.819566185646142
0.8785857238158772,4271.911935245213,-250.20406532198854,-179.99658267901415,2712.4020999470968,-3668.5322831805524,-715445.5655731491,-470451.5561551347,0.04107416456828361,0.04107416456828361,24.346204250546673
0.8792528352234823,4274.9513434615,-248.54712319213948,-182.54462998696764,2266.7657071834815,-3963.9924219924087,-615462.4817779547,-413522.1410500267,0.035467635993702826,0.035467635993702826,28.19471814184478
0.8799199466310873,4278.013541547936,-247.16408476469257,-185.2767101155103,1891.283415136054,-4220.246825277023,-510233.4297803461,-354728.55999732314,0.02855340188064205,0.02855340188064205,35.02209663773744
0.8805870580386924,4281.126105366069,-246.0081194136616,-188.1666578017436,1586.0006240876457,-4437.279359947462,-405004.3777827198,-295934.9789446098,0.021660997091186567,0.021660997091186567,46.16592651715374
0.8812541694462974,4284.301385469496,-245.0323962511224,-191.18830768968644,1350.9173340383595,-4615.090026003654,-299775.3257851111,-237141.39789190632,0.015322710607666582,0.015322710607666582,65.26260435276112
0.8819212808539025,4287.540025020308,-244.19008438914994,-194.31549442335964,1186.0335449881163,-4753.678823445657,-194546.27378748485,-178347.81683919302,0.009662243450216594,0.009662243450216594,103.4956327847011
0.8825883922615076,4290.834436297564,-243.4343529398197,-197.52205264678264,1091.3492569369614,-4853.0457522734405,-89317.2217898586,-119554.23578647972,0.004581933107589193,0.004581933107589193,218.24849392577778
0.8832555036691127,4294.171904466819,-242.7183710152071,-200.78181700397468,1066.864469884893,-4913.190812486994,15911.830207750143,-60760.65473377617,0.000105080447279372,0.000105080447279372,9516.518304698031
0.8839226150767178,4297.537303182207,-241.99530772738734,-204.06862213895678,1112.5791838319028,-4934.114004086342,121140.88220537643,-1967.0736810628878,0.004602265443223478,0.004602265443223478,217.2842945146573
0.8845897264843228,4300.915547464617,-241.21833218843585,-207.3563026957477,1228.493398777976,-4915.815327071474,226369.93420298514,56826.50737164065,0.009090502405149813,0.009090502405149813,110.0049211178356
0.8852568378919279,4304.293946886279,-240.34061351042777,-210.6186933183684,1414.6071147231507,-4858.294781442388,331598.9862006114,115620.08842435393,0.013697017254263843,0.013697017254263843,73.00859606413235
0.885923949299533,4307.664604216834,-239.31532080846299,-213.82962865177606,1670.918319233525,-4761.552991229357,435935.30275270913,174136.8435143536,0.018418053553383527,0.018418053553383527,54.29455382467888
0.886591060707138,4311.026221661346,-238.10562118953627,-216.96604359167438,1952.773841125052,-4639.436339661774,409067.5518781723,191968.87788529653,0.01781944826786284,0.01781944826786284,56.11846028945172
0.8872581721147431,4314.379646295604,-236.71387111674733,-220.01702515709522,2216.705579911528,-4505.423734544507,382199.801003631,209800.91225624245,0.017275450038354335,0.017275450038354335,57.88561211313372
0.8879252835223481,4317.724317431794,-235.15202775027365,-222.97463742172036,2462.713535592866,-4359.515175877601,355332.0501290941,227632.9466271854,0.016806391632475638,0.016806391632475638,59.50117204621493
0.8885923949299532,4321.058506894453,-233.4320482502915,-225.83094445923345,2690.7977081691474,-4201.710663661008,328464.2992545528,245464.9809981313,0.016428490540318207,0.016428490540318207,60.86986491825504
0.8892595063375583,4324.379488438968,-231.565889776978,-228.57801034331655,2900.9580976403304,-4032.010197894749,301596.54838001146,263297.0153690772,0.01615507908599571,0.01615507908599571,61.9000374233306
0.8899266177451634,4327.683703385617,-229.5655094905102,-231.20789914765206,3093.194704006384,-3850.413778578857,274728.79750547465,281129.0497400202,0.015997829602954115,0.015997829602954115,62.50847926367104
0.8905937291527685,4330.9669218277195,-227.44286455106447,-233.71267494592342,3267.5075272673726,-3656.9214057132717,247861.04663093336,298961.0841109661,0.015967896684810506,0.015967896684810506,62.62565569773833
0.8912608405603735,4334.224400130188,-225.20991211881827,-236.08440181181257,3423.8965674232377,-3451.5330792980576,220993.29575639652,316793.11848190904,0.0160769451422116,0.0160769451422116,62.20087156821862
0.8919279519679786,4337.453232577956,-222.87749574933588,-238.3171563561216,3567.4108022879086,-3243.3734519741856,209386.60294804533,307044.945745193,0.015832534348604176,0.015832534348604176,63.16108198357781
0.8925950633755837,4340.659041417264,-220.45189446167547,-240.41326434653692,3703.2652903193016,-3041.8673219257225,197905.15217004466,297070.43214006076,0.015464400340154732,0.015464400340154732,64.6646477072511
0.8932621747831887,4343.848943412409,-217.93821793409788,-242.37716481584266,3831.4603715608137,-2847.0153036885863,186423.70139204588,287095.9185349303,0.014993275645005232,0.014993275645005232,66.69656609248919
0.8939292861907938,4347.029184094881,-215.34157584424727,-244.2132967979362,3951.996046012486,-2658.8173972627137,174942.25061404522,277121.40492979804,0.014438828177628838,0.014438828177628838,69.25769790303171
0.8945963975983988,4350.20512992535,-212.6670778697695,-245.92609932671374,4064.8723136742797,-2477.273602648167,163460.79983604644,267146.8913246675,0.01382112934525608,0.01382112934525608,72.35298759020996
0.8952635090060039,4353.381276396301,-209.91983368830876,-247.52001143607268,4170.089174546232,-2302.383919844886,151979.34905804577,257172.37771953526,0.013159397719984797,0.013159397719984797,75.99131976088304
0.895930620413609,4356.561269705948,-207.1049529775104,-248.99947215990952,4267.646628628323,-2134.1483488529007,140497.89828004508,247197.86411440306,0.012471077955992848,0.012471077955992848,80.18553035501316
0.896597731821214,4359.747939303636,-204.22754541502,-250.3689205321209,4357.544675920541,-1972.5668896722377,129016.44750204631,237223.3505092725,0.011771268162616824,0.011771268162616824,84.95261395673565
0.8972648432288192,4362.9433385568655,-201.29272067848152,-251.6327955866039,4439.783316422911,-1817.6395423028434,117534.99672404563,227248.8369041403,0.011072458760199544,0.011072458760199544,90.31417697346008
0.8979319546364242,4366.148790955016,-198.305588445541,-252.79553635725497,4514.362550135409,-1669.3663067447696,106053.54594604687,217274.32329900976,0.010384517920625488,0.010384517920625488,96.29720008608423
0.8985990660440293,4369.36493957019,-195.27125839384234,-253.86158187797136,4581.28237705806,-1527.7471829979665,94572.09516804617,207299.80969387753,0.009714850208207098,0.009714850208207098,102.93519494054584
0.8992661774516344,4372.591797873085,-192.1948402010312,-254.83537118264962,4640.54279719085,-1392.7821710624596,83090.6443900455,197325.29608874535,0.009068660098012079,0.009068660098012079,110.26987329905637
0.8999332888592394,4375.828800397217,-189.08144354475303,-255.72134330518637,4692.14381053377,-1264.4712709382695,71609.19361204674,187350.78248361478,0.008449264442031203,0.008449264442031203,118.35349773472116
0.9006004002668445,4379.074852120287,-185.93617810265178,-256.5239372794788,4736.08541708684,-1142.8144826253538,60127.74283404607,177376.2688784826,0.007858412709304315,0.007858412709304315,127.25216109049678
0.9012675116744495,4382.328375764567,-182.76415355237359,-257.2475921394234,4772.367616850043,-1027.8118061237528,48646.29205604729,167401.75527335203,0.007296587726282405,0.007296587726282405,137.0503634730501
0.9019346230820546,4385.587356498393,-179.57047957156217,-257.89674691891696,4800.990409823391,-919.4632414334279,37164.84127804661,157427.24166821982,0.006763271057246999,0.006763271057246999,147.85744819860165
0.9026017344896597,4388.849383746526,-176.36026583786332,-258.4758406518565,4821.953796006879,-817.7687885543994,25683.39050004593,147452.72806308762,0.006257165602246349,0.006257165602246349,159.8167706542713
0.9032688458972647,4392.111689991993,-173.13862202892244,-258.9893123721386,4835.257775400505,-722.728447486682,14201.939722047162,137478.21445795707,0.00577637363746062,0.00577637363746062,173.11899519706535
0.9039359573048699,4395.371231906446,-169.91061079790066,-259.4415921356385,4841.450008601567,-634.2376576166412,6972.630399119054,128315.52942305314,0.005374327302588974,0.005374327302588974,186.06979882268618
0.9046030687124749,4398.6266051828,-166.67930753546673,-259.83673058553103,4845.944993323309,-551.2626706592372,6503.333796667441,120443.48147526867,0.005061854766853593,0.005061854766853593,197.55604339900722
0.90527018012008,4401.878786087413,-163.44511004477135,-260.1782671538601,4850.126904928007,-473.5392166890013,6034.037194215749,112571.43352748288,0.004742512171454502,0.004742512171454502,210.8587102884136
0.9059372915276851,4405.128762519779,-160.20822718046273,-260.46970519818865,4853.995743415659,-401.06729570594786,5564.740591764057,104699.3855796971,0.004417901871643649,0.004417901871643649,226.35179074902294
0.9066044029352901,4408.377361794675,-156.96886779718926,-260.71454807607995,4857.551508786265,-333.84690771008746,5095.443989312443,96827.33763191261,0.004089415458118684,0.004089415458118684,244.5337262113361
0.9072715143428952,4411.625261024874,-153.7272407495977,-260.9162991450972,4860.794201039824,-271.8780527013976,4626.147386860751,88955.28968412682,0.003758234813134083,0.003758234813134083,266.08236305652116
0.9079386257505002,4414.872997876156,-150.48355489233685,-261.07846176280344,4863.723820176339,-215.16073067989927,4156.850784409138,81083.24173634237,0.0034253385526737696,0.0034253385526737696,291.9419451894513
0.9086057371581053,4418.120981596999,-147.23801908005348,-261.204539286762,4866.340366195807,-163.6949416455734,3687.5541819574455,73211.19378855656,0.0030915126331647483,0.0030915126331647483,323.4662505571943
0.9092728485657104,4421.36950424036,-143.99084216739587,-261.2980350745359,4868.643839098229,-117.48068559842966,3218.2575795057537,65339.1458407708,0.0027573640209337326,0.0027573640209337326,362.6652093840579
0.9099399599733154,4424.6187520096955,-140.74223300901232,-261.3624524836883,4870.634238883607,-76.51796253847482,2748.9609770541397,57467.09789298632,0.0024233364762742274,0.0024233364762742274,412.6542103379122
0.9106070713809206,4427.868816675307,-137.49240045954969,-261.40129487178245,4872.311565551938,-40.80677246569492,2279.6643746024474,49595.04994520053,0.002089727672591846,0.002089727672591846,478.5312522371495
0.9112741827885256,4431.119707019976,-134.24155337365676,-261.41806559638144,4873.675819103222,-10.347115380102053,1810.3677721508343,41723.00199741605,0.0017567070401985688,0.0017567070401985688,569.2468790282558
0.9119412941961307,4434.371360284523,-130.98990060598027,-261.41626801504856,4874.726999537463,14.861008718314025,1341.0711696991425,33850.95404963028,0.0014243338838238943,0.0014243338838238943,702.0825744279216
0.9126084056037358,4437.6236535941525,-127.7376510111685,-261.39940548534685,4875.465106854656,34.81759982954773,871.7745672474502,25978.906101844488,0.0010925754663887574,0.0010925754663887574,915.2685839681692
0.9132755170113408,4440.8764153553075,-124.48501344386986,-261.3709813648395,4875.890141054805,49.52265795359715,402.47796479583667,18106.858154060013,0.0007613248755190541,0.0007613248755190541,1313.4997057835822
0.9139426284189459,4444.129436620109,-121.23219675873104,-261.3344990110897,4876.002102137906,58.97618309046713,-66.81863765585513,10234.81020627424,0.00043041859225435657,0.00043041859225435657,2323.3197124743356
0.9146097398265509,4447.38248242142,-117.97940981040091,-261.29346178166065,4875.800990103963,63.17817524015453,-536.1152401074692,2362.7622584897545,9.965376337980927e-05,9.965376337980927e-05,10034.743958326102
0.915276851234156,4450.6353030860855,-114.72686145352618,-261.2513730341154,4875.286804952973,62.12863440266071,-1005.4118425591612,-5509.2856892960335,0.00023119475952188177,0.00023119475952188177,4325.357555975889
0.9159439626417611,4453.887645537046,-111.47476054275522,-261.2117361260171,4874.459546684938,55.82756057798457,-1474.7084450108528,-13381.333637081807,0.0005623575088648429,0.0005623575088648429,1778.2282342394046
0.9166110740493661,4457.139264596789,-108.22331593273631,-261.1780544149291,4873.319215299856,44.27495376612845,-1944.005047462467,-21253.381584866293,0.0008940534884088067,0.0008940534884088067,1118.5013122422372
0.9172781854569713,4460.389934305035,-104.9727364781162,-261.15383125841436,4871.86581079773,27.470813967088475,-2413.3016499141586,-29125.42953265207,0.0012264731239559283,0.0012264731239559283,815.34603609947
0.9179452968645763,4463.639459262615,-101.72323103354377,-261.14257001403615,4870.099333178557,5.415141180870393,-2882.598252365772,-36997.477480436544,0.001559760954179455,0.001559760954179455,641.1238833235642
0.9186124082721814,4466.887686011213,-98.47500845366574,-261.1477740393576,4868.0197824423385,-21.892064592533387,-3351.8948548174644,-44869.52542822233,0.0018939979687267884,0.0018939979687267884,527.9836707914924
0.9192795196797865,4470.1345144549705,-95.2282775931304,-261.17294669194195,4865.627158589074,-54.4508033531194,-3821.191457269156,-52741.57337600811,0.0022291835503690334,0.0022291835503690334,448.5947331858131
0.9199466310873915,4473.379909576062,-91.98324698481007,-261.22158662483537,4862.929708731657,-92.14049844381252,-4149.572521170254,-58553.37008365754,0.0024780202461205476,0.0024780202461205476,403.54795388195276
0.9206137424949966,4476.623975776483,-88.7400296985158,-261.2957967763963,4860.272832583809,-129.91124411361196,-3815.742170078736,-54683.3254343936,0.0023167417515052515,0.0023167417515052515,431.6406864728329
0.9212808539026016,4479.866992533995,-85.49851056107472,-261.3943430655176,4857.838658471379,-165.1002388499406,-3481.9118189872725,-50813.28078513031,0.0021545137697214587,0.0021545137697214587,464.1418467839649
0.9219479653102067,4483.109226716488,-82.25854100541748,-261.5155031767001,4855.6271863943675,-197.70748265281028,-3148.0814678957545,-46943.23613586638,0.0019915328798013783,0.0019915328798013783,502.12577966562776
0.9226150767178118,4486.350909127903,-79.01997246447623,-261.6575547944444,4853.638416352773,-227.73297552221484,-2814.2511168042365,-43073.191486602445,0.0018279696420753064,0.0018279696420753064,547.0550369013204
0.9232821881254168,4489.592237194774,-75.7826563711832,-261.8187756032511,4851.8723483465965,-255.1767174581499,-2480.420765712773,-39203.146837339154,0.0016639701301395292,0.0016639701301395292,600.9723262977965
0.923949299533022,4492.8333776772515,-72.54644415846899,-261.997443287621,4850.328982375837,-280.03870846062455,-2146.590414621255,-35333.10218807522,0.001499657629368855,0.001499657629368855,666.8188661307044
0.924616410940627,4496.074469398961,-69.31118725926638,-262.19183553205477,4849.0083184404975,-302.31894852963075,-1812.7600635297922,-31463.057538811925,0.0013351344653213667,0.0013351344653213667,748.9882300052078
0.9252835223482321,4499.315625990941,-66.07673710650592,-262.4002300210531,4847.910356540574,-322.0174376651757,-1478.9297124382736,-27593.012889547983,0.0011704839305786319,0.0011704839305786319,854.3474830155484
0.9259506337558372,4502.556938645704,-62.842945133119876,-262.6209044391167,4847.035096676071,-339.1341758672556,-1145.0993613467551,-23722.968240284048,0.0010057722836234956,0.0010057722836234956,994.2608444103273
0.9266177451634422,4505.798478878204,-59.60966277204042,-262.8521364707463,4846.382538846982,-353.66916313586813,-811.2690102552924,-19852.92359102076,0.0008410507981364241,0.0008410507981364241,1188.9888247128126
0.9272848565710473,4509.040301291171,-56.3767414561982,-263.0922038004425,4845.952683053314,-365.62239947101824,-477.438659163774,-15982.87894175683,0.0006763578454916943,0.0006763578454916943,1478.5072822996922
0.9279519679786523,4512.282446342821,-53.144032618525905,-263.3393841127059,4845.745529295063,-374.99388487270176,-143.60830807231105,-12112.834292493531,0.0005117209971787412,0.0005117209971787412,1954.1898915879462
0.9286190793862574,4515.524943115508,-49.91138769195418,-263.5919550920375,4845.761077572231,-381.7836193409222,190.22204301920692,-8242.7896432296,0.0003471591373103657,0.0003471591373103657,2880.523346576888
0.9292861907938625,4518.767812084265,-46.67865810941522,-263.8481944229377,4845.999327884815,-385.99160287567736,524.0523941107258,-4372.744993965658,0.00018268457827932762,0.00018268457827932762,5473.915802958387
0.9299533022014675,4522.0110678845285,-43.445695303841255,-264.10637978990735,4846.460280232818,-387.6178354769674,857.8827452021883,-502.70034470237806,1.8305174963561483e-05,1.8305174963561483e-05,54629.36038527973
0.9306204136090727,4525.254722078632,-40.21235070816287,-264.36478887744704,4847.14393461624,-386.66231714479284,1191.7130962937067,3367.344304561564,0.00014597356534575023,0.00014597356534575023,6850.555425096448
0.9312875250166777,4528.498785920772,-36.97847575531282,-264.6216993700574,4848.050291035078,-383.125047879154,1525.5434473851699,7237.388953824855,0.00031014637891599653,0.00031014637891599653,3224.2839767955215
0.9319546364242828,4531.743273120302,-33.74392187822171,-264.87538895223935,4849.1793494893345,-377.00602768004956,1859.3737984766879,11107.43360308879,0.0004742061484345498,0.0004742061484345498,2108.7875037074105
0.9326217478318879,4534.988202603163,-30.50854050982175,-265.1241353084935,4850.531109979011,-368.30525654748016,2193.2041495682065,14977.478252352728,0.0006381418136797248,0.0006381418136797248,1567.0497976518543
0.9332888592394929,4538.23360127124,-27.272183083045157,-265.36621612332044,4852.105572504102,-357.02273448144774,2527.034500659669,18847.522901616016,0.0008019362914159655,0.0008019362914159655,1246.9818496857358
0.933955970647098,4541.479506759241,-24.034701030822518,-265.59990908122086,4853.902737064613,-343.1584614819484,2860.8648517511883,22717.56755087995,0.000965564406976076,0.000965564406976076,1035.6636934575583
0.934623082054703,4544.725970188461,-20.795945786086605,-265.8234918666957,4855.922603660541,-326.7124375489871,3194.6952028426504,26587.612200143238,0.0011289908415910094,0.0011289908415910094,885.7467777070437
0.9352901934623081,4547.973058916511,-17.555768781768002,-266.03524216424523,4858.165172291888,-307.68466268255804,3528.5255539341692,30457.656849407173,0.0012921681016643367,0.0012921681016643367,773.8931170890082
0.9359573048699132,4551.2208592816405,-14.31402145079893,-266.23343765837046,4860.630442958653,-286.0751368826639,3862.355905025687,34327.70149867111,0.0014550345188445374,0.0014550345188445374,687.2689183993473
0.9366244162775182,4554.469479339861,-11.070555226111596,-266.416356033572,4863.318415660835,-261.88386014930893,4196.18625611715,38197.7461479344,0.0016175122929046127,0.0016175122929046127,618.2333231015336
0.9372915276851234,4557.719051592479,-7.825221540636612,-266.5822749743506,4866.229090398435,-235.110832482485,4530.016607208669,42067.79079719834,0.0017795055930530986,0.0017795055930530986,561.9538392595325
0.9379586390927284,4560.969735701042,-4.577871827306721,-266.72947216520674,4869.362467171453,-205.75605388220112,4863.8469583001315,45937.83544646163,0.0019408987373241368,0.0019408987373241368,515.2252308529359
0.9386257505003335,4564.221721185996,-1.3283575190525223,-266.85622529064136,4872.718545979889,-173.81952434844743,5197.677309391649,49807.88009572556,0.0021015544740532028,0.0021015544740532028,475.83824847106206
0.9392928619079386,4567.475230104591,1.9234699511937663,-266.9608120351551,4876.297326823745,-139.30124388122863,5531.507660483168,53677.924744989505,0.002261312394037188,0.002261312394037188,442.22107597202455
0.9399599733155436,4570.73051970272,5.177759150499931,-267.0415100832484,4880.098809703016,-102.20121248055113,5865.338011574631,57547.969394252796,0.0024199875066792114,0.0024199875066792114,413.22527378343113
0.9406270847231487,4573.987885034537,8.434658645935377,-267.0965971194223,4884.122994617706,-62.519430146402584,6199.16836266615,61418.01404351673,0.0025773690180612243,0.0025773690180612243,387.992558687708
0.9412941961307537,4577.247661542727,11.694317004567344,-267.1243508281772,4888.369881567814,-20.255896878796165,6532.998713757613,65288.05869278001,0.0027332193532743384,0.0027332193532743384,365.8689152782492
0.9419613075383588,4580.510207081462,14.956862269942018,-267.123015275823,4892.538847842987,25.08181698935683,3931.205293436571,73966.74948429379,0.0030891037925303184,0.0030891037925303184,323.718485088806
0.9426284189459639,4583.774449653975,18.220921036399233,-267.0883751065879,4892.083301122717,80.94117588973036,-5296.93436080591,93499.6084990149,0.003908865107704836,0.003908865107704836,255.82873096052398
0.943295530353569,4587.037042249483,21.482622467740875,-267.0121240931656,4885.471557168129,149.8311278619542,-14525.074015046855,113032.46751373276,0.004747729847111874,0.004747729847111874,210.62698009414274
0.9439626417611741,4590.294738597943,24.73785969456556,-266.8855693782703,4872.703615979223,231.75167290605123,-23753.213669289336,132565.32652845385,0.005611815967801445,0.005611815967801445,178.19543722346484
0.9446297531687791,4593.544705939157,27.98252584746971,-266.70001810461594,4853.779477556004,326.7028110219942,-32981.35332353028,152098.1855431717,0.006505971704304651,0.006505971704304651,153.70494146759873
0.9452968645763842,4596.784606351355,31.212514057051933,-266.44677741491614,4828.699141898463,434.6845422098147,-42209.49297777277,171631.04455789283,0.007433402475534862,0.007433402475534862,134.5278966518016
0.9459639759839893,4600.012682954186,34.423717453909205,-266.117154451885,4797.462609006604,555.6968664694982,-51437.63263201524,191163.9035726139,0.008395173377243517,0.008395173377243517,119.11606289283587
0.9466310873915943,4603.227851083407,37.6120291686385,-265.7024563582364,4760.069878880433,689.739783801021,-60665.772286256186,210696.76258733176,0.009389586398361146,0.009389586398361146,106.50096368190823
0.9472981987991994,4606.429794036038,40.773342331838435,-265.1939902766842,4716.5209515199385,836.813294204428,-69893.91194049867,230229.62160205288,0.010411451603689973,0.010411451603689973,96.04808609450627
0.9479653102068044,4609.619062325092,43.90355007410545,-264.5830633499424,4666.815826925134,996.9173976796701,-79122.05159473962,249762.4806167707,0.01145130355826996,0.01145130355826996,87.32630262672716
0.9486324216144095,4612.7971745450395,46.998545526038114,-263.8609827207247,4610.954505096003,1170.0520942268001,-88350.1912489821,269295.3396314918,0.012494659416688496,0.012494659416688496,80.03419434261247
0.9492995330220146,4615.966716940123,50.05422181823344,-263.0190555317451,4548.936986032554,1356.2173838457934,-97578.33090322456,288828.1986462129,0.013521470411985842,0.013521470411985842,73.95645366450454
0.9499666444296196,4619.131437635649,53.06647208128842,-262.0485889257177,4480.763269734798,1555.4132665366153,-106806.47055746552,308361.05766093073,0.01450597364815016,0.01450597364815016,68.93711682204267
0.9506337558372248,4622.296330344889,56.03118944580159,-260.94089004535607,4406.433356202716,1767.6397422993325,-116034.61021170802,327893.9166756519,0.015417185802899785,0.015417185802899785,64.86268069830956
0.9513008672448298,4625.4676869877485,58.944274745101794,-259.68732034437636,4326.074686464163,1991.998240390076,-123857.08281027256,337515.59313636296,0.015799482521267064,0.015799482521267064,63.2932122083074
0.9519679786524349,4628.651468485071,61.802387101037866,-258.28458787396903,4242.095128143024,2211.5111874283116,-127913.63303648366,320584.2220842234,0.01500492231970769,0.01500492231970769,66.64479686686448
0.95263509006004,4631.85067432083,64.60357307686262,-256.73918336109966,4155.409398890457,2419.72902369127,-131970.18326269474,303652.85103208385,0.014220538683465334,0.014220538683465334,70.32082414449822
0.953302201467645,4635.067081487286,67.34602735507632,-255.0586419030168,4066.0174987064765,2616.651749178919,-136026.73348890516,286721.47997994715,0.01346151714180306,0.01346151714180306,74.2858319360323
0.9539693128752501,4638.301592643758,70.0279446181806,-253.2504985969684,3973.919427591054,2802.2793638913245,-140083.28371511627,269790.1089278076,0.012739082383837459,0.012739082383837459,78.49858960553836
0.9546364242828551,4641.554309483492,72.64751954867528,-251.32228854020332,3879.1151855442167,2976.6118678284247,-144139.83394132665,252858.73787567086,0.012061053953124836,0.012061053953124836,82.911493795359
0.9553035356904602,4644.824605389558,75.20294682906196,-249.28154682996933,3781.6047725659378,3139.6492609902775,-148196.3841675378,235927.36682353134,0.011432473330768625,0.011432473330768625,87.47013625727551
0.9559706470980653,4648.111195577293,77.69242114184088,-247.13580856351496,3681.3881886562285,3291.391543376853,-152252.93439374887,218995.99577139178,0.010856222735800494,0.010856222735800494,92.11306955800627
0.9566377585056703,4651.412203533483,80.11413716951239,-244.89260883808905,3578.4654338151095,3431.838714988129,-156309.48461995926,202064.62471925505,0.010333588879991265,0.010333588879991265,96.77180035062952
0.9573048699132755,4654.725223057917,82.466289594578,-242.5594827509392,3472.8365080425433,3560.990775824151,-160366.03484617037,185133.25366711547,0.009864749980585508,0.009864749980585508,101.37104356096884
0.9579719813208805,4658.047375593924,84.74707309953766,-240.14396539931454,3364.5014113385687,3678.8477258848793,-164422.58507238078,168201.88261497876,0.009449181377418368,0.009449181377418368,105.82927346381535
0.9586390927284856,4661.375362814559,86.95468236689277,-237.65359188046247,3253.460143703146,3785.4095651703483,-168479.13529859186,151270.5115628392,0.009085985458794665,0.009085985458794665,110.05960823237534
0.9593062041360907,4664.705514627811,89.08731207914377,-235.09589729163199,3139.7127051362963,3880.676293680541,-172535.68552480298,134339.14051069965,0.008774157072935752,0.008774157072935752,113.97106202766088
0.9599733155436957,4668.033832896073,91.14315691879098,-232.4784167300717,3023.2590956380363,3964.6479114154436,-176592.2357510134,117407.76945856292,0.008512797877348837,0.008512797877348837,117.47019186968323
0.9606404269513008,4671.3560312488335,93.12041156833578,-229.80868529302913,2904.0993152083297,4037.324418375084,-180648.78597722447,100476.39840642337,0.008301293506098135,0.008301293506098135,120.4631542379991
0.9613075383589058,4674.667594633108,95.01728124296451,-227.0942171157352,2782.404678669072,4099.046763139668,-182847.70511420883,87242.06112868439,0.008160213677777334,0.008160213677777334,122.54581062298585
0.9619746497665109,4677.965989247278,96.832965557643,-224.34054729162418,2661.3129007385123,4156.059585646184,-180185.44512158577,83682.38074584113,0.008083122041527837,0.008083122041527837,123.7145740052422
0.962641761174116,4681.252496614444,98.56846056883579,-221.54963565910012,2541.9971468190415,4210.6977047618775,-177523.18512896268,80122.70036299787,0.007993869432181645,0.007993869432181645,125.09586358443751
0.963308872581721,4684.528691746331,100.22495108242067,-218.7230664098853,2424.457416910681,4262.961120486741,-174860.92513634005,76563.01998015521,0.00789364244276433,0.00789364244276433,126.68422813053121
0.9639759839893262,4687.796026757184,101.80362190427608,-215.8624237357003,2308.6937110133895,4312.849832820789,-172198.66514371696,73003.33959731195,0.007783661822814981,0.007783661822814981,128.4742352331987
0.9646430953969312,4691.055831074448,103.30565784027951,-212.96929182826787,2194.7060291272055,4360.363841764007,-169536.40515109434,69443.65921446928,0.007665160386232438,0.007665160386232438,130.46041434385663
0.9653102068045363,4694.309312176822,104.73224369630945,-210.04525487930871,2082.4943712520935,4405.503147316411,-166874.14515847125,65883.97883162602,0.007539363000835093,0.007539363000835093,132.63720023684172
0.9659773182121414,4697.557556817214,106.08456427824358,-207.09189708054504,1972.0587373880699,4448.26774947799,-164211.8851658482,62324.298448782756,0.007407469019793644,0.007407469019793644,134.99887712360055
0.9666444296197464,4700.8015326847535,107.36380439195973,-204.11080262369907,1863.3991275351543,4488.65764824874,-161549.62517322556,58764.61806594009,0.0072706373674395,0.0072706373674395,137.53952362943525
0.9673115410273515,4704.042090457948,108.57114884333626,-201.10355570049143,1756.5155416933098,4526.672843628675,-158887.36518060247,55204.937683096825,0.007129974357902044,0.007129974357902044,140.25295881908957
0.9679786524349565,4707.279966200311,109.70778243825075,-198.07174050264484,1651.4079798625726,4562.3133356177805,-156225.10518797985,51645.25730025417,0.006986524210073928,0.006986524210073928,143.13268943634256
0.9686457638425616,4710.515784050087,110.77488998258163,-195.01694122188005,1548.0764420429073,4595.579124216071,-153562.8451953568,48085.57691741091,0.006841262129590322,0.006841262129590322,146.17185850469428
0.9693128752501667,4713.750059156944,111.77365628220655,-191.94074204991915,1446.520928234331,4626.470209423536,-150900.5852027337,44525.89653456764,0.006695089758727788,0.006695089758727788,149.36319542189705
0.9699799866577717,4716.98320082054,112.70526614300344,-188.84472717848445,1346.7414384368612,4654.9865912401765,-148238.32521011107,40966.21615172498,0.006548832747534599,0.006548832747534599,152.69896767121807
0.9706470980653769,4720.215515788454,113.57090437085057,-185.7304807992966,1248.7379726504641,4681.128269665997,-145576.06521748798,37406.53576888172,0.006403240172004654,0.006403240172004654,156.17093426731975
0.9713142094729819,4723.447211674034,114.37175577162559,-182.59958710407827,1152.5105308751724,4704.895244700992,-142913.80522486535,33846.85538603905,0.00625898551481064,0.00625898551481064,159.7703010549712
0.971981320880587,4726.678400458062,115.10900515120679,-179.45363028455017,1058.059113110954,4726.287516345168,-140251.54523224226,30287.17500319579,0.006116668927753724,0.006116668927753724,163.48767798476194
0.9726484322881921,4729.909102041569,115.783837315472,-176.2941945324345,965.3837193578254,4745.305084598521,-137589.2852396192,26727.49462035253,0.005976820509356583,0.005976820509356583,167.3130385017455
0.9733155436957971,4733.139247820762,116.39743707029905,-173.12286403945342,874.4843496158012,4761.947949461048,-134927.02524699658,23167.814237509865,0.005839904352804764,0.005839904352804764,171.235681200793
0.9739826551034022,4736.368684258457,116.9509892215662,-169.94122299732774,785.3610038848512,4776.216110932755,-132264.7652543735,19608.133854666605,0.005706323145974771,0.005706323145974771,175.2441939264162
0.9746497665110072,4739.597176429835,117.44567857515122,-166.75085559778006,698.0136821650053,4788.109569013639,-129602.50526175086,16048.453471823936,0.0055764231342581225,0.0055764231342581225,179.32642052512364
0.9753168779186123,4742.824411523562,117.88268993693224,-163.55334603253107,612.4423844562343,4797.628323703701,-126940.24526912779,12488.773088980677,0.005450499286455817,0.005450499286455817,183.46943049510045
0.9759839893262174,4746.050002282324,118.26320811278715,-160.35027849330302,528.6471107585528,4804.77237500294,-124277.98527650471,8929.092706137417,0.0053288005327918045,0.0053288005327918045,187.65949182115313
0.9766511007338224,4749.27349036963,118.58841790859387,-157.1432371718181,446.62786107197417,4809.541722911356,-121615.72528388209,5369.4123232947495,0.005211534971098846,0.005211534971098846,191.8820473326213
0.9773182121414276,4752.494349778979,118.85950417102039,-153.93380613608664,366.38697393775385,4811.943459924017,-118864.08398009859,2080.813966357069,0.005095916408317973,0.005095916408317973,196.23555801812563
0.9779853235490326,4755.712317355193,119.0777575939946,-150.7232484329882,288.35948842855566,4813.297003619694,-115062.31757650118,1977.1100332784192,0.0049449367774658535,0.0049449367774658535,202.22705466266305
0.9786524349566377,4758.928096559501,119.24480395583429,-147.51181084152557,212.8682046562343,4814.581365238598,-111260.55117290317,1873.4061001997516,0.00478933416492515,0.00478933416492515,208.79729113986943
0.9793195463642428,4762.142517296209,119.36233518565001,-144.29953951385173,139.91312262080302,4815.796544780733,-107458.78476930513,1769.7021671210841,0.004629816457129899,0.004629816457129899,215.9912837278903
0.9799866577718478,4765.356332284548,119.43204321255247,-141.08648060211993,69.4942423222734,4816.942542246097,-103657.01836570776,1665.998234042434,0.004467050827060349,0.004467050827060349,223.86134358316093
0.9806537691794529,4768.570219107704,119.45561996565236,-137.87268025848167,1.611563760621899,4818.019357634692,-99855.25196210972,1562.2943009637663,0.004301659500031479,0.004301659500031479,232.46842294065397
0.9813208805870579,4771.784782431164,119.43475737406028,-134.6581846350906,-63.73491306412862,4819.026990946516,-96053.48555851234,1458.5903678851164,0.004134216749152414,0.004134216749152414,241.88378613797093
0.981987991994663,4775.000556366447,119.37114736688699,-131.4430398840983,-126.54518815200039,4819.965442181571,-92251.71915491432,1354.886434806449,0.003965247012325371,0.003965247012325371,252.19109853475743
0.9826551034022681,4778.218006957469,119.26648187324304,-128.22729215765798,-186.81926150298182,4820.834711339854,-88449.95275131629,1251.1825017277813,0.0037952240081168724,0.0037952240081168724,263.48905831679315
0.9833222148098731,4781.437534768217,119.12245282223924,-125.01098760792269,-244.55713311706387,4821.634798421368,-84648.18634771889,1147.4785686491311,0.00362457072031764,0.00362457072031764,275.8947409673841
0.9839893262174783,4784.6594775520225,118.9407521429861,-121.794172387044,-299.75880299426564,4822.3657034261105,-80846.41994412086,1043.7746355704637,0.0034536601194437,0.0034536601194437,289.547889895163
0.9846564376250833,4787.884112984394,118.72307176459442,-118.57689264717564,-352.42427113456864,4823.027426354082,-77044.65354052348,940.0707024918136,0.003282816492675791,0.003282816492675791,304.61647863384223
0.9853235490326884,4791.111661443166,118.4711036161748,-115.35919454046915,-402.55353753799056,4823.619967205286,-73242.88713692543,836.3667694131461,0.003112317260663722,0.003112317260663722,321.3040047809083
0.9859906604402935,4794.34228882147,118.18653962683787,-112.14112421907761,-450.1466022045224,4824.143325979719,-69441.12073332742,732.6628363344787,0.0029423951691939835,0.0029423951691939835,339.8591767923314
0.9866577718478985,4797.576109360817,117.8710717256944,-108.92272783515422,-495.2034651341568,4824.597502677379,-65639.35432973003,628.9589032558285,0.0027732407549980664,0.0027732407549980664,360.58896011741945
0.9873248832555036,4800.813188493282,117.526391841855,-105.70405154085057,-537.7241263269088,4824.9824972982715,-61837.587926132015,525.2549701771611,0.002605004997182457,0.002605004997182457,383.8764229172644
0.9879919946631086,4804.053545683423,117.15419190443039,-102.48514148832028,-577.7085857827643,4825.298309842393,-58035.821522534614,421.55103709851096,0.0024378020782421257,0.0024378020782421257,410.20557367031614
0.9886591060707137,4807.297157262157,116.75616384253107,-99.26604382971489,-615.1568435017364,4825.544940309743,-54234.05511893659,317.8471040198435,0.002271712190878332,0.002271712190878332,440.1966076580155
0.9893262174783188,4810.5439592462235,116.33399958526786,-96.0468047171876,-650.0688994838185,4825.722388700324,-50432.28871533857,214.14317094117598,0.002106784338513599,0.002106784338513599,474.6570314385053
0.9899933288859238,4813.793850138278,115.88939106175144,-92.82747030289153,-682.4447537290055,4825.830655014134,-46630.522311741166,110.43923786252572,0.0019430390882239062,0.0019430390882239062,514.6576855096005
0.990660440293529,4817.046693703872,115.42403020109238,-89.60808673897822,-712.2844062373076,4825.869739251175,-42828.755908143154,6.735304783858396,0.0017804712446410405,0.0017804712446410405,561.6490594890845
0.991327551701134,4820.302321722724,114.93960893240148,-86.3887001776014,-739.5878570087156,4825.839641411445,-39026.98950454576,-96.96862829479187,0.001619052422137811,0.001619052422137811,617.6452265082258
0.9919946631087391,4823.560536712715,114.43781918478923,-83.16935677091253,-764.355106043238,4825.7403614949435,-35225.223100947725,-200.6725613734593,0.0014587335002813335,0.0014587335002813335,685.5261771990145
0.9926617745163442,4826.821114625962,113.92035288736639,-79.95010267106487,-786.5861533408704,4825.571899501674,-31423.4566973497,-304.37649445212685,0.0012994469541601637,0.0012994469541601637,769.558154566073
0.9933288859239492,4830.083807517159,113.38890196924369,-76.73098403021146,-806.2809989016096,4825.334255431632,-27621.690293752312,-408.0804275307769,0.0011411090568180643,0.0011411090568180643,876.3404286602184
0.9939959973315543,4833.348346185076,112.84515835953168,-73.51204700050388,-823.4396427254621,4825.027429284822,-23819.923890154285,-511.7843606094442,0.0009836219557500761,0.0009836219557500761,1016.6507509863732
0.9946631087391593,4836.614442788767,112.29081398734117,-70.2933377340959,-838.0620848124223,4824.65142106124,-20018.15748655689,-615.4882936880947,0.000826875629327363,0.000826875629327363,1209.371717501782
0.9953302201467644,4839.881793440573,111.72756078178261,-67.07490238313896,-850.1483251624951,4824.2062307608885,-16216.39108295887,-719.1922267667621,0.0006707497322146378,0.0006707497322146378,1490.869026064707
0.9959973315543695,4843.150080778483,111.15709067196681,-63.85678709978623,-859.6983637756778,4823.691858383765,-12414.624679360839,-822.8961598454296,0.0005151153414283409,0.0005151153414283409,1941.3127887574528
0.9966644429619745,4846.418976520805,110.58109558700451,-60.639038036190904,-866.7122006519694,4823.108303929874,-8612.85827576345,-926.6000929240797,0.000359836616740471,0.000359836616740471,2779.039023483375
0.9973315543695797,4849.688144006445,110.00126745600618,-57.421701344504505,-871.1898357913722,4822.455567399211,-4811.091872165423,-1030.3040260027472,0.00020477239074927304,0.00020477239074927304,4883.470844584795
0.9979986657771847,4852.957240724327,109.41929820808274,-54.20482317688071,-873.1312691938849,4821.733648791778,-1009.3254685680295,-1134.0079590813973,4.977770518127199e-05,4.977770518127199e-05,20089.31501278273
0.9986657771847898,4856.225920835706,108.83687977234456,-50.98844968547105,-872.5365008595079,4820.942548107574,2792.440935029994,-1237.7118921600647,0.00010529468908223683,0.00010529468908223683,9497.155162488623
0.9993328885923949,4859.49383769327,108.25570407790248,-47.7726270224287,-869.4055307882408,4820.0822653466,6594.207338628018,-1341.4158252387322,0.0002605928500989181,0.0002605928500989181,3837.4038260083166
1.0,4862.76064636098,107.67746305386714,-44.55740133990628,-863.7383589800836,4819.152800508857,10395.973742226044,-1445.1197583173996,0.00041626416250224984,0.00041626416250224984,2402.320665773372
