u,s,X,Y,dx,dy,ddx,ddy,Curvature,ICC,Radius_m
0.0,0.0,-41.935341684376795,128.25604379325247,-3845.8872417933494,5770.741335418141,2345.5666884636926,3855.387174032978,8.504317082847827e-05,8.504317082847827e-05,11758.733714396401
0.00066711140760507,4.626745713087366,-44.50046308788721,132.10661882548143,-3844.3588451472115,5773.267262715101,2236.566456659117,3717.3428622498805,8.152094870905602e-05,8.152094870905602e-05,12266.785603402966
0.00133422281521014,9.254316745181942,-47.064589135162066,135.95884821516833,-3842.903163799142,5775.701099076915,2127.5662248545427,3579.298550466784,7.800353187426852e-05,7.800353187426852e-05,12819.932328344683
0.00200133422281521,13.882689464271959,-49.627768335406216,139.81267052739972,-3841.5201977491406,5778.042844503583,2018.5659930499678,3441.254238683687,7.449075870765836e-05,7.449075870765836e-05,13424.48402122652
0.00266844563042028,18.51184015743688,-52.19004919782449,143.66802432726223,-3840.2099469972068,5780.292498995104,1909.5657612453927,3303.2099269005903,7.098246717446232e-05,7.098246717446232e-05,14087.985946475732
0.00333555703802535,23.141745034508585,-54.75148023162176,147.52484817984256,-3838.972411543343,5782.450062551482,1800.565529440818,3165.1656151174934,6.747849484935527e-05,6.747849484935527e-05,14819.536242361142
0.00400266844563042,27.772380231725275,-57.312109946002856,151.38308065022724,-3837.807591387547,5784.5155351727135,1691.5652976362426,3027.121303334396,6.397867894374044e-05,6.397867894374044e-05,15630.207070692231
0.00466977985323549,32.40372181537924,-59.87198685017265,155.24266030350304,-3836.715486529819,5786.4889168588,1582.5650658316679,2889.0769915512997,6.048285633260584e-05,6.048285633260584e-05,16533.610689627894
0.00533689126084056,37.035745785457244,-62.43115945333596,159.10352570475644,-3835.6960969701595,5788.37020760974,1473.5648340270925,2751.0326797682023,5.69908635809674e-05,5.69908635809674e-05,17546.672171045306
0.00600400266844563,41.66842807927571,-64.98967626469766,162.96561541907414,-3834.7494227085685,5790.1594074255345,1364.5646022225178,2612.9883679851055,5.350253696991898e-05,5.350253696991898e-05,18690.702471963814
0.0066711140760507,46.3017445751091,-67.5475857934626,166.82886801154274,-3833.875463745046,5791.856516306185,1255.5643704179429,2474.9440562020086,5.0017712522309206e-05,5.0017712522309206e-05,19992.917500055082
0.00733822548365577,50.93567109581329,-70.10493654883562,170.69322204724892,-3833.0742200795917,5793.461534251688,1146.5641386133675,2336.8997444189113,4.6536226028065333e-05,4.6536226028065333e-05,21488.635528736566
0.00800533689126084,55.57018341244303,-72.66177704002155,174.55861609127922,-3832.345691712206,5794.974461262046,1037.5639068087928,2198.8554326358153,4.3057913069183986e-05,4.3057913069183986e-05,23224.534788605153
0.00867244829886591,60.20525724786503,-75.21815577622527,178.4249887087204,-3831.689878642889,5796.395297337261,928.5636750042177,2060.811120852718,3.9582609044408515e-05,3.9582609044408515e-05,25263.62016404932
0.00933955970647098,64.8408682803652,-77.77412126665162,182.29227846465892,-3831.10678087164,5797.724042477326,819.5634431996428,1922.7668090696209,3.611014919361342e-05,3.611014919361342e-05,27693.045371766668
0.01000667111407605,69.4769921472527,-80.32972202050544,186.16042392418157,-3830.59639839846,5798.96069668225,710.5632113950678,1784.7224972865242,3.264036862191441e-05,3.264036862191441e-05,30636.908902082992
0.01067378252168112,74.11360444845833,-82.88500654699159,190.0293636523748,-3830.1587312233473,5800.105259952025,601.5629795904927,1646.678185503427,2.917310232352519e-05,2.917310232352519e-05,34278.15077430418
0.011340893929286189,78.7506807501303,-85.44002335531489,193.89903621432538,-3829.7937793463047,5801.157732286658,492.5627477859182,1508.633873720331,2.5708185205379253e-05,2.5708185205379253e-05,38898.11715650614
0.01200800533689126,83.38819658822523,-87.99482095468024,197.76938017511986,-3829.501542767329,5802.118113686141,383.5625159813426,1370.5895619372332,2.2245452110537194e-05,2.2245452110537194e-05,44953.008598387685
0.01267511674449633,88.02612747209645,-90.54944785429241,201.64033409984492,-3829.282021486422,5802.986404150481,274.5622841767679,1232.5452501541365,1.878473784139852e-05,1.878473784139852e-05,53234.70619835652
0.0133422281521014,92.6644488880791,-93.10395256335639,205.5118365535873,-3829.1352155035847,5803.762603679677,165.56205237219297,1094.5009383710392,1.532587718273731e-05,1.532587718273731e-05,65249.120039039284
0.01400933955970647,97.30313630307164,-95.65838359107687,209.38382610143336,-3829.0611248188143,5804.446712273725,56.561820567617815,956.4566265879425,1.1868704924581563e-05,1.1868704924581563e-05,84255.19097107855
0.01467645096731154,101.9421651681165,-98.21278944665882,213.25624130846992,-3829.0597494321137,5805.03872993263,-52.438411236957336,818.4123148048454,8.413055884954783e-06,8.413055884954783e-06,118862.87380882823
0.01534356237491661,106.58151092197649,-100.76721863930698,217.1290207397835,-3829.13108934348,5805.538656656387,-161.43864304153203,680.3680030217488,4.958764932499796e-06,4.958764932499796e-06,201663.11846040326
0.01601067378252168,111.22114899471083,-103.32171967822624,221.00210296046077,-3829.275144552915,5805.946492444999,-270.4388748461072,542.3236912386517,1.505667009003273e-06,1.505667009003273e-06,664157.4757369384
0.016677785190126748,115.86105481124869,-105.87634107262151,224.87542653558845,-3829.49191506042,5806.262237298467,-379.4391066506819,404.2793794555553,1.9464028481592933e-06,1.9464028481592933e-06,513768.25765832426
0.01734489659773182,120.5012037949613,-108.43113133169761,228.74893003025306,-3829.781400865992,5806.485891216787,-488.4393384552575,266.2350676724575,5.397609483639718e-06,5.397609483639718e-06,185267.20079157702
0.01801200800533689,125.14157137123338,-110.98613896465933,232.62255200954127,-3830.143601969633,5806.617454199964,-597.4395702598322,128.19075588936084,8.848117601774667e-06,8.848117601774667e-06,113018.38933508638
0.01867911941294196,129.7821329710335,-113.54141248071157,236.49623103853958,-3830.578518371342,5806.656926247994,-706.439802064407,-9.853555893735802,1.2298091744266404e-05,1.2298091744266404e-05,81313.42819638814
0.01934623082054703,134.42286403448406,-116.09700038905918,240.36990568233486,-3831.08615007112,5806.60430736088,-815.4400338689818,-147.89786767683267,1.5747696267867093e-05,1.5747696267867093e-05,63501.35175266766
0.0200133422281521,139.06374001443035,-118.65295119890698,244.24351450601347,-3831.6664970689662,5806.45959753862,-924.4402656735572,-285.94217945993,1.919709532204827e-05,1.919709532204827e-05,52091.21396878615
0.02068045363575717,143.70473638001093,-121.20931341945987,248.11699607466227,-3832.3195593648807,5806.222796781214,-1033.4404974781323,-423.9864912430269,2.264645282663643e-05,2.264645282663643e-05,44157.025722978324
0.02134756504336224,148.3458286202268,-123.76613555992266,251.99028895336784,-3833.0453369588636,5805.893905088662,-1142.4407292827068,-562.0308030261235,2.6095932449395966e-05,2.6095932449395966e-05,38320.14824299358
0.02201467645096731,152.98699224751206,-126.32346612950015,255.8633317072166,-3833.8438298509145,5805.4729224609655,-1251.4409610872822,-700.0751148092206,2.9545697583540766e-05,2.9545697583540766e-05,33845.87543321628
0.022681787858572378,157.62820280130595,-128.8813536373973,259.73606290129544,-3834.715038041035,5804.959848898123,-1360.4411928918566,-838.119426592317,3.299591132515555e-05,3.299591132515555e-05,30306.78529062527
0.02334889926617745,162.2694358516242,-131.4398465928189,263.6084211006908,-3835.6589615292223,5804.354684400134,-1469.4414246964325,-976.1637383754148,3.644673645050864e-05,3.644673645050864e-05,27437.29884726193
0.02401601067378252,166.91066700263394,-133.99899350496975,267.4803448704895,-3836.6756003154787,5803.657428967002,-1578.4416565010072,-1114.2080501585115,3.989833539323669e-05,3.989833539323669e-05,25063.702285923275
0.02468312208138759,171.55187189622887,-136.55884288305484,271.35177277577804,-3837.764954399805,5802.868082598723,-1687.4418883055823,-1252.2523619416083,4.3350870221384105e-05,4.3350870221384105e-05,23067.587683781265
0.02535023348899266,176.19302621560672,-139.11944323627884,275.2226433816429,-3838.9270237821975,5801.986645295298,-1796.4421201101568,-1390.2966737247048,4.680450261427693e-05,4.680450261427693e-05,21365.46580232148
0.02601734489659773,180.83410568885003,-141.68084307384677,279.0928952531711,-3840.16180846266,5801.013117056729,-1905.4423519147322,-1528.3409855078025,5.025939383921382e-05,5.025939383921382e-05,19896.7779675005
0.0266844563042028,185.4750860925073,-144.2430909049633,282.9624669554489,-3841.46930844119,5799.947497883013,-2014.4425837193069,-1666.3852972908992,5.371570472795511e-05,5.371570472795511e-05,18616.529468700664
0.02735156771180787,190.11594325517933,-146.80623523883344,286.83129705356305,-3842.8495237177895,5798.7897877741525,-2123.442815523882,-1804.4296090739963,5.717359565299129e-05,5.717359565299129e-05,17490.591392386577
0.02801867911941294,194.75665306110724,-149.37032458466194,290.69932411260027,-3844.302454292457,5797.539986730146,-2232.4430473284565,-1942.4739208570927,6.063322650357275e-05,6.063322650357275e-05,16492.607398042328
0.02868579052701801,199.3971914537639,-151.9354074516537,294.56648669764706,-3845.8281001651926,5796.198094750995,-2341.443279133032,-2080.5182326401896,6.40947566614819e-05,6.40947566614819e-05,15601.900250304805
0.02935290193462308,204.0375344394498,-154.5015323490136,298.43272337379017,-3847.426461335996,5794.764111836697,-2450.4435109376072,-2218.5625444232865,6.755834497652955e-05,6.755834497652955e-05,14802.020392113069
0.03002001334222815,208.6776580908918,-157.06874778594636,302.29797270611607,-3849.097537804869,5793.238037987254,-2559.443742742182,-2356.606856206384,7.102414974175692e-05,7.102414974175692e-05,14079.718006283634
0.03068712474983322,213.3175385508473,-159.63710227165694,306.1621732597115,-3850.84132957181,5791.619873202666,-2668.4439745467566,-2494.65116798948,7.449232866832455e-05,7.449232866832455e-05,13424.201093947244
0.03135423615743829,217.95715203571157,-162.2066443153502,310.02526359966305,-3852.657836636819,5789.909617482932,-2777.4442063513325,-2632.695479772578,7.796303886007079e-05,7.796303886007079e-05,12826.590838702616
0.03202134756504336,222.59647483913062,-164.77742242623088,313.88718229105734,-3854.5470589998968,5788.107270828052,-2886.4444381559065,-2770.739791555674,8.143643678771961e-05,8.143643678771961e-05,12279.515649815332
0.03268845897264843,227.23546634569294,-167.3494249770305,317.747887547437,-3856.154435834746,5786.32867928581,-1601.7992669988414,-2453.4368117900917,5.5706752740250616e-05,5.5706752740250616e-05,17951.14507325169
0.033355570380253496,231.87394403992474,-169.92213857842694,321.6075015236108,-3856.649904528404,5784.8450501244415,116.3841234112765,-1994.4834139911995,2.0884541715482593e-05,2.0884541715482593e-05,47882.30518166735
0.03402268178785857,236.5116544512135,-172.4948003845089,325.46622787961263,-3855.9991534819615,5783.667594010304,1834.5675138214124,-1535.530016192303,1.3961908226059746e-05,1.3961908226059746e-05,71623.44744062357
0.03468979319546364,241.1483433797288,-175.06664573901216,329.32427086697504,-3854.20218269542,5782.796310943398,3552.7509042315473,-1076.5766183934065,4.884982045338788e-05,4.884982045338788e-05,20470.90430873113
0.03535690460306871,245.78375677130032,-177.63690998567245,333.18183473723053,-3851.2589921687786,5782.231200923723,5270.934294641666,-617.6232205945144,8.379645725828795e-05,8.379645725828795e-05,11933.678734384612
0.03602401601067378,250.41764108132267,-180.20482846822554,337.0391237419116,-3847.1695819020356,5781.972263951277,6989.117685051802,-158.66982279561785,0.00011881909762363062,0.00011881909762363062,8416.155483418863
0.03669112741827885,255.04974363943992,-182.76963653040718,340.8963421325507,-3841.933951895193,5782.019500026063,8707.301075461937,300.2835750032789,0.0001539350145909545,0.0001539350145909545,6496.247800783082
0.03735823882588392,259.6798130153104,-185.33056951595313,344.7536941606804,-3835.552102148251,5782.37290914808,10425.484465872054,759.2369728021708,0.00018916145202335364,0.00018916145202335364,5286.489341795395
0.03802535023348899,264.30759938575,-187.88686276859914,348.6113840778333,-3828.0240326612084,5783.032491317327,12143.66785628219,1218.1903706010676,0.00022451560055727833,0.00022451560055727833,4454.033472586598
0.03869246164109406,268.93285490355277,-190.43775163208105,352.46961613554174,-3819.349743434065,5783.998246533805,13861.851246692308,1677.1437683999593,0.0002600145725342113,0.0002600145725342113,3845.938288202771
0.03935957304869913,273.55533406828545,-192.98247145013445,356.3285945853383,-3809.529234466822,5785.270174797513,15580.034637102443,2136.097166198856,0.00029567537570033875,0.00029567537570033875,3382.087526333206
0.0400266844563042,278.1747940993499,-195.52025756649527,360.1885236787555,-3798.562505759478,5786.848276108452,17298.218027512583,2595.0505639977528,0.000331514885459315,0.000331514885459315,3016.4558029257014
0.04069379586390927,282.7909953116045,-198.05034532489918,364.0496076673259,-3786.4495573120357,5788.732550466624,19016.401417922698,3054.0039617966445,0.0003675498154601551,0.0003675498154601551,2720.719635644619
0.04136090727151434,287.40370149383205,-200.57197006908194,367.91205080258186,-3773.190389124492,5790.922997872025,20734.58480833283,3512.9573595955417,0.0004037966862992058,0.0004037966862992058,2476.493824565511
0.04202801867911941,292.0126802903393,-203.08436714277926,371.77605733605594,-3758.785001196848,5793.419618324657,22452.768198742953,3971.910757394433,0.0004402717921121611,0.0004402717921121611,2271.3242545078742
0.04269513008672448,296.6177035859627,-205.58677188972703,375.6418315192808,-3743.233393529104,5796.222411824518,24170.951589153086,4430.86415519333,0.0004769911648293666,0.0004769911648293666,2096.474890384455
0.04336224149432955,301.21854789475464,-208.07841965366086,379.5095776037887,-3726.5355661212598,5799.331378371611,25889.134979563223,4889.817552992226,0.0005139705358652543,0.0005139705358652543,1945.6368219951157
0.04402935290193462,305.8152978538019,-210.55766578030162,383.38042361332435,-3702.80145705366,5808.929572285762,53889.824183740515,32938.66106134881,0.0013307056808484472,0.0013307056808484472,751.4809731348017
0.04469646430953969,310.4115788115079,-213.0128263967386,387.2660361763146,-3653.2296362430216,5844.753672922994,94726.4946065559,74461.99264906887,0.00252157597477156,0.00252157597477156,396.57738255956934
0.045363575717144757,315.01366487937054,-215.4258301585027,391.18478712805006,-3576.4152067447135,5908.278461744158,135563.16502937084,115985.32423678847,0.003690536914381923,0.003690536914381923,270.9632834461097
0.04603068712474983,319.6287378780682,-217.77850321056573,395.155155913617,-3472.358168558737,5999.5039387492625,176399.8354521862,157508.65582450852,0.0048192722191329595,0.0048192722191329595,207.5002105151701
0.0466977985323549,324.26524608220495,-220.05267169789894,399.1956219781012,-3341.058521685091,6118.430103938301,217236.50587500157,199031.98741222854,0.005886083690702096,0.005886083690702096,169.89224967691877
0.04736490993995997,328.93327107609144,-222.23016176547407,403.3246647665887,-3182.5162661237787,6265.056957311275,258073.17629781656,240555.31899994818,0.006865928333086903,0.006865928333086903,145.6467285248232
0.04803202134756504,333.6448535111788,-224.29279955826257,407.5607637241656,-2996.7314018747957,6439.384498868186,298909.84672063193,282078.65058766823,0.0077313598503226345,0.0077313598503226345,129.34335218639052
0.048699132755170106,338.4142592113163,-226.2224084960034,411.9223964551386,-2783.4806043358694,6641.261882292619,351947.0360790849,315361.04803290503,0.008610522482235101,0.008610522482235101,116.13697102157988
0.04936624416277518,343.23893819164664,-227.98146584410907,416.4149730554112,-2460.9136270801464,6815.402730512585,615108.7617335666,206713.21493055433,0.012355819746832716,0.012355819746832716,80.93352124664489
0.05003335557038025,348.0581130586371,-229.4667766466041,420.9995448149788,-1962.788460595283,6917.0633698584015,878270.4873880482,98065.38182820361,0.016860958795821012,0.016860958795821012,59.30860825351462
0.05070046697798532,352.8139710204349,-230.56122403275538,425.6277593596755,-1289.1051048812865,6946.243800330069,1141432.2130425272,-10582.451274145977,0.022446238242026798,0.022446238242026798,44.55089486342832
0.05136757838559039,357.4745226759059,-231.1476911318295,430.251264315336,-439.8635599381423,6902.944021927586,1404593.9386970089,-119230.2843764967,0.029139818982814224,0.029139818982814224,34.31730308928032
0.05203468979319546,362.045128918928,-231.10906107309333,434.82170730779467,584.9361742341432,6787.164034650954,1667755.6643514903,-227878.1174788474,0.03622591333267388,0.03622591333267388,27.604549009342776
0.05270180120080053,366.5794664533915,-230.3298217761465,439.2885857474366,1767.7622105681405,6575.413334072424,1803230.0704350034,-507610.75931942347,0.04040428625633351,0.04040428625633351,24.749849401021077
0.0533689126084056,371.0982874499481,-228.75276344119013,443.5232793853596,2955.029235900584,6061.907085677252,1756196.4715116448,-1031880.9733692957,0.04465306503771258,0.04465306503771258,22.394879257570143
0.05403602401601067,375.5499501872641,-226.3941315904625,447.2987471602904,4110.91961085052,5198.654196821868,1709162.872588287,-1556151.1874191624,0.05249507504802884,0.05249507504802884,19.049406045902003
0.05470313542361574,379.93564409040073,-223.27486946834537,450.38168647619256,5234.678914524757,3986.792395319002,1629200.817001321,-2030762.6217165156,0.06011327399918263,0.06011327399918263,16.635260957731187
0.05537024683122081,384.35132365746415,-219.45927469064674,452.6041766407108,6145.942661110796,2698.325934742967,1102767.8952636102,-1832059.827090423,0.04707329927768494,0.04707329927768494,21.243465305055626
0.05603735823882588,388.8817639585981,-215.15290670222697,454.0113312414752,6706.017000266734,1542.416375185017,576334.9735259049,-1633357.0324643324,0.03634618962690888,0.03634618962690888,27.51320042802095
0.05670446964643095,393.49505117346035,-210.59004796301267,454.6915804993116,6914.901931992584,519.063716645129,49902.05178819428,-1434654.2378382399,0.029829590690410974,0.029829590690410974,33.523758685748916
0.05737158105403602,398.0882046476621,-205.99708265969346,454.733156454832,6833.780617430034,-373.2672235191824,-160564.8273426131,-1243879.532823408,0.026703423140582678,0.026703423140582678,37.448382356651656
0.05803869246164109,402.64157766793977,-201.47259505123108,454.2210844455764,6732.616854385423,-1141.350265567687,-142724.13426513597,-1058833.427238001,0.02289889194226724,0.02289889194226724,43.67023533370973
0.05870580386924616,407.2096317298697,-197.01162505324825,453.237791717132,6643.354821212374,-1785.9869396472745,-124883.44118765886,-873787.321652594,0.018515970136062394,0.018515970136062394,54.00743210599388
0.05937291527685123,411.82377367260676,-192.60623288597745,451.86563074979824,6565.9945179108945,-2307.1772457579395,-107042.7481101819,-688741.216067189,0.014148333490343926,0.014148333490343926,70.67970236088148
0.0600400266844563,416.4936747945277,-188.24847876965097,450.1869540238745,6500.535944480977,-2704.921183899692,-89202.05503270478,-503695.110481782,0.010072118817466127,0.010072118817466127,99.28397570786133
0.060707138092061366,421.21240411114115,-183.9304229245014,448.2841140196604,6446.979100922627,-2979.2187540725254,-71361.36195522784,-318649.004896377,0.0063282511056577985,0.0063282511056577985,158.02154233512414
0.06137424949966644,425.9613978895787,-179.64412557076116,446.2394632174554,6405.323987235844,-3130.0699562764444,-53520.66887775071,-133602.89931097,0.0028240830718686523,0.0028240830718686523,354.0972324650193
0.06204136090727151,430.71492283037543,-175.3816469286627,444.13535409755906,6375.570603420626,-3157.4747905114455,-35679.975800273576,51443.206274436954,0.0005979089860687982,0.0005979089860687982,1672.4953518008097
0.06270847231487658,435.4490249191379,-171.13613320768746,442.0407572791149,6352.7295392549195,-3122.9141553245126,-33121.33355758007,48179.63693870605,0.0005712621535775828,0.0005712621535775828,1750.5098031392527
0.06337558372248164,440.16043836421903,-166.90535973752196,439.9676020763781,6331.377026550214,-3093.2212287666857,-30893.49953112722,40839.756881659996,0.0004658887006157506,0.0004658887006157506,2146.435401155536
0.06404269513008672,444.85151926496707,-162.688335037175,437.91262210226,6311.510727338806,-3068.424819925366,-28665.665504674333,33499.876824613784,0.0003572475907103868,0.0003572475907103868,2799.1791295541
0.06470980653769179,449.5246076607485,-158.4840676366711,435.87255083393455,6293.130641620696,-3048.524928800556,-26437.831478221444,26159.996767567583,0.0002457654546307488,0.0002457654546307488,4068.9201071910356
0.06537691794529686,454.1820311946478,-154.2915660660348,433.8441217485754,6276.236769395883,-3033.521555392255,-24209.997451768555,18820.116710521375,0.00013189471228528443,0.00013189471228528443,7581.805082807482
0.06604402935290193,458.82610896163436,-150.10983885529046,431.82406832335624,6260.829110664366,-3023.4146997004605,-21982.16342531567,11480.236653475167,1.6110905649953e-05,1.6110905649953e-05,62069.75707805211
0.06671114076050699,463.45915546468694,-145.93789453446277,429.8091240354512,6246.907665426148,-3018.2043617251757,-19754.32939886283,4140.356596429116,0.0001010901895456355,0.0001010901895456355,9892.156741367731
0.06737825216811207,468.0834846510315,-141.774741633576,427.79602236203374,6234.472433681227,-3017.8905414663996,-17526.49537240994,-3199.5234606170925,0.0002191956716835047,0.0002191956716835047,4562.133879376477
0.06804536357571714,472.70141399937353,-137.61938868265474,425.78149678027785,6223.523415429605,-3022.4732389241317,-15298.661345957049,-10539.403517663297,0.0003376788397750397,0.0003376788397750397,2961.3937333656913
0.06871247498332221,477.31526862800354,-133.47084421172343,423.7622807673571,6214.0606106712785,-3031.952454098372,-13070.827319504162,-17879.2835747095,0.0004560027371900697,0.0004560027371900697,2192.96929260138
0.06937958639092728,481.9273853929189,-129.32811675080657,421.7351078004452,6206.084019406249,-3046.328186989121,-10842.993293051273,-25219.16363175571,0.0005736239090542688,0.0005736239090542688,1743.3025092149585
0.07004669779853234,486.5401169446798,-125.19021482992878,419.6967113567163,6199.5936416345185,-3065.6004375963776,-8615.159266598432,-32559.04368880176,0.0006899963659711729,0.0006899963659711729,1449.2829952698312
0.07071380920613742,491.1556005141525,-121.05628099682764,417.6440838591869,6193.8464672742175,-3088.3335794856735,-9133.54919356912,-34592.73504299075,0.0007313630087746894,0.0007313630087746894,1367.310060807395
0.07138092061374249,495.77431335344335,-116.92641362873917,415.57606456192974,6187.367167174753,-3111.6770167097534,-10291.392504625002,-35390.889754799675,0.0007555665055183781,0.0007555665055183781,1323.5102306631782
0.07204803202134756,500.39601120608745,-112.80112631758196,413.492294986967,6180.115456594264,-3135.552912047114,-11449.235815680884,-36189.04446660861,0.0007798598138844187,0.0007798598138844187,1282.2817411491956
0.07271514342895263,505.0204524855204,-108.6809343471993,411.39241992541747,6172.091335532751,-3159.9612654977573,-12607.079126736764,-36987.19917841754,0.0008042512562372353,0.0008042512562372353,1243.392524717454
0.0733822548365577,509.6474014464827,-104.56635300143442,409.2760841683992,6163.294803990213,-3184.902077061681,-13764.922437792648,-37785.35389022648,0.0008287487176667128,0.0008287487176667128,1206.6383677979422
0.07404936624416276,514.2766283895812,-100.4578975641306,407.1429325070311,6153.72586196665,-3210.375346738886,-14922.765748848502,-38583.50860203539,0.00085335963543416,0.00085335963543416,1171.8388806745406
0.07471647765176784,518.9079098683345,-96.35608331913095,404.99260973243156,6143.384509462062,-3236.3810745293727,-16080.609059904384,-39381.663313844314,0.0008780909869591871,0.0008780909869591871,1138.8341468610008
0.07538358905937291,523.541028898765,-92.2614255502788,402.8247606357192,6132.270746476451,-3262.919260433141,-17238.452370960265,-40179.81802565325,0.0009029492763408302,0.0009029492763408302,1107.4819219662752
0.07605070046697798,528.1757751715963,-88.17443954141741,400.6390300080126,6120.384573009815,-3289.9899044501913,-18396.29568201615,-40977.97273746219,0.0009279405194084863,0.0009279405194084863,1077.6552797128072
0.07671781187458306,532.8119452671037,-84.09564057639,398.4350626404302,6107.725989062152,-3317.5930065805223,-19554.13899307203,-41776.127449271116,0.0009530702273009908,0.0009530702273009908,1049.2406239904378
0.07738492328218811,537.4493428726596,-80.02554393903989,396.21250332409085,6094.294994633467,-3345.7285668241348,-20711.982304127883,-42574.28216108003,0.0009783433885755775,0.0009783433885755775,1022.1360022230574
0.07805203468979319,542.0877790030066,-75.96466491321021,393.9709968501128,6080.091589723757,-3374.3965851810294,-21869.825615183767,-43372.43687288896,0.0010037644498525574,0.0010037644498525574,996.2496680838713
0.07871914609739826,546.7270722232789,-71.91351878274422,391.71018800961457,6065.115774333022,-3403.597061651205,-23027.668926239647,-44170.59158469789,0.0010293372950063299,0.0010293372950063299,971.4988515925196
0.07938625750500333,551.3670488747865,-67.87262083148522,389.42972159371493,6049.367548461263,-3433.3299962346628,-24185.512237295527,-44968.746296506826,0.0010550652229189706,0.0010550652229189706,947.8087025116554
0.0800533689126084,556.0075433035648,-63.84248634327642,387.1292423935324,6032.846912108478,-3463.5953889314014,-25343.35554835141,-45766.901008315755,0.001080950923819042,0.001080950923819042,925.111379216885
0.08072048032021346,560.6483980916797,-59.82363060196116,384.80839520018554,6015.553865274669,-3494.393239741421,-26501.198859407268,-46565.05572012467,0.0011069964542355882,0.0011069964542355882,903.3452602072947
0.08138759172781854,565.2894642912684,-55.81656889138254,382.4668248047929,5997.488407959836,-3525.7235486647223,-27659.042170463144,-47363.2104319336,0.00113320321060555,0.00113320321060555,882.4542594312187
0.08205470313542361,569.9306016612825,-51.821816495383864,380.104175998473,5978.650540163979,-3557.586315701306,-28816.885481519028,-48161.365143742536,0.0011595719015820571,0.0011595719015820571,862.3872298351263
0.08272181454302868,574.5716789068882,-47.839888697808384,377.72009357234435,5959.040261887095,-3589.9815408511704,-29974.72879257491,-48959.519855551465,0.0011861025191013568,0.0011861025191013568,843.0974421651543
0.08338892595063375,579.2125739214624,-43.87130078249935,375.31422231752566,5938.657573129189,-3622.9092241143167,-31132.572103630788,-49757.6745673604,0.0012127943082774824,0.0012127943082774824,824.5421281868385
0.08405603735823881,583.853174031111,-39.916568033300074,372.8862070251353,5917.502473890256,-3656.369365490744,-32290.41541468665,-50555.82927916931,0.0012396457362062654,0.0012396457362062654,806.6820792368776
0.08472314876584389,588.4933762416192,-35.97620573405366,370.43569248629194,5895.5749641703005,-3690.361964980453,-33448.258725742526,-51353.983990978246,0.0012666544597738705,0.0012666544597738705,789.4812924580276
0.08539026017344896,593.1330874877269,-32.05072916860341,367.96232349211425,5872.875043969319,-3724.887022583444,-34606.10203679841,-52152.138702787175,0.0012938172925798575,0.0012938172925798575,772.9066582546682
0.08605737158105403,597.7722248846075,-28.140653620792584,365.46574483372046,5849.402713287313,-3759.9445382997155,-35763.945347854286,-52950.293414596104,0.0013211301711006924,0.0013211301711006924,756.9276834900041
0.0867244829886591,602.4107159814059,-24.246494374464426,362.9456013022295,5825.157972124284,-3795.5345121292694,-36921.78865891017,-53748.44812640504,0.001348588120236757,0.001348588120236757,741.5162457640816
0.08739159439626416,607.0484990166807,-20.36876671346226,360.4015376887597,5800.140820480228,-3831.656944072103,-38079.63196996603,-54546.602838213956,0.0013761852184041622,0.0013761852184041622,726.6463747951092
0.08805870580386924,611.6855231755657,-16.50798592162917,357.83319878442956,5774.351258355149,-3868.3118341282197,-39237.475281021914,-55344.757550022885,0.0014039145623520313,0.0014039145623520313,712.2940574992414
0.08872581721147431,616.3217488484551,-12.664667282808484,355.24022938035785,5747.789285749046,-3905.4991822976176,-40395.31859207779,-56142.912261831814,0.0014317682319063278,0.0014317682319063278,698.4370638455568
0.08939292861907938,620.9571478909902,-8.839326080843447,352.6222742676631,5720.454902661917,-3943.2189885802977,-41553.161903133674,-56941.06697364075,0.0014597372548626737,0.0014597372548626737,685.0547909692666
0.09006004002668445,625.5917038851051,-5.032477599577307,349.9789782374637,5692.348109093763,-3981.4712529762583,-42711.00521418955,-57739.22168544968,0.001487811572272829,0.001487811572272829,672.1281233700633
0.09072715143428951,630.2254124008646,-1.244637122853387,347.30998608087845,5663.468905044587,-4020.2559754855,-43868.84852524541,-58537.376397258595,0.0015159800043924444,0.0015159800043924444,659.6393073144574
0.09139426284189459,634.8582812588085,2.5236800654852356,344.61494258902565,5633.817290514383,-4059.573156108024,-45026.69183630129,-59335.531109067524,0.0015442302175811989,0.0015442302175811989,647.5718378094864
0.09206137424949966,639.4903307924859,6.271958681595228,341.893492553024,5603.393265503156,-4099.422794843829,-46184.53514735718,-60133.68582087647,0.0015725486924702485,0.0015725486924702485,635.9103567274241
0.09272848565710473,644.1215941108447,9.999683441633344,339.145280763992,5572.196830010906,-4139.804891692916,-47342.378458413055,-60931.84053268539,0.0016009206937358878,0.0016009206937358878,624.6405608427816
0.0933955970647098,648.752117360112,13.706339061756342,336.3699520130482,5540.227984037629,-4180.719446655285,-48500.22176946894,-61729.99524449433,0.0016293302418420833,0.0016293302418420833,613.7491186988728
0.09406270847231486,653.381959984777,17.3914102581209,333.5671510913113,5507.4867275833285,-4222.166459730934,-49658.065080524786,-62528.149956303234,0.0016577600871378207,0.0016577600871378207,603.2235953554257
0.09472981987991994,658.0111949872633,21.054381746883926,330.7365227898997,5473.9730606480025,-4264.145930919864,-50815.90839158067,-63326.30466811217,0.001686191686717695,0.001686191686717695,593.0523841844926
0.09539693128752501,662.6399091858464,24.694738244202092,327.877711899932,5439.686983231653,-4306.657860222078,-51973.75170263655,-64124.4593799211,0.0017146051844753056,0.0017146051844753056,583.2246449820544
0.09606404269513008,667.2682034703536,28.311964466232165,324.99036321252686,5404.628495334278,-4349.702247637571,-53131.59501369244,-64922.614091730036,0.001742979394798643,0.001742979394798643,573.7302477494432
0.09673115410273515,671.896193055149,31.905545129130886,322.07412151880266,5368.797596955879,-4393.279093166347,-54289.43832474831,-65720.76880353896,0.0017712917903738971,0.0017712917903738971,564.5597215741133
0.09739826551034021,676.5240077288846,35.47496494905494,319.12863160987814,5332.194288096456,-4437.388396808403,-55447.281635804175,-66518.92351534788,0.0017995184945789027,0.0017995184945789027,555.7042081048495
0.09806537691794528,681.1517921004728,39.019708642161234,316.1535382768717,5294.818568756006,-4482.030158563742,-56605.12494686006,-67317.07822715682,0.0018276342789588136,0.0018276342789588136,547.1554191737368
0.09873248832555036,685.7797058407065,42.539260924606445,313.14848631090194,5256.670438934534,-4527.204378432361,-57762.96825791594,-68115.23293896574,0.001855612566284262,0.001855612566284262,538.9055981672036
0.09939959973315543,690.4079256730682,46.03313634616702,310.11315216862334,5218.024753405696,-4572.619324342134,-57232.66807135393,-67121.58467768374,0.0018323105341094637,0.0018323105341094637,545.7590192188783
0.1000667111407605,695.0366763256249,49.50157548296714,307.04798291426613,5180.611574257731,-4616.438700742526,-54932.04301424647,-64248.90577069172,0.0017551941021758562,0.0017551941021758562,569.7375570943026
0.10073382254836558,699.6661956354612,52.945567793524525,303.95422047914457,5144.7331683299835,-4658.3416802736765,-52631.41795713902,-61376.22686369969,0.0016779239944783313,0.0016779239944783313,595.9745514640556
0.10140093395597063,704.2966834440687,56.366137142562415,300.83314331347174,5110.389535622457,-4698.328262935586,-50330.792900031614,-58503.54795670772,0.0016005737951611835,0.0016005737951611835,624.7759416174225
0.10206804536357571,708.9283013153191,59.76430739480421,297.6860298674603,5077.580676135145,-4736.398448728257,-48030.16784292416,-55630.86904971569,0.001523207474575035,0.001523207474575035,656.509383450205
0.10273515677118078,713.5611742901178,63.141102414973176,294.51415859132345,5046.306589868053,-4772.552237651686,-45729.5427858167,-52758.190142723666,0.001445879784321869,0.001445879784321869,691.6204312718912
0.10340226817878585,718.1953926502802,66.49754606779258,291.3188079352742,5016.567276821181,-4806.789629705873,-43428.917728709246,-49885.51123573163,0.0013686366851653876,0.0013686366851653876,730.6540960351058
0.10406937958639093,722.83101368816,69.83466221798572,288.1012563495254,4988.362736994526,-4839.110624890821,-41128.2926716018,-47012.832328739605,0.0012915157992422798,0.0012915157992422798,774.2839852107815
0.10473649099399598,727.4680634790222,73.15347473027585,284.8627822842901,4961.6929703880905,-4869.5152232065275,-38827.667614494385,-44140.15342174764,0.0012145468790457428,0.0012145468790457428,823.3523277303959
0.10540360240160106,732.1065386536012,76.45500746938635,281.6046641897812,4936.557977001872,-4898.003424652992,-36527.04255738692,-41267.47451475561,0.001137752286671874,0.001137752286671874,878.9259417137066
0.10607071380920613,736.7464081687062,79.74028430004047,278.32818051621166,4912.957756835873,-4924.575229230217,-34226.41750027947,-38394.795607763575,0.0010611474778037325,0.0010611474778037325,942.3760795904731
0.1067378252168112,741.3876150741355,83.01032908696152,275.0346097137945,4890.8923098900905,-4949.2306369382,-31925.792443172017,-35522.11670077155,0.0009847414858427449,0.0009847414858427449,1015.4949439793296
0.10740493662441628,746.0300782745305,86.26616569487277,271.7252302327426,4870.361636164528,-4971.969647776943,-29625.16738606456,-32649.437793779525,0.0009085374024731197,0.0009085374024731197,1100.6701510338605
0.10807204803202133,750.67369428515,89.50881798849748,268.4013205232692,4851.365735659185,-4992.792261746445,-27324.54232895716,-29776.758886787553,0.0008325328517554925,0.0008325328517554925,1201.1538017885823
0.1087391594396264,755.3183389808632,92.73930983255904,265.064159035587,4833.9046083740595,-5011.698478846706,-25023.917271849703,-26904.079979795522,0.0007567204555878156,0.0007567204555878156,1321.4919626075211
0.10940627084723148,759.9638693379554,95.95866509178072,261.71502421990897,4817.978254309151,-5028.688299077727,-22723.29221474225,-24031.401072803492,0.0006810882890435646,0.0006810882890435646,1468.2384297111835
0.11007338225483655,764.6101251686068,99.16790763088576,258.35519452644814,4803.586673464462,-5043.761722439506,-20422.667157634794,-21158.722165811465,0.0006056203247003291,0.0006056203247003291,1651.1995374244027
0.11074049366244162,769.256930848152,102.36806131459751,254.98594840541753,4790.729865839993,-5056.918748932046,-18122.04210052734,-18286.043258819438,0.0005302968656081686,0.0005302968656081686,1885.7362071208067
0.11140760507004668,773.9040970354413,105.56015000763914,251.60856430703012,4779.407831435741,-5068.159378555342,-15821.41704341993,-15413.364351827468,0.00045509496701974696,0.00045509496701974696,2197.343571054279
0.11207471647765176,778.5514223868244,108.74519757473415,248.22432068149877,4769.620570251707,-5077.483611309399,-13520.791986312477,-12540.68544483544,0.00037998884741707824,0.00037998884741707824,2631.656183588971
0.11274182788525683,783.1986952644455,111.9242278806057,244.83449597903652,4761.368082287892,-5084.891447194216,-11220.166929205021,-9668.00653784341,0.00030495028972681444,0.00030495028972681444,3279.2229871164786
0.1134089392928619,787.8456954396919,115.09826478997711,241.44036864985628,4754.650367544295,-5090.382886209791,-8919.541872097565,-6795.327630851381,0.00022994903392137148,0.00022994903392137148,4348.789742434573
0.11407605070046697,792.4921957927606,118.26833216757169,238.0432171441711,4749.467426020918,-5093.957928356125,-6618.916814990113,-3922.6487238593527,0.0001549531624609755,0.0001549531624609755,6453.563025871428
0.11474316210807203,797.1379640094199,121.43545387811265,234.64431991219402,4745.819257717758,-5095.61657363322,-4318.2917578827055,-1049.969816867384,7.992948024535004e-05,7.992948024535004e-05,12511.028433194095
0.1154102735156771,801.7827642761235,124.60065378632343,231.24495540413778,4743.705862634817,-5095.358822041073,-2017.6667007752503,1822.709090124643,4.843890916462544e-06,4.843890916462544e-06,206445.6068986566
0.11607738492328218,806.4263589747037,127.76495575692726,227.84640207021553,4743.1272407720935,-5093.184673579684,282.95835633220486,4695.387997116673,7.033822851192527e-05,7.033822851192527e-05,14217.019978409866
0.11674449633088725,811.0685103779145,130.9293836546474,224.44993836064012,4744.083392129589,-5089.094128249056,2583.583413439658,7568.0669041087,0.0001456516526245022,0.0001456516526245022,6865.696214090024
0.11741160773849232,815.708982347122,134.09496134420715,221.05684272562456,4746.574316707303,-5083.087186049186,4884.208470547113,10440.74581110073,0.00022113093003876222,0.00022113093003876222,4522.207724738955
0.11807871914609738,820.3475420334432,137.26271269032986,217.66839361538206,4750.600014505236,-5075.163846980075,7184.833527654521,13313.4247180927,0.0002968100011407821,0.0002968100011407821,3369.158708118069
0.11874583055370246,824.9839995681082,140.43352021319558,214.28568491913146,4755.381348286781,-5066.341471453301,6622.219487519551,12447.421953159163,0.0002764450823989006,0.0002764450823989006,3617.354996234062
0.11941294196130753,829.618435236122,143.6072732461543,210.90851366988406,4759.395813560084,-5058.6080735486485,5413.147401846858,10737.304964985098,0.00023424117794153496,0.00023424117794153496,4269.104214672253
0.1200800533689126,834.2510412443622,146.7834353334045,207.53612092539268,4762.6036930524215,-5052.015514195148,4204.075316174167,9027.187976811032,0.00019191533851144584,0.00019191533851144584,5210.630936309241
0.12074716477651767,838.882007269604,149.96146839237042,204.16774561924544,4765.004986763787,-5046.5637933927965,2995.003230501475,7317.070988636968,0.00014948331831971768,0.00014948331831971768,6689.709669551097
0.12141427618412273,843.5115205564825,153.14083434047626,200.80262668503073,4766.599694694184,-5042.252911141597,1785.931144828808,5606.954000462938,0.00010696063206665666,0.00010696063206665666,9349.234205878769
0.1220813875917278,848.1397664546383,156.32099509514643,197.44000305633668,4767.387816843611,-5039.082867441545,576.859059156116,3896.837012288872,6.436261440821076e-05,6.436261440821076e-05,15536.969857340502
0.12274849899933288,852.766928957467,159.5014125738053,194.07911366675174,4767.3693532120715,-5037.053662292646,-632.2130265165752,2186.7200241148057,2.170448074671456e-05,2.170448074671456e-05,46073.43578820108
0.12341561040693795,857.393191242151,162.6815486938771,190.71919744986414,4766.54430379956,-5036.165295694895,-1841.285112189269,476.6030359407414,2.099861094780077e-05,2.099861094780077e-05,47622.19760563411
0.12408272181454302,862.0187362106477,165.86086537278607,187.35949333926214,4764.912668606081,-5036.417767648294,-3050.3571978619593,-1233.513952233323,6.373149757817932e-05,6.373149757817932e-05,15690.828522792857
0.12474983322214808,866.6437470313127,169.03882452795654,183.9992402685342,4762.474447631634,-5037.811078152845,-4259.429283534627,-2943.630940407351,0.0001064789479151387,0.0001064789479151387,9391.527805073518
0.12541694462975317,871.2684076808388,172.21488807681297,180.6376771712683,4759.229640876215,-5040.345227208544,-5468.5013692073435,-4653.747928581455,0.00014922559944075968,0.00014922559944075968,6701.263079174193
0.12608405603735823,875.892903486184,175.38851793677938,177.2740429810531,4755.178248339827,-5044.020214815395,-6677.57345488001,-6363.864916755483,0.0001919558953374967,0.0001919558953374967,5209.530023768225
0.1267511674449633,880.5174216661684,178.55917602528027,173.9075766314767,4750.320270022473,-5048.836040973395,-7886.645540552678,-8073.981904929512,0.00023465402192425678,0.00023465402192425678,4261.593267396826
0.12741827885256837,885.1421518724017,181.72632425974007,170.53751705612723,4744.655705924148,-5054.792705682546,-9095.717626225392,-9784.098893103615,0.00027730384684691113,0.00027730384684691113,3606.152642202839
0.12808539026017343,889.767286729205,184.88942455758271,167.1631031885933,4738.184556044854,-5061.890208942846,-10304.789711898062,-11494.215881277645,0.00031988885833791436,0.00031988885833791436,3126.0857448922175
0.12875250166777852,894.3930223721818,188.04793883623287,163.78357396246292,4730.90682038459,-5070.128550754297,-11513.861797570778,-13204.332869451746,0.0003623921058682127,0.0003623921058682127,2759.4420071712584
0.12941961307538358,899.019558985072,191.20132901311453,160.39816831132464,4722.8224989433575,-5079.507731116897,-12722.933883243444,-14914.449857625772,0.0004047961425241617,0.0004047961425241617,2470.379272303247
0.13008672448298864,903.6471013345248,194.34905700565218,157.00612516876666,4713.931591721157,-5090.027750030648,-13932.005968916113,-16624.566845799804,0.00044708296945278835,0.00044708296945278835,2236.7212985633514
0.13075383589059372,908.2758593024007,197.49058473127022,153.6066834683771,4704.234098717987,-5101.688607495551,-15141.07805458883,-18334.683833973904,0.0004892339827298419,0.0004892339827298419,2044.011731196944
0.13142094729819878,912.9060484152003,200.6253741073927,150.1990821437445,4693.730019933847,-5114.490303511601,-16350.150140261498,-20044.800822147936,0.0005312299230167653,0.0005312299230167653,1882.4240816879599
0.13208805870580387,917.5378903702064,203.75288705144413,146.78256012845694,4682.419355368737,-5128.432838078803,-17559.222225934216,-21754.917810322033,0.000573050828384454,0.000573050828384454,1745.045902506069
0.13275517011340893,922.1716135578948,206.87258548084867,143.35635635610294,4670.302105022661,-5143.516211197155,-18768.29431160688,-23465.034798496064,0.0006146759906931329,0.0006146759906931329,1626.8733692890146
0.13342228152101399,926.807453580165,209.98393131303067,139.9197097602707,4657.3782688956135,-5159.7404228666555,-19977.366397279544,-25175.151786670092,0.0006560839159286678,0.0006560839159286678,1524.1952678942434
0.13408939292861907,931.4456537639054,213.0863864654146,136.47185927454834,4643.647846987598,-5177.105473087308,-21186.438482952264,-26885.268774844197,0.0006972522889054096,0.0006972522889054096,1434.2011003934642
0.13475650433622413,936.0864656693983,216.17941285542443,133.0120438325244,4629.110839298613,-5195.61136185911,-22395.51056862493,-28595.38576301823,0.0007381579427541212,0.0007381579427541212,1354.7236195399144
0.13542361574382922,940.7301495930423,219.26247240048485,129.53950236778695,4613.767245828658,-5215.2580891820635,-23604.582654297647,-30305.502751192325,0.0007787768336199429,0.0007787768336199429,1284.0649038720867
0.13609072715143428,945.3769750638427,222.33502701801976,126.05347381392454,4597.617066577735,-5236.045655056165,-24813.654739970316,-32015.619739366353,0.0008190840209992359,0.0008190840209992359,1220.8759716494737
0.13675783855903934,950.027221333108,225.39653862545362,122.5531971045253,4580.660301545842,-5257.974059481416,-26022.72682564298,-33725.73672754038,0.0008590536541451441,0.0008590536541451441,1164.071644622842
0.13742494996664442,954.6811487060453,228.4465733609089,119.03804019407424,4563.877554421874,-5279.829355804694,-21080.854397605915,-27821.239789053514,0.0007009908574005322,0.0007009908574005322,1426.5521289511198
0.13809206137424948,959.3382655669973,231.48736213478776,115.51066991450116,4553.703646515287,-5293.64550241249,-9420.521506341322,-13599.567741120129,0.0003283601769797569,0.0003283601769797569,3045.4362925430178
0.13875917278185457,963.997234581173,234.52395842210086,111.97724731552928,4551.308479696937,-5297.9742093618925,2239.811384923756,622.104306813846,4.313719549650633e-05,4.313719549650633e-05,23181.850106156988
0.13942628418945963,968.6566434042172,237.56155150976443,108.44410157638394,4556.69205396682,-5292.815476652899,13900.144276188348,14843.77635474722,0.00041451143306104064,0.00041451143306104064,2412.4786923615225
0.14009339559706468,973.315084551434,240.6053306846956,104.91756187629011,4569.8543693249385,-5278.169304285511,25560.47716745294,29065.448402680606,0.0007867657677494664,0.0007867657677494664,1271.02632192614
0.14076050700466977,977.9711972834915,243.66048523381113,101.40395739447273,4590.7954257712945,-5254.035692259729,37220.81005871802,43287.12045061458,0.0011608521843685226,0.0011608521843685226,861.4361186251955
0.14142761841227483,982.6237096726494,246.7322044440276,97.90961731015713,4619.515223305883,-5220.414640575553,48881.142949982626,57508.79249854796,0.0015376256105493046,0.0015376256105493046,650.3533715484602
0.14209472981987992,987.2714810218691,249.82567760226203,94.4408708025681,4656.013761928709,-5177.30614923298,60541.47584124769,71730.46454648193,0.001917795236194788,0.001917795236194788,521.4321013666504
0.14276184122748498,991.9135447834491,252.94609399543089,91.00404705093106,4700.29104163977,-5124.710218232014,72201.80873251229,85952.13659441531,0.0023018718246052556,0.0023018718246052556,434.4290543507949
0.14342895263509006,996.5491520848967,256.0986429104513,87.60547523447076,4752.347062439067,-5062.626847572651,83862.14162377738,100173.8086423493,0.00269011024647907,0.00269011024647907,371.7319768990294
0.14409606404269512,1001.177815916282,259.2885136342397,84.25148453241259,4812.181824326599,-4991.056037254898,95522.47451504198,114395.48069028268,0.0030824470141684766,0.0030824470141684766,324.4175797356766
0.14476317545030018,1005.7993559638661,262.5208954537129,80.94840412398143,4879.795327302363,-4909.997787278749,107182.80740630657,128617.15273821607,0.003478433359517678,0.003478433359517678,287.4857433343672
0.14543028685790527,1010.4139439878884,265.8009776557879,77.70256318840231,4955.187571366367,-4819.452097644201,118843.14029757165,142838.82478615,0.003877165423102315,0.003877165423102315,257.9203853520002
0.14609739826551033,1015.0221495370339,269.1339495273812,74.52029090490052,5038.358556518604,-4719.418968351263,130503.47318883624,157060.4968340834,0.0042772144272264796,0.0042772144272264796,233.79702304250404
0.1467645096731154,1019.624985668049,272.5250003554098,71.40791645270087,5129.308282759079,-4609.898399399926,142163.80608010132,171282.16888201737,0.004676561274466684,0.004676561274466684,213.83233134565103
0.14743162108072047,1024.223954197456,275.9793194267903,68.37176901102876,5228.036750087785,-4490.890390790199,153824.1389713659,185503.84092995076,0.005072541771340049,0.005072541771340049,197.13982557029254
0.14809873248832553,1028.8210898565967,279.5020960284395,65.41817775910908,5334.543958504726,-4362.394942522076,165484.4718626305,199725.51297788415,0.0054618104575813314,0.0054618104575813314,183.08947331043646
0.14876584389593062,1033.419002547249,283.0985194354331,62.55347187743664,5448.828366186624,-4224.411889251088,177010.96573617586,213961.53786458066,0.005838848294790041,0.005838848294790041,171.26665217390428
0.14943295530353568,1038.0206421012388,286.77346070973556,59.784014671543964,5569.511160908132,-4076.793367746541,184796.05283891133,228598.78960605717,0.006163192130313059,0.006163192130313059,162.25358204908096
0.15010006671114076,1042.6285875820765,290.53064318145596,57.116292529234165,5695.387476045079,-3919.4101686292615,192581.13994164712,243236.04134753428,0.006476026313702685,0.006476026313702685,154.41567893016287
0.15076717811874582,1047.2458045437713,294.3735315073086,54.5568195783345,5826.457311597455,-3752.262291899264,200366.2270443826,257873.29308901075,0.006773065022452181,0.006773065022452181,147.64364385770375
0.15143428952635088,1051.875890059009,298.3055903440086,52.11210994667189,5962.720667565265,-3575.349737556538,208151.31414711807,272510.5448304872,0.007049607710767026,0.007049607710767026,141.85186481691417
0.15210140093395597,1056.5230934055792,302.3302843482709,49.788677762073306,6104.177543948515,-3388.6725056010796,215936.4012498539,287147.79657196434,0.007300673314707033,0.007300673314707033,136.97366761850907
0.15276851234156102,1061.1921048636382,306.45017136478924,47.591816599730784,6243.380460571838,-3202.2547701147564,182944.9659818503,246900.58416280564,0.006157922348338586,0.006157922348338586,162.3924342387658
0.1534356237491661,1065.8830562750052,310.65096419822993,45.50414691457471,6343.18211395369,-3066.096132036771,116260.39085693598,161303.01279498433,0.0039451063338994865,0.0039451063338994865,253.4785923023686
0.15410273515677117,1070.5892038511554,314.90349728049864,43.48826313997017,6398.497726558413,-2987.0406102815523,49575.81573202442,75705.44142716657,0.0017963085812271904,0.0017963085812271904,556.6972236567653
0.15476984656437623,1075.3010249103575,319.1780934663137,41.50607113560835,6409.32729838601,-2965.088204849092,-17108.75939288718,-9892.129940651183,0.0003240620054934486,0.0003240620054934486,3085.8292025851715
0.15543695797198132,1080.0077959719672,323.44507561039387,39.51947676118046,6375.67082943648,-3000.2389157393945,-83793.33451780154,-95489.70130847249,0.002458770786749604,0.002458770786749604,406.7072886130877
0.15610406937958637,1084.699010677249,327.6747665674572,37.490385876377935,6297.528319709825,-3092.4927429524564,-150477.90964271314,-181087.2726762903,0.0046498098588079245,0.0046498098588079245,215.06255747334382
0.15677118078719146,1089.3658099906866,331.8374891922223,35.38070434089191,6174.899769206038,-3241.8496864882845,-217162.4847676275,-266684.8440441116,0.006929975646604225,0.006929975646604225,144.30065140128056
0.15743829219479652,1094.0024682541173,335.90356633940723,33.152338014413836,6007.785177925131,-3448.3097463468666,-283847.05989253905,-352282.4154119293,0.00931201833055476,0.00931201833055476,107.38810475907056
0.15810540360240158,1098.6079631908892,339.8433208637306,30.76719275663493,5796.1845458671005,-3711.872922528208,-350531.6350174506,-437879.9867797471,0.011774154289901669,0.011774154289901669,84.93179003588133
0.15877251501000667,1103.1876268113258,343.62733747210024,28.18755379276153,5543.466956988153,-4027.6581625795916,-388317.6503973286,-481609.97996997344,0.013159772765054315,0.013159772765054315,75.98915405708927
0.15943962641761172,1107.75332422725,347.2402260805824,25.396025753053404,5289.751725544876,-4337.54151358127,-372320.6134696297,-447420.30633307016,0.012438238835535496,0.012438238835535496,80.39723414403689
0.1601067378252168,1112.3169961176472,350.68741800558735,22.405378840530645,5046.708299923936,-4624.616543277485,-356323.5765419302,-413230.6326961654,0.011639705146679944,0.011639705146679944,85.91282918238143
0.16077384923282187,1116.8878553140069,353.97603253051915,19.230828746524708,4814.336680125353,-4888.883251668218,-340326.5396142313,-379040.95905926207,0.010799807390330029,0.010799807390330029,92.59424393951541
0.16144096064042693,1121.4725022877692,357.11318893878155,15.887591162366682,4592.636866149119,-5130.341638753477,-324329.50268653245,-344851.2854223587,0.0099479440273155,0.0099479440273155,100.52328373120679
0.16210807204803201,1126.0751030249855,360.1060065137785,12.39088177938761,4381.608857995222,-5348.991704533274,-308332.465758833,-310661.61178545404,0.009106525222288827,0.009106525222288827,109.81136883609935
0.16277518345563707,1130.6975930680308,362.96160453891355,8.75591628891899,4181.252655663681,-5544.833449007588,-292335.4288311341,-276471.93814855063,0.008291221703837557,0.008291221703837557,120.60948744587957
0.16344229486324216,1135.3398927596493,365.6871022975909,4.997910382291723,3991.568259154482,-5717.866872176437,-276338.3919034346,-242282.26451164592,0.00751179644903994,0.00751179644903994,133.12394801749545
0.16410940627084722,1140.0001223718564,368.28961907321406,1.1320797508373217,3812.5556684676367,-5868.091974039806,-260341.35497573568,-208092.5908747426,0.006773174471650178,0.006773174471650178,147.64125805198188
0.16477651767845228,1144.6748093183712,370.77627414918703,-2.8263599141131657,3644.214883603139,-5995.508754597703,-244344.31804803683,-173902.91723783928,0.006076514824598605,0.006076514824598605,164.56801783019705
0.16544362908605736,1149.3590826535442,373.1541868089137,-6.8621929212287025,3486.5459045609823,-6100.1172138501315,-228347.28112033728,-139713.2436009345,0.005420150174457861,0.005420150174457861,184.49673308175875
0.16611074049366242,1154.0468524178207,375.4304763357977,-10.960203579177755,3339.5487313411795,-6181.917351797084,-212350.2441926384,-105523.56996403118,0.004800334366936515,0.004800334366936515,208.31882189035545
0.1667778519012675,1158.7309731188413,377.6122620132432,-15.10517619662946,3203.223363943719,-6240.909168438566,-196353.2072649389,-71333.89632712645,0.004211785135208733,0.004211785135208733,237.4290159392095
0.16744496330887257,1163.40339183563,379.70666312465363,-19.281895082252266,3077.569802368611,-6277.092663774572,-180356.17033724004,-37144.22269022312,0.0036480328717757803,0.0036480328717757803,274.12033694565434
0.16811207471647763,1168.0552822246243,381.72079895343296,-23.475144544715143,2962.5880466158505,-6290.467837805107,-164359.13340954116,-2954.5490533197844,0.003101594235308697,0.003101594235308697,322.4148370589396
0.16877918612408271,1172.6771859604182,383.6617315890918,-27.66975711881294,2856.836196246072,-6282.250506904642,-172596.3489453653,10800.703340632337,0.0032048875763617713,0.0032048875763617713,312.0234255253386
0.16944629753168777,1177.2650097289968,385.5202630648038,-31.864275885646993,2701.7141504312854,-6301.852516848131,-292459.5444073746,-69567.5291512129,0.006300659286617025,0.006300659286617025,158.71354956838556
0.17011340893929286,1181.8303088140417,387.2486390379562,-36.08975482079054,2466.6299995717845,-6375.069091495989,-412322.73986938887,-149935.76164306147,0.009387675368221647,0.009387675368221647,106.52264386826947
0.17078052034689792,1186.3920712712234,388.7935158760973,-40.38196081197131,2151.583743667592,-6501.900230848212,-532185.9353313982,-230303.9941349067,0.012314377163858196,0.012314377163858196,81.20589346044456
0.17144763175450298,1190.9747510787352,390.1115126841529,-44.77101978083143,1808.702464733028,-6652.83124524942,-470222.7527327107,-207720.959986737,0.010692841225922827,0.010692841225922827,93.52051329217196
0.17211474316210806,1195.5913541003129,391.2202862073275,-49.252497743864076,1525.5950854813266,-6778.257398255466,-378533.1702638683,-168306.64672537762,0.008415846957199501,0.008415846957199501,118.82345354967873
0.17278185456971312,1200.2437505009855,392.1605982254718,-53.80887849809479,1303.654872653145,-6877.389813261932,-286843.5877950296,-128892.3334640199,0.00624168199443147,0.00624168199443147,160.2132247192587
0.1734489659773182,1204.9285163574689,392.97325405307845,-58.422621190955944,1142.8818262484656,-6950.228490268833,-195154.00532618724,-89478.02020266051,0.004174132859634982,0.004174132859634982,239.57071651223092
0.17411607738492327,1209.638341054017,393.6990590046389,-63.076184969879,1043.2759462673014,-6996.773429276159,-103464.42285734869,-50063.70694130278,0.0021924301626724627,0.0021924301626724627,456.1148706242255
0.17478318879252833,1214.363337356318,394.37881839464546,-67.75202898229608,1004.8372327096439,-7017.024630283911,-11774.840388510085,-10649.39367994506,0.00026200929047991996,0.00026200929047991996,3816.6585550012724
0.1754503002001334,1219.092273492093,395.05333753759004,-72.4326123756393,1027.5656855754958,-7010.982093292095,79914.74208033229,28764.919581414317,0.0016578720448400094,0.0016578720448400094,603.1828590827729
0.17611741160773847,1223.8137571206128,395.7634217479648,-77.10039429734017,1111.461304864855,-6978.645818300706,171604.3245491709,68179.23284277205,0.003608396417162245,0.003608396417162245,277.13141362290537
0.17678452301534356,1228.517411924665,396.5498714090252,-81.7378359892974,1256.2707708652447,-6920.123398946102,254618.47906908081,103908.79204047167,0.005439738915968932,0.005439738915968932,183.8323521491801
0.17745163442294862,1233.1972031000412,397.4440515934241,-86.33140619589662,1423.6573015243398,-6851.697791445131,247206.339846896,101231.17924743693,0.00536281750663441,0.00536281750663441,186.469145885141
0.17811874583055368,1237.8552532258464,398.4482479014681,-90.87992471838555,1586.099109553559,-6785.058449983543,239794.20062471126,98553.56645440221,0.005271231373887305,0.005271231373887305,189.70899379484896
0.17878585723815876,1242.4948736149122,399.5591616522837,-95.38458319521634,1743.5961949529085,-6720.2053745613375,232382.06140252616,95875.95366136738,0.005166100493804532,0.005166100493804532,193.5695988104092
0.17945296864576382,1247.119152892038,400.7734941649966,-99.84657326484042,1896.1485577223746,-6657.138565178517,224969.9221803414,93198.34086833267,0.005048636564033441,0.005048636564033441,198.07327925404937
0.1801200800533689,1251.7309555183815,402.0879467587333,-104.26708656571013,2043.7561978619706,-6595.858021835076,217557.78295815637,90520.72807529784,0.004920109652327165,0.004920109652327165,203.2475027313689
0.18078719146097397,1256.3329217407747,403.4992207526199,-108.64731473627694,2186.419115371684,-6536.363744531021,210145.6437359716,87843.11528226313,0.0047818164358747126,0.0047818164358747126,209.12555164135557
0.18145430286857903,1260.9274688834969,405.00401746578257,-112.98844941499296,2324.1373102515213,-6478.65573326635,202733.50451378684,85165.50248922841,0.004635051080696505,0.004635051080696505,215.7473526375314
0.1821214142761841,1265.5167938825366,406.5990382173474,-117.29168224031024,2456.910782501487,-6422.733988041057,195321.36529160175,82487.88969619358,0.0044810795283879695,0.0044810795283879695,223.16051158318575
0.18278852568378917,1270.1028769496747,408.28098432644055,-121.55820485068026,2584.7395321215713,-6368.598508855148,187909.22606941697,79810.27690315885,0.004321117673234099,0.004321117673234099,231.42160793125535
0.18345563709139426,1274.687486245617,410.0465571121882,-125.78920888455536,2707.623559111784,-6316.249295708622,180497.0868472319,77132.66411012402,0.00415631364806105,0.00415631364806105,240.597819287894
0.18412274849899932,1279.2721834375727,411.89245789371677,-129.98588598038705,2825.562863472115,-6265.686348601482,173084.94762504715,74455.0513170893,0.003987734207800548,0.003987734207800548,250.76897001908117
0.18478985990660438,1283.8583300166536,413.8153879901519,-134.14942777662733,2938.55744520257,-6216.909667533721,165672.8084028624,71777.43852405458,0.003816355014850325,0.003816355014850325,262.03012982512564
0.18545697131420946,1288.4470942536311,415.8120487206203,-138.2810259117283,3046.6073043031533,-6169.919252505343,158260.6691806773,69099.82573101975,0.0036430544933155435,0.0036430544933155435,274.49493325857446
0.18612408272181452,1293.0394586773677,417.8791414042478,-142.38187202414156,3149.7124407738547,-6124.71510351635,150848.52995849255,66422.21293798504,0.0034686108287791317,0.0034686108287791317,288.2998552916287
0.1867911941294196,1297.636227968006,420.01336736016077,-146.45315775231933,3247.872854614685,-6081.297220566738,143436.39073630745,63744.6001449502,0.0032937016416582786,0.0032937016416582786,303.6097706459321
0.18745830553702467,1302.2380371661618,422.2114279074851,-150.49607473471306,3341.088545825634,-6039.66560365651,136024.25151412273,61066.987351915486,0.0031189058486943595,0.0031189058486943595,320.62526043183425
0.18812541694462973,1306.8453601094368,424.4700243653472,-154.51181460977492,3429.3595144067067,-5999.820252785664,128612.11229193793,58389.37455888076,0.0029447072410450645,0.0029447072410450645,339.59233232472513
0.1887925283522348,1311.458518018064,426.7858580528733,-158.5015690159569,3512.6857603579065,-5961.761167954201,121199.97306975287,55711.761765845935,0.0027714993411859924,0.0027714993411859924,360.81552867051215
0.18945963975983987,1316.077688162072,429.15563028918916,-162.46652959171055,3591.0672836792255,-5925.488349162119,113787.8338475681,53034.1489728112,0.002599591147431916,0.002599591147431916,384.6758752767257
0.19012675116744496,1320.702912552703,431.5760423934216,-166.40788797548822,3664.5040843706724,-5891.001796409421,106375.69462538302,50356.53617977637,0.002429213428446927,0.002429213428446927,411.65588345991137
0.19079386257505002,1325.3341066107016,434.04379568469614,-170.3268358057413,3732.9961624322405,-5858.301509696108,98963.55540319828,47678.923386741655,0.0022605252859188743,0.0022605252859188743,442.3750560231017
0.19146097398265507,1329.9710677733908,436.5555914821392,-174.2245647209219,3796.543517863931,-5827.387489022176,91551.41618101351,45001.31059370694,0.002093620758119593,0.002093620758119593,477.6414238929118
0.19212808539026016,1334.613484011013,439.1081311048771,-178.10226635948214,3855.146150665748,-5798.259734387626,84139.27695882844,42323.69780067211,0.001928535287950861,0.001928535287950861,518.5282355204071
0.19279519679786522,1339.2609422306305,441.6981158720357,-181.96113235987346,3908.804060837684,-5770.91824579246,76727.13773664366,39646.08500763738,0.0017652519248106324,0.0017652519248106324,566.4913806040886
0.1934623082054703,1343.9129365529006,444.32224710274147,-185.80235436054824,3957.5172483797483,-5745.363023236675,69314.9985144586,36968.47221460255,0.0016037071694795925,0.0016037071694795925,623.5552344163323
0.19412941961307537,1348.5688764532895,446.9772261161203,-189.6271239999579,4001.2857132919326,-5721.594066720274,61902.85929227384,34290.85942156783,0.001443796405063042,0.001443796405063042,692.6184304748535
0.19479653102068042,1353.228094764804,449.6597542312986,-193.43663291655454,4040.109455574242,-5699.611376243257,54490.72007008907,31613.246628533117,0.0012853788850649137,0.0012853788850649137,777.9807274098006
0.1954636424282855,1357.889855544127,452.36653276740253,-197.2320727487903,4073.9884752266753,-5679.414951805621,47078.580847904,28935.633835498284,0.0011282822724190073,0.0011282822724190073,886.3030328891249
0.19613075383589057,1362.5533618072197,455.094263043558,-201.01463513511652,4102.922772249231,-5661.004793407368,39666.441625719235,26258.021042463562,0.0009723067414031541,0.0009723067414031541,1028.4820185005415
0.19679786524349566,1367.2177631440463,457.83964637889136,-204.78551171398564,4126.9123466419105,-5644.3809010484965,32254.30240353416,23580.408249428732,0.0008172286685284787,0.0008172286685284787,1223.6477237155957
0.19746497665110072,1371.8821632251374,460.5993840925287,-208.5458941238491,4145.957198404713,-5629.543274729011,24842.1631813494,20902.795456394015,0.0006628039494455837,0.0006628039494455837,1508.7417641920676
0.19813208805870577,1376.5456272153253,463.37017750359627,-212.29697400315905,4160.057327537639,-5616.491914448906,17430.023959164635,18225.182663359294,0.0005087709873239459,0.0005087709873239459,1965.520882509123
0.19879919946631086,1381.2071891121636,466.14872793122044,-216.0399429903675,4169.2127340406905,-5605.226820208185,10017.884736979562,15547.56987032446,0.0003548534046630887,0.0003548534046630887,2818.065113252719
0.19946631087391592,1385.8658590283803,468.93173669452676,-219.77599272392592,4173.423417913863,-5595.747992006845,2605.7455147947985,12869.95707728974,0.00020076253563003355,0.00020076253563003355,4981.009015759824
0.200133422281521,1390.5206319311856,471.7159083437284,-223.50631429243336,4172.766379979741,-5588.042326153573,-3583.0432070320435,10400.529168394844,6.89157557335776e-05,6.89157557335776e-05,14510.469911494754
0.20080053368912607,1395.1708605784343,474.4987421842324,-227.23196353623476,4170.0661652858635,-5581.629152894853,-4512.200445214686,8826.164261248545,3.43567443891848e-05,3.43567443891848e-05,29106.366676430236
0.20146764509673115,1399.816740581794,477.27956792574355,-230.95368480481014,4166.746099198934,-5576.266256425424,-5441.357683397366,7251.799354102179,3.737002495470315e-07,3.737002495470315e-07,2675941.4830793324
0.2021347565043362,1404.4585857690854,480.05797205832647,-234.6721787497865,4162.8061817189555,-5571.953636745284,-6370.5149215800075,5677.43444695588,3.5255244199270316e-05,3.5255244199270316e-05,28364.574482814027
0.20280186791194127,1409.0967099722477,482.83354107204565,-238.38814602279115,4158.246412845926,-5568.691293854436,-7299.672159762649,4103.06953980958,7.026729944356331e-05,7.026729944356331e-05,14231.370892561075
0.20346897931954636,1413.7314273920435,485.605861456966,-242.1022872754516,4153.066792579845,-5566.479227752876,-8228.82939794533,2528.7046326632153,0.00010538900898378132,0.00010538900898378132,9488.655502528669
0.20413609072715141,1418.363052963977,488.37451970315215,-245.81530315939477,4147.267320920715,-5565.317438440608,-9157.986636127971,954.3397255169175,0.00014059923180164698,0.00014059923180164698,7112.414393634589
0.2048032021347565,1422.9919027250614,491.13910230066875,-249.52789432624832,4140.847997868533,-5565.205925917629,-10087.143874310652,-620.0251816294494,0.00017587652796293153,0.00017587652796293153,5685.8070350966
0.20547031354236156,1427.6182941810575,493.8991957395804,-253.24076142763917,4133.808823423302,-5566.144690183943,-11016.301112493295,-2194.390088775749,0.00021119914409854668,0.00021119914409854668,4734.867673201339
0.20613742494996662,1432.242546673811,496.65438650995185,-256.9546051151948,4126.14979758502,-5568.133731239544,-11945.458350675937,-3768.754995922047,0.00024654499950568006,0.00024654499950568006,4056.054683749371
0.2068045363575717,1436.8649817482985,499.4042611018481,-260.67012604054264,4117.870920353688,-5571.173049084439,-12874.615588858616,-5343.119903068411,0.00028189167311687326,0.00028189167311687326,3547.46200532641
0.20747164776517676,1441.4859235189952,502.14840600533313,-264.3880248553096,4108.972191729305,-5575.262643718623,-13803.772827041259,-6917.4848102147125,0.00031721639158938716,0.00031721639158938716,3152.4222156036158
0.20813875917278185,1446.1056990351672,504.8864077104722,-268.10900221112325,4099.453611711871,-5580.402515142097,-14732.930065223938,-8491.849717361078,0.00035249601877051346,0.00035249601877051346,2836.91147346272
0.2088058705803869,1450.7246386446834,507.61785270732963,-271.8337587596107,4089.3151803013875,-5586.5926633548615,-15662.08730340658,-10066.214624507378,0.0003877070467965848,0.0003877070467965848,2579.2670220014397
0.20947298198799197,1455.343076355939,510.34232748597026,-275.56299515239925,4078.5568974978532,-5593.833088356916,-16591.24454158922,-11640.579531653673,0.0004228255890843429,0.0004228255890843429,2365.0413452165158
0.21014009339559706,1459.9613501974713,513.0594185364589,-279.29741204111633,4067.178763301269,-5602.123790148263,-17520.401779771903,-13214.944438800043,0.00045782737547263877,0.00045782737547263877,2184.2293702241996
0.21080720480320211,1464.579802574844,515.7687123488599,-283.03771007738897,4055.180777711634,-5611.464768728899,-18449.559017954543,-14789.309345946342,0.0004926877497702989,0.0004926877497702989,2029.6831014495904
0.2114743162108072,1469.1987806243717,518.4697954132383,-286.7845899128448,4042.562940728948,-5621.856024098825,-19378.716256137224,-16363.674253092704,0.0005273816699620712,0.0005273816699620712,1896.1599482058582
0.21214142761841226,1473.8186365632394,521.1622542196584,-290.53875219911066,4029.3252523532115,-5633.297556258041,-20307.87349431987,-17938.039160239,0.0005618837113187274,0.0005618837113187274,1779.7276907227374
0.21280853902601732,1478.439728035581,523.845675258185,-294.30089758781406,4015.4677125844246,-5645.789365206548,-21237.030732502506,-19512.404067385305,0.0005961680726496367,0.0005961680726496367,1677.3793261949672
0.2134756504336224,1483.0624184540582,526.5196450188831,-298.07172673058244,4000.990321422588,-5659.331450944346,-22166.187970685187,-21086.76897453167,0.0006302085859260668,0.0006302085859260668,1586.7762235110447
0.21414276184122746,1487.6870773364813,529.183749991817,-301.8519402790428,3985.8930788677008,-5673.923813471434,-23095.34520886783,-22661.133881677968,0.000663978729491184,0.000663978729491184,1506.0723417545523
0.21480987324883255,1492.3140806370163,531.8375766670515,-305.64223888482263,3970.175984919762,-5689.5664527878125,-24024.502447050512,-24235.498788824334,0.0006974516450579622,0.0006974516450579622,1433.7911553952881
0.2154769846564376,1496.9438110714996,534.4807115346512,-309.44332319954896,3953.8390395787737,-5706.259368893481,-24953.659685233153,-25809.86369597063,0.0007306001586788337,0.0007306001586788337,1368.737726266485
0.21614409606404267,1501.5766584363919,537.1127410846809,-313.2558938748493,3936.882242844735,-5724.002561788439,-25882.816923415794,-27384.22860311693,0.0007633968058509865,0.0007633968058509865,1309.9347447298567
0.21681120747164775,1506.2130199208932,539.7332518072053,-317.0806515623509,3919.305594717645,-5742.79603147269,-26811.974161598475,-28958.593510263298,0.0007958138608984006,0.0007958138608984006,1256.5752484771906
0.2174783188792528,1510.8533004117373,542.3418301922889,-320.9182969136808,3901.109095197505,-5762.6397779462295,-27741.13139978112,-30532.958417409598,0.0008278233707462446,0.0008278233707462446,1207.9871568478989
0.2181454302868579,1515.4978883892707,544.9380198984264,-324.7695300266969,3881.885711088292,-5783.5285386723235,-31249.00993712447,-32073.983008085714,0.0009031912915569369,0.0009031912915569369,1107.1851659200372
0.21881254169446296,1520.1465461769003,547.520243531555,-328.6350365051549,3858.911541505601,-5805.4270963060235,-37627.55047178503,-33577.89277774531,0.001027366595857269,0.001027366595857269,973.3623849873828
0.21947965310206802,1524.7983811491179,550.0857214887931,-332.51548640944065,3831.6821747683666,-5828.328929303071,-44006.09100644559,-35081.80254740491,0.0011519404182533364,0.0011519404182533364,868.1004539421226
0.2201467645096731,1529.4525060040849,552.6316150795774,-336.4115490359938,3800.1976108765875,-5852.2340376634675,-50384.63154110641,-36585.712317064565,0.0012770962656420961,0.0012770962656420961,783.0263284790218
0.22081387591727816,1534.1080773071672,555.1550856133438,-340.3238936812539,3764.4578498302653,-5877.142421387212,-56763.17207576697,-38089.62208672416,0.001403000732883585,0.001403000732883585,712.7580025882821
0.22148098732488325,1538.7643004422682,557.6532943995298,-344.2531896416612,3724.462891629399,-5903.054080474307,-63141.7126104278,-39593.53185638382,0.001529801950363568,0.001529801950363568,653.6793862514969
0.2221480987324883,1543.4204346410804,560.1234027475716,-348.2001062136554,3680.212736273992,-5929.969014924751,-69520.25314508835,-41097.441626043415,0.0016576278010328905,0.0016576278010328905,603.2717352935842
0.22281521014009337,1548.0757980973258,562.5625719669057,-352.1653126936762,3631.7073837640396,-5957.887224738541,-75898.79367974891,-42601.351395703015,0.0017865838949752402,0.0017865838949752402,559.7274232755013
0.22348232154769845,1552.7297731712758,564.967963366969,-356.1494783781639,3578.946834099543,-5986.808709915683,-82277.33421440974,-44105.26116536267,0.0019167512943086527,0.0019167512943086527,521.7160948158833
0.2241494329553035,1557.3818116878376,567.3367382571978,-360.15327256355795,3521.9310872805045,-6016.733470456171,-88655.8747490703,-45609.170935022266,0.0020481839872236074,0.0020481839872236074,488.2373879680305
0.2248165443629086,1562.031440329244,569.6660579470287,-364.17736454629824,3460.660143306919,-6047.6615063600075,-95034.41528373111,-47113.080704681925,0.0021809061174563006,0.0021809061174563006,458.52501031376346
0.22548365577051366,1566.6782661208233,571.9530837458983,-368.2224236228248,3395.1340021787946,-6079.592817627194,-101412.95581839168,-48616.990474341525,0.00231490898473817,0.00231490898473817,431.98242634714467
0.22615076717811872,1571.321982005466,574.1949769632434,-372.28911908957735,3325.352663896126,-6112.5274042577275,-107791.49635305224,-50120.900244001125,0.002450147842977107,0.002450147842977107,408.13863655873416
0.2268178785857238,1575.9623724992218,576.3888989085006,-376.378120242996,3251.316128458911,-6146.465266251613,-114170.03688771307,-51624.81001366078,0.002586538536288724,0.002586538536288724,386.6170891986178
0.22748498999332886,1580.5993194168964,578.5320108911061,-380.4900963795202,3173.0243958671554,-6181.406403608843,-120548.57742237362,-53128.719783320375,0.0027239540286097576,0.0027239540286097576,367.11339086378655
0.22815210140093395,1585.2328076526303,580.621474220497,-384.6257167955902,3090.477466120853,-6217.350816329425,-126927.11795703445,-54632.62955298004,0.0028622209004758505,0.0028622209004758505,349.3790433274203
0.228819212808539,1589.8629859904092,582.6548638619097,-388.7855098199885,3006.1926085921737,-6253.44065698088,-123093.2305233857,-52656.297911526344,0.0027782803994128922,0.0027782803994128922,359.9348720205925
0.22948632421614407,1594.4905447926112,584.6334906128828,-392.9687306661989,2926.557731082591,-6287.499022937306,-115652.13225034722,-49450.68322584284,0.002613821936471681,0.002613821936471681,382.5815316822498
0.23015343562374915,1599.116329007397,586.5606478129968,-397.17395892728194,2851.8868951160593,-6319.418886768529,-108211.03397730843,-46245.0685401592,0.002447659174422901,0.002447659174422901,408.5536133664426
0.2308205470313542,1603.7410560529315,588.4396470309927,-401.3997679840744,2782.1801006925857,-6349.200248474544,-100769.93570426993,-43039.453854475694,0.0022802293066160302,0.0022802293066160302,438.55238466522826
0.2314876584389593,1608.3653213311238,590.2737998356117,-405.64473121741366,2717.437347812164,-6376.8431080553555,-93328.83743123114,-39833.83916879206,0.0021119067819488475,0.0021119067819488475,473.5057477665797
0.23215476984656436,1612.989606349131,592.0664177955948,-409.90742200813634,2657.658636474798,-6402.347465510958,-85887.73915819263,-36628.224483108555,0.0019430058375527555,0.0019430058375527555,514.666492849818
0.23282188125416942,1617.6142869785288,593.8208124796835,-414.18641373708004,2602.8439666804875,-6425.713320841357,-78446.64088515416,-33422.60979742505,0.0017737837896492426,0.0017737837896492426,563.7665683018477
0.2334889926617745,1622.2396418131498,595.5402954566191,-418.4802797850817,2552.993338429229,-6446.940674046549,-71005.54261211536,-30216.99511174141,0.001604444892806204,0.001604444892806204,623.2685238886462
0.23415610406937956,1626.865860593039,597.2281782951425,-422.78759353297824,2508.1067517210267,-6466.029525126534,-63564.44433907687,-27011.380426057905,0.0014351446038682377,0.0014351446038682377,696.7938961026196
0.23482321547698465,1631.4930526680469,598.887772563995,-427.1069283616071,2468.1842065558776,-6482.979874081316,-56123.34606603807,-23805.76574037427,0.001265994113922759,0.001265994113922759,789.8930879713491
0.2354903268845897,1636.1212554802303,600.5223898319177,-431.43685765180476,2433.225702933784,-6497.79172091089,-48682.24779299958,-20600.151054690763,0.0010970650383319348,0.0010970650383319348,911.5229863860029
0.23615743829219477,1640.7504430494018,602.135341667652,-435.77595478440884,2403.231240854745,-6510.46506561526,-41241.1495199611,-17394.53636900726,0.0009283941800510595,0.0009283941800510595,1077.1286825010066
0.23682454969979985,1645.380534450777,603.7299396399391,-440.12279314025636,2378.200820318759,-6520.9999081944225,-33800.0512469223,-14188.92168332362,0.0007599883044588162,0.0007599883044588162,1315.8097225089468
0.2374916611074049,1650.011402277773,605.3094953175198,-444.47594610018416,2358.134441325829,-6529.396248648381,-26358.952973883817,-10983.306997640118,0.0005918288843145279,0.0005918288843145279,1689.6775850307251
0.23815877251501,1654.6428810865186,606.8773202691358,-448.83398704502963,2343.0321038759525,-6535.6540869771325,-18917.85470084502,-7777.692311956479,0.00042387679101988653,0.00042387679101988653,2359.176112459255
0.23882588392261506,1659.2748085545325,608.4362580707791,-453.1956914136852,2330.7421166943504,-6540.702425941576,-18071.980183065993,-7419.5962964435985,0.00040474380472101964,0.00040474380472101964,2470.6987193770055
0.23949299533022012,1663.907146644468,609.9871531559346,-457.5606977841625,2318.9189766236414,-6545.553947488443,-17373.79374892134,-7125.265301059901,0.0003889506709726091,0.0003889506709726091,2571.020118050966
0.2401601067378252,1668.5398916158365,611.5303162490928,-461.9288751658236,2307.5616046877844,-6550.209117470676,-16675.607314776655,-6830.93430567619,0.00037316728631445905,0.00037316728631445905,2679.7633036817815
0.24082721814543026,1673.173037904927,613.0660580694904,-466.30009257029974,2296.6700008867806,-6554.667935888275,-15977.420880631998,-6536.60331029249,0.000357393916355104,0.000357393916355104,2798.0330784545513
0.24149432955303535,1677.8065781986706,614.5946893363634,-470.6742190092226,2286.24416522063,-6558.930402741245,-15279.234446487317,-6242.27231490878,0.00034163073743987614,0.00034163073743987614,2927.1370822597332
0.2421614409606404,1682.4405035088173,616.1165207689476,-475.0511234942231,2276.284097689333,-6562.996518029582,-14581.04801234266,-5947.941319525082,0.000325877840601114,0.000325877840601114,3068.6345477047494
0.24282855236824546,1687.074803246054,617.6318630864793,-479.4306750369327,2266.7897982928885,-6566.866281753287,-13882.861578198004,-5653.610324141383,0.0003101352354941415,0.0003101352354941415,3224.399828051431
0.24349566377585055,1691.7094652940555,619.1410270081941,-483.8127426489829,2257.7612670312965,-6570.539693912358,-13184.67514405332,-5359.2793287576715,0.0002944028543167441,0.0002944028543167441,3396.706198113532
0.2441627751834556,1696.3444760834693,620.6443232533287,-488.1971953420049,2249.1985039045585,-6574.016754506799,-12486.488709908666,-5064.9483333739745,0.0002786805557102548,0.0002786805557102548,3588.3378998271546
0.2448298865910607,1700.9798206658322,622.1420625411189,-492.58390212763015,2241.1015089126727,-6577.297463536608,-11788.302275763981,-4770.617337990262,0.000262968128640761,0.000262968128640761,3802.742199858346
0.24549699799866576,1705.6154827874145,623.6345555908007,-496.97273201748965,2233.4702820556404,-6580.3818210017835,-11090.115841619325,-4476.286342606563,0.0002472652962593424,0.0002472652962593424,4044.2391840994837
0.24616410940627081,1710.2514449629969,625.12211312161,-501.36355402321516,2226.304823333461,-6583.269826902328,-10391.929407474669,-4181.955347222865,0.0002315717197405576,0.0002315717197405576,4318.316593754861
0.2468312208138759,1714.8876885495745,626.6050458527832,-505.75623715643775,2219.605132746134,-6585.961481238237,-9693.742973329985,-3887.6243518391548,0.00021588700209877626,0.00021588700209877626,4632.052834484511
0.24749833222148096,1719.524193819994,628.0836645035561,-510.1506504287888,2213.3712102936615,-6588.456784009518,-8995.55653918533,-3593.293356455457,0.00020021069198222836,0.00020021069198222836,4994.738243493833
0.24816544362908605,1724.1609400365228,629.5582797931648,-514.5466628518997,2207.6030559760407,-6590.755735216163,-8297.370105040645,-3298.9623610717454,0.00018454228744494214,0.00018454228744494214,5418.812207464092
0.2488325550366911,1728.7979055243532,631.0292024408458,-518.9441434374019,2202.3006697932733,-6592.858334858179,-7599.183670895991,-3004.6313656880466,0.0001688812396970241,0.0001688812396970241,5921.320815704678
0.24949966644429616,1733.4350677450445,632.4967431658343,-523.3429611969262,2197.464051745359,-6594.764582935561,-6900.997236751335,-2710.3003703043487,0.0001532269568339574,0.0001532269568339574,6526.266791838973
0.2501667778519012,1738.0724033699094,633.961212687367,-527.7429851421044,2193.0932018322974,-6596.47447944831,-6202.81080260668,-2415.96937492065,0.0001375788075458519,0.0001375788075458519,7268.561327417543
0.25083388925950634,1742.7098883533413,635.42292172468,-532.1440842845682,2189.188120054089,-6597.988024396429,-5504.624368461966,-2121.6383795369265,0.00012193612480776842,0.00012193612480776842,8201.015093570459
0.2515010006671114,1747.3474980060942,636.8821809970091,-536.5461276359482,2185.7488064107342,-6599.3052177799145,-4806.4379343173105,-1827.3073841532284,0.00010629820955244775,0.00010629820955244775,9407.496177126088
0.25216811207471646,1751.985207068517,638.3393012235903,-540.9489842078758,2182.775260902232,-6600.426059598768,-4108.251500172655,-1532.9763887695294,9.066433432692029e-05,9.066433432692029e-05,11029.695496292608
0.2528352234823215,1756.6229897837466,639.7945931236598,-545.3525230119826,2180.2674835285825,-6601.350549852989,-3410.0650660279994,-1238.645393385831,7.503374693466985e-05,7.503374693466985e-05,13327.336576576363
0.2535023348899266,1761.2608199708654,641.2483674164534,-549.7566130598998,2178.2254742897862,-6602.078688542579,-2711.8786318833445,-944.3143980021326,5.940567406511699e-05,5.940567406511699e-05,16833.408857609444
0.2541694462975317,1765.8986710980316,642.7009348212077,-554.1611233632594,2176.6492331858426,-6602.610475667536,-2013.692197738631,-649.9834026184095,4.37793249123314e-05,4.37793249123314e-05,22841.8323490029
0.25483655770513675,1770.5365163555805,644.1526060571586,-558.5659229336918,2175.5387602167525,-6602.945911227861,-1315.5057635939752,-355.65240723471084,2.8153894784983025e-05,2.8153894784983025e-05,35519.06432972069
0.2555036691127418,1775.1743287291156,645.6036918435417,-562.9708807828285,2174.894055382515,-6603.084995223552,-617.3193294493201,-61.3214118510125,1.2528568709600118e-05,1.2528568709600118e-05,79817.57718531262
0.25617078052034686,1779.8120810725827,647.0545028995933,-567.375865922301,2174.715118683131,-6603.027727654612,80.86710469533523,233.00958353268618,3.0974749706869645e-06,3.0974749706869645e-06,322843.609541167
0.2568378919279519,1784.4497461813414,648.5053499445496,-571.7807473637407,2175.0019501186,-6602.77410852104,779.0535388399907,527.3405789163847,1.872506099973264e-05,1.872506099973264e-05,53404.36541244262
0.25750500333555704,1789.087296865237,649.9565436976468,-576.1853941187793,2175.7545496889215,-6602.324137822836,1477.239972984704,821.6715743001077,3.43550136120529e-05,3.43550136120529e-05,29107.833031076614
0.2581721147431621,1793.7247075225728,651.4083791735536,-580.5896819562929,2176.8667618325494,-6601.723491395064,1697.0516270414205,910.1709840675111,3.925206110987585e-05,3.925206110987585e-05,25476.3691822644
0.25883922615076715,1798.3619701964572,652.8609679012352,-584.9935655940398,2177.9919234698746,-6601.121328880588,1676.182961658759,895.112234335501,3.874798373030809e-05,3.874798373030809e-05,25807.794463839808
0.2595063375583722,1802.9990883026628,654.31430259341,-589.3970508731591,2179.1031633824614,-6600.529212229842,1655.3142962760976,880.0534846034909,3.824370844004602e-05,3.824370844004602e-05,26148.091824507086
0.26017344896597727,1807.6360654422408,655.7683739627363,-593.800144495361,2180.2004815703094,-6599.947141442825,1634.4456308934361,864.9947348714808,3.773923887968676e-05,3.773923887968676e-05,26497.619710562114
0.2608405603735824,1812.2729052104476,657.2231727218729,-598.2028531623566,2181.2838780334196,-6599.375116519539,1613.5769655107727,849.9359851394693,3.723457868312618e-05,3.723457868312618e-05,26856.756148906716
0.26150767178118745,1816.9096111968165,658.678689583478,-602.605183575855,2182.3533527717914,-6598.8131374599825,1592.708300128111,834.8772354074592,3.6729731477618304e-05,3.6729731477618304e-05,27225.900102464995
0.2621747831887925,1821.5461869852388,660.1349152602107,-607.0071424375675,2183.408905785425,-6598.261204264159,1571.8396347454495,819.8184856754491,3.6224700883834556e-05,3.6224700883834556e-05,27605.47293977118
0.26284189459639756,1826.1826361540354,661.5918404647297,-611.4087364492037,2184.450537074321,-6597.719316932064,1550.970969362788,804.759735943439,3.57194905159243e-05,3.57194905159243e-05,27995.9200301075
0.2635090060040026,1830.8189622760347,663.0494559096929,-615.8099723124741,2185.4782466384777,-6597.187475463701,1530.1023039801266,789.7009862114289,3.521410398157557e-05,3.521410398157557e-05,28397.71247688743
0.26417611741160774,1835.4551689186492,664.5077523077596,-620.2108567290895,2186.492034477896,-6596.6656798590675,1509.233638597463,774.6422364794175,3.470854488207642e-05,3.470854488207642e-05,28811.349003466938
0.2648432288192128,1840.0912596439491,665.9667203715882,-624.6113964007594,2187.491900592577,-6596.153930118166,1488.3649732148015,759.5834867474073,3.420281681237709e-05,3.420281681237709e-05,29237.358007254144
0.26551034022681785,1844.7272380087413,667.4263508138371,-629.0115980291945,2188.477844982519,-6595.652226240992,1467.49630783214,744.5247370153972,3.369692336115221e-05,3.369692336115221e-05,29676.299799905726
0.2661774516344229,1849.363107564644,668.8866343471651,-633.4114683161049,2189.4498676477233,-6595.16056822755,1446.6276424494786,729.4659872833872,3.319086811086404e-05,3.319086811086404e-05,30128.76905357832
0.26684456304202797,1853.9988718581635,670.3475616842311,-637.8110139632013,2190.4079685881893,-6594.67895607784,1425.758977066817,714.407237551377,3.2684654637826045e-05,3.2684654637826045e-05,30595.397475691763
0.2675116744496331,1858.63453443077,671.8091235376932,-642.2102416721938,2191.352147803916,-6594.207389791856,1404.8903116841534,699.3484878193656,3.2178286512267026e-05,3.2178286512267026e-05,31076.856737501526
0.26817878585723814,1863.2700988189733,673.2713106202103,-646.6091581447924,2192.2824052949054,-6593.745869369607,1384.021646301492,684.2897380873554,3.1671767298395694e-05,3.1671767298395694e-05,31573.86168502994
0.2688458972648432,1867.9055685544015,674.7341136444411,-651.0077700827078,2193.198741061157,-6593.294394811087,1363.1529809188305,669.2309883553454,3.116510055446588e-05,3.116510055446588e-05,32087.17386463566
0.26951300867244826,1872.5409471638745,676.1975233230437,-655.4060841876499,2194.101155102669,-6592.852966116298,1342.2843155361688,654.1722386233353,3.0658289832842077e-05,3.0658289832842077e-05,32617.60539978881
0.2701801200800533,1877.1762381694832,677.6615303686774,-659.8041071613293,2194.989647419444,-6592.421583285239,1321.4156501535074,639.1134888913252,3.0151338680065712e-05,3.0151338680065712e-05,33166.02326055728
0.27084723148765844,1881.8114450886642,679.1261254940005,-664.2018457054565,2195.86421801148,-6592.000246317911,1300.546984770844,624.0547391593137,2.9644250636921542e-05,2.9644250636921542e-05,33733.35397301332
0.2715143428952635,1886.4465714342757,680.5912994116716,-668.599306521741,2196.724866878778,-6591.588955214313,1279.6783193881824,608.9959894273036,2.9137029238505076e-05,2.9137029238505076e-05,34320.58882236639
0.27218145430286855,1891.0816207146768,682.0570428343492,-672.9964963118938,2197.5715940213377,-6591.187709974445,1258.809654005521,593.9372396952934,2.8629678014289762e-05,2.8629678014289762e-05,34928.78961128644
0.2728485657104736,1895.7165964338017,683.523346474692,-677.393421777625,2198.404399439159,-6590.7965105983085,1237.9409886228593,578.8784899632834,2.812220048819518e-05,2.812220048819518e-05,35559.09504378111
0.27351567711807867,1900.3515020912373,684.9902010453585,-681.7900896206446,2199.2232831322412,-6590.415357085902,1217.0723232401979,563.8197402312733,2.761460017865551e-05,2.761460017865551e-05,36212.727815372906
0.2741827885256838,1904.9863411823007,686.4575972590079,-686.1865065426638,2200.0282451005864,-6590.0442494372255,1196.2036578575344,548.7609904992618,2.710688059868824e-05,2.710688059868824e-05,36891.0025024566
0.27484989993328884,1909.621117198113,687.9255258282982,-690.5826792453919,2200.819285344193,-6589.683187652279,1175.334992474873,533.7022407672516,2.6599045255963775e-05,2.6599045255963775e-05,37595.33435794241
0.2755170113408939,1914.2558336256802,689.3939774658882,-694.9786144305396,2201.596403863061,-6589.332171731065,1154.4663270922115,518.6434910352416,2.6091097652874866e-05,2.6091097652874866e-05,38327.24913701798
0.27618412274849896,1918.8904939479667,690.8629428844364,-699.374318799817,2202.3596006571915,-6588.991201673582,1133.5976617095498,503.58474130323145,2.5583041286606867e-05,2.5583041286606867e-05,39088.394096581316
0.276851234156104,1923.5251016439736,692.3324127966016,-703.7697990549347,2203.1088757265834,-6588.660277479827,1112.7289963268881,488.5259915712213,2.5074879649208367e-05,2.5074879649208367e-05,39880.550335226464
0.27751834556370913,1928.1596601888161,693.8023779150423,-708.1650618976029,2203.8442290712364,-6588.339399149803,1091.8603309442249,473.46724183920986,2.4566616227661928e-05,2.4566616227661928e-05,40705.6466683435
0.2781854569713142,1932.7941730537989,695.2728289524173,-712.5601140295317,2204.5656606911516,-6588.02856668351,1070.9916655615634,458.4084921071999,2.4058254503955666e-05,2.4058254503955666e-05,41565.77526584814
0.27885256837891925,1937.4286437064939,696.7437566213847,-716.9549621524316,2205.2731705863284,-6587.727780080948,1050.1230001789017,443.34974237518975,2.3549797955154624e-05,2.3549797955154624e-05,42463.20931942935
0.2795196797865243,1942.0630756108178,698.2151516346038,-721.3496129680128,2205.9667587567674,-6587.437039342117,1029.2543347962403,428.29099264317955,2.304125005347308e-05,2.304125005347308e-05,43400.42305340403
0.28018679119412937,1946.697472227108,699.6870047047328,-725.7440731779855,2206.6464252024675,-6587.156344467015,1008.3856694135786,413.23224291116946,2.253261426634684e-05,2.253261426634684e-05,44380.11445008097
0.2808539026017345,1951.3318370122008,701.1593065444304,-730.1383494840604,2207.31216992343,-6586.885695455643,987.5170040309152,398.1734931791581,2.2023894056505983e-05,2.2023894056505983e-05,45405.23112916965
0.28152101400933954,1955.9661734195072,702.6320478663552,-734.5324485879473,2207.963992919654,-6586.625092308002,966.648338648254,383.114743447148,2.151509288204814e-05,2.151509288204814e-05,46478.99990403409
0.2821881254169446,1960.6004848990908,704.1052193831658,-738.9263771913567,2208.6018941911398,-6586.374535024093,945.7796732655922,368.0559937151379,2.1006214196511604e-05,2.1006214196511604e-05,47604.96063903152
0.28285523682454966,1965.234774897745,705.5788118075208,-743.3201419959986,2209.225873737887,-6586.134023603913,924.9110078829308,352.9972439831277,2.0497261448949374e-05,2.0497261448949374e-05,48787.00515630379
0.2835223482321547,1969.8690468590705,707.0528158520789,-747.7137497035841,2209.835931559896,-6585.903558047464,904.0423425002691,337.93849425111756,1.9988238084003046e-05,1.9988238084003046e-05,50029.4220930017
0.28418945963975983,1974.5033042235511,708.5272222294988,-752.1072070158231,2210.432067657167,-6585.683138354746,883.173677117606,322.8797445191062,1.947914754197719e-05,1.947914754197719e-05,51336.94879845328
0.2848565710473649,1979.1375504286311,710.0020216524387,-756.5005206344251,2211.0142820296987,-6585.472764525757,862.3050117349445,307.8209947870962,1.8969993258914195e-05,1.8969993258914195e-05,52714.83159489736
0.28552368245496995,1983.771788908795,711.4772048335577,-760.8936972611016,2211.5825746774935,-6585.2724365605,841.4363463522827,292.762245055086,1.846077866666889e-05,1.846077866666889e-05,54168.896017669584
0.286190793862575,1988.4060230956416,712.9527624855142,-765.2867435975621,2212.136945600549,-6585.082154458973,820.5676809696213,277.7034953230758,1.795150719298404e-05,1.795150719298404e-05,55705.62901764752
0.2868579052701801,1993.040256417963,714.4286853209669,-769.6796663455175,2212.677394798867,-6584.901918221176,799.6990155869577,262.64474559106435,1.744218226156563e-05,1.744218226156563e-05,57332.2755721645
0.2875250166777852,1997.6744923018214,715.9049640525743,-774.0724722066776,2213.2039222724466,-6584.731727847111,778.8303502042963,247.58599585905438,1.6932807292158903e-05,1.6932807292158903e-05,59056.95273949473
0.28819212808539024,2002.3087341706257,717.3815893929949,-778.4651678827526,2213.716528021288,-6584.571583336776,757.9616848216349,232.52724612704424,1.6423385700623978e-05,1.6423385700623978e-05,60888.78494536036
0.2888592394929953,2006.9429854452112,718.8585520548875,-782.8577600754529,2214.21521204539,-6584.42148469017,737.0930194389732,217.46849639503404,1.5913920899012373e-05,1.5913920899012373e-05,62838.06526033823
0.28952635090060036,2011.5772495439146,720.3358427509106,-787.2502554864892,2214.6999743447554,-6584.281431907295,716.2243540563115,202.40974666302395,1.540441629564334e-05,1.540441629564334e-05,64916.44868639514
0.2901934623082055,2016.2115298826523,721.8134521937232,-791.6426608175717,2215.170814919382,-6584.151424988151,695.3556886736483,187.35099693101256,1.48948752951806e-05,1.48948752951806e-05,67137.18511786137
0.29086057371581053,2020.845829874997,723.2913710959833,-796.0349827704104,2215.62773376927,-6584.031463932737,674.4870232909868,172.29224719900247,1.4385301298709363e-05,1.4385301298709363e-05,69515.40181433108
0.2915276851234156,2025.4801529322565,724.76959017035,-800.4272280467156,2216.07073089442,-6583.921548741055,653.6183579083253,157.2334974669924,1.3875697703813218e-05,1.3875697703813218e-05,72068.44811307667
0.29219479653102065,2030.1145024635498,726.2481001294815,-804.8194033481975,2216.4998062948316,-6583.821679413102,632.7496925256637,142.17474773498225,1.3366067904651613e-05,1.3366067904651613e-05,74816.31899026815
0.2928619079386257,2034.7488818758864,727.726891686037,-809.211515376567,2216.9149599705047,-6583.7318559488795,611.881027143002,127.11599800297205,1.285641529203733e-05,1.285641529203733e-05,77782.17934662968
0.2935290193462308,2039.3832945742408,729.2059555526747,-813.6035708335343,2217.31619192144,-6583.652078348388,591.0123617603388,112.05724827096071,1.2346743253514089e-05,1.2346743253514089e-05,80993.01811555718
0.2941961307538359,2044.0177439616318,730.6852824420529,-817.9955764208088,2217.7035021476368,-6583.582346611627,570.1436963776773,96.99849853895063,1.1837055173434613e-05,1.1837055173434613e-05,84480.47131217708
0.29486324216144094,2048.6522334392007,732.1648630668309,-822.3875388401013,2218.0768906490953,-6583.522660738596,549.2750309950158,81.93974880694049,1.1327354433038371e-05,1.1327354433038371e-05,88281.86721899608
0.295530353569046,2053.2867664062874,733.6446881396669,-826.7794647931225,2218.4363574258155,-6583.473020729296,528.4063656123542,66.88099907493029,1.0817644410529917e-05,1.0817644410529917e-05,92441.56694840126
0.29619746497665106,2057.921346260508,735.1247483732194,-831.1713609815821,2218.7819024777973,-6583.433426583726,507.5377002296925,51.822249342920145,1.0307928481157183e-05,1.0307928481157183e-05,97012.70258403447
0.2968645763842562,2062.555976397834,736.6050344801477,-835.5632341071912,2219.1135258050417,-6583.403878301888,486.6690348470292,36.76349961090881,9.798210017289873e-06,9.798210017289873e-06,102059.45761883089
0.29753168779186123,2067.1906602126664,738.0855371731095,-839.955090871659,2219.4312274075464,-6583.3843758837775,465.8003694643677,21.704749878898667,9.288492388498226e-06,9.288492388498226e-06,107660.09791193693
0.2981987991994663,2071.8254010979167,739.566247164764,-844.3469379766965,2219.735007285314,-6583.374919329401,444.9317040817062,6.646000146888582,8.77877896163144e-06,8.77877896163144e-06,113911.05806064868
0.29886591060707135,2076.460202445083,741.0471551677699,-848.7387821240138,2220.0248654383427,-6583.375508638752,424.06303869904457,-8.412749585121617,8.269073100896692e-06,8.269073100896692e-06,120932.53836292253
0.2995330220146764,2081.0950676443263,742.5282518947854,-853.1306300153213,2220.3008018666333,-6583.386143811836,403.19437331638295,-23.471499317131702,7.759378167937955e-06,7.759378167937955e-06,128876.30662622399
0.3002001334222815,2085.7300000845507,744.0095280584692,-857.5224883523294,2220.5628165701855,-6583.406824848649,382.3257079337197,-38.53024904914304,7.249697521915021e-06,7.249697521915021e-06,137936.7893594336
0.3008672448298866,2090.365003153479,745.4909743714802,-861.9143638367482,2220.8109095490004,-6583.437551749193,361.4570425510582,-53.58899878115312,6.740034519582718e-06,6.740034519582718e-06,148367.19264486956
0.30153435623749164,2095.00008023773,746.9725815464767,-866.3062631702878,2221.045080803076,-6583.478324513468,340.58837716839656,-68.64774851316332,6.2303925153698296e-06,6.2303925153698296e-06,160503.53128363713
0.3022014676450967,2099.635234722897,748.4543402961172,-870.6981930546585,2221.265330332413,-6583.529143141472,319.71971178573506,-83.70649824517346,5.720774861458522e-06,5.720774861458522e-06,174801.49528993142
0.30286857905270176,2104.270469993627,749.9362413330612,-875.0901601915715,2221.471658137013,-6583.590007633207,298.85104640307344,-98.7652479771836,5.211184907863552e-06,5.211184907863552e-06,191894.9370787101
0.3035356904603069,2108.9057894336934,751.418275369966,-879.4821712827361,2221.6640642168736,-6583.660917988671,277.9823810204101,-113.82399770919494,4.701626002511612e-06,4.701626002511612e-06,212692.37482219964
0.30420280186791193,2113.5411964260784,752.9004331194913,-883.8742330298628,2221.8425485719968,-6583.741874207868,257.1137156377486,-128.88274744120508,4.192101491320844e-06,4.192101491320844e-06,238543.84300340991
0.304869913275517,2118.176694353048,754.382705294295,-888.2663521346619,2222.0071112023816,-6583.832876290796,236.245050255087,-143.94149717321523,3.682614718280023e-06,3.682614718280023e-06,271546.1910897519
0.30553702468312205,2122.8122865962305,755.8650826070361,-892.6585352988438,2222.1577521080276,-6583.9339242374535,215.37638487242538,-159.00024690522537,3.17316902552817e-06,3.17316902552817e-06,315142.3677575925
0.3062041360907271,2127.447976536693,757.3475557703731,-897.050789224119,2222.2944712889357,-6584.04501804784,194.50771948976387,-174.0589966372355,2.6637677534339524e-06,2.6637677534339524e-06,375408.1033193928
0.3068712474983322,2132.0837675550215,758.8301154969647,-901.4431206121976,2222.4172687451055,-6584.166157721958,173.63905410710055,-189.11774636924685,2.154414240675102e-06,2.154414240675102e-06,464163.2890834599
0.3075383589059373,2136.719663031394,760.3127524994694,-905.8355361647896,2222.5261444765365,-6584.297343259807,152.77038872443904,-204.17649610125693,1.645111824318062e-06,1.645111824318062e-06,607861.4141713581
0.30820547031354234,2141.3556663456616,761.7954574905459,-910.2280425836057,2222.6210984832305,-6584.438574661387,131.90172334177743,-219.23524583326713,1.1358638398971676e-06,1.1358638398971676e-06,880387.2126878626
0.3088725817211474,2145.9917808774258,763.2782211828527,-914.6206465703558,2222.702130765185,-6584.589851926697,111.03305795911581,-234.2939955652772,6.266736214942645e-07,6.266736214942645e-07,1595726.971267056
0.30953969312875246,2150.628010006115,764.7610342890484,-919.0133548267506,2222.7692413224017,-6584.751175055737,90.1643925764543,-249.3527452972874,1.1754450181805608e-07,1.1754450181805608e-07,8507416.208610699
0.31020680453635757,2155.2643571110616,766.2438875217919,-923.4061740545005,2222.82243015488,-6584.922544048508,69.29572719379115,-264.41149502929875,3.915201877165599e-07,3.915201877165599e-07,2554146.711647849
0.31087391594396263,2159.9008255715803,767.7267715937414,-927.7991109553154,2222.8616972626196,-6585.103958905008,48.42706181112953,-279.47024476130883,9.005171169090093e-07,9.005171169090093e-07,1110473.0617808376
0.3115410273515677,2164.537418767045,769.209677217556,-932.1921722309055,2222.887042645622,-6585.295419625239,27.558396428467915,-294.5289944933189,1.4094429566940014e-06,1.4094429566940014e-06,709500.1576691025
0.31220813875917275,2169.174140076968,770.6925951058937,-936.5853645829816,2222.8984663038855,-6585.496926209202,6.6897310458062975,-309.5877442253292,1.918294379062165e-06,1.918294379062165e-06,521296.4240081285
0.3128752501667778,2173.810992881074,772.1755159714136,-940.9786947132534,2222.8959682374107,-6585.708478656896,-14.178934336855093,-324.6464939573392,2.4270680569809363e-06,2.4270680569809363e-06,412019.7606835607
0.3135423615743829,2178.447980559383,773.6584305267743,-945.3721693234321,2222.879548446198,-6585.930076968319,-35.04759971951847,-339.70524368935054,2.9357606643155667e-06,2.9357606643155667e-06,340627.2221557736
0.314209472981988,2183.08510649228,775.1413294846341,-949.7657951152269,2222.8492069302465,-6586.161721143471,-55.916265102180034,-354.76399342136074,3.444368875749937e-06,3.444368875749937e-06,290328.95025863673
0.31487658438959304,2187.7223740606,776.624203557652,-954.1595787903486,2222.804943689557,-6586.403411182357,-76.78493048484165,-369.8227431533709,3.9528893667079515e-06,3.9528893667079515e-06,252979.50618658998
0.3155436957971981,2192.359786645702,778.1070434584863,-958.5535270505078,2222.74675872413,-6586.655147084972,-97.65359586750321,-384.881492885381,4.461318813274591e-06,4.461318813274591e-06,224148.96622597656
0.31621080720480316,2196.9973476295454,779.5898398997956,-962.9476465974141,2222.674652033964,-6586.916928851316,-118.52226125016472,-399.94024261739105,4.969653892117286e-06,4.969653892117286e-06,201221.25639094698
0.31687791861240827,2201.6350603947694,781.072583594239,-967.3419441327787,2222.5886236190595,-6587.188756481392,-139.39092663282804,-414.99899234940244,5.477891280407406e-06,5.477891280407406e-06,182551.99835321069
0.31754503002001333,2206.2729283247686,782.5552652544742,-971.7364263583108,2222.488673479417,-6587.470629975198,-160.25959201548966,-430.05774208141264,5.986027655741693e-06,5.986027655741693e-06,167055.69327612736
0.3182121414276184,2210.9109548037727,784.0378755931606,-976.1310999757213,2222.3748016150357,-6587.762549332734,-181.12825739815116,-445.1164918134227,6.494059696064207e-06,6.494059696064207e-06,153986.88136575962
0.31887925283522345,2215.5491432169224,785.5204053229568,-980.5259716867209,2222.2470080259172,-6588.064514554003,-201.99692278081278,-460.17524154543287,7.001984079588045e-06,7.001984079588045e-06,142816.66291061233
0.3195463642428285,2220.1874969503447,787.0028451565207,-984.921048193019,2222.1052927120595,-6588.376525638999,-222.86558816347429,-475.2339912774429,7.509797484717408e-06,7.509797484717408e-06,133159.38306392689
0.3202134756504336,2224.8260193912347,788.4851858065119,-989.3163361963269,2221.949655673464,-6588.698582587727,-243.7342535461375,-490.29274100945435,8.017496589969791e-06,8.017496589969791e-06,124727.21238834575
0.3208805870580387,2229.4647139279277,789.9674179855882,-993.711842398354,2221.7800969101304,-6589.0306854001865,-264.60291892879917,-505.35149074146443,8.525078073898211e-06,8.525078073898211e-06,117300.9785167558
0.32154769846564374,2234.103583949982,791.4495324064087,-998.1075735008109,2221.596616422058,-6589.3728340763755,-285.4715843114607,-520.4102404734747,9.032538615013965e-06,9.032538615013965e-06,110710.84693042898
0.3222148098732488,2238.7426328482507,792.9315197816318,-1002.5035362054078,2221.3992142092475,-6589.725028616294,-306.34024969412224,-535.4689902054846,9.539874891709187e-06,9.539874891709187e-06,104823.17759419144
0.32288192128085386,2243.3818640149625,794.4133708239158,-1006.899737213855,2221.1878902716985,-6590.087269019943,-327.2089150767838,-550.5277399374949,1.0047083582179811e-05,1.0047083582179811e-05,99531.37065303884
0.32354903268845897,2248.021280843799,795.8950762459202,-1011.2961832278638,2220.9626446094117,-6590.459555287325,-348.0775804594472,-565.5864896695062,1.0554161364348716e-05,1.0554161364348716e-05,94749.35672084152
0.32421614409606403,2252.6608867299674,797.376626760303,-1015.6928809491429,2220.723477222387,-6590.841887418437,-368.9462458421087,-580.6452394015164,1.1061104915788923e-05,1.1061104915788923e-05,90406.88137516649
0.3248832555036691,2257.3006850702836,798.8580130797227,-1020.0898370794035,2220.4703881106234,-6591.234265413279,-389.8149112247703,-595.7039891335265,1.1567910913647368e-05,1.1567910913647368e-05,86446.03225810108
0.32555036691127415,2261.940679263245,800.3392259168381,-1024.4870583203553,2220.2033772741215,-6591.636689271851,-410.68357660743186,-610.7627388655366,1.2074576034568528e-05,1.2074576034568528e-05,82818.6428357469
0.3262174783188792,2266.5808727091094,801.8202559843078,-1028.8845513737092,2219.9224447128813,-6592.049158994152,-431.5522419900933,-625.8214885975467,1.2581096954618494e-05,1.2581096954618494e-05,79484.32506379359
0.3268845897264843,2271.221268809973,803.3010939947907,-1033.2823229411758,2219.627590426903,-6592.471674580185,-452.4209073727567,-640.8802383295581,1.3087470349209249e-05,1.3087470349209249e-05,76408.96012119106
0.3275517011340894,2275.861870969843,804.781730660945,-1037.6803797244645,2219.318814416187,-6592.904236029949,-473.2895727554182,-655.9389880615682,1.359369289302304e-05,1.359369289302304e-05,73563.52742919842
0.32821881254169444,2280.5026825947207,806.2621566954297,-1042.078728425286,2218.9961166807325,-6593.346843343444,-494.1582381380798,-670.9977377935784,1.4099761259937415e-05,1.4099761259937415e-05,70923.18668127852
0.3288859239492995,2285.1437070926727,807.7423628109025,-1046.4773757453504,2218.659497220539,-6593.799496520668,-515.0269035207414,-686.0564875255884,1.4605672122950098e-05,1.4605672122950098e-05,68466.55132211861
0.32955303535690456,2289.7849478739126,809.222339720023,-1050.876328386368,2218.3089560356075,-6594.262195561622,-535.8955689034028,-701.1152372575987,1.511142215410436e-05,1.511142215410436e-05,66175.10845783589
0.33022014676450967,2294.426408350876,810.70207813545,-1055.2755930500502,2217.944493125938,-6594.734940466308,-556.7642342860662,-716.17398698961,1.5617008024414673e-05,1.5617008024414673e-05,64032.75188414204
0.33088725817211473,2299.068091938294,812.1815687698412,-1059.6751764381056,2217.56610849153,-6595.217731234724,-577.6328996687278,-731.2327367216202,1.612242640379247e-05,1.612242640379247e-05,62025.403308075925
0.3315543695797198,2303.7100020532753,813.6608023358556,-1064.0750852522451,2217.173802132384,-6595.71056786687,-598.5015650513893,-746.2914864536301,1.6627673960972576e-05,1.6627673960972576e-05,60140.70292376052
0.33222148098732485,2308.352142115381,815.1397695461518,-1068.4753261941794,2216.7675740484992,-6596.213450362748,-619.3702304340509,-761.3502361856404,1.7132747363439643e-05,1.7132747363439643e-05,58367.75496578826
0.3328885923949299,2312.9945155467,816.6184611133884,-1072.8759059656184,2216.3474242398765,-6596.726378722355,-640.2388958167124,-776.4089859176504,1.763764327735493e-05,1.763764327735493e-05,56696.91717168957
0.333555703802535,2317.6369581249487,818.0956748545893,-1077.2770549809488,2209.0763992028765,-6598.531538175949,-26784.61847424098,-5690.605902572313,0.0005618599972089434,0.0005618599972089434,1779.8028066912227
0.3342228152101401,2322.278021031733,819.5609437612497,-1081.6807411568589,2180.0956371121506,-6604.415522659083,-60099.706273755684,-11949.57957786213,0.0012572889994207964,0.0012572889994207964,795.362084978614
0.33488992661774514,2326.915764477859,820.9994660370568,-1086.0897453453456,2128.889999905005,-6614.474939880902,-93414.79407327037,-18208.553253151946,0.0019572171666138445,0.0019572171666138445,510.92950596283947
0.3355570380253502,2331.548507429867,822.3964152142881,-1090.506853025221,2055.459487581439,-6628.709789841408,-126729.88187278507,-24467.526928441763,0.0026635828817764763,0.0026635828817764763,375.4341593204151
0.33622414943295525,2336.1749777466903,823.7369648252205,-1094.934849675296,1959.804100141452,-6647.120072540598,-160044.96967229978,-30726.50060373158,0.003377430345729809,0.003377430345729809,296.0830861439767
0.33689126084056037,2340.7944608882735,825.0062884021315,-1099.3765207743834,1841.9238375850343,-6669.705787978475,-193360.05747181724,-36985.47427902191,0.004098545578789524,0.004098545578789524,243.98899091793015
0.33755837224816543,2345.4069507463028,826.1895594772983,-1103.8346518012934,1701.818699912205,-6696.466936155037,-226675.14527133197,-43244.447954311734,0.004825065562657409,0.004825065562657409,207.25106985888272
0.3382254836557705,2350.013302057064,827.2719515829983,-1108.3120282348389,1539.4886871229553,-6727.403517070285,-259990.23307084662,-49503.421629601544,0.005553076106378372,0.005553076106378372,180.08037002255028
0.33889259506337555,2354.6153830360636,828.2386382515082,-1112.8114355538307,1354.9337992172852,-6762.515530724217,-293305.3208703613,-55762.39530489137,0.006276232178670439,0.006276232178670439,159.33126301453058
0.3395597064709806,2359.216225863717,829.0747930151058,-1117.3356592370812,1148.1540361951952,-6801.802977116837,-326620.40866987605,-62021.368980181185,0.006985456593983153,0.006985456593983153,143.15456499455442
0.3402268178785857,2363.820171484142,829.7655894060679,-1121.8874847634015,919.1493980566643,-6845.265856248143,-359935.4964693935,-68280.34265547151,0.007668795988038073,0.007668795988038073,130.39856602781168
0.3408939292861908,2368.433003933285,830.2962009566718,-1126.4696976116038,667.9198848017315,-6892.904168118134,-393250.5842689082,-74539.31633076133,0.008311530687284435,0.008311530687284435,120.31478167190917
0.34156104069379584,2373.0620682253975,830.6518011991952,-1131.085083260499,394.46549643037815,-6944.717912726809,-426565.6720684229,-80798.29000605116,0.008896637678380599,0.008896637678380599,112.40201480049753
0.3422281521014009,2377.7163436524297,830.8175515099728,-1135.7364063609891,98.39284688172931,-7000.033065015486,-468367.8349581099,-72515.56570401925,0.009576400243497341,0.009576400243497341,104.42337147291119
0.34289526350900595,2382.395206034033,830.7719686336851,-1140.4150466963185,-245.5451256006751,-7015.591477391901,-562758.2065441561,25871.445399521865,0.01143125633021571,0.01143125633021571,87.4794485499154
0.34356237491661107,2387.071711677078,830.4759371788058,-1145.0821732648992,-652.4519917362479,-6965.514792300974,-657148.5781302102,124258.45650307115,0.013604767633419616,0.013604767633419616,73.50364423303611
0.3442294863242161,2391.720933598032,829.8874498780547,-1149.6940001444705,-1122.3277515249215,-6849.803009742708,-751538.9497162565,222645.46760661225,0.0161407016681782,0.0161407016681782,61.9551752184061
0.3448965977318212,2396.327089394482,828.9644994641512,-1154.2067414127732,-1655.1724049667266,-6668.456129717107,-845929.3213023025,321032.4787101534,0.01902972314554577,0.01902972314554577,52.54937196677331
0.34556370913942625,2400.886064706945,827.6650786698151,-1158.5766111475473,-2250.9859520616637,-6421.474152224167,-940319.6928883488,419419.4898136944,0.02216143954786797,0.02216143954786797,45.123422503309556
0.3462308205470313,2405.4086135585662,825.9483847920167,-1162.7606773809175,-2896.6571261056047,-6118.152076421199,-939568.9850175645,450357.9260897087,0.022738115690034436,0.022738115690034436,43.97901803438689
0.3468979319546364,2409.9287568678074,823.81699947855,-1166.746764708312,-3478.1269083781785,-5839.35001344881,-803677.4222354989,385490.65870145935,0.019217141316035705,0.019217141316035705,52.03687601368431
0.3475650433622415,2414.483536230509,821.3279474696817,-1170.56129418651,-3968.941878921515,-5603.821644531311,-667785.8594534444,320623.39131321537,0.015486310366499686,0.015486310366499686,64.57316018689778
0.34823215476984654,2419.092826049413,818.5417056244698,-1174.2331341904649,-4369.102037735662,-5411.566969668676,-531894.29667139,255756.12392497135,0.01187640338110619,0.01187640338110619,84.20057553710828
0.3488992661774516,2423.761632576226,815.5187508019733,-1177.7911530951303,-4678.607384820622,-5262.585988860908,-396002.73388933565,190888.8565367274,0.008526634365574742,0.008526634365574742,117.2795685994675
0.34956637758505665,2428.4836037078767,812.3195598612513,-1181.2642192754593,-4897.4579201763945,-5156.878702108004,-260111.17110728117,126021.58914848337,0.005444841279270491,0.005444841279270491,183.660082766266
0.35023348899266177,2433.244345211126,809.0046096613619,-1184.6812011064053,-5025.653643802987,-5094.445109409962,-124219.60832521543,61154.32176023397,0.0025654716726987337,0.0025654716726987337,389.79186971417835
0.3509006004002668,2438.0244059157703,805.6343770613646,-1188.070966962921,-5063.1945557003755,-5075.285210766792,11671.954456839012,-3712.945628010013,0.0002118024229407524,0.0002118024229407524,4721.381304876434
0.3515677118078719,2442.8019784672733,802.2693389203182,-1191.4623852199597,-5010.080655868578,-5099.399006178488,147563.51723889343,-68580.21301625398,0.003000192069161499,0.003000192069161499,333.3119936816187
0.35223482321547694,2447.55544963845,798.9699720972815,-1194.8843242524752,-4866.311944307593,-5166.7864956450485,283455.08002094785,-133447.48040449797,0.005912215426682301,0.005912215426682301,169.14133329562384
0.352901934623082,2452.266815322195,795.7941365604566,-1198.3644155226875,-4644.6321210576925,-5271.424178110692,377973.90963339363,-178759.304621597,0.008139543605947961,0.008139543605947961,122.85701120505716
0.3535690460306871,2456.926952492611,792.7865121459097,-1201.9240607055835,-4362.098103547848,-5405.249845596807,469063.07486106723,-222450.0465017482,0.01046183298343797,0.01046183298343797,95.58554429066977
0.3542361574382922,2461.5334010808724,789.9876384505934,-1205.5827045300032,-4018.7974648054255,-5568.222105397887,560152.2400887334,-266140.7883818958,0.012935036520303372,0.012935036520303372,77.30940677518447
0.35490326884589724,2466.0904577365254,787.438053580733,-1209.3597910201715,-3614.7302048304045,-5760.340957513941,651241.4053163996,-309831.5302620434,0.01548855469694093,0.01548855469694093,64.56380337395233
0.3555703802535023,2470.610802960113,785.1782956425546,-1213.2747642003158,-3149.896323622785,-5981.60640194497,742330.5705440657,-353522.27214219095,0.017976368475463182,0.017976368475463182,55.62858824155438
0.35623749166110735,2475.11704485015,783.2489027422844,-1217.3470680946623,-2624.2958211825685,-6232.018438690972,833419.7357717318,-397213.0140223385,0.02016954470153775,0.02016954470153775,49.57970121773541
0.35690460306871247,2479.6421070256456,781.688811126281,-1221.5946911760784,-2051.4531123260044,-6499.287927628772,848384.9736599962,-371732.7327928831,0.01982665589120239,0.01982665589120239,50.43714913334055
0.3575717144763175,2484.2101851606726,780.505200544866,-1226.0067659532408,-1502.7742069556932,-6718.530844329205,796554.3846402249,-285557.53147502564,0.01771585509985121,0.01771585509985121,56.446612052522305
0.3582388258839226,2488.8244446770855,779.6760866390824,-1230.5459245774844,-988.672078783361,-6880.285301177833,744723.7956204535,-199382.33015716815,0.01584391310281854,0.01584391310281854,63.115721066540424
0.35890593729152764,2493.479019492086,779.1784028464234,-1235.1738158414364,-509.14672780900753,-6984.551298174655,692893.2066006821,-113207.12883931067,0.014258658731966044,0.014258658731966044,70.13282376680571
0.3595730486991327,2498.1611213251167,778.9890826043809,-1239.8520885377231,-64.19815403263306,-7031.328835319672,641062.6175809108,-27031.92752145315,0.01296995598714951,0.01296995598714951,77.10126395114902
0.3602401601067378,2502.8524061202315,779.0850593504495,-1244.5423914589737,346.173642545795,-7020.617912612881,589232.0285611352,59143.27379641151,0.011970102474904881,0.011970102474904881,83.54147360864147
0.3609072715143429,2507.5301235019965,779.4432665221211,-1249.2063733978139,721.9686619262086,-6952.418530054284,537401.4395413637,145318.475114269,0.01124778022045315,0.01124778022045315,88.90643134914599
0.36157438292194793,2512.1753219300826,780.0407300647703,-1253.812988831242,1063.6074590389655,-6859.943442536438,486845.45507245185,130833.51177732268,0.01039929465832462,0.01039929465832462,96.16036787644069
0.362241494329553,2516.7959985649513,780.8548581551182,-1258.361378438183,1371.529025807267,-6777.861441443894,436303.40209893085,115248.32749813338,0.009420514382389911,0.009420514382389911,106.15131609685073
0.36290860573715805,2521.4047483105833,781.8631576775657,-1262.858478202575,1645.733412473153,-6706.176494573623,385761.34912540973,99663.14321894405,0.008355446748013882,0.008355446748013882,119.6824095896133
0.36357571714476317,2526.01118878964,783.0431355166342,-1267.311224117895,1886.2206190366423,-6644.88860192562,335219.2961518845,84077.95893975344,0.00724001206903989,0.00724001206903989,138.1213167138562
0.3642428285523682,2530.622240325077,784.3722985568447,-1271.72655217762,2092.990645497696,-6593.997763499899,284677.2431783634,68492.77466056413,0.006102164909924168,0.006102164909924168,163.87626600744014
0.3649099399599733,2535.242455723108,785.828153682719,-1276.1113983752268,2266.043491856334,-6553.503979296449,234135.1902048424,52907.590381374815,0.004961592773288817,0.004961592773288817,201.54818133878106
0.36557705136757834,2539.874378578907,787.3882077787782,-1280.4726987041934,2405.379158112557,-6523.407249315276,183593.13723132134,37322.4061021855,0.003830482178244014,0.003830482178244014,261.0637390978345
0.3662441627751834,2544.518914171978,789.029967729544,-1284.817389157996,2510.9976442663647,-6503.707573556376,133051.08425780028,21737.221822996184,0.002714846110579094,0.002714846110579094,368.34500346198024
0.3669112741827885,2549.175701445253,790.7309374880674,-1289.1524058349103,2582.7780247081173,-6494.409274980155,79183.50962372254,6033.153723407153,0.0015519119942011953,0.0015519119942011953,644.366435555982
0.3675783855903936,2553.8424414299448,792.4655465015304,-1293.4847947434844,2608.568572844851,-6495.946764734477,-1863.4463097957778,-10642.54800685931,0.00011622238858198487,0.00011622238858198487,8604.194184966233
0.36824549699799863,2558.5132708482215,794.1993262112638,-1297.8219199864025,2580.2917721266695,-6508.608805342876,-82910.40224331409,-27318.24973712577,0.001777694024300533,0.001777694024300533,562.5265013721744
0.3689126084056037,2563.1818539702213,795.8962076720675,-1302.1712028784434,2497.9476225535727,-6532.395396805356,-163957.35817683238,-43993.951467392224,0.0034522442683940485,0.0034522442683940485,289.66664067058923
0.36957971981320875,2567.842760691217,797.5201219387412,-1306.5400647343868,2361.5361241255623,-6567.306539121917,-245004.3141103507,-60669.653197658685,0.005154990413018505,0.005154990413018505,193.98678171633105
0.37024683122081387,2572.4923262243974,799.0350000660854,-1310.935926869012,2171.057276842619,-6613.342232292563,-326051.2700438758,-77345.35492792653,0.006891877507271615,0.006891877507271615,145.09834206207245
0.3709139426284189,2577.1295335844534,800.4047731088995,-1315.3662105970975,1926.5110807047745,-6670.502476317284,-407098.22597739415,-94021.05665819299,0.00865436206487311,0.00865436206487311,115.54866696170079
0.371581054036024,2581.756912199558,801.593389202856,-1319.8383269449484,1628.4057514699361,-6738.481153054793,-478064.3831947575,-104624.70076794851,0.010180528120314603,0.010180528120314603,98.22673128367113
0.37224816544362904,2586.3786219944864,802.5722746010362,-1324.3551825775503,1304.6972344768153,-6800.439308002357,-492413.7507506346,-81125.84776485403,0.01040455229052167,0.01040455229052167,96.11177608391465
0.3729152768512341,2590.994534792909,803.3320173505259,-1328.9081422651861,971.416090695251,-6846.7211100459235,-506763.11830651166,-57626.994761759575,0.010661232325696268,0.010661232325696268,93.79778710850779
0.3735823882588392,2595.6042003337425,803.8662314427937,-1333.4867481340038,628.5623201252146,-6877.326559185492,-521112.48586238985,-34128.14175866316,0.010946237969212893,0.010946237969212893,91.35558744589459
0.3742494996664443,2600.2079303297432,804.1685308693079,-1338.0805423101515,276.13592276676263,-6892.25565542106,-535461.8534182669,-10629.28875556869,0.011253981603599326,0.011253981603599326,88.85744043514103
0.37491661107404933,2604.806900260676,804.2325296215378,-1342.6790669197771,-85.86310138013289,-6891.508398752629,-549811.220974144,12869.56424752577,0.011577386706951224,0.011577386706951224,86.37527840368207
0.3755837224816544,2609.403250330693,804.0518416909515,-1347.2718640890291,-457.4347523154717,-6875.0847891802,-564160.588530021,36368.41725062022,0.011907699995676478,0.011907699995676478,83.97927394568944
0.37625083388925945,2614.0001833632937,803.6200810690179,-1351.8484759440548,-838.5790300392541,-6842.98482670377,-578509.9560858981,59867.2702537147,0.012234391187790256,0.012234391187790256,81.73680117388966
0.37691794529686456,2618.602056693121,802.930861747206,-1356.3984446110037,-1229.295934551513,-6795.208511323339,-592859.3236417763,83366.12325681112,0.012545193090691414,0.012545193090691414,79.71180616916962
0.3775850567044696,2623.214464422944,801.977797716984,-1360.9113122160222,-1629.5854658521832,-6731.755843038911,-607208.6911976534,106864.97625990558,0.012826337178440178,0.012826337178440178,77.96458069735625
0.3782521681120747,2627.8441423293752,800.7548374842089,-1365.3765429812065,-2036.2292159940562,-6651.8772964731,-600914.9014296822,135171.35227972607,0.012690944411269296,0.012690944411269296,78.79634230467677
0.37891927951967974,2632.4942447684452,799.2649423966857,-1369.7815021549127,-2427.161183732353,-6550.433986754412,-571099.1378497509,168955.69025690592,0.012176865667893609,0.012176865667893609,82.12293929107481
0.3795863909272848,2637.1620726531496,797.5208867022692,-1374.1112696886257,-2798.2027154600223,-6426.452759772763,-541283.3742698197,202740.0282340857,0.011748940170312725,0.011748940170312725,85.11406011980591
0.3802535023348899,2641.843281864169,795.5359395377242,-1378.3508102806356,-3149.353811177092,-6279.933615528139,-511467.610689886,236524.36621126835,0.011411511560921097,0.011411511560921097,87.63080987662633
0.380920613742495,2646.5323885218113,793.3233700398159,-1382.485088629232,-3480.6144708835045,-6110.876554020564,-481651.84710995475,270308.7041884482,0.011167307995681119,0.011167307995681119,89.54709589694698
0.38158772515010003,2651.22301701443,790.8964473453092,-1386.4990694327055,-3791.9846945792883,-5919.281575250027,-451836.08353002346,304093.04216562794,0.011018395657151996,0.011018395657151996,90.75731450530223
0.3822548365577051,2655.9081348862037,788.2684405909689,-1390.3777173893466,-4083.464482264446,-5705.148679216531,-422020.31995009223,337877.3801428078,0.01096689269374045,0.01096689269374045,91.18353100790053
0.38292194796531015,2660.580278082473,785.4526189135601,-1394.1059971974455,-4355.053833938975,-5468.477865920072,-392204.556370161,371661.71811998764,0.011015477927590424,0.011015477927590424,90.78135388890426
0.38358905937291526,2665.2317709083663,782.4622514498475,-1397.6688735552927,-4606.752749602898,-5209.26913536063,-362388.79279022734,405446.0560971703,0.011167721795305537,0.011167721795305537,89.54377789213552
0.3842561707805203,2669.8575899413,779.3110504677737,-1401.0553369163863,-4836.316110965862,-4947.91892342505,-324989.78765835677,370338.2110673552,0.010262260025996967,0.010262260025996967,97.44442232673315
0.3849232821881254,2674.4664496787555,776.0152177007176,-1404.2769940134617,-5040.325534167742,-4715.482541337212,-286630.4631008905,326506.0624319944,0.009115138645267279,0.009115138645267279,109.70760170710244
0.38559039359573044,2679.0690092021523,772.5918235916326,-1407.3533436262812,-5218.745014369311,-4512.287085623864,-248271.1385434243,282673.9137966336,0.007904246667874093,0.007904246667874093,126.51427036865964
0.3862575050033355,2683.6727117107966,769.0579394834141,-1410.3038927103971,-5371.574551570571,-4338.332556285005,-209911.81398595808,238841.76516127278,0.006663875019448801,0.006663875019448801,150.06283837578852
0.3869246164109406,2688.2821709802447,765.4306367189567,-1413.1481482213633,-5498.814145771529,-4193.618953320626,-171552.48942848865,195009.6165259083,0.0054177149779428245,0.0054177149779428245,184.5796621031756
0.3875917278185457,2692.899600849413,761.7269866411569,-1415.905617114733,-5600.463796972165,-4078.1462767307494,-133193.16487102243,151177.46789054747,0.004179770570946087,0.004179770570946087,239.24758142254947
0.38825883922615073,2697.52526086123,757.9640605929098,-1418.5958063460591,-5676.523505172489,-3991.914526515362,-94833.8403135562,107345.31925518665,0.002956062726428491,0.002956062726428491,338.28781475425524
0.3889259506337558,2702.1579042265926,754.1589299171112,-1421.2382228708964,-5726.993270372505,-3934.923702674466,-56474.515756089975,63513.17061982583,0.0017465895133422292,0.0017465895133422292,572.5443742567911
0.38959306204136085,2706.7952209373043,750.3286659566559,-1423.8523736447962,-5751.873092572208,-3907.1738052080577,-18115.191198623754,19681.02198446502,0.0005472424636218919,0.0005472424636218919,1827.3435752437028
0.39026017344896596,2711.434307120601,746.4901638422504,-1426.4575650262034,-5753.151691236991,-3906.4009079930333,5281.093136180155,-7117.443303025361,0.00018310994247872672,0.00018310994247872672,5461.199902436634
0.390927284856571,2716.0733424732716,742.6534057341927,-1429.0652337596857,-5749.3593681993425,-3911.510414673428,6088.291330690014,-8200.857724798254,0.00021104542611610424,0.00021104542611610424,4738.316382416463
0.3915943962641761,2720.71219065957,738.8193571448807,-1431.6765521834552,-5745.028554037938,-3917.342679473751,6895.489525199871,-9284.272146571144,0.00023899062258378058,0.00023899062258378058,4184.26459242952
0.39226150767178114,2725.3508312630765,734.9883773078857,-1434.2920024576983,-5740.159248752778,-3923.8977023940033,7702.68771970973,-10367.686568344036,0.0002669463657690458,0.0002669463657690458,3746.0708525441055
0.3929286190793862,2729.9892458661425,731.1608254567792,-1436.912066742602,-5734.751452343863,-3931.1754834341828,8509.885914219589,-11451.100990116927,0.0002949133097277919,0.0002949133097277919,3390.826954955036
0.3935957304869913,2734.627418283881,727.3370608251327,-1439.5372271983533,-5728.805164811192,-3939.1760225942935,9317.084108729516,-12534.515411889908,0.0003228919073810967,0.0003228919073810967,3097.011653561633
0.39426284189459637,2739.2653347982978,723.5174426465182,-1442.1679659851388,-5722.3203861547645,-3947.8993198743306,10124.282303239374,-13617.929833662798,0.00035088238913411914,0.00035088238913411914,2849.9577948831343
0.39492995330220143,2743.9029843925637,719.7023301545069,-1444.8047652631446,-5715.297116374581,-3957.3453752742967,10931.480497749231,-14701.344255435692,0.00037888474142085094,0.00037888474142085094,2639.325078782303
0.3955970647098065,2748.5403589854213,715.8920825826704,-1447.4481071925582,-5707.735355470642,-3967.5141887941904,11738.678692259089,-15784.758677208583,0.00040689868518174803,0.00040689868518174803,2457.6142327747593
0.39626417611741155,2753.17745366572,712.0870591645803,-1450.0984739335656,-5699.635103442947,-3978.4057604340132,12545.876886768949,-16868.173098981475,0.0004349236542852349,0.0004349236542852349,2299.2541108011856
0.39693128752501666,2757.8142669270637,708.2876191338079,-1452.756347646355,-5690.996360291498,-3990.0200901937665,13353.075081278874,-17951.587520754456,0.0004629587739082976,0.0004629587739082976,2160.0195446302937
0.3975983989326217,2762.45080090255,704.4941217239251,-1455.4222104911112,-5681.81912601629,-4002.3571780734464,14160.273275788732,-19035.001942527342,0.0004910028388959892,0.0004910028388959892,2036.6481021748907
0.3982655103402268,2767.087061599583,700.7069261685036,-1458.0965446280227,-5672.1034006173295,-4015.4170240730555,14967.471470298591,-20118.41636430024,0.000519054292124683,0.000519054292124683,1926.5807357196234
0.39893262174783184,2771.7230591347156,696.9263917011145,-1460.7798322172753,-5661.849184094613,-4029.199628192593,15774.66966480845,-21201.83078607313,0.000547111202899158,0.000547111202899158,1827.7819841761077
0.39959973315543695,2776.3588079684905,693.1528775553293,-1463.4725554190554,-5651.056476448139,-4043.7049904320597,16581.867859318376,-22285.24520784611,0.0005751712454193357,0.0005751712454193357,1738.6126444324207
0.400266844563042,2780.9943271402344,689.3867429647199,-1466.175196393551,-5639.72527767791,-4058.933110791454,17389.06605382823,-23368.659629619,0.0006032316773584341,0.0006032316773584341,1657.7378767292591
0.40093395597064707,2785.629640502744,685.628347162858,-1468.8882373009478,-5627.855587783926,-4074.883989270777,18196.26424833809,-24452.074051391894,0.0006312893186006922,0.0006312893186006922,1584.05974968274
0.40160106737825213,2790.2647769568107,681.8780493833148,-1471.6121603014326,-5615.447406766185,-4091.557625870028,19003.462442847947,-25535.488473164783,0.0006593405301933685,0.0006593405301933685,1516.6669637413681
0.4022681787858572,2794.899770685505,678.136208859662,-1474.3474475551927,-5602.500734624688,-4108.954020589208,19810.660637357807,-26618.902894937673,0.0006873811935747241,0.0006873811935747241,1454.7968570386724
0.4029352901934623,2799.5346613881466,674.4031848254706,-1477.0945812224145,-5589.015571359436,-4127.073173428318,20617.858831867732,-27702.317316710654,0.0007154066901468406,0.0007154066901468406,1397.806329983782
0.40360240160106736,2804.1694945138697,670.679336514313,-1479.8540434632848,-5574.991916970428,-4145.915084387355,21425.05702637759,-28785.731738483544,0.0007434118812695343,0.0007434118812695343,1345.149338065847
0.4042695130086724,2808.8043214946847,666.9650231597604,-1482.6263164379902,-5560.429771457665,-4165.479753466321,22232.25522088745,-29869.146160256438,0.0007713910887592992,0.0007713910887592992,1296.3592846378274
0.4049366244162775,2813.439199977926,663.2606039953846,-1485.4118823067176,-5545.329134821146,-4185.767180665215,23039.45341539731,-30952.560582029328,0.0007993380759848826,0.0007993380759848826,1251.0351127310898
0.40560373582388254,2818.074194057971,659.5664382547566,-1488.2112232296538,-5529.690007060872,-4206.777365984039,23846.651609907167,-32035.97500380222,0.0008272460296590507,0.0008272460296590507,1208.8302199675104
0.40627084723148765,2822.7093745070956,655.8828851714482,-1491.0248213669856,-5513.5123881768395,-4228.510309422791,24653.849804417096,-33119.3894255752,0.0008551075424339633,0.0008551075424339633,1169.4435499348037
0.4069379586390927,2827.34480949901,652.2100617949861,-1493.8528287944118,-5498.03156093109,-4249.282383649585,21260.596499864972,-28477.80292657493,0.0007359205858304881,0.0007359205858304881,1358.842270829396
0.40760507004669777,2831.9805065643923,648.5466995983884,-1496.6935091175976,-5485.168269465999,-4266.475712470369,17303.55131247909,-23067.796878136094,0.0005970599345138698,0.0005970599345138698,1674.873730749002
0.40827218145430283,2836.6164267427407,644.8910381332604,-1499.5444554784394,-5474.944767985822,-4280.0599645410275,13346.5061250932,-17657.790829697253,0.00045826366215286453,0.00045826366215286453,2182.149890091933
0.4089392928619079,2841.252506286449,641.2413163655891,-1502.4032602206657,-5467.361056490558,-4290.03513986156,9389.460937707314,-12247.784781258417,0.0003195222241229166,0.0003195222241229166,3129.6727567072494
0.409606404269513,2845.8886624428965,637.5957732613615,-1505.2675156880057,-5462.417134980209,-4296.401238431966,5432.415750321099,-6837.778732819133,0.0001808175563772844,0.0001808175563772844,5530.436424621582
0.41027351567711806,2850.5247992097206,633.9526477865659,-1508.1348142241884,-5460.113003454772,-4299.158260252246,1475.3705629352153,-1427.772684380292,4.2125658781558785e-05,4.2125658781558785e-05,23738.501163518107
0.4109406270847231,2855.1608130871423,630.3101789071891,-1511.0027481729428,-5460.44866191425,-4298.306205322399,-2481.6746244506685,3982.233364058542,9.658083084902154e-05,9.658083084902154e-05,10354.02150933278
0.4116077384923282,2859.796598828843,626.6666055892189,-1513.8689098779987,-5463.424110358643,-4293.845073642428,-6438.7198118365595,9392.239412497376,0.0002353300677536097,0.0002353300677536097,4249.350750397943
0.41227484989993324,2864.432055193222,623.0201667986421,-1516.7308916830839,-5469.039348787948,-4285.77486521233,-10395.764999222443,14802.245460936214,0.0003741484307077934,0.0003741484307077934,2672.7360531975373
0.41294196130753835,2869.06709069694,619.369101501446,-1519.5862859319286,-5477.294377202169,-4274.095580032105,-14352.810186608658,20212.2515093755,0.0005130579461092653,0.0005130579461092653,1949.0975777364363
0.4136090727151434,2873.701629372468,615.711648663619,-1522.4326849682614,-5488.189195601302,-4258.807218101755,-18309.855373994542,25622.25755781434,0.0006520737004788045,0.0006520737004788045,1533.5689804169685
0.41427618412274847,2878.335616530967,612.0460472511478,-1525.2676811358112,-5501.72380398535,-4239.909779421279,-22266.90056138044,31032.263606253182,0.0007912012378790224,0.0007912012378790224,1263.9009548072822
0.41494329553035353,2882.9690245311176,608.3705362300195,-1528.0888667783074,-5517.89820235431,-4217.403263990678,-26223.945748766324,36442.26965469202,0.0009304339414620041,0.0009304339414620041,1074.767326768718
0.4156104069379586,2887.601858553622,604.6833545662221,-1530.8938342394788,-5536.712390708186,-4191.28767180995,-30180.9909361522,41852.27570313085,0.0010697504021020504,0.0010697504021020504,934.7974985893985
0.4162775183455637,2892.2341623799066,600.9827412257423,-1533.680175863055,-5558.166369046978,-4161.563002879095,-34138.03612353842,47262.28175157013,0.0012091117818641374,0.0012091117818641374,827.0533915882111
0.41694462975316876,2896.8660241721213,597.2669351745682,-1536.4454839927644,-5582.26013737068,-4128.229257198114,-38095.0813109243,52672.28780000898,0.0013484591859072041,0.0013484591859072041,741.5871466122492
0.4176117411607738,2901.4975822498545,593.534175378687,-1539.1873509723366,-5608.993695679297,-4091.2864347670093,-42052.1264983102,58082.293848447815,0.0014877110633073082,0.0014877110633073082,672.1735319873974
0.4182788525683789,2906.129030857022,589.7827008040856,-1541.9033691455,-5638.367043972827,-4050.734535585777,-46009.171685696085,63492.29989688665,0.0016267606651587285,0.0016267606651587285,614.7185762586819
0.41894596397598394,2910.760625910225,586.010750416752,-1544.5911308559844,-5670.380182251272,-4006.5735596544196,-49966.21687308197,68902.3059453255,0.0017654735970761444,0.0017654735970761444,566.4202521386505
0.41961307538358905,2915.392690717434,582.216563182673,-1547.2482284475186,-5705.033110514633,-3958.8035069729317,-53923.26206046819,74312.31199376477,0.0019036855127175913,0.0019036855127175913,525.2968483079213
0.4202801867911941,2920.025621653228,578.3983780678363,-1549.8722542638313,-5742.325828762905,-3907.4243775413224,-57880.30724785406,79722.31804220361,0.002041200004938231,0.002041200004938231,489.9078961300811
0.42094729819879917,2924.659893773973,574.5544340382295,-1552.460800648652,-5782.258336996092,-3852.4361713595868,-61837.352435239955,85132.32409064245,0.0021777867613357125,0.0021777867613357125,459.1817792971912
0.42161440960640423,2929.296066353336,570.6829700598397,-1555.0114599457095,-5824.830635214192,-3793.838888427725,-65794.39762262584,90542.33013908128,0.0023131800608151547,0.0023131800608151547,432.3052999374395
0.4222815210140093,2933.934788315395,566.7822250986544,-1557.5218244987334,-5870.042723417206,-3731.6325287457375,-69751.44281001172,95952.33618752012,0.0024470776968257284,0.0024470776968257284,408.65069437605854
0.4229486324216144,2938.576803539442,562.8504381206606,-1559.9894866514524,-5917.894601605137,-3665.8170923136186,-73708.48799739794,101362.34223595941,0.0025791404204170204,0.0025791404204170204,387.72607806996035
0.42361574382921946,2943.222956007356,558.885848091846,-1562.412038747595,-5968.386269777979,-3596.392579131379,-77665.53318478382,106772.34828439825,0.0027089920014363306,0.0027089920014363306,369.14099394527244
0.4242828552368245,2947.8736566503167,554.8862623148647,-1564.7852918067954,-6024.726465006737,-3510.117649902721,-97523.84955678812,177801.3571799645,0.004169695692463214,0.004169695692463214,239.82565485714335
0.4249499666444296,2952.5220384519084,550.8431545746903,-1567.0789206291452,-6099.8729412754055,-3353.5201711299,-127765.2862966775,291677.8841809625,0.006545316790842609,0.006545316790842609,152.7809931826486
0.42561707805203464,2957.1579699179665,546.7431864742858,-1569.2427418171487,-6195.193824975617,-3120.9543621362673,-158006.72303656687,405554.4111819605,0.009003990788955805,0.009003990788955805,111.0618639488824
0.42628418945963975,2961.7758599754848,542.5728994363121,-1571.2260760311012,-6310.689116107389,-2812.420222921794,-188248.15977645878,519430.93818296806,0.011544626501958817,0.011544626501958817,86.6203856686335
0.4269513008672448,2966.3766379065037,538.3188348834304,-1572.978243931294,-6446.358814670698,-2427.917753486532,-218489.5965163481,633307.465183966,0.014113178277615523,0.014113178277615523,70.85576192189602
0.42761841227484987,2970.969639627984,533.9675342383014,-1574.4485661780209,-6602.202920665553,-1967.446953830459,-248731.0332562375,747183.992184964,0.016584521173607678,0.016584521173607678,60.297188536946294
0.4282855236824549,2975.574418100261,529.5055389235853,-1575.5863634315747,-6778.2214340919545,-1431.0078239535749,-278972.46999612683,861060.519185962,0.01875551339165355,0.01875551339165355,53.31765540713021
0.42895263509006,2980.2186733195317,524.923418390507,-1576.3435146463687,-6948.639558634832,-834.9705332396447,-199261.00801556517,905103.416687546,0.018832119775973363,0.018832119775973363,53.10076676953982
0.4296197464976651,2984.9026051219757,520.2529239022099,-1576.698054298219,-7039.469950832275,-226.3261550581433,-73048.50779235543,919612.4291004748,0.01857631632867597,0.01857631632867597,53.83198597109996
0.43028685790527016,2989.6059273,515.5499200791187,-1576.6433318139595,-7046.102544348458,391.99735081705586,53163.99243084382,934121.4415134026,0.01878733635904066,0.01878733635904066,53.22734318954106
0.4309539693128752,2994.3088598106156,510.8705762332286,-1576.1728901370902,-6968.537339183386,1019.9999843860022,179376.49265404308,948630.4539263304,0.019447377532743657,0.019447377532743657,51.420814879347844
0.4316210807204803,2998.9941880722226,506.2710616765351,-1575.2802722111114,-6806.774335337062,1657.6817456486963,305588.99287724233,963139.4663392582,0.02053983473313398,0.02053983473313398,48.68588345488695
0.43228819212808534,3003.6491509616553,501.80754572103365,-1573.9590209795217,-6560.813532809488,2305.0426346051377,431801.4931004416,977648.478752186,0.022033963495445338,0.022033963495445338,45.38448110829951
0.43295530353569045,3008.2675002221963,497.5361976787196,-1572.2026793858222,-6230.654931600629,2962.0826512553817,558013.9933236514,992157.491165115,0.02386047242625589,0.02386047242625589,41.91031854422159
0.4336224149432955,3012.851748486109,493.51318686158885,-1570.004790373512,-5816.298531710541,3628.801795599319,684226.4935468506,1006666.5035780426,0.02587909452909503,0.02587909452909503,38.64122830401706
0.43428952635090057,3017.4159986268005,489.7905688431454,-1567.3638635597656,-5340.298598785272,4277.9694408809155,728000.6148411391,921644.5109821103,0.025084612283539878,0.025084612283539878,39.865076992088255
0.4349566377585056,3021.983255342392,486.39189517581775,-1564.3128225555947,-4846.067041854154,4857.172730477057,753705.5928383747,814806.9512271531,0.023558587657607093,0.023558587657607093,42.4473663079331
0.4356237491661107,3026.569818082757,483.32864885936294,-1560.8991617968152,-4334.687400868845,5365.103465199982,779410.5708356104,707969.391472196,0.022095924370247762,0.022095924370247762,45.25721500687717
0.4362908605737158,3031.183078535425,480.61226957627173,-1557.1704280178305,-3806.159675829297,5801.761645049719,805115.548832848,601131.8317172298,0.02083026651494558,0.02083026651494558,48.007066989877764
0.43695797198132086,3035.8231863722904,478.2541970090354,-1553.1741679530467,-3260.4838667355993,6167.147270026197,830820.5268300836,494294.2719622727,0.019840267560188626,0.019840267560188626,50.402546082926555
0.4376250833889259,3040.484743778879,476.2658708401455,-1548.957928336869,-2697.65997358771,6461.260340129457,856525.5048273192,387456.7122073156,0.01916728119394911,0.01916728119394911,52.17224028182403
0.438292194796531,3045.1584302241026,474.6587307520927,-1544.5692559037018,-2117.6879963856263,6684.1008553594975,882230.4828245549,280619.15245235834,0.018831373160590102,0.018831373160590102,53.102872078005376
0.43895930620413603,3049.8325350068462,473.4442164273682,-1540.055697387951,-1520.5679351293506,6835.668815716319,907935.4608217904,173781.59269740118,0.018842493436539372,0.018842493436539372,53.071532351488024
0.43962641761174115,3054.4944198812673,472.63376754846314,-1535.4647995240211,-906.2997898188298,6915.964221199926,933640.4388190281,66944.0329424351,0.01920630404767715,0.01920630404767715,52.066238122526336
0.4402935290193462,3059.1319581352204,472.23882379786875,-1530.8441090463173,-274.8835604541666,6924.987071810304,959345.4168162637,-39893.52681252209,0.019924800012291886,0.019924800012291886,50.18870951693799
0.44096064042695127,3063.7350057316626,472.270824858076,-1526.2411726892449,373.6807529646892,6862.737367547463,985050.3948134992,-146731.08656747924,0.020991496387874474,0.020991496387874474,47.63833799755409
0.4416277518345563,3068.296956906136,472.7412104115761,-1521.703537187209,1039.393150437738,6729.215108411403,1010755.3728107349,-253568.6463224364,0.022380435760555407,0.022380435760555407,44.68188245746576
0.4422948632421614,3072.818790009501,473.65832217991107,-1517.2756843645568,1703.3147839421263,6543.157091519536,959274.1046899915,-284043.42878375266,0.021872685487907908,0.021872685487907908,45.719123084032816
0.4429619746497665,3077.3254129878023,475.0022031774307,-1512.9740992458987,2316.8319288321063,6352.658401362251,880050.2956900474,-287071.64430774853,0.02023316173096275,0.02023316173096275,49.42381291153833
0.44362908605737156,3081.845692003459,476.7377396729631,-1508.8002718115092,2877.4979669842505,6160.139554084238,800826.48669011,-290099.85983174405,0.018351628279528347,0.018351628279528347,54.49107756370166
0.4442961974649766,3086.3993681352217,478.82967409029874,-1504.7555497312483,3385.312898398612,5965.600549685481,721602.6776901725,-293128.0753557396,0.016414142590889563,0.016414142590889563,60.92307255543374
0.4449633088725817,3090.9976756560795,481.24274885322853,-1500.8412806749761,3840.2767230751924,5769.041388165981,642378.8686902351,-296156.2908797352,0.014550313268655302,0.014550313268655302,68.72704260974425
0.44563042028018673,3095.6443345282123,483.94170638554294,-1497.0588123125526,4242.389441013989,5570.462069525735,563155.0596902976,-299184.5064037307,0.012835359479253867,0.012835359479253867,77.90977740953237
0.44629753168779185,3100.3366233841466,486.8912891110329,-1493.4094923138382,4591.651052215029,5369.862593764727,483931.25069035357,-302212.7219277266,0.01130251932389865,0.01130251932389865,88.4758496174872
0.4469646430953969,3105.066411770127,490.0562394534889,-1489.894668348695,4888.061556678256,5167.242960882994,404707.4416904161,-305240.9374517221,0.009957158631679855,0.009957158631679855,100.43025696290346
0.44763175450300197,3109.821087003662,493.40129983670147,-1486.5156880869815,5131.620954403701,4962.603170880516,325483.63269047864,-308269.1529757177,0.008788379669855805,0.008788379669855805,113.78661796212629
0.448298865910607,3114.584351313152,496.8912126844615,-1483.2738991985586,5322.329245391363,4755.943223757294,246259.8236905412,-311297.36849971325,0.007777064866601733,0.007777064866601733,128.58321450994404
0.4489659773182121,3119.3368891135706,500.49072042055957,-1480.1706493532872,5460.186429641241,4547.263119513327,167036.01469060374,-314325.58402370877,0.006900766323658094,0.006900766323658094,144.9114421642813
0.4496330887258172,3124.0587451564834,504.16634237313417,-1477.2065765215666,5556.522104362209,4341.0879239120095,135970.78106097766,-298119.1598155575,0.006408576213998086,0.006408576213998086,156.04089997646062
0.45030020013342226,3128.7466847400397,507.9026060674062,-1474.3751261607201,5643.579794843301,4150.295771073007,125028.17500133968,-273875.71439578326,0.006005293483101635,0.006005293483101635,166.51975508173106
0.4509673115410273,3133.407188477361,511.6945120043834,-1471.6655607987652,5723.337547993079,3975.676697233185,114085.56894170167,-249632.2689760091,0.0055620552720198535,0.0055620552720198535,179.7896552791449
0.4516344229486324,3138.045962117778,515.5371903125977,-1469.0670911902066,5795.795363811545,3817.230702392546,103142.96288206369,-225388.82355623494,0.005086190430564889,0.005086190430564889,196.61080599550746
0.45230153435623743,3142.667853459827,519.4257711205804,-1466.5689280895474,5860.9532422986995,3674.957786551089,92200.3568224257,-201145.3781364608,0.0045844840968102115,0.0045844840968102115,218.12705178665124
0.45296864576384255,3147.2769137255173,523.3553845568632,-1464.1602822512905,5918.811183454544,3548.857949708804,81257.75076278679,-176901.93271668462,0.004062957933634937,0.004062957933634937,246.12610229644864
0.4536357571714476,3151.8764678200046,527.321160749977,-1461.8303644299401,5969.369187279071,3438.931191865712,70315.1447031488,-152658.48729691046,0.0035267489275412366,0.0035267489275412366,283.5472613859064
0.45430286857905267,3156.4691914607743,531.3182298284537,-1459.5683853799999,6012.627253772286,3345.1775130218025,59372.53864351083,-128415.0418771363,0.002980073759102908,0.002980073759102908,335.5621641730875
0.4549699799866577,3161.0571934057816,535.3417219208246,-1457.3635558559731,6048.585382934187,3267.5969131770744,48429.93258387284,-104171.59645736216,0.0024262617936252023,0.0024262617936252023,412.1566776624911
0.4556370913942628,3165.6421013031295,539.3867671556213,-1455.2050866123632,6077.243574764776,3206.189392331528,37487.32652423485,-79928.151037588,0.0018678392531332588,0.0018678392531332588,535.377976623268
0.4563042028018679,3170.2251499892022,543.4484956613757,-1453.0821884036739,6098.601829264055,3160.9549504851607,26544.72046459595,-55684.70561781184,0.0013066489423893357,0.0013066489423893357,765.3165035831291
0.45697131420947296,3174.807271349725,547.5220375666185,-1450.984071984409,6112.660146432017,3131.89358763798,15602.114404957963,-31441.260198037675,0.0007439928943231547,0.0007439928943231547,1344.0988585109365
0.457638425617078,3179.389234635479,551.6016482431579,-1448.8981275268873,6115.122293704571,3127.9468120485844,-9407.346851576833,22078.743238342937,0.0005074429749216279,0.0005074429749216279,1970.6647828841164
0.4583055370246831,3183.9719559751998,555.677071612111,-1446.8023557737322,6100.072176973657,3161.427459099288,-35712.9031077044,78296.23661966747,0.0018207194762175024,0.0018207194762175024,549.2334283573844
0.45897264843228813,3188.556637952843,559.7366013952992,-1444.6717392489822,6067.473323580883,3232.4114372916347,-62018.459363831964,134513.730000992,0.003128843922567283,0.003128843922567283,319.6068659057556
0.45963975983989325,3193.1451733233953,563.7685306303064,-1442.481259052609,6017.325733526246,3340.8987466256362,-88324.01561996172,190731.22338232122,0.004425329809425881,0.004425329809425881,225.97185815846225
0.4603068712474983,3197.7406389102903,567.7611523547159,-1440.205896284585,5949.629406809752,3486.8893871012724,-114629.57187608929,246948.71676364576,0.005698807023843225,0.005698807023843225,175.475322434345
0.46097398265510336,3202.347780455485,571.7027596061116,-1437.820632044882,5864.3843434314,3670.383358718553,-140935.12813221687,303166.21014497033,0.0069313632702771594,0.0069313632702771594,144.27176314480104
0.4616410940627084,3206.973478851283,575.5816454220777,-1435.3004474334725,5761.5905433911885,3891.3806614774776,-167240.68438834444,359383.70352629485,0.008097519796336012,0.008097519796336012,123.49460392211486
0.4623082054703135,3211.627182782055,579.3861028401976,-1432.6203235503285,5641.248006689116,4149.881295378044,-193546.240644472,415601.1969076194,0.009164296101527967,0.009164296101527967,109.1191280728336
0.4629753168779186,3216.3212869678714,583.1044248980558,-1429.7552414954225,5503.356733325173,4445.885260420282,-219851.79690060177,471818.6902889486,0.010092861255287112,0.010092861255287112,99.07993132038284
0.46364242828552366,3221.066150621699,586.7226238221244,-1426.6856539597297,5336.821444861935,4752.7753477571805,-282140.2258052547,441714.453071175,0.010133198211425555,0.010133198211425555,98.68552643848051
0.4643095396931287,3225.8480252332442,590.2152584827327,-1423.41948985974,5126.8446606217685,5035.052886866383,-347370.17334677116,404553.60917822627,0.010303488243375358,0.010303488243375358,97.05450973294907
0.4649766511007338,3230.6458223378513,593.5533003446077,-1419.9732841802502,4873.352234259179,5292.540003098367,-412600.12088828767,367392.7652852776,0.010671970480617559,0.010671970480617559,93.70340761494803
0.46564376250833883,3235.439606034339,596.7077196264802,-1416.363574895161,4576.344165774162,5525.236696453135,-477830.068429804,330231.92139232886,0.011242072569065611,0.011242072569065611,88.95156954880922
0.46631087391594395,3240.2110417769186,599.6494865470811,-1412.6068999783727,4235.820455166691,5733.142966930704,-543060.0159713259,293071.0774993771,0.012023585199006929,0.012023585199006929,83.16986850832093
0.466977985323549,3244.943908163588,602.349571325141,-1408.719797403787,3851.781102436822,5916.258814531036,-608289.9635128424,255910.2336064284,0.013030099257489904,0.013030099257489904,76.74538621992342
0.46764509673115406,3249.624697789004,604.7789441793913,-1404.7188051453045,3424.226107584528,6074.584239254152,-673519.9110543588,218749.38971347973,0.014275123397163742,0.014275123397163742,70.0519338556951
0.4683122081387591,3254.2433287674967,606.9085753285622,-1400.620461176825,2953.1554706098077,6208.11924110005,-738749.8585958752,181588.54582053103,0.01576580444288278,0.01576580444288278,63.428415823807455
0.4689793195463642,3258.7939830770315,608.709434991385,-1396.4413034722506,2438.5691915126627,6316.863820068731,-803979.8061373917,144427.70192758233,0.017493057440375125,0.017493057440375125,57.16553572229943
0.4696464309539693,3263.277910031675,610.1559475294298,-1392.1971071511716,1901.2829447415222,6405.415159221606,-785582.1943651143,125736.17067187166,0.017670484630585223,0.017670484630585223,56.59154352049491
0.47031354236157435,3267.7158222272838,611.2529822742416,-1387.8969235010693,1392.8347796719015,6485.1555391661395,-738745.4045136352,113325.48840184267,0.016957236841397154,0.016957236841397154,58.971871971424754
0.4709806537691794,3272.1337523248176,612.0212475149394,-1383.546305744172,915.6319714078027,6556.616611392175,-691908.6146621561,100914.80613181368,0.015953785668694896,0.015953785668694896,62.6810476689703
0.4716477651767845,3276.553320725513,612.481587385483,-1379.150777101106,469.67451994922646,6619.798375899711,-645071.824810677,88504.12386178467,0.014752126284822725,0.014752126284822725,67.78683836436646
0.47231487658438953,3280.991620086613,612.6548460198318,-1374.7158607924976,54.96242529617338,6674.70083268875,-598235.034959198,76093.44159175566,0.013440601414364069,0.013440601414364069,74.40143258256975
0.47298198799199465,3285.461368001045,612.5618675519456,-1370.2470800389724,-328.50431255138795,6721.323981759294,-551398.2451077149,63682.759321725636,0.012093249695942727,0.012093249695942727,82.69075931968054
0.4736490993995997,3289.9712018463383,612.2234961157841,-1365.7499580611575,-680.725693593394,6759.667823111337,-504561.4552562359,51272.077051696644,0.010765222980607322,0.010765222980607322,92.8917126752896
0.47431621080720476,3294.526060424505,611.6605758453068,-1361.2300180796774,-1001.7017178298768,6789.732356744877,-457724.66540475667,38861.39478166763,0.009492877806244087,0.009492877806244087,105.34213337732363
0.4749833222148098,3299.127605073235,610.8939508744734,-1356.6927833151597,-1291.432385260837,6811.5175826599225,-410887.8755532776,26450.712511638645,0.008296528283639113,0.008296528283639113,120.53234386870182
0.4756504336224149,3303.774645136313,609.9444653372436,-1352.1437769882298,-1549.917695886275,6825.0235008564705,-364051.08570179855,14040.030241609638,0.007184152201196378,0.007184152201196378,139.1952692529913
0.47631754503002,3308.4635449780067,608.8329633675771,-1347.5885223195135,-1777.1576497062083,6830.250111334518,-317214.2958503155,1629.3479715796057,0.0061549683441682775,0.0061549683441682775,162.4703725645449
0.47698465643762505,3313.188599968991,607.5802890994337,-1343.0325425296376,-1973.1522467205987,6827.197414094069,-270377.5059988364,-10781.334298449394,0.005202371081723255,0.005202371081723255,192.22004433961982
0.4776517678452301,3317.9423764108546,606.2072866667727,-1338.4813608392278,-2137.9014869294665,6815.86540913512,-223540.7161473573,-23192.0165684784,0.004316085076757992,0.004316085076757992,231.69144773928912
0.47831887925283517,3322.7160154092585,604.734800203554,-1333.9405004689102,-2271.405370332812,6796.254096457675,-176703.9262958782,-35602.69883850739,0.003483598628118867,0.003483598628118867,287.05947692372274
0.47898599066044023,3327.49950380605,603.1836738437372,-1329.4154846393112,-2373.6638969306346,6768.36347606173,-129867.1364443991,-48013.38110853639,0.0026910066317558674,0.0026910066317558674,371.60815146245307
0.47965310206804534,3332.2819170377597,601.5747517212817,-1324.9118365710553,-2444.677066722939,6732.193547947283,-83030.3465929161,-60424.06337856642,0.0019233992288542883,0.0019233992288542883,519.9128631218545
0.4803202134756504,3337.0519482362984,599.9284628322512,-1320.4349034099632,-2488.0497785850944,6689.273278468031,-57062.599721520884,-63983.439231051656,0.0014878904050091698,0.0014878904050091698,672.0925120784262
0.48098732488325546,3341.8043887485483,598.2564439630632,-1315.9863032117487,-2523.9357419577314,6648.1505755409435,-50523.51846964537,-59302.42414436043,0.0013503001174650772,0.0013503001174650772,740.5761038348298
0.4816544362908605,3346.5401326117467,596.5619402269481,-1311.5640948238374,-2555.459409631985,6610.150631177357,-43984.43721776986,-54621.40905766922,0.001208996859903787,0.001208996859903787,827.1320076708726
0.4823215476984656,3351.2602584242563,594.8478617611299,-1307.1661950183689,-2582.6207816078563,6575.2734453772755,-37445.355965894356,-49940.393970977995,0.0010642579151860687,0.0010642579151860687,939.6218583210309
0.4829886591060707,3355.9657869210337,593.1171187028323,-1302.7905205674826,-2605.4198578853475,6543.519018140695,-30906.2747140183,-45259.378884286394,0.0009163503455097681,0.0009163503455097681,1091.285669176779
0.48365577051367575,3360.6576877513626,591.372621189279,-1298.4349882433173,-2623.856638464454,6514.88734946762,-24367.19346214279,-40578.36379759518,0.0007655316618516164,0.0007655316618516164,1306.2816991543725
0.4843228819212808,3365.3368864713298,589.6172793576937,-1294.0975148180119,-2637.931123345177,6489.378439358047,-17828.112210267278,-35897.348710903956,0.0006120510086647708,0.0006120510086647708,1633.850750743088
0.48498999332888587,3370.0042717282327,587.8540033453,-1289.7760170637061,-2647.643312527518,6466.992287811978,-11289.030958391773,-31216.33362421274,0.0004561508227748647,0.0004561508227748647,2192.2573632922167
0.48565710473649093,3374.660702615164,586.0857032893223,-1285.4684117525385,-2652.993206011477,6447.728894829411,-4749.949706516258,-26535.318537521525,0.0002980689215796791,0.0002980689215796791,3354.9287684884725
0.48632421614409604,3379.3070161749138,584.3152893269834,-1281.1726156566478,-2653.9808037970524,6431.588260410348,1789.1315453598,-21854.303450829917,0.00013804097239979128,0.00013804097239979128,7244.225990409729
0.4869913275517011,3383.9440350330065,582.5456715955077,-1276.8865455481741,-2650.606105884246,6418.570384554788,8328.212797235308,-17173.288364138705,2.369670826849276e-05,2.369670826849276e-05,42199.95404718739
0.48765843895930616,3388.5725751401374,580.7797602321185,-1272.6081181992558,-2642.8691122730565,6408.675267262733,14867.29404911082,-12492.273277447486,0.0001869040801705644,0.0001869040801705644,5350.337986669006
0.4883255503669112,3393.193453604361,579.02046537404,-1268.3352503820322,-2630.7698229634843,6401.902908534178,21406.37530098633,-7811.258190756271,0.0003513340878467882,0.0003513340878467882,2846.293697627444
0.4889926617745163,3397.8074965931864,577.2706971584958,-1264.0658588686426,-2614.308237955531,6398.253308369127,27945.456552861837,-3130.2431040650554,0.0005167292155263803,0.0005167292155263803,1935.2495851842298
0.4896597731821214,3402.4155472851353,575.533365722709,-1259.7978604312252,-2593.4843572491914,6397.72646676758,34484.5378047379,1550.771982626553,0.0006828179573420167,0.0006828179573420167,1464.5191873580295
0.49032688458972645,3407.0184738493404,573.8113812039043,-1255.5291718419205,-2568.298180844472,6400.322383729535,41023.6190566134,6231.787069317768,0.0008493112787462676,0.0008493112787462676,1177.4246086501705
0.4909939959973315,3411.617177430428,572.107653739305,-1251.2577098728661,-2538.749708741369,6406.041059254994,47562.700308488915,10912.802156008987,0.0010158991530038737,0.0010158991530038737,984.349673924954
0.49166110740493657,3416.2126001141396,570.4250934661349,-1246.9813912962024,-2504.838940939884,6414.882493343956,54101.78156036441,15593.817242700201,0.001182247265542456,0.001182247265542456,845.8467438629814
0.49232821881254163,3420.8057328470763,568.7666105216175,-1242.698132884068,-2466.565877440017,6426.846685996423,60640.86281223994,20274.83232939142,0.0013479939884346007,0.0013479939884346007,741.8430709481729
0.49299533022014674,3425.3976232814684,567.1351150429767,-1238.4058514086012,-2423.9305182417634,6441.933637212393,67179.94406411599,24955.847416083026,0.001512747736842186,0.001512747736842186,661.0487496662655
0.4936624416277518,3429.9893835131406,565.5335171674363,-1234.1024636419422,-2376.9328633451305,6460.143346991865,73719.02531599149,29636.862502774246,0.0016760848281802494,0.0016760848281802494,596.6285137761882
0.49432955303535686,3434.5821976778857,563.96472703222,-1229.7858863562296,-2325.572912750115,6481.475815334839,80258.106567867,34317.87758946546,0.001837547972162532,0.001837547972162532,544.2034793916931
0.4949966644429619,3439.1773293680017,562.4316547734518,-1225.4540363243261,-2269.851091723153,6505.93076251516,86687.5706197045,38926.790117674704,0.0019939654833836255,0.0019939654833836255,501.5131948538383
0.495663775850567,3443.7759138840847,560.9364868018803,-1221.1053063616423,-2212.9833183400447,6531.392864285782,83802.01398285826,37408.59099065397,0.0019213912407370142,0.0019213912407370142,520.4562083963787
0.4963308872581721,3448.3782959007617,559.4786138800139,-1216.7399281682758,-2158.0405327066624,6555.842158099756,80916.45734601178,35890.39186363312,0.0018490417821719167,0.0018490417821719167,540.8206616214927
0.49699799866577715,3452.984587929496,558.0567518265656,-1212.3585773999691,-2105.0227348230146,6579.278643957074,78030.90070916557,34372.19273661239,0.0017769782090093728,0.0017769782090093728,562.7531023903093
0.4976651100733822,3457.594865080875,556.669616460248,-1207.9619297124643,-2053.9299246890982,6601.702321857742,75145.34407231933,32853.993609591664,0.0017052524825390315,0.0017052524825390315,586.4234242374786
0.49833222148098727,3462.2091665576127,555.3159235997736,-1203.5506607615018,-2004.7621023049123,6623.11319180176,72259.7874354731,31335.794482570935,0.0016339078769973397,0.0016339078769973397,612.029609550397
0.49899933288859233,3466.8274971456026,553.9943890638549,-1199.1254462028237,-1957.5192676704567,6643.5112537891255,69374.23079862687,29817.59535555021,0.0015629794458046815,0.0015629794458046815,639.8036792385084
0.49966644429619744,3471.4498287001816,552.703728671205,-1194.6869616921715,-1912.2014207857278,6662.896507819839,66488.6741617804,28299.396228529356,0.0014924944939744363,0.0014924944939744363,670.0192222063422
0.5003335557038024,3476.0761016251395,551.4426582405364,-1190.2358828852875,-1868.8085616507374,6681.2689538939,63603.11752493441,26781.19710150876,0.0014224730506115493,0.0014224730506115493,703.0010161317856
0.5010006671114076,3480.7062263424136,550.2098935905614,-1185.7728854379113,-1827.3406902654704,6698.6285920113105,60717.56088808793,25262.9979744879,0.00135292833636823,0.00135292833636823,739.1374495742896
0.5016677785190127,3485.340084750744,549.0041505399929,-1181.2986450057865,-1787.797806629934,6714.975422172071,57832.004251241466,23744.798847467042,0.0012838672216104801,0.0012838672216104801,778.8967450587314
0.5023348899266177,3489.977531671941,547.824144907544,-1176.813837244655,-1750.1799107441352,6730.3094443761765,54946.447614395474,22226.599720446447,0.0012152906718637788,0.0012152906718637788,822.8484124430846
0.5030020013342228,3494.618396283692,546.6685925119266,-1172.319137810256,-1714.4870026080603,6744.630658623633,52060.890977549,20708.40059342559,0.0011471941778478558,0.0011471941778478558,871.6920110909269
0.5036691127418278,3499.2624835381407,545.5362091718541,-1167.8152223583343,-1680.7190822217224,6757.939064914436,49175.33434070301,19190.201466404986,0.001079568168077468,0.001079568168077468,926.2963002890632
0.5043362241494329,3503.909575565767,544.4257107060382,-1163.3027665446282,-1648.8761495851095,6770.23466324859,46289.77770385654,17672.002339384133,0.0010123984025997314,0.0010123984025997314,987.7534352406191
0.505003335557038,3508.5594330642825,543.3358129331924,-1158.7824460248812,-1618.958204698227,6781.517453626091,43404.22106701007,16153.80321236328,0.0009456663469634162,0.0009456663469634162,1057.4554156559045
0.505670446964643,3513.2117966725586,542.2652316720292,-1154.2549364548352,-1590.9652475610806,6791.78743604694,40518.664430164084,14635.604085342678,0.0008793495259734539,0.0008793495259734539,1137.2042293341594
0.5063375583722481,3517.866388329753,541.212682741261,-1149.7209134902305,-1564.8972781736597,6801.044610511137,37633.10779331761,13117.404958321828,0.000813421857181982,0.000813421857181982,1229.3743906321859
0.5070046697798531,3522.5229126200097,540.1768819596006,-1145.18105278681,-1540.7542965359742,6809.288977018683,34747.55115647162,11599.205831301224,0.0007478539644094984,0.0007478539644094984,1337.1594557095045
0.5076717811874583,3527.1810581032946,539.1565451457604,-1140.6360300003137,-1518.536302648015,6816.520535569576,31861.994519625146,10081.006704280371,0.0006826134718817955,0.0006826134718817955,1464.9579025202197
0.5083388925950634,3531.8404986330484,538.1503881184535,-1136.0865207864847,-1498.243296509787,6822.739286163822,28976.43788277868,8562.807577259515,0.0006176652798173094,0.0006176652798173094,1618.999857488794
0.5090060040026684,3536.500894661519,537.1571266963923,-1131.5332008010641,-1479.875278121293,6827.945228801412,26090.881245932687,7044.608450238917,0.0005529718225087762,0.0005529718225087762,1808.4104095270225
0.5096731154102735,3541.161894533722,536.1754766982895,-1126.9767456997931,-1463.4322474825262,6832.138363482351,23205.324609086216,5526.409323218061,0.0004884933101201177,0.0004884933101201177,2047.110941507276
0.5103402268178785,3545.8231357711147,535.2041539428578,-1122.4178311384144,-1448.9142045934927,6835.318690206639,20319.76797224022,4008.2101961974604,0.00042418795556802816,0.00042418795556802816,2357.445530627819
0.5110073382254836,3550.4842463461705,534.2418742488098,-1117.8571327726681,-1436.321149454188,6837.486208974276,17434.211335393753,2490.011069176606,0.0003600121879824635,0.0003600121879824635,2777.683737886982
0.5116744496330887,3555.1448459491007,533.2873534348581,-1113.2953262582962,-1425.6530820646137,6838.640919785261,14548.654698547285,971.8119421557521,0.0002959208543467915,0.0002959208543467915,3379.281944178539
0.5123415610406937,3559.804547248085,532.3393073197154,-1108.7330872510415,-1416.9100024247718,6838.782822639594,11663.098061701294,-546.3871848648487,0.00023186741100847155,0.00023186741100847155,4312.809616714372
0.5130086724482988,3564.4629571444193,531.3964517220944,-1104.1710914066439,-1410.0919105346593,6837.911917537276,8777.541424854822,-2064.5863118857033,0.00016780410683037676,0.00016780410683037676,5959.329714205629
0.5136757838559038,3569.119678024042,530.4575024607077,-1099.6100143808467,-1405.1988063942783,6836.028204478306,5891.984788008832,-3582.785438906305,0.00010368215982288775,0.00010368215982288775,9644.860810270764
0.514342895263509,3573.7743090069766,529.5211753542679,-1095.0505318293897,-1402.2306900036274,6833.131683462684,3006.428151162361,-5100.984565927159,3.9451929160254216e-05,3.9451929160254216e-05,25347.30294019306
0.5150100066711141,3578.4264752616646,528.5862278266532,-1090.4932822222404,-1400.9192809374074,6829.462137589192,1274.1639952879423,-5588.396431524117,2.5762371084809016e-06,2.5762371084809016e-06,388163.0292134321
0.5156771180787191,3583.076093544697,527.6518507486885,-1085.9385166240913,-1400.4801624015195,6825.720661204964,42.313375304281635,-5628.549768386614,2.2446781879704243e-05,2.2446781879704243e-05,44549.81588715718
0.5163442294863242,3587.723254252886,526.7174925017677,-1081.386255942392,-1400.862825466688,6821.952398071664,-1189.5372446795845,-5668.703105249117,4.753422236894431e-05,4.753422236894431e-05,21037.474690094714
0.5170113408939292,3592.368050245098,525.7826048660107,-1076.8365180468886,-1402.0672701329129,6818.15734818929,-2421.3878646632456,-5708.856442111613,7.268174160966982e-05,7.268174160966982e-05,13758.613619502985
0.5176784523015343,3597.0105747387693,524.846639621537,-1072.2893208073272,-1404.093496400195,6814.335511557841,-3653.2384846471114,-5749.009778974117,9.788493705830469e-05,9.788493705830469e-05,10216.076447026317
0.5183455637091394,3601.650921499513,523.9090485484652,-1067.744682093453,-1406.9415042685332,6810.486888177315,-4885.089104630977,-5789.16311583662,0.00012313933236351342,0.00012313933236351342,8120.882100025931
0.5190126751167444,3606.2891850310807,522.9692834269155,-1063.2026197750135,-1410.6112937379276,6806.611478047717,-6116.939724614638,-5829.316452699117,0.0001484403632395621,0.0001484403632395621,6736.712159523209
0.5196797865243495,3610.925460765624,522.0267960370068,-1058.6631517217527,-1415.102864808379,6802.709281169045,-7348.790344598505,-5869.469789561619,0.00017378336325848804,0.00017378336325848804,5754.2907517135845
0.5203468979319545,3615.559845254184,521.0810381588587,-1054.1262958034183,-1420.4162174798867,6798.780297541299,-8580.640964582166,-5909.623126424116,0.00019916354959404953,0.00019916354959404953,5020.999083608807
0.5210140093395597,3620.1924363573717,520.1314615725904,-1049.592069889754,-1426.5513517524514,6794.824527164477,-9812.49158456603,-5949.776463286619,0.00022457600875199683,0.00022457600875199683,4452.835392155879
0.5216811207471648,3624.823333436146,519.1775180583213,-1045.0604918505069,-1433.508267626073,6790.841970038579,-11044.342204549897,-5989.9298001491225,0.00025001568232254327,0.00025001568232254327,3999.7490985781756
0.5223482321547698,3629.4526375426544,518.2186593961711,-1040.5315795554238,-1441.2869651007495,6786.83262616361,-12276.192824533558,-6030.083137011618,0.0002754773527928498,0.0002754773527928498,3630.062471058985
0.5230153435623749,3634.0804516110525,517.2543373662588,-1036.0053508742492,-1449.8874441764847,6782.796495539567,-13508.043444517425,-6070.236473874122,0.0003009556294590361,0.0003009556294590361,3322.748944080186
0.5236824549699799,3638.7068806482316,516.284003748704,-1031.4818236767298,-1459.309704853274,6778.733578166446,-14739.894064501084,-6110.3898107366185,0.00032644493447919276,0.00032644493447919276,3063.3037746332034
0.524349566377585,3643.3320319243967,515.3071103236258,-1026.9610158326104,-1469.5537471311222,6774.643874044253,-15971.744684484951,-6150.543147599121,0.00035193948911110443,0.00035193948911110443,2841.397544008789
0.5250166777851901,3647.9560151634,514.3231088711437,-1022.4429452116377,-1480.619571010027,6770.527383172985,-17203.595304468818,-6190.696484461625,0.0003774333001803599,0.0003774333001803599,2649.474753611144
0.5256837891927951,3652.5789427327677,513.3314511713776,-1017.9276296835585,-1492.507176489986,6766.3841055526445,-18435.44592445248,-6230.849821324121,0.00040292014682702913,0.00040292014682702913,2481.8813550896803
0.5263509006004002,3657.200929833333,512.3315890044457,-1013.4150871181162,-1505.2165635710037,6762.214041183226,-19667.296544436344,-6271.003158186624,0.0004283935675813135,0.0004283935675813135,2334.302089655419
0.5270180120080052,3661.8220946883744,511.32297415046867,-1008.9053353850595,-1518.7477322530758,6758.0171900647365,-20899.147164420006,-6311.15649504912,0.00045384684782098154,0.00045384684782098154,2203.3864613166747
0.5276851234156104,3666.4425587322044,510.3050583895648,-1004.3983923541316,-1533.100682536207,6753.79355219717,-22130.99778440387,-6351.3098319116225,0.0004792730076660233,0.0004792730076660233,2086.4934682423013
0.5283522348232155,3671.0624467980683,509.2772935018543,-999.89427589508,-1548.2754144203946,6749.543127580531,-23362.848404387736,-6391.463168774126,0.000504664790368178,0.000504664790368178,1981.5133115794554
0.5290193462308205,3675.681887305296,508.2391312674562,-995.393003877651,-1564.2719279056364,6745.2659162148175,-24594.6990243714,-6431.6165056366235,0.0005300146512556976,0.0005300146512556976,1886.7402960103552
0.5296864576384256,3680.3010124455845,507.1900234664895,-990.8945941715888,-1581.090222991937,6740.961918100027,-25826.549644355262,-6471.769842499126,0.0005553147472959701,0.0005553147472959701,1800.7805570973298
0.5303535690460306,3684.9199583682926,506.12942187907447,-986.3990646466415,-1598.7302996792916,6736.6311332361665,-27058.400264338925,-6511.923179361623,0.0005805569273409872,0.0005805569273409872,1722.4839682477082
0.5310206804536357,3689.538865364669,505.0567782853296,-981.9064331725526,-1617.1921579677055,6732.273561623228,-28290.250884322788,-6552.076516224125,0.0006057327231230216,0.0006057327231230216,1650.8931444948607
0.5316877918612408,3694.157878050857,503.9715444653746,-977.416717619069,-1636.4757978571765,6727.8892032612175,-29522.101504306658,-6592.229853086628,0.0006308333410697632,0.0006308333410697632,1585.204736173593
0.5323549032688458,3698.777145549583,502.87317219932913,-972.9299358559374,-1656.5812193477004,6723.478058150131,-30753.952124290317,-6632.383189949125,0.0006558496550103149,0.0006558496550103149,1524.7396905076857
0.5330220146764509,3703.3968216703906,501.7611132673121,-968.4461057529024,-1677.5084224392842,6719.0401262899695,-31985.802744274184,-6672.536526811628,0.0006807721998450042,0.0006807721998450042,1468.920147191199
0.5336891260840559,3708.017064973425,500.6348186241872,-963.9652455055724,-1699.3079953674685,6714.555432374991,-35285.027328863594,-7529.014579964032,0.0007515446554252235,0.0007515446554252235,1330.5929232298254
0.5343562374916611,3712.637689576353,499.4911576528894,-959.4883926708334,-1732.6578750667936,6705.8076788277485,-64697.91200970522,-18696.750554674563,0.001403336612282143,0.001403336612282143,712.5874086430152
0.5350233488992662,3717.257476070592,498.31870367615454,-955.0198605936525,-1785.6294256672813,6689.60980121465,-94110.79669054686,-29864.486529385096,0.0020573748037779646,0.0020573748037779646,486.0563073698076
0.5356904603068712,3721.875244858198,497.10436685348867,-950.5646193367835,-1858.2226471689185,6665.9617995357075,-123523.6813713836,-41032.22250409377,0.002714773304506921,0.002714773304506921,368.3548819121853
0.5363575717144763,3726.490214139506,495.83505734439683,-946.1276389629769,-1950.4375395717293,6634.863673790909,-152936.56605222524,-52199.9584788043,0.003375809276800668,0.003375809276800668,296.22526570805655
0.5370246831220813,3731.102127839456,494.4976853083851,-941.7138895349871,-2062.2741028756836,6596.315423980268,-182349.45073306197,-63367.69445351297,0.004039637699149432,0.004039637699149432,247.54695209685647
0.5376917945296864,3735.7113844413625,493.07916090495837,-937.3283411155644,-2193.732337080817,6550.317050103768,-211762.3354139036,-74535.43042822351,0.004703998252262983,0.004703998252262983,212.58511299805937
0.5383589059372915,3740.319166055181,491.56639429362264,-932.9759637674624,-2344.812242187115,6496.868552161418,-241175.22009474522,-85703.16640293405,0.005364930377892419,0.005364930377892419,186.39570871613884
0.5390260173448965,3744.927566404296,489.94629563388355,-928.6617275534338,-2515.513818194545,6435.9699301532255,-270588.104775582,-96870.90237764272,0.00601652515724263,0.00601652515724263,166.20889531164187
0.5396931287525016,3749.539715653054,488.20577508524616,-924.3906025362295,-2705.837065103165,6367.621184079173,-300000.98945642356,-108038.63835235324,0.006650756724337166,0.006650756724337166,150.35883004721737
0.5403602401601066,3754.159899151349,486.33174280721687,-920.167558778604,-2915.7819829129116,6291.822313939282,-329413.8741372603,-119206.37432706192,0.007257448871786023,0.007257448871786023,137.78946537089482
0.5410273515677118,3758.7936663075375,484.3111089593004,-915.9975663433079,-3145.3485716238556,6208.5733197335285,-358826.758818102,-130374.11030177245,0.007824439992366643,0.007824439992366643,127.80467368598632
0.5416944629753169,3763.4479250186287,482.13078370100254,-911.8855952930942,-3394.5368312359615,6117.874201461922,-388239.6434989436,-141541.84627648297,0.008338005678782335,0.008338005678782335,119.9327559280384
0.5423615743829219,3768.130243899314,479.7785894803418,-907.8369791778381,-3656.9994788813365,6017.195983311712,-388211.5496122111,-164439.8807508616,0.008413658933229819,0.008413658933229819,118.85435432264687
0.543028685790527,3772.839626757588,477.25377594731407,-903.8616045377256,-3910.5973236071104,5897.717650117778,-372074.7888756066,-193756.16216452493,0.008330821118154688,0.008330821118154688,120.0361868076582
0.543695797198132,3777.5686554150457,474.5633751320045,-899.9724586808521,-4153.430151163661,5758.682091164254,-355938.0281390048,-223072.44357818342,0.008314772527441658,0.008314772527441658,120.2678722357888
0.5443629086057371,3782.3098383423,471.7145685001687,-896.1825884556208,-4385.497961551069,5600.089306451091,-339801.26740240015,-252388.72499184677,0.008363531473347343,0.008363531473347343,119.5667169050264
0.5450300200133422,3787.055841219952,468.71453751756394,-892.5050407104385,-4606.800754769296,5421.939295978312,-323664.50666579563,-281705.0064055101,0.008476040771325343,0.008476040771325343,117.97961182336745
0.5456971314209472,3791.799592055451,465.57046364994727,-888.952862293711,-4817.338530818303,5224.232059745951,-307527.7459291938,-311021.2878191686,0.008652023326369001,0.008652023326369001,115.57990105647005
0.5463642428285523,3796.53438972663,462.2895283630742,-885.539100053842,-5017.111289698164,5006.967597753942,-291390.9851925892,-340337.56923283194,0.008891805130322103,0.008891805130322103,112.46310342428471
0.5470313542361573,3801.2540181530485,458.87891312270267,-882.2768008392381,-5206.119031408811,4770.145910002358,-275254.2244559874,-369653.8506464904,0.009196089645214381,0.009196089645214381,108.7418716628537
0.5476984656437625,3805.9528681630613,455.34579939458786,-879.1790114983039,-5384.361755950307,4513.766996491118,-259117.46371938285,-398970.13206015376,0.00956566189123242,0.00956566189123242,104.54059649720297
0.5483655770513676,3810.6260689383894,451.69736864448714,-876.2587788794452,-5551.839463322621,4237.830857220261,-242980.7029827783,-428286.41347381705,0.010000995689441348,0.010000995689441348,99.99004409688528
0.5490326884589726,3815.2696306269636,447.9408023381579,-873.5291498310677,-5708.552153525725,3942.3374921898403,-226843.94224617642,-457602.6948874756,0.010501734701365369,0.010501734701365369,95.22236358436919
0.5496997998665777,3819.880599250626,444.0832819413552,-871.0031712015758,-5854.499826559674,3627.2869013997542,-210707.1815095719,-486918.976301139,0.011066019666839476,0.011066019666839476,90.3667289690988
0.5503669112741827,3824.4576412743145,440.1319406364155,-868.6931461847223,-5990.066932398704,3298.600330751352,-196611.17344819885,-484803.8642388886,0.011109772030926212,0.011109772030926212,90.0108478568512
0.5510340226817878,3829.0073446460624,436.0930778667805,-866.5985368419214,-6117.05123191494,2983.966647215841,-184087.75650144706,-458467.91900051176,0.010637726624159672,0.010637726624159672,94.0050478199796
0.5517011340893929,3833.5411255687777,431.97228911825124,-864.7079629752951,-6235.6810171238,2686.9019731789144,-171564.33955469524,-432131.97376213485,0.01008063276646327,0.01008063276646327,99.20012197318086
0.5523682454969979,3838.0688268182944,427.77514778262776,-863.0097040981871,-6345.956288025271,2407.4063086406177,-159040.92260794545,-405796.02852376236,0.009460682053794633,0.009460682053794633,105.70062436448806
0.553035356904603,3842.5985564803273,423.50722725170823,-861.4920397239404,-6447.877044619387,2145.479653600858,-146517.50566119363,-379460.08328538545,0.008798744057170507,0.008798744057170507,113.65258422138707
0.553702468312208,3847.1367520754893,419.17410091729346,-860.1432493658982,-6541.443286906114,1901.122008059722,-133994.08871444393,-353124.13804701297,0.008113153712380822,0.008113153712380822,123.25663181679666
0.5543695797198132,3851.688271352892,414.7813421711815,-858.9516125374034,-6626.655014885484,1674.3333720171288,-121470.6717676921,-326788.19280863606,0.007419045794371035,0.007419045794371035,134.7882231376329
0.5550366911274183,3856.256501929943,410.3345244051725,-857.9054087517994,-6703.5122285574835,1465.1137454731208,-108947.25482094029,-300452.24757025915,0.0067281508817269315,0.0067281508817269315,148.6292471109577
0.5557038025350233,3860.8434827287624,405.8392210110666,-856.9929175224296,-6772.014927922095,1273.4631284277277,-96423.83787419055,-274116.3023318866,0.006048926261233623,0.006048926261233623,165.318596526594
0.5563709139426284,3865.4500313315325,401.30100538066176,-856.2024183626366,-6832.163112979346,1099.3815208808858,-83900.42092743872,-247780.3570935097,0.005386892960496251,0.005386892960496251,185.63576579919234
0.5570380253502334,3870.0758726938298,396.725450905759,-855.5221907857642,-6883.956783729217,942.8689228326539,-71377.00398068898,-221444.4118551372,0.004745070694379136,0.004745070694379136,210.74501612474793
0.5577051367578385,3874.7197659358603,392.11813097815633,-854.9405143051555,-6927.395940171725,803.925334282979,-58853.58703393717,-195108.46661676036,0.00412443188291318,0.00412443188291318,242.45763498794344
0.5583722481654436,3879.3796270693756,387.4846189896537,-854.4456684341529,-6962.480582306858,682.550755231889,-46330.17008718535,-168772.52137838345,0.00352432464321383,0.00352432464321383,283.74230561464407
0.5590393595730486,3884.052646465465,382.8304883320515,-854.0259326861003,-6989.210710134614,578.7451856793995,-33806.753140435605,-142436.5761400109,0.002942838075118706,0.002942838075118706,339.8080269705844
0.5597064709806537,3888.735400619,378.16131239714775,-853.6695865743409,-7007.586323655001,492.5086256254762,-21283.33619368379,-116100.63090163402,0.0023770999482472448,0.0023770999482472448,420.6806704687997
0.5603735823882587,3893.4240108729514,373.4824273763772,-853.3677570266374,-7018.7430432698275,410.208794636035,-12384.516513362349,-133275.28684461393,0.00270621183298314,0.00270621183298314,369.520222996612
0.5610406937958639,3898.1146809968773,368.79803071571854,-853.1252407651147,-7024.114770319329,314.63277089869825,-3719.921181040605,-153261.63231990274,0.0031003904871634742,0.0031003904871634742,322.5400168592612
0.561707805203469,3902.8039739659234,364.111978550153,-852.9509316972334,-7023.706246980356,205.72362809845941,4944.67415128114,-173247.97779519157,0.003504399885171248,0.003504399885171248,285.35556236931376
0.562374916611074,3907.488834160801,359.4281269506545,-852.8537244988198,-7017.51747325291,83.48136623533998,13609.269483601436,-193234.32327047706,0.003919774315610779,0.003919774315610779,255.11672853649486
0.5630420280186791,3912.166642556788,354.75033198819426,-852.8425138456993,-7005.548449136992,-52.09401469070073,22273.864815923178,-213220.6687457659,0.004347566458262475,0.004347566458262475,230.01373517810575
0.5637091394262841,3916.835274816759,350.08244973374696,-852.9261944136979,-6987.799174632601,-201.0025146796175,30938.460148243474,-233207.01422105136,0.004788242544456477,0.004788242544456477,208.84489261258005
0.5643762508338892,3921.4931623119614,345.428336258284,-853.1136608786414,-6964.2696497397355,-363.2441337314601,39603.05548056523,-253193.3596963402,0.005241553862395218,0.005241553862395218,190.7831200923752
0.5650433622414943,3926.1393559173425,340.79184763277897,-853.4138079163555,-6934.959874458394,-538.8188718462045,48267.65081288697,-273179.70517162903,0.005706387251506904,0.005706387251506904,175.2422252338249
0.5657104736490993,3930.7735921866797,336.17683992820594,-853.8355302026664,-6899.869848788587,-727.7267290238185,56932.24614520726,-293166.0506469145,0.006180600810461308,0.006180600810461308,161.79656811153316
0.5663775850567044,3935.396361214907,331.587169215536,-854.3877224133994,-6858.999572730299,-929.9677052643649,65596.84147752901,-313152.3961222033,0.006660855986227637,0.006660855986227637,150.1308543628111
0.5670446964643094,3940.0089751394694,327.02669156574365,-855.0792792243806,-6812.349046283548,-1145.5418005677764,74261.4368098493,-333138.7415974888,0.007142463448074618,0.007142463448074618,140.0077168430688
0.5677118078719146,3944.613634568088,322.4992602241205,-855.9190731874779,-6759.976097091281,-1373.996247349462,82137.0689661061,-346947.8172882533,0.007488809766770904,0.007488809766770904,133.5325680773955
0.5683789192795197,3949.213153839148,318.0082564636972,-856.9122814983162,-6703.489004286754,-1602.7388557629251,87211.23526185418,-338822.522735263,0.007363655403585882,0.007363655403585882,135.80211799604714
0.5690460306871247,3953.809972118365,313.55606498473867,-858.0562785817164,-6643.616877262259,-1826.0609874898996,92285.40155760139,-330697.22818227403,0.007232240269647258,0.007232240269647258,138.2697425301073
0.5697131420947298,3958.406177937998,309.14494398218665,-859.3474483758463,-6580.359716017774,-2043.96264253046,97359.56785334946,-322571.9336292838,0.007096487143917974,0.007096487143917974,140.91479061679797
0.5703802535023349,3963.003573919945,304.7771516509852,-860.7821748188737,-6513.717520553312,-2256.4438208845695,102433.73414909755,-314446.63907629356,0.006958187153527235,0.006958187153527235,143.71559400972438
0.5710473649099399,3967.603686563841,300.4549461860783,-862.3568418489663,-6443.690290868882,-2463.504522552193,107507.90044484477,-306321.3445233046,0.006818983704014721,0.006818983704014721,146.6494192398852
0.571714476317545,3972.2077770237324,296.1805857824079,-864.0678334042925,-6370.278026964463,-2665.144747533401,112582.06674059284,-298196.0499703144,0.006680363740827632,0.006680363740827632,149.69244771634393
0.57238158772515,3976.8168526585173,291.9563286349184,-865.9115334230187,-6293.480728840075,-2861.3644958281243,117656.23303634007,-290070.7554173254,0.006543655283315195,0.006543655283315195,152.81978599174812
0.5730486991327551,3981.431679159583,287.78443293855196,-867.8843258433143,-6213.298396495698,-3052.1637674364288,122730.39933208813,-281945.4608643352,0.006410030092883677,0.006410030092883677,156.00550785404045
0.5737158105403602,3986.052793079808,283.66715688825246,-869.9825946033465,-6129.731029931341,-3237.5425623582823,127804.56562783619,-273820.1663113449,0.006280510347233874,0.006280510347233874,159.22272947777725
0.5743829219479653,3990.6805146102242,279.6067586789639,-872.2027236412823,-6042.77862914702,-3417.500880593655,132878.73192358343,-265694.871758356,0.006155978267586475,0.006155978267586475,162.44371837135512
0.5750500333555704,3995.314960472982,275.6054965056282,-874.5410968952912,-5952.441194142706,-3592.0387221426063,137952.8982193315,-257569.5772053657,0.0060371877621930746,0.0060371877621930746,165.6400362868189
0.5757171447631754,3999.9560568211223,271.6656285631899,-876.9940983035393,-5858.718724918431,-3761.156087005079,143027.0645150787,-249444.28265237683,0.005924777287448937,0.005924777287448937,168.78271561673762
0.5763842561707805,4004.6035520564797,267.78941304659105,-879.5581118041956,-5761.611221474158,-3924.8529751811284,148101.2308108268,-241318.98809938654,0.005819283272083284,0.005819283272083284,171.84246809177986
0.5770513675783856,4009.2570294962693,263.9791081507756,-882.2295213354275,-5661.118683809907,-4083.1293866707256,153175.39710657485,-233193.69354639627,0.005721153589034767,0.005721153589034767,174.78992382176423
0.5777184789859906,4013.91591983654,260.23697207068733,-885.0047108354025,-5557.241111925698,-4235.985321473847,158249.5634023221,-225068.39899340738,0.005630760686416333,0.005630760686416333,177.59589790637054
0.5783855903935957,4018.579513376392,256.5652630012685,-887.8800642422891,-5449.97850582149,-4383.420779590543,163323.72969807015,-216943.10444041708,0.00554841409932195,0.00554841409932195,180.2316809991176
0.5790527018012007,4023.246971980779,252.9662391374633,-890.8519654942542,-5339.3308654973225,-4525.435761020764,168397.89599381736,-208817.80988742816,0.005474372156442243,0.005474372156442243,182.66934936515042
0.5797198132088058,4027.9173407719118,249.44215867421414,-893.9167985294669,-5225.298190953158,-4662.030265764559,173472.06228956545,-200692.5153344379,0.005408852769576378,0.005408852769576378,184.8820891603452
0.580386924616411,4032.5895595497377,245.99527980646468,-897.0709472860939,-5107.880482189014,-4793.2042938219,178546.2285853135,-192567.22078144763,0.005352043251304563,0.005352043251304563,186.8445289107575
0.581054036024016,4037.262473951074,242.62786072915878,-900.3107957023029,-4987.077739204912,-4918.95784519277,183620.39488106075,-184441.9262284587,0.005304109148088413,0.005304109148088413,188.53307352477793
0.5817211474316211,4041.9348463646143,239.3421596372387,-903.6327277162626,-4862.889962000811,-5039.2909198772095,188694.56117680878,-176316.63167546844,0.005265202104928477,0.005265202104928477,189.92623266331088
0.5823882588392261,4046.605366625603,236.14043472564882,-907.0331272661404,-4735.317150576752,-5154.203517875179,193768.72747255603,-168191.3371224795,0.0052354667954636865,0.0052354667954636865,191.00493596224473
0.5830553702468312,4051.272662519528,233.02494418933125,-910.5083782901041,-4604.359304932695,-5263.695639186717,198842.8937683041,-160066.04256948928,0.005215046959925788,0.005215046959925788,191.75282747870602
0.5837224816544363,4055.935310128886,229.99794622322986,-914.0548647263216,-4470.016425068658,-5367.767283811803,203917.06006405217,-151940.74801649898,0.00520409059429215,0.00520409059429215,192.15653184377703
0.5843895930620413,4060.5918440611204,227.06169902228837,-917.66897051296,-4332.288510984665,-5466.418451750422,208991.2263597994,-143815.4534635101,0.005202754328647351,0.005202754328647351,192.2058849663169
0.5850567044696464,4065.240767599258,224.21846078144924,-921.3470795881888,-4191.175562680671,-5559.649143002607,214065.39265554745,-135690.15891051982,0.0052112070222059305,0.0052112070222059305,191.89412275098886
0.5857238158772514,4069.8805628197724,221.47048969565648,-925.0855758901735,-4046.677580156722,-5647.459357568325,219139.55895129466,-127564.8643575309,0.005229632587418902,0.005229632587418902,191.21802216196463
0.5863909272848565,4074.5097342824324,218.81999912627987,-928.8808529778646,-3899.3670044851197,-5729.971934861698,219341.05564042297,-120485.18988395404,0.005185943626937462,0.005185943626937462,192.8289375930887
0.5870580386924616,4079.1285080254524,216.2668446282428,-932.7298103689466,-3755.964228888388,-5808.628995662957,210580.4655985504,-115328.6783982079,0.005004551658570908,0.005004551658570908,199.8180992471878
0.5877251501000667,4083.739477989736,213.80740636157353,-936.6300933617518,-3618.4057428459637,-5883.846088828618,201819.87555667924,-110172.16691246265,0.004812702297777076,0.004812702297777076,207.7834734265377
0.5883922615076718,4088.3451464520713,211.43778553404007,-940.5794071146296,-3486.6915463578002,-5955.623214358701,193059.2855148066,-105015.65542671652,0.004612231235364244,0.004612231235364244,216.8148015503881
0.5890593729152768,4092.9477227551083,209.1540833534123,-944.5754567859269,-3360.8216394239435,-6023.960372253187,184298.69547293545,-99859.14394097125,0.004404864152076725,0.004404864152076725,227.02175719279293
0.5897264843228819,4097.549132381477,206.95240102745848,-948.615947533994,-3240.7960220443492,-6088.857562512097,175538.10543106284,-94702.63245522513,0.004192190788243776,0.004192190788243776,238.5387618341024
0.590393595730487,4102.151027336422,204.82883976394788,-952.6985845171788,-3126.6146942190403,-6150.314785135418,166777.51538919023,-89546.120969479,0.003975647076346786,0.003975647076346786,251.53138113026318
0.591060707138092,4106.75479760926,202.7795007706499,-956.8210728938287,-3018.277655948034,-6208.332040123141,158016.92534731908,-84389.60948373374,0.0037565045726500527,0.0037565045726500527,266.2049202017989
0.5917278185456971,4111.361583497134,200.8004852553328,-960.981117822294,-2915.7849072312947,-6262.909327475287,149256.33530544647,-79233.09799798763,0.003535866203551244,0.003535866203551244,282.8161311634617
0.5923949299533021,4115.972288592177,198.88789442576626,-965.1764244609215,-2819.1364480688553,-6314.046647191836,140495.7452635753,-74076.58651224236,0.003314667237326847,0.003314667237326847,301.6894090419954
0.5930620413609072,4120.587593253711,197.03782948971858,-969.4046979680611,-2728.3322784606844,-6361.743999272805,131735.15522170268,-68920.07502649623,0.003093680380681509,0.003093680380681509,323.23959716217007
0.5937291527685123,4125.207968409191,195.24639165495915,-973.6636435020607,-2643.3723984067988,-6406.001383718189,122974.56517983007,-63763.563540750096,0.002873523957928768,0.002873523957928768,348.00475466395574
0.5943962641761174,4129.8336895503,193.50968212925716,-977.9509662212682,-2564.2568079072107,-6446.818800527975,114213.97513795893,-58607.05205500484,0.002654672235646587,0.002654672235646587,376.6943378440971
0.5950633755837225,4134.464850812858,191.82380212038115,-982.2643712840337,-2490.985506961894,-6484.196249702182,105453.38509608632,-53450.540569258716,0.002437467087171643,0.002437467087171643,410.26194989995423
0.5957304869913275,4139.1013790506095,190.18485283610056,-986.6015638487038,-2423.5584955708728,-6518.133731240796,96692.79505421517,-48294.02908351345,0.002222130333198284,0.002222130333198284,450.01860829680163
0.5963975983989326,4143.743047832861,188.58893548418382,-990.9602490736283,-2361.9757737341247,-6548.631245143826,87932.20501234254,-43137.51759776732,0.0020087762351102883,0.0020087762351102883,497.81552694698064
0.5970647098065377,4148.389491314155,187.03215127240028,-995.3381321171557,-2306.237341451662,-6575.6887914112685,79171.61497046993,-37981.006112021205,0.0017974237484733768,0.0017974237484733768,556.3518345906688
0.5977318212141427,4153.040217940615,185.51060140851916,-999.7329181376338,-2256.3431987234917,-6599.30637004312,70411.02492859878,-32824.49462627594,0.0015880082606131148,0.0015880082606131148,629.7196461773502
0.5983989326217478,4157.694623972044,184.02038710030888,-1004.1423122934118,-2212.293345549598,-6619.483981039387,61650.434886726165,-27667.983140529817,0.001380392636254425,0.001380392636254425,724.4315665964524
0.5990660440293528,4162.352006811557,182.55760955553902,-1008.5640197428372,-2174.087781929995,-6636.221624400064,52889.84484485502,-22511.471654784546,0.0011743774785314832,0.0011743774785314832,851.5149671044986
0.5997331554369579,4167.011578145429,181.11836998197802,-1012.99574564426,-2141.7265078646706,-6649.519300125156,44129.25480298241,-17354.960169038422,0.0009697105802780895,0.0009697105802780895,1031.2355256691376
0.600400266844563,4171.6724769050925,179.69876958739513,-1017.4351951560278,-2115.20952335363,-6659.37700821466,35368.664761109794,-12198.4486832923,0.0007660955941167646,0.0007660955941167646,1305.3201293409145
0.601067378252168,4176.333782070999,178.29490957955952,-1021.8800734364885,-2094.5368283968783,-6665.794748668575,26608.07471923864,-7041.9371975470385,0.0005631999915603845,0.0005631999915603845,1775.5682084252717
0.6017344896597732,4180.994525344461,176.90289116623984,-1026.3280856439922,-2079.7084229944076,-6668.772521486904,17847.484677366025,-1885.4257118009118,0.00036066241328714684,0.00036066241328714684,2772.6759516906877
0.6024016010673782,4185.653703718739,175.5188155552054,-1030.7769369368855,-2070.7243071462226,-6668.3103266696435,9086.894635494871,3271.0857739443545,0.00015809953697542122,0.00015809953697542122,6325.129213727324
0.6030687124749833,4190.310291984731,174.13878395422483,-1035.2243324735186,-2067.5844808523207,-6664.408164216797,326.3045936222552,8427.59725969048,4.4887392630043216e-05,4.4887392630043216e-05,22277.97030319596
0.6037358238825884,4194.9632552095845,172.7588975710673,-1039.6679774122397,-2070.288944112704,-6657.066034128362,-8434.285448250354,13584.1087454366,0.0002487062129502607,0.0002487062129502607,4020.8082787219805
0.6044029352901934,4199.611561228672,171.37525761350207,-1044.1055769113962,-2078.8376969273704,-6646.283936404342,-17194.87549012151,18740.62023118187,0.00045376750325314705,0.00045376750325314705,2203.771739560031
0.6050700466977985,4204.254263919493,169.98417961562822,-1048.5349775795657,-2091.749987179442,-6633.039131859414,-19135.252554996026,19395.95504175982,0.0004978584639582993,0.0004978584639582993,2008.602991399098
0.6057371581054035,4208.891306050463,168.58461877518442,-1052.955768139894,-2103.9424524839355,-6620.68651751452,-17417.75842787967,17637.182764232555,0.00045464744351131033,0.00045464744351131033,2199.5064841382373
0.6064042695130086,4213.523214895409,167.17730637680708,-1057.368709490203,-2114.9891578637375,-6609.507200219344,-15700.264300763032,15878.410486705,0.0004109862391881264,0.0004109862391881264,2433.171490061146
0.6070713809206137,4218.150522607347,165.76300677001242,-1061.7745843503385,-2124.8901033188445,-6599.501179973884,-13982.770173646388,14119.638209177443,0.00036691936647396137,0.00036691936647396137,2725.394436412136
0.6077384923282187,4222.773755873477,164.34248430431688,-1066.1741754401455,-2133.6452888492563,-6590.668456778146,-12265.276046530033,12360.865931650182,0.0003224914788288496,0.0003224914788288496,3100.8571253776067
0.6084056037358239,4227.393436491768,162.91650332923618,-1070.5682654794728,-2141.254714454974,-6583.009030632122,-10547.78191941339,10602.093654122624,0.0002777473369393007,0.0002777473369393007,3600.394556504934
0.6090727151434289,4232.010081955611,161.48582819428688,-1074.9576371881644,-2147.7183801359984,-6576.522901535821,-8830.287792297035,8843.321376595362,0.00023273178285753568,0.00023273178285753568,4296.7917304708635
0.609739826551034,4236.624206045608,160.05122324898468,-1079.3430732860693,-2153.036285892328,-6571.210069489234,-7112.793665180393,7084.549099067808,0.00018748971853924042,0.00018748971853924042,5333.625799809957
0.6104069379586391,4241.236319427431,158.61345284284593,-1083.7253564930318,-2157.2084317239646,-6567.070534492367,-5395.299538063749,5325.776821540254,0.00014206608824637068,0.00014206608824637068,7038.977509296958
0.6110740493662441,4245.846930254801,157.173281325387,-1088.1052695288986,-2160.2348176309065,-6564.104296545218,-3677.805410947394,3567.0045440129907,9.650586424269904e-05,9.650586424269904e-05,10362.064604541925
0.6117411607738492,4250.456544776545,155.73147304612357,-1092.483595113517,-2162.115443613154,-6562.311355647787,-1960.3112838307552,1808.2322664854382,5.085403517797298e-05,5.085403517797298e-05,19664.122945215997
0.6124082721814542,4255.065667946748,154.2887923545722,-1096.8611159667316,-2162.8503096707072,-6561.691711800074,-242.81715671439815,49.4599889581732,5.155596530871107e-06,5.155596530871107e-06,193963.9756548282
0.6130753835890593,4259.674804036986,152.84600360024865,-1101.2386148083908,-2162.4394158035666,-6562.245365002079,1474.6769704022445,-1709.3122885693792,4.054445753863816e-05,4.054445753863816e-05,24664.283621183426
0.6137424949966644,4264.284457249622,151.40387113266925,-1105.6168743583403,-2160.8827620117313,-6563.972315253803,3192.1710975188853,-3468.084566096937,8.620114158946542e-05,8.620114158946542e-05,11600.77443942122
0.6144096064042694,4268.895132331186,149.9631593013504,-1109.9966773364256,-2158.1803482952027,-6566.872562555243,4909.665224635242,-5226.8568436241985,0.00013176948622104816,0.00013176948622104816,7589.010389874809
0.6150767178118746,4273.5073351848,148.52463245580773,-1114.3788064624944,-2154.332174653979,-6570.946106906404,6627.159351751885,-6985.629121151755,0.00017720454598543233,0.00017720454598543233,5643.196084158068
0.6157438292194796,4278.121573480667,147.08905494555788,-1118.7640444563917,-2149.338241088062,-6576.19294830728,8344.653478868242,-8744.401398679016,0.00022246140855268305,0.00022246140855268305,4495.161684473382
0.6164109406270847,4282.738357263611,145.6571911201165,-1123.1531740379655,-2143.1985475974507,-6582.613086757877,10062.147605984883,-10503.17367620657,0.00026749520578039666,0.00026749520578039666,3738.384757523325
0.6170780520346898,4287.358199556646,144.229805329,-1127.546977927061,-2135.9130941821445,-6590.206522258191,11779.641733101524,-12261.945953734126,0.0003122611273189559,0.0003122611273189559,3202.447927431455
0.6177451634422948,4291.981616959604,142.8076619217247,-1131.9462388435245,-2127.4818808421455,-6598.973254808223,13497.135860217884,-14020.718231261391,0.00035671443735953596,0.00035671443735953596,2803.3628450874567
0.6184122748498999,4296.609130241799,141.39152524780633,-1136.351739507203,-2117.9049075774506,-6608.913284407972,15214.629987334523,-15779.490508788946,0.0004008104951002318,0.0004008104951002318,2494.9446489666575
0.6190793862575049,4301.241264927721,139.98215965676144,-1140.764262637942,-2107.1821743880637,-6620.026611057439,16932.12411445088,-17538.262786316205,0.0004445047794679961,0.0004445047794679961,2249.6945954031053
0.61974649766511,4305.878551874796,138.58032949810575,-1145.1845909555893,-2095.3136812739813,-6632.313234756626,18649.61824156752,-19297.03506384376,0.00048775291859036956,0.00048775291859036956,2050.2183828854377
0.6204136090727151,4310.521527842178,137.1867991213556,-1149.6135071799906,-2082.299428235204,-6645.7731555055325,20367.112368684164,-21055.807341371317,0.0005305107244604132,0.0005305107244604132,1884.9760313839238
0.6210807204803201,4315.170736049628,135.80233287602738,-1154.0517940309912,-2068.1394152717344,-6660.406373304151,22084.60649580052,-22814.579618898577,0.0005727342331823804,0.0005727342331823804,1746.010526459245
0.6217478318879253,4319.826726725474,134.42769511163678,-1158.5002342284392,-2052.833642383569,-6676.212888152495,23802.10062291716,-24573.35189642613,0.0006143797511231863,0.0006143797511231863,1627.657809639457
0.6224149432955303,4324.490057642684,133.06365017770042,-1162.9596104921798,-2036.3821095707117,-6693.192700050551,25519.594750033517,-26332.124173953398,0.0006554039072268038,0.0006554039072268038,1525.776683619843
0.6230820547031354,4329.161294642109,131.71096242373386,-1167.43070554206,-2018.7848168331575,-6711.345808998329,27237.08887715016,-28090.896451480952,0.0006957637116755606,0.0006957637116755606,1437.2695546190068
0.6237491661107405,4333.84082551736,130.3698932688139,-1171.9139568995179,-2003.154707841274,-6728.53557120636,16109.309875163133,-21033.00644354897,0.0004350348172375214,0.0004350348172375214,2298.6665902973405
0.6244162775183455,4338.527269396447,129.0359665459614,-1176.4065503298084,-1997.7324091789283,-6739.1058343390505,146.74151455159517,-10656.642428260368,6.415061404500003e-05,6.415061404500003e-05,15588.315324597288
0.6250833889259506,4343.21824133327,127.70210512860457,-1180.9038863669916,-2002.9589219646225,-6742.753906667682,-15815.826846062591,-280.27841297003397,0.0003048158321938122,0.0003048158321938122,3280.6694875486855
0.6257505003335556,4347.91133906835,126.36120507314939,-1185.4013471386143,-2018.8342461983557,-6739.479788192249,-31778.395206674133,10096.08560231857,0.0006735667368909298,0.0006735667368909298,1484.633882925738
0.6264176117411607,4352.6041952034975,125.00616243600105,-1189.8943147722282,-2045.3583818801324,-6729.283478912752,-47740.963567288316,20472.4496176089,0.0010437566277154424,0.0010437566277154424,958.0777486307165
0.6270847231487658,4357.2945195073835,123.62987327356531,-1194.3781713953801,-2082.531329009952,-6712.1649788291925,-63703.53192790251,30848.81363289924,0.0014169587026074428,0.0014169587026074428,705.7368702135295
0.6277518345563708,4361.980141612069,122.22523364224796,-1198.848299135619,-2130.3530875878046,-6688.124287941574,-79666.10028851405,41225.17764818784,0.0017946277741221627,0.0017946277741221627,557.2186134749571
0.628418945963976,4366.65905439094,120.78513959845421,-1203.300080120496,-2188.823657613707,-6657.161406249888,-95628.66864912823,51601.541663478165,0.0021780576596114798,0.0021780576596114798,459.1246680670425
0.629086057371581,4371.329458277478,119.30248719858996,-1207.7288964775566,-2257.943039087638,-6619.2763337541455,-111591.23700973978,61977.90567876677,0.0025683310496844194,0.0025683310496844194,389.3579062258636
0.6297531687791861,4375.989806740909,117.77017249906044,-1212.130130334354,-2337.711232009623,-6574.469070454335,-127553.80537035396,72354.26969405712,0.00296626016668351,0.00296626016668351,337.1248453631332
0.6304202801867912,4380.638853076208,116.18109155627141,-1216.4991638184342,-2428.1282363796495,-6522.739616350462,-143516.37373096816,82730.63370934743,0.003372316981636811,0.003372316981636811,296.53202989080614
0.6310873915943962,4385.275698589405,114.5281404266287,-1220.8313790573468,-2529.194052197701,-6464.087971442535,-159478.94209157972,93106.99772463605,0.0037865524811345674,0.0037865524811345674,264.0924706529802
0.6317545030020013,4389.899842160935,112.80421516653735,-1225.1221581786415,-2640.90867946381,-6398.514135730535,-175441.5104521939,103483.36173992637,0.004208505565951959,0.004208505565951959,237.61403765039364
0.6324216144096063,4394.511231046713,111.0022118324035,-1229.3668833098654,-2763.2721181779407,-6326.018109214484,-191404.07881280547,113859.725755215,0.004637103721757519,0.004637103721757519,215.65185081108942
0.6330887258172114,4399.110312625971,109.11502648063218,-1233.5609365785704,-2896.2843683401325,-6246.599891894359,-207366.64717341962,124236.08977050534,0.0050705597056834705,0.0050705597056834705,197.21688690089255
0.6337558372248165,4403.698086625109,107.13555516762924,-1237.6997001123038,-3039.945429950367,-6160.259483770171,-223329.21553403384,134612.45378579566,0.0055062711558175916,0.0055062711558175916,181.61110699088272
0.6344229486324215,4408.276157139047,105.05669394980056,-1241.7785560386146,-3194.2553030086165,-6066.996884841934,-239291.78389464537,144988.81780108428,0.005940733153793553,0.005940733153793553,168.32939203159353
0.6350900600400267,4412.846783540185,102.87133888355106,-1245.792886485052,-3359.2139875149333,-5966.812095109619,-255254.35225525955,155365.18181637462,0.006369477074603745,0.006369477074603745,156.99875959789236
0.6357571714476317,4417.412929119563,100.57238602528706,-1249.7380735791642,-3534.8214834692626,-5859.70511457326,-271216.92061587103,165741.5458316632,0.006787052023632637,0.006787052023632637,147.33937452048136
0.6364242828552368,4421.978306060784,98.15273143141333,-1253.6094994485018,-3721.0777908716614,-5745.675943232819,-287179.48897648527,176117.90984695355,0.007187066998988675,0.007187066998988675,139.13881700848407
0.6370913942628419,4426.547415126929,95.60527115833587,-1257.402546220613,-3917.982909722103,-5624.724581088316,-303142.0573370995,186494.2738622439,0.0075623116063000635,0.0075623116063000635,132.23469913179892
0.6377585056704469,4431.125578273304,92.92290126246064,-1261.1125960230459,-4125.536840020552,-5496.851028139772,-319104.625697711,196870.63787753248,0.007904969595297514,0.007904969595297514,126.50270035129259
0.638425617078052,4435.718962318165,90.09851780019244,-1264.7350309833512,-4343.739581767076,-5362.055284387143,-335067.1940583252,207247.00189282282,0.008206931807605377,0.008206931807605377,121.84821604991262
0.639092728485657,4440.333982036039,87.12527944223694,-1268.2646571198065,-4570.520482088148,-5215.794861783941,-340145.3504782048,241501.00941280433,0.00862857473224047,0.00862857473224047,115.893995362122
0.6397598398932621,4444.967764640613,84.0007758805862,-1271.6865599120667,-4796.394130792315,-5037.261172389635,-337023.84833683784,293742.9913912908,0.009231929308274588,0.009231929308274588,108.31972024565862
0.6404269513008672,4449.6104079704755,80.72628402416527,-1274.9777360195628,-5020.185389809109,-4823.87626086158,-333902.3461954708,345984.9733697772,0.009919691408906733,0.009919691408906733,100.80958759484352
0.6410940627084722,4454.253636823767,77.30319305889024,-1278.1149357944407,-5241.894259138499,-4575.640127199819,-330780.84405410424,398226.955348255,0.010689742130596673,0.010689742130596673,93.54762610575553
0.6417611741160774,4458.89136183674,73.73289217067554,-1281.074909588846,-5461.520738780556,-4292.552771404272,-327659.3419127372,450468.93732674146,0.011535650744283008,0.011535650744283008,86.68778399827971
0.6424282855236824,4463.520010674375,70.01677054543786,-1283.8344077549234,-5679.064828735207,-3974.6141934750303,-324537.83977137064,502710.9193052192,0.012444480096797928,0.012444480096797928,80.35691264091528
0.6430953969312875,4468.138886617344,66.15621736909152,-1286.3701806448203,-5894.526529002524,-3621.8243934119896,-321416.3376300036,554952.9012837056,0.01339436703538919,0.01339436703538919,74.65824979694113
0.6437625083388926,4472.750542869577,62.15262182755259,-1288.6589786106808,-6107.90583958247,-3234.1833712152,-318294.83548863657,607194.883262192,0.01435227970181773,0.01435227970181773,69.67534222966329
0.6444296197464976,4477.361152970666,58.00737310673733,-1290.6775520046504,-6319.202760475013,-2811.691126884735,-315173.33334727003,659436.8652406698,0.015272679741007636,0.015272679741007636,65.47639425155809
0.6450967311541027,4481.980848456766,53.7218603925599,-1292.402651178876,-6528.417291680222,-2354.347660420453,-312051.831205903,711678.8472191563,0.0160981236338278,0.0160981236338278,62.119040873723286
0.6457638425617077,4486.623985967739,49.2974728709372,-1293.811026485502,-6735.549433198026,-1862.1529718225065,-308930.3290645365,763920.829197634,0.01676290719146967,0.01676290719146967,59.65552326799741
0.6464309539693128,4491.306984871342,44.73845948580951,-1294.881482316155,-6923.492850621773,-1347.3937951123114,-237591.70874851526,767165.4300421925,0.016048660257241568,0.016048660257241568,62.31049719859166
0.6470980653769179,4496.02827102969,40.073811772931776,-1295.61059458717,-7050.684993936961,-839.922697481993,-143730.33691039786,754232.9206534,0.015191896123921557,0.015191896123921557,65.8245680356762
0.647765176784523,4500.773224679911,35.34519865153458,-1296.0040448265918,-7115.261145365474,-341.079024393981,-49868.965072296065,741300.4112646097,0.014639140634390608,0.014639140634390608,68.31002071602323
0.6484322881921281,4505.524456307418,30.594391964102456,-1296.0675884877496,-7117.221304907326,149.13722415189113,43992.40676582136,728367.9018758171,0.014387759993042893,0.014387759993042893,69.50352247212516
0.6490993995997331,4510.2628567260235,25.86316355312307,-1295.8069810239747,-7056.565472562521,630.72604815546,137853.77860392316,715435.3924870269,0.014441619603547094,0.014441619603547094,69.24431105735425
0.6497665110073382,4514.968492484692,21.19328526108095,-1295.2279778885968,-6933.293648331036,1103.687447616886,231715.15044204053,702502.8830982344,0.01481465727545699,0.01481465727545699,67.50071779633207
0.6504336224149433,4519.62147983291,16.62652892931606,-1294.3363345355892,-6747.406931018438,1568.0208066214848,324874.7275525888,689176.995992723,0.015521687679854148,0.015521687679854148,64.42598386372097
0.6511007338225483,4524.212106523851,12.193419975264188,-1293.1441103884242,-6549.24092273286,1995.5114586162804,269226.96528762986,592439.9786878015,0.0137641063871181,0.0137641063871181,72.65273689949863
0.6517678452301534,4528.764478219153,7.8801271518174945,-1291.6882281571336,-6388.198171461904,2358.467742829335,213579.20302266174,495702.9613828639,0.01162341384766839,0.01162341384766839,86.03324402843973
0.6524349566377584,4533.30366099656,3.661885110735499,-1290.0117394546473,-6264.278677205624,2656.8896592605274,157931.4407577029,398965.9440779424,0.009264784563651773,0.009264784563651773,107.93559128436374
0.6531020680453635,4537.8471202005585,-0.48607149622513657,-1288.1576958938954,-6177.482439963979,2890.777207909959,102283.67849273478,302228.9267730048,0.006816556147688364,0.006816556147688364,146.7016449852204
0.6537691794529686,4542.406100767472,-4.588508017305637,-1286.1691490878077,-6127.809459736991,3060.1303887775725,46635.91622776662,205491.9094680672,0.004362802755507351,0.004362802755507351,229.21045393071176
0.6544362908605736,4546.98720540341,-8.670189800747261,-1284.089150649314,-6115.259736524659,3164.9492018633573,-9011.846037192241,108754.89216314568,0.0019497412367081247,0.0019497412367081247,512.8885726848375
0.6551034022681788,4551.594044052056,-12.755882194793294,-1281.9607521913438,-6139.83327032698,3205.233647167347,-64659.608302160355,12017.874858208059,0.00040168582797010815,0.00040168582797010815,2489.5077953171303
0.6557705136757838,4556.22888229182,-16.870350547684303,-1279.8270053268275,-6201.530061143944,3180.983724689528,-120307.37056711924,-84719.14244671345,0.0026820789119406333,0.0026820789119406333,372.8451074082844
0.6564376250833889,4560.894255111058,-21.038360207663594,-1277.730961668694,-6300.350108975575,3092.1994344298946,-175955.13283208737,-181456.15975165105,0.00488099958326506,0.00488099958326506,204.87606748187167
0.657104736490994,4565.592723995965,-25.282304132961674,-1275.7148887976477,-6421.6250824635,2943.728396062391,-171140.67658469878,-258211.50137512793,0.006132732303548334,0.006132732303548334,163.05945710713812
0.657771847898599,4570.3125561461675,-29.60228709096167,-1273.8136884482165,-6526.628248373477,2748.3690983413267,-143658.8148134447,-327475.6731926829,0.00712977618198888,0.00712977618198888,140.25685722452033
0.6584389593062041,4575.03488277157,-33.9862036274581,-1272.0582270963162,-6613.29795079364,2506.8028814624136,-116176.95304218604,-396739.8450102494,0.008239953380496738,0.008239953380496738,121.35990991974714
0.6591060707138091,4579.743134893288,-38.42182327981453,-1270.4793299048283,-6681.634189723959,2219.029745425733,-88695.09127093195,-466004.0168278044,0.009486046917817735,0.009486046917817735,105.4179900925527
0.6597731821214142,4584.423678128427,-42.89691558539746,-1269.1078220366328,-6731.636965164458,1885.0496902311897,-61213.22949967328,-535268.1886453709,0.01088530081660734,0.01088530081660734,91.8670064197338
0.6604402935290193,4589.066454216628,-47.39925008157116,-1267.9745286546104,-6763.306277115123,1504.8627158788272,-33731.367728414625,-604532.3604629374,0.012444614065852457,0.012444614065852457,80.35604758077325
0.6611074049366243,4593.665731488504,-51.91659630569993,-1267.1102749216413,-6776.642125575953,1078.4688223687194,-6249.505957160538,-673796.5322804924,0.014152936976506509,0.014152936976506509,70.6567125720953
0.6617745163442295,4598.220957868726,-56.43672379515027,-1266.5458860006065,-6771.644510546956,605.8680097007259,21232.35581409812,-743060.7040980589,0.015970928332294042,0.015970928332294042,62.613767915916846
0.6624416277518345,4602.738882767223,-60.948269764538786,-1266.3058894286526,-6752.408375078031,116.78148888679594,35830.34974741459,-718813.4033522811,0.015744518483097457,0.015744518483097457,63.51416850718877
0.6631087391594396,4607.235192990114,-65.44386998498561,-1266.385791108181,-6723.848858719556,-353.11651995611135,49791.08029528475,-689940.8271586611,0.015255435117047226,0.015255435117047226,65.55040825302632
0.6637758505670447,4611.725338703204,-69.91731130105491,-1266.7727424183768,-6685.975979754097,-803.7533038533068,63751.81084315491,-661068.250965041,0.014641163487581734,0.014641163487581734,68.30058286338888
0.6644429619746497,4616.222294236816,-74.3623806623076,-1267.453893976354,-6638.78973818166,-1235.12886280472,77712.54139102274,-632195.6747714257,0.013942054949540641,0.013942054949540641,71.72543815235413
0.6651100733822548,4620.7365807993365,-78.7728650183069,-1268.4163963992269,-6582.290134002232,-1647.2431968104952,91673.2719388929,-603323.0985778056,0.01319570591166114,0.01319570591166114,75.78222845329502
0.6657771847898598,4625.276352707365,-83.1425513186131,-1269.64740030411,-6516.47716721583,-2040.0963058704942,105634.00248676073,-574450.5223841905,0.01243441786639009,0.01243441786639009,80.42193938993913
0.6664442961974649,4629.847530554331,-87.46522651278931,-1271.1340563081167,-6441.350837822432,-2413.688189984849,119594.73303463089,-545577.9461905704,0.011684046235488944,0.011684046235488944,85.58678901514573
0.66711140760507,4634.4539651438545,-91.73467755039653,-1272.8635150283624,-6356.911145822049,-2768.018849153492,133555.46358250105,-516705.3699969504,0.01096393912824297,0.01096393912824297,91.2080948556174
0.667778519012675,4639.097618021668,-95.94469138099583,-1274.8229270819606,-6263.158091214697,-3103.088283376369,147516.19413036888,-487832.79380333505,0.010287580312841634,0.010287580312841634,97.20458743361976
0.6684456304202802,4643.778747302347,-100.08905495415026,-1276.9994430860256,-6160.091674000345,-3418.896492653591,161476.92467823904,-458960.217609715,0.00966358642360595,0.00966358642360595,103.48124973117918
0.6691127418278852,4648.496090508585,-104.16155521942024,-1279.3802136576724,-6047.711894179027,-3715.4434769850545,175437.65522610687,-430087.6414160998,0.0090968000790458,0.0090968000790458,109.92876520431281
0.6697798532354903,4653.247038884428,-108.15597912636876,-1281.9523894140145,-5926.018751750706,-3992.7292363708566,189398.38577397703,-401215.06522247975,0.008589319283155867,0.008589319283155867,116.42366141413042
0.6704469646430954,4658.027799901141,-112.06611362455689,-1284.7031209721665,-5795.012246715398,-4250.753770810947,203359.11632184722,-372342.48902885977,0.008141384033317522,0.008141384033317522,122.82923835893678
0.6711140760507004,4662.8335463975145,-115.88574566354575,-1287.6195589492422,-5654.69237907313,-4489.517080305288,217319.846869715,-343469.91283524444,0.007752096274172891,0.007752096274172891,128.99736595527446
0.6717811874583055,4667.658552030885,-119.60866219289828,-1290.688853962357,-5505.059148823854,-4709.019164853958,231280.57741758518,-314597.3366416244,0.007419981830222641,0.007419981830222641,134.77121950984542
0.6724482988659105,4672.49631354851,-123.22865016217499,-1293.8981566286234,-5346.112555967618,-4909.260024456884,245241.30796545304,-285724.7604480092,0.007143418846944893,0.007143418846944893,139.98899146557554
0.6731154102735156,4677.339660917413,-126.73949652093877,-1297.2346175651574,-5177.852600504374,-5090.239659114133,259202.03851332318,-256852.18425438914,0.006920962715486295,0.006920962715486295,144.48856916428798
0.6737825216811207,4682.180856663048,-130.13498821875075,-1300.6853873890727,-5000.279282434143,-5251.958068825671,273162.76906119334,-227979.6080607691,0.0067515972317025484,0.0067515972317025484,148.11310060150467
0.6744496330887257,4687.011685936629,-133.40891220517216,-1304.2376167174832,-4813.392601756959,-5394.415253591476,287123.4996090612,-199107.03186715386,0.006634939065987965,0.006634939065987965,150.71728467352497
0.6751167444963309,4691.823538915522,-136.55505542976567,-1307.8784561675034,-4617.192558472759,-5517.611213411592,301084.2301569313,-170234.45567353378,0.006571419442300368,0.006571419442300368,152.1741244460791
0.6757838559039359,4696.6074871850105,-139.5672048420921,-1311.5950563562474,-4411.679152581609,-5621.545948285982,315044.9607047991,-141361.87947991857,0.006562464314287614,0.006562464314287614,152.3817810060815
0.676450967311541,4701.354996880401,-142.43981039151217,-1315.3748692703034,-4201.796072427352,-5708.466633489624,304430.46562568797,-123660.08015638987,0.006338948087123882,0.006338948087123882,157.75488081867564
0.6771180787191461,4706.0666398389785,-145.17712190973546,-1319.2098014758735,-4007.642270815095,-5787.509336398474,277642.6316078207,-113309.94316432899,0.005907724033796073,0.005907724033796073,169.26992430237792
0.6777851901267511,4710.749342819515,-147.790872009157,-1323.0951608700218,-3831.3589388612177,-5859.6473448496345,250854.797589958,-102959.80617226985,0.0054331005583442985,0.0054331005583442985,184.05696512724649
0.6784523015343562,4715.409250010147,-150.29298228394606,-1327.026341252311,-3672.94607656566,-5924.880658843127,224066.96357209084,-92609.66918020898,0.00492310707599321,0.00492310707599321,203.12375590536092
0.6791194129419612,4720.051599729975,-152.6953743282702,-1330.9987364223014,-3532.4036839284768,-5983.209278378932,197279.12955422813,-82259.53218814984,0.0043851846770183184,0.0043851846770183184,228.04056696648504
0.6797865243495663,4724.68079653164,-155.00996973629847,-1335.0077401795552,-3409.7317609496195,-6034.633203457067,170491.2955363609,-71909.39519608895,0.0038259419902190637,0.0038259419902190637,261.3735395247701
0.6804536357571714,4729.300493440873,-157.2486901021989,-1339.0487463236327,-3304.9303076291135,-6079.152434077523,143703.46151849377,-61559.25820402809,0.003251027227245893,0.003251027227245893,307.59508613748204
0.6811207471647764,4733.91368199868,-159.42345702013944,-1343.117148654095,-3217.999323966973,-6116.766970240293,116915.62750063103,-51209.12121196894,0.00266510070299162,0.00266510070299162,375.2203430352494
0.6817878585723816,4738.522788064113,-161.54619208428912,-1347.2083409705044,-3148.938809963167,-6147.476811945389,90127.79348276385,-40858.984219908074,0.002071887452478505,0.002071887452478505,482.651699446196
0.6824549699799866,4743.129771678522,-163.62881688881566,-1351.3177170724214,-3097.7487656177204,-6171.281959192804,63339.95946490113,-30508.84722784892,0.0014742891180325218,0.0014742891180325218,678.2930076391846
0.6831220813875917,4747.736215633837,-165.68312048810336,-1355.4407211514165,-3063.12314056502,-6188.678976100133,45132.02750964136,-23420.813757172116,0.0010661761229428066,0.0010661761229428066,937.9313403116264
0.6837891927951968,4752.343064536273,-167.71711458491777,-1359.5742335590437,-3035.6792174436296,-6203.235198881885,37144.85400828229,-20218.74214251598,0.000885856521207498,0.000885856521207498,1128.8509776243613
0.6844563042028018,4756.950726767338,-169.73457782393146,-1363.716744067758,-3013.56362887952,-6215.655283161529,29157.680506924546,-17016.670527860384,0.000705432772456923,0.000705432772456923,1417.5695247573215
0.6851234156104069,4761.559540242148,-171.73906479791177,-1367.866827635198,-2996.7763748726843,-6225.939228939069,21170.50700556547,-13814.598913204245,0.0005250460801009288,0.0005250460801009288,1904.5947353949803
0.6857905270180119,4766.169805585519,-173.73413009962482,-1372.0230592189994,-2985.317455423128,-6234.087036214503,13183.333504207723,-10612.527298548646,0.0003448155317304978,0.0003448155317304978,2900.101381690613
0.686457638425617,4770.781795654821,-175.7233283218379,-1376.1840137768002,-2979.1868705308475,-6240.098704987834,5196.160002848654,-7410.455683892515,0.00016484358072816504,0.00016484358072816504,6066.356940213814
0.6871247498332221,4775.395765065386,-177.71021405731742,-1380.348266266237,-2978.384620195845,-6243.974235259057,-2791.013498510416,-4208.384069236381,1.4778435295866579e-05,1.4778435295866579e-05,67666.16221405339
0.6877918612408271,4780.011959708738,-179.69834189882963,-1384.5143916449456,-2982.9107044181183,-6245.713627028174,-10778.186999868165,-1006.3124545807786,0.00019396478188143053,0.00019396478188143053,5155.575101315525
0.6884589726484323,4784.630626255245,-181.69126643914208,-1388.6809648705653,-2992.7651231976706,-6245.316880295187,-18765.360501227235,2195.7591600753512,0.00037262985625393,0.00037262985625393,2683.628225749432
0.6891260840560373,4789.2520216334615,-183.69254227102067,-1392.8465609007317,-3007.947876534498,-6242.7839950600965,-26752.534002584987,5397.830774730957,0.0005506827885346383,0.0005506827885346383,1815.927464631663
0.6897931954636424,4793.876422478454,-185.70572398723283,-1397.0097546930826,-3028.458964428605,-6238.1149713229,-34739.707503944046,8599.902389387085,0.0007280221467503365,0.0007280221467503365,1373.5845873146684
0.6904603068712475,4798.5041345407,-187.73436618054487,-1401.1691212052542,-3054.29838687999,-6231.309809083595,-42726.88100530312,11801.97400404322,0.0009045307796945703,0.0009045307796945703,1105.5455739578774
0.6911274182788525,4803.135502045868,-189.78202344372312,-1405.3232353948833,-3085.4661438886474,-6222.368508342186,-50714.054506660876,15004.045618698821,0.0010800708377607666,0.0010800708377607666,925.8651979468572
0.6917945296864576,4807.7709169937925,-191.85225036953506,-1409.4706722196083,-3121.9622354545872,-6211.291069098673,-58701.22800801994,18206.117233354955,0.0012544790208013604,0.0012544790208013604,797.1436615665367
0.6924616410940626,4812.410828382441,-193.94860155074656,-1413.6100066370645,-3163.7866615777975,-6198.077491353056,-66688.40150937768,21408.188848010555,0.001427562113502338,0.001427562113502338,700.494914050801
0.6931287525016677,4817.055751339533,-196.07463158012516,-1417.7398136048907,-3210.9394222582932,-6182.727775105331,-74675.57501073676,24610.260462666694,0.0015990928822070115,0.0015990928822070115,625.3545438960589
0.6937958639092728,4821.7062761408115,-198.23389505043707,-1421.858668080723,-3263.4205174960657,-6165.241920355499,-82662.74851209583,27812.33207732282,0.0017688064219280658,0.0017688064219280658,565.352990357171
0.6944629753168778,4826.363077089868,-200.42994655444878,-1425.965145022198,-3321.2299472911063,-6145.619927103566,-90649.92201345357,31014.40369197842,0.001936397057632353,0.001936397057632353,516.4230115195007
0.695130086724483,4831.026921229927,-202.66634068492758,-1430.0578193869535,-3384.3677116434337,-6123.861795349524,-98637.09551481264,34216.47530663455,0.0021015159187303687,0.0021015159187303687,475.84697840602144
0.695797198132088,4835.698676853177,-204.94663203463944,-1434.135266132626,-3452.8338105530274,-6099.9675250933815,-106624.26901617038,37418.54692129016,0.002263769318802581,0.002263769318802581,441.74112251373265
0.6964643095396931,4840.379321768292,-207.27437519635188,-1438.196060216853,-3526.628244019911,-6073.937116335129,-114611.44251752946,40620.61853594629,0.0024227180824784927,0.0024227180824784927,412.7595394743488
0.6971314209472982,4845.069951281751,-209.65312476283117,-1442.2387765972712,-3605.751012044071,-6045.77056907477,-122598.61601888853,43822.69015060242,0.002577877966391696,0.002577877966391696,387.9159576353875
0.6977985323549032,4849.771616925007,-212.08657934787527,-1446.261705704713,-3691.8099478304625,-6012.29146082523,-142552.22518734162,70665.55685877247,0.003183300315968825,0.003183300315968825,314.1393838914799
0.6984656437625083,4854.479200856888,-214.58394430950608,-1450.2522588899403,-3799.4812289912406,-5944.505651866314,-180246.27573264873,132556.29840004118,0.0044855973098526765,0.0044855973098526765,222.9357498952227
0.6991327551701133,4859.180380990534,-217.1615256465332,-1454.183819534264,-3932.2986412696123,-5835.431823200102,-217940.3262779495,194447.03994129956,0.005844599262743654,0.005844599262743654,171.098129237789
0.6997998665777184,4863.864135172534,-219.83609862988308,-1458.0288439287426,-4090.262184665623,-5685.069974826554,-255634.37682325658,256337.78148256824,0.00728263380378057,0.00728263380378057,137.31295942422352
0.7004669779853235,4868.521901352094,-222.62443853048094,-1461.7597883644296,-4273.37185917925,-5493.420106745686,-293328.42736856366,318228.5230238369,0.00881346278392042,0.00881346278392042,113.46278126055448
0.7011340893929285,4873.148249396005,-225.54332061925206,-1465.3491091323815,-4481.6276648104595,-5260.482218957538,-331022.4779138644,380119.2645650953,0.010437846690495457,0.010437846690495457,95.80520098178724
0.7018012008005337,4877.741617320219,-228.6095201671231,-1468.769262523655,-4715.029601559319,-4986.256311462038,-368716.52845917153,442010.00610636396,0.01213731734481853,0.01213731734481853,82.3905292734975
0.7024683122081387,4882.305099378745,-231.8398124450188,-1471.992704829305,-4973.577669425753,-4670.742384259272,-406410.57900447235,503900.7476476224,0.013866847274674922,0.013866847274674922,72.1144453524273
0.7031354236157438,4886.847250870562,-235.25097272386574,-1474.9918923403877,-5257.2718684098445,-4313.940437349136,-444104.6295497794,565791.489188891,0.015548464631776114,0.015548464631776114,64.31503197790464
0.7038025350233489,4891.382844484042,-238.85977627458934,-1477.7392813479596,-5566.112198511555,-3915.8504707316815,-481798.68009508646,627682.2307301598,0.01706967593908827,0.01706967593908827,58.5834203044286
0.7044696464309539,4895.933479841802,-242.68299836811448,-1480.207328143075,-5900.0986597308265,-3476.4724844069833,-519492.7306403873,689572.9722714182,0.018291811552066575,0.018291811552066575,54.66927084578574
0.705136757838559,4900.523291204317,-246.73099857472783,-1482.370673393082,-6226.430647568695,-3006.974216213155,-445390.24579819763,713399.9519552317,0.017487844063523363,0.017487844063523363,57.18257758746992
0.705803869246164,4905.153346316826,-250.97719774687758,-1484.2165344212501,-6493.733925118055,-2524.8472343144153,-355984.980294861,732016.7397773319,0.016712127481891943,0.016712127481891943,59.836786254983274
0.7064709806537691,4909.812894656232,-255.3818236310299,-1485.736620454313,-6701.393930150212,-2030.3007808865086,-266579.71479150944,750633.5275994353,0.016228217551477984,0.016228217551477984,61.62106200683297
0.7071380920613742,4914.48906547896,-259.90508751970094,-1486.9226463211367,-6849.410662665121,-1523.3348559295123,-177174.44928815792,769250.3154215387,0.016032663174182272,0.016032663174182272,62.372669414668465
0.7078052034689792,4919.167873298247,-264.5072007054068,-1487.766326850588,-6937.784122662771,-1003.9494594435145,-87769.18378482129,787867.1032436389,0.01612338205635168,0.01612338205635168,62.02172698661928
0.7084723148765844,4923.835162911642,-269.1483744806658,-1488.259376871533,-6966.514310143189,-472.1445914283421,1636.081718530244,806483.8910657421,0.016501352398644198,0.016501352398644198,60.60109352504726
0.7091394262841894,4928.4775467734235,-273.78882013799324,-1488.3935112128388,-6935.60122510637,72.07974811582767,91041.34722186689,825100.6788878425,0.017169833768189445,0.017169833768189445,58.241682097860505
0.7098065376917945,4933.088064224615,-278.39369812442743,-1488.165542140835,-6869.395776152609,603.6430664951399,100572.12813462375,761449.8412962105,0.01613632978042698,0.01613632978042698,61.97196101017831
0.7104736490993996,4937.683282880543,-282.95382185452695,-1487.598703484805,-6801.63126893374,1087.8013654532847,102585.86450753071,690056.7389802118,0.01470314710589313,0.01470314710589313,68.01265013523482
0.7111407605070046,4942.281565461766,-287.4682910145978,-1486.7247636129857,-6732.523375208608,1524.3325114320394,104599.60088043739,618663.6366642251,0.013147600259496945,0.013147600259496945,76.05950745860767
0.7118078719146097,4946.894927886351,-291.93620941617803,-1485.5754951424406,-6662.0720949771885,1913.2365044315488,106613.33725334435,547270.5343482265,0.01156108814583425,0.01156108814583425,86.49704832155658
0.7124749833222147,4951.529636920996,-296.35668087080325,-1484.1826706902348,-6590.277428239506,2254.513344451683,108627.07362625099,475877.4320322396,0.010005644641385024,0.010005644641385024,99.94358543015133
0.7131420947298198,4956.186918562186,-300.7288091900117,-1482.5780628734321,-6517.139374995533,2548.163031492557,110640.80999915797,404484.329716241,0.008516121885074631,0.008516121885074631,117.4243409729259
0.7138092061374249,4960.863694447997,-305.0516981853395,-1480.7934443090967,-6442.657935245288,2794.1855655541085,112654.54637206493,333091.2274002423,0.007105561664099998,0.007105561664099998,140.734828191328
0.7144763175450299,4965.553295425584,-309.32445166832275,-1478.8605876142938,-6366.83310898878,2992.5809466363094,114668.28274497158,261698.12508425553,0.00577098661603462,0.00577098661603462,173.28059594203728
0.715143428952635,4970.246125735659,-313.5461734504998,-1476.8112654060865,-6289.664896225982,3143.349174739226,116682.01911787856,190305.0227682569,0.004498174706672635,0.004498174706672635,222.3123967409693
0.71581054036024,4974.930885956206,-317.71611135651534,-1474.6761784795203,-6212.198288618206,3254.2676326120013,113640.62508549134,156534.88479327803,0.003891582314311443,0.003891582314311443,256.9648845207415
0.7164776517678452,4979.603299483815,-321.8355081736387,-1472.4711800586456,-6138.436388047104,3355.129529781029,107497.55282665495,145849.08291944605,0.003668712042210936,0.003668712042210936,272.5752221745247
0.7171447631754503,4984.26484942554,-325.90706453460444,-1470.2012733075483,-6068.772601057616,3448.8628066206147,101354.48056781857,135163.28104561407,0.003439542423045419,0.003439542423045419,290.7363471663728
0.7178118745830553,4988.916889330617,-329.93351433773176,-1467.87121381017,-6003.206927649749,3535.4674631307457,95211.4083089832,124477.47917178384,0.0032052243333297774,0.0032052243333297774,311.99064277698795
0.7184789859906604,4993.560516594042,-333.9175914813422,-1465.4857571504535,-5941.739367823484,3614.94349931145,89068.3360501468,113791.67729795183,0.0029667488104066792,0.0029667488104066792,337.06931860635717
0.7191460973982654,4998.196589153697,-337.862029863754,-1463.0496589123409,-5884.36992157884,3687.2909151627014,82925.26379131142,103105.87542412162,0.0027249455886969973,0.0027249455886969973,366.9798047153579
0.7198132088058705,5002.825742849244,-341.76956338328876,-1460.5676746797735,-5831.0985889158,3752.5097106845237,76782.19153247504,92420.07355028964,0.0024804860638222865,0.0024804860638222865,403.1467923101561
0.7204803202134756,5007.448409285882,-345.6429259382657,-1458.0445600366952,-5781.925369834371,3810.599885876906,70639.11927363864,81734.27167645763,0.0022338897413393976,0.0022338897413393976,447.6496675258552
0.7211474316210806,5012.06483407204,-349.48485142700395,-1455.4850705670472,-5736.850264334562,3861.561440739837,64496.04701480329,71048.46980262743,0.0019855333123238728,0.0019855333123238728,503.6430231581447
0.7218145430286858,5016.675102700293,-353.298032917517,-1452.89388864656,-5695.346892977457,3906.33816676308,62876.9885303005,68474.16580309042,0.0019295531017781893,0.0019295531017781893,518.2547187110036
0.7224816544362908,5021.279589055818,-357.0829661640635,-1450.2717568959795,-5651.124001928719,3956.2102002701517,69703.23883383237,81042.19065112596,0.002235179984301332,0.002235179984301332,447.39126469610807
0.7231487658438959,5025.879358625145,-360.8368788463858,-1447.6135583209282,-5602.347241431318,4014.466506524422,76529.48913736535,93610.2154991636,0.0025402460305243347,0.0025402460305243347,393.66265628750494
0.723815877251501,5030.475721514891,-364.5567330262252,-1444.9136996774123,-5549.016611485262,4081.1070855258818,83355.73944089834,106178.24034720124,0.0028436395123612756,0.0028436395123612756,351.6620147008821
0.724482988659106,5035.070210459653,-368.23949076532347,-1442.1665877214389,-5491.132112090562,4156.131937274519,90181.9897444302,118746.2651952368,0.0031440311626236084,0.0031440311626236084,318.0630051915666
0.7251501000667111,5039.664606243089,-371.88211412542347,-1439.3666292090124,-5428.693743247198,4239.541061770359,97008.24004796319,131314.29004327444,0.003439860938292944,0.003439860938292944,290.70942632240747
0.7258172114743161,5044.260962269862,-375.4815651682663,-1436.5082308961403,-5361.701504955191,4331.334459013374,103834.49035149504,143882.31489130997,0.0037293324164181666,0.0037293324164181666,268.14450639947216
0.7264843228819212,5048.861627996792,-379.03480595559506,-1433.585799538826,-5290.1553972145175,4431.512129003593,110660.74065502803,156450.3397393476,0.004010416913948609,0.004010416913948609,249.350633975711
0.7271514342895263,5053.469270892154,-382.53879854915147,-1430.5937418930782,-5214.05542002519,4540.074071741003,117486.99095856103,169018.36458738527,0.004280869403985934,0.004280869403985934,233.5974087574118
0.7278185456971313,5058.086896557395,-385.9905050106767,-1427.526464714901,-5133.401573387222,4657.020287225583,124313.24126209288,181586.3894354208,0.004538258067736168,0.004538258067736168,220.3488618484036
0.7284856571047365,5062.717866618815,-389.3868874019141,-1424.3783747603004,-5048.193857300585,4782.350775457371,131139.49156562588,194154.41428345843,0.004780008819406079,0.004780008819406079,209.2046349245546
0.7291527685123415,5067.365913981704,-392.72490778460474,-1421.1438787852835,-4958.432271765309,4916.065536436329,137965.74186915773,206722.439131494,0.005003465335140882,0.005003465335140882,199.8614825962101
0.7298198799199466,5072.035155039822,-396.00152822049165,-1417.8173835458545,-4864.116816781365,5058.164570162498,144791.9921726907,219290.46397953163,0.005205964005884123,0.005205964005884123,192.0873826383998
0.7304869913275517,5076.728909958395,-399.2128579891989,-1414.3941253972118,-4760.498373035752,5204.0278623725735,169250.04923475243,214706.00363128464,0.0054237447272217874,0.0054237447272217874,184.37445903030755
0.7311541027351567,5081.442339262607,-402.34885356610187,-1410.8753262345076,-4638.029682553905,5344.367697784889,197911.0848298578,206032.8229348794,0.005681913101725387,0.005681913101725387,175.99705981007295
0.7318212141427618,5086.167320883329,-405.39677126283107,-1407.2648347125498,-4496.440888272768,5478.921555414436,226572.120424968,197359.6422384727,0.0059786387181230555,0.0059786387181230555,167.26215567578933
0.7324883255503668,5090.896264511236,-408.34385584002604,-1403.5665107231218,-4335.731990192383,5607.689435261167,255233.15602007334,188686.4615420674,0.006315726622502337,0.006315726622502337,158.33490899322567
0.7331554369579719,5095.622200199079,-411.177352058329,-1399.7842141580059,-4155.9029883127,5730.671337325129,283894.1916151835,180013.28084566072,0.006695043957246354,0.006695043957246354,149.36421723081506
0.733822548365577,5100.338860088786,-413.8845046783802,-1395.921804908986,-3956.953882633741,5847.867261606295,312555.2272102937,171340.10014925402,0.0071183121466292494,0.0071183121466292494,140.48274076791256
0.734489659773182,5105.04077022232,-416.4525584608202,-1391.9831428678447,-3738.8846731555464,5959.27720810465,341216.2628053991,162666.9194528488,0.007586833406786282,0.007586833406786282,131.8072964546076
0.7351567711807871,5109.723353137793,-418.86875816629066,-1387.972087926365,-3501.695359878042,6064.901176820231,369877.2984005092,153993.73875644206,0.008101132803658343,0.008101132803658343,123.43952682128798
0.7358238825883922,5114.383041659845,-421.12034855543186,-1383.892499976331,-3245.3859428013093,6164.739167753003,398538.33399561467,145320.55806003683,0.008660499435355778,0.008660499435355778,115.46678196381863
0.7364909939959973,5119.0174038163905,-423.1945743888853,-1379.748238909524,-2969.95642192526,6258.791180902997,427199.36959072476,136647.37736363013,0.00926241764745595,0.00926241764745595,107.96317312194012
0.7371581054036024,5123.625278094567,-425.07868042729166,-1375.5431646177283,-2675.4067972499374,6347.057216270199,455860.4051858349,127974.19666722341,0.009901894573169664,0.009901894573169664,100.99077430188122
0.7378252168112074,5128.207184527814,-426.7606576847572,-1371.2811440794856,-2367.236470763628,6429.485049057532,457503.4336129329,119044.44081148434,0.010022118792681093,0.010022118792681093,99.77930023442502
0.7384923282188125,5132.7684741638905,-428.23922315784245,-1366.9661461320957,-2067.238870727138,6505.8677190590515,441889.3712964065,109950.80385305364,0.0097519037852336,0.0097519037852336,102.54407980462307
0.7391594396264175,5137.3167897902595,-429.521131232334,-1362.6022159395252,-1777.6575897811058,6576.183920108971,426275.30897988257,100857.16689462445,0.009434599981663253,0.009434599981663253,105.99283509036566
0.7398265510340226,5141.858876674546,-430.6133307535231,-1358.1934005124149,-1498.4926279254369,6640.433652207312,410661.246663356,91763.52993619372,0.009080281358520096,0.009080281358520096,110.12874607257544
0.7404936624416277,5146.4005171697545,-431.5227705667,-1353.7437468614075,-1229.7439851601807,6698.616915354066,395047.18434682954,82669.89297776301,0.008698761827493155,0.008698761827493155,114.9588895329238
0.7411607738492327,5150.9465482911855,-432.25639951715476,-1349.2573019971442,-971.4116614853782,6750.733709549224,379433.1220303056,73576.25601933381,0.008299162438421282,0.008299162438421282,120.49408689369214
0.7418278852568378,5155.500890341453,-432.82116645017845,-1344.738112930266,-723.4956569009441,6796.784034792801,363819.05971377913,64482.6190609031,0.007889615427653703,0.007889615427653703,126.74889025578152
0.7424949966644429,5160.0665842181925,-433.224020211061,-1340.190226671415,-485.9959714069602,6836.767891084784,348204.99739725515,55388.9821024739,0.007477097468066658,0.007477097468066658,133.74173658573005
0.743162108072048,5164.645835103251,-433.47190964509315,-1335.6176902312318,-258.9126050033483,6870.685278425185,332590.9350807286,46295.34514404318,0.007067372298211392,0.007067372298211392,141.49530515791275
0.7438292194796531,5169.240060423297,-433.57178359756546,-1331.0245506203585,-42.2455576901483,6898.536196814,316976.8727642022,37201.70818561247,0.006665017220774059,0.006665017220774059,150.03712171712326
0.7444963308872581,5173.849940241432,-433.5305909137682,-1326.414854849437,164.00517053260654,6920.320646251221,301362.8104476782,28108.071227183274,0.00627350739514846,0.00627350739514846,159.4004656427659
0.7451634422948632,5178.475468545105,-433.355280438992,-1321.7926499291077,359.8395796649843,6936.038626736858,285748.7481311517,19014.434268752568,0.005895334625918537,0.005895334625918537,169.6256554468598
0.7458305537024682,5183.116004205132,-433.0528010185272,-1317.1619828700134,545.2576697069203,6945.690138270906,270134.6858146278,9920.797310323367,0.0055321418141928876,0.0055321418141928876,180.76181587291705
0.7464976651100733,5187.770320671298,-432.6301014976641,-1312.5269006827937,720.2594406584759,6949.275180853365,254520.62349810128,827.1603518926604,0.005184859133348249,0.005184859133348249,192.86927075186045
0.7471647765176784,5192.436653728427,-432.09413072169355,-1307.8914503780916,884.8448925196196,6946.793754484237,238906.56118157477,-8266.476606538054,0.00485383251267563,0.00485383251267563,206.0227660077952
0.7478318879252834,5197.112746856808,-431.4518375359058,-1303.2596789665488,1039.0140252903266,6938.245859163522,223292.49886505085,-17360.11356496725,0.004538938753866863,0.004538938753866863,220.31581702838992
0.7484989993328885,5201.795893921145,-430.7101707855913,-1298.6356334588056,1182.766838970648,6923.631494891217,207678.43654852436,-26453.750523397965,0.0042396844422244355,0.0042396844422244355,235.86661074127724
0.7491661107404936,5206.482979055265,-429.87607931604066,-1294.0233608655049,1316.1033335605362,6902.950661667328,192064.37423200044,-35547.387481827165,0.003955287795912172,0.003955287795912172,252.82610307990979
0.7498332221480987,5211.170899205776,-428.9557816437462,-1289.4266612307742,1442.5306773634995,6877.389336446449,187678.34102825163,-40844.17677823134,0.0038895974407666023,0.0038895974407666023,257.0960144921603
0.7505003335557038,5215.858172046961,-427.95195981908125,-1284.848138714499,1566.5242096609475,6848.460890926928,184054.26879947205,-45883.30288928851,0.0038425653110776416,0.0038425653110776416,260.2428115189411
0.7511674449633088,5220.543800749262,-426.86622691880973,-1280.2900359946063,1688.1000820325712,6816.170786894364,180430.196570693,-50922.42900034483,0.0038000635623934753,0.0038000635623934753,263.153492982667
0.7518345563709139,5225.226732257557,-425.70019579144736,-1275.7545956718368,1807.258294478412,6780.51902434875,176806.12434191338,-55961.555111402005,0.0037621512290680757,0.0037621512290680757,265.80537014927773
0.7525016677785189,5229.9058612467325,-424.455479285511,-1271.244060346935,1923.9988469984296,6741.505603290095,173182.05211313438,-61000.68122245833,0.003728887725555622,0.003728887725555622,268.17648414206286
0.753168779186124,5234.58003408906,-423.13369024951623,-1266.7606726206413,2038.321739592663,6699.130523718386,169557.97988435478,-66039.80733351549,0.0037003351002958857,0.0037003351002958857,270.2457947443836
0.7538358905937291,5239.248052721056,-421.73644153197955,-1262.3066750936996,2150.226972261093,6653.3937856336315,165933.90765557517,-71078.93344457267,0.003676560162755589,0.003676560162755589,271.99337308015055
0.7545030020013341,5243.90867841898,-420.26534598141734,-1257.8843103668526,2259.7145450037006,6604.295389035837,162309.83542679614,-76118.05955562899,0.0036576365050212385,0.0036576365050212385,273.4005958840334
0.7551701134089392,5248.5606354929805,-418.7220164463455,-1253.4958210408415,2366.784457820523,6551.835333924987,158685.76319801653,-81157.18566668614,0.003643646439568611,0.003643646439568611,274.4503388529637
0.7558372248165443,5253.202945350229,-417.10807430855874,-1249.1430941269882,2471.393816884225,6497.801044912351,154917.9493809522,-80206.46967842705,0.003586061194724453,0.003586061194724453,278.85748337789823
0.7565043362241494,5257.836397327108,-415.4251878676522,-1244.8260615293518,2573.478925349869,6444.846827186512,151133.20579902877,-78550.27506362356,0.0035193212075309856,0.0035193212075309856,284.14570339874143
0.7571714476317545,5262.462321750207,-413.675041462999,-1240.5439867599785,2673.0391881971523,6392.997475781424,147348.46221710535,-76894.08044882005,0.0034490112532279808,0.0034490112532279808,289.9381667902896
0.7578385590393595,5267.0819656895865,-411.8593194479137,-1236.2961327499415,2770.074605426057,6342.252990697094,143563.71863518257,-75237.88583401684,0.003375472730310204,0.003375472730310204,296.2548004077937
0.7585056704469646,5271.696493102443,-409.9797061757102,-1232.0817624303136,2864.5851770366185,6292.613371933505,139778.97505325914,-73581.69121921333,0.0032990425389860505,0.0032990425389860505,303.1182496686892
0.7591727818545696,5276.306985738684,-408.0378859997035,-1227.9001387321691,2956.5709030288017,6244.078619490672,135994.23147133633,-71925.4966044101,0.0032200499175700724,0.0032200499175700724,310.55419189110717
0.7598398932621747,5280.9144442519655,-406.03554327320757,-1223.7505245865814,3046.0317834026405,6196.648733368584,132209.4878894129,-70269.30198960661,0.0031388136758815077,0.0031388136758815077,318.5917047845024
0.7605070046697798,5285.519789499037,-403.974362349537,-1219.6321829246233,3132.967818158117,6150.3237135672425,128424.74430748948,-68613.10737480312,0.003055639834108772,0.003055639834108772,327.26370066178515
0.7611741160773848,5290.12386400999,-401.8560275820068,-1215.54437667737,3217.379007295219,6105.103560086658,124640.0007255667,-66956.9127599999,0.0029708196644814295,0.0029708196644814295,336.60743933932275
0.76184122748499,5294.727433612035,-399.68222332393054,-1211.4863687758932,3299.2653508139733,6060.988272926817,120855.25714364329,-65300.7181451964,0.0028846281236451546,0.0028846281236451546,346.6651357251388
0.762508338892595,5299.331189189623,-397.4546339286233,-1207.4574221512676,3378.6268487143534,6017.977852087732,117070.5135617205,-63644.52353039318,0.002797322655947266,0.002797322655947266,357.4846819597101
0.7631754503002001,5303.935748564228,-395.1749437493992,-1203.4567997345666,3455.4635009963868,5976.07229756939,113285.76997979707,-61988.32891558968,0.002709142341904659,0.002709142341904659,369.12050892717264
0.7638425617078052,5308.541658477702,-392.8448371395726,-1199.4837644568624,3529.7753076600566,5935.271609371797,109501.02639787365,-60332.13430078618,0.002620307361863065,0.002620307361863065,381.63461834835664
0.7645096731154102,5313.149396663866,-390.46599845245856,-1195.5375792492314,3601.562268705354,5895.5757874949595,105716.28281595084,-58675.93968598295,0.002531018742125729,0.002531018742125729,395.09782498099133
0.7651767845230153,5317.759373993916,-388.04011204137083,-1191.6175070427444,3670.8243841323033,5856.984831938866,101931.53923402741,-57019.74507117945,0.0024414583494584167,0.0024414583494584167,409.5912593478516
0.7658438959306203,5322.371936682116,-385.5688622596244,-1187.7228107684766,3737.5616539408798,5819.498742703527,98146.79565210463,-55363.55045637624,0.002351789099666625,0.002351789099666625,425.2081958121813
0.7665110073382254,5326.987368539348,-383.0539334605333,-1183.852753357501,3801.7740781311063,5783.117519788932,94362.0520701812,-53707.35584157273,0.002262155346685171,0.002262155346685171,442.056290017987
0.7671781187458305,5331.605893263049,-380.49700999741196,-1180.0065977408904,3863.4616567029716,5747.841163195087,90577.30848825778,-52051.16122676924,0.0021726834201204843,0.0021726834201204843,460.2603355552581
0.7678452301534355,5336.227676753211,-377.8997762235755,-1176.1836068497198,3922.6243896564656,5713.669672921997,86792.56490633498,-50394.96661196602,0.002083482281249403,0.002083482281249403,479.96568485349894
0.7685123415610406,5340.852829445113,-375.2639164923375,-1172.3830436150615,3979.262276991609,5680.6030489696495,83007.82132441156,-48738.77199716252,0.0019946442699370895,0.0019946442699370895,501.3425276235044
0.7691794529686456,5345.481408650538,-372.5911151570132,-1168.6041709679905,4033.375318708381,5648.641291338059,79223.07774248878,-47082.57738235929,0.0019062459176387007,0.0019062459176387007,524.5912873815971
0.7698465643762508,5350.113420900243,-369.8830565709162,-1164.8462518395784,4084.963514806801,5617.78440002721,75438.33416056534,-45426.3827675558,0.0018183488044682024,0.0018183488044682024,549.949491287213
0.7705136757838559,5354.748824281376,-367.14142508736137,-1161.1085491608997,4134.02686528686,5588.032375037112,71653.59057864192,-43770.18815275229,0.0017310004411512337,0.0017310004411512337,577.7006037820138
0.7711807871914609,5359.387530764532,-364.3679050596636,-1157.3903258630285,4180.56537014855,5559.3852163677675,67868.84699671913,-42113.99353794908,0.001644235159442867,0.001644235159442867,608.1855106047241
0.771847898599066,5364.029408515967,-361.56418084113665,-1153.6908448770378,4224.579029391887,5531.842924019169,64084.1034147957,-40457.79892314557,0.001558074997227102,0.001558074997227102,641.8176286633794
0.772515010006671,5368.674284191326,-358.7319367850957,-1150.0093691340016,4266.0678430168555,5505.405497991324,60299.359832872906,-38801.60430834235,0.0014725305669779478,0.0014725305669779478,679.1030505073214
0.7731821214142761,5373.321945208032,-355.8728572448541,-1146.3451615649924,4305.031811023469,5480.072938284224,56514.61625094949,-37145.40969353885,0.001387601898524105,0.001387601898524105,720.6677946056647
0.7738492328218812,5377.97214199415,-352.9886265737271,-1142.6974851010843,4341.470933411723,5455.845244897873,52729.87266902607,-35489.21507873536,0.0013032792491074307,0.0013032792491074307,767.2952674454567
0.7745163442294862,5382.624590212243,-350.08092912502946,-1139.0656026733516,4375.385210181609,5432.722417832276,48945.12908710327,-33833.02046393213,0.0012195438755520519,0.0012195438755520519,819.9786986321662
0.7751834556370913,5387.278972432326,-347.1512263747097,-1135.4489584213698,4407.879535604388,5409.806132412344,48811.99409408488,-35145.73444474026,0.0012329997085102813,0.0012329997085102813,811.0301998434427
0.7758505670446963,5391.934951187011,-344.1998002110333,-1131.8479555382205,4440.522867801284,5385.82076088695,49052.71583221608,-36762.409388398795,0.0012567144633725037,0.0012567144633725037,795.7257031294222
0.7765176784523015,5396.592194354903,-341.2265437429497,-1128.263313310624,4473.32678821575,5360.756887064248,49293.43757034732,-38379.08433205761,0.001280793050000145,0.001280793050000145,780.7662604039637
0.7771847898599066,5401.250379171656,-338.2313498402274,-1124.6957512197657,4506.291296847781,5334.61451094424,49534.159308478556,-39995.75927571641,0.0013052422976831445,0.0013052422976831445,766.1412764319994
0.7778519012675116,5405.9091924953,-335.2141113726353,-1121.145988746833,4539.416393697375,5307.393632526935,49774.88104660976,-41612.434219374954,0.0013300685557551075,0.0013300685557551075,751.8409450949536
0.7785190126751167,5410.568331077297,-332.1747212099403,-1117.6147453730093,4572.702078764539,5279.094251812321,50015.60278474099,-43229.10916303376,0.0013552776577718296,0.0013552776577718296,737.8561833920212
0.7791861240827217,5415.2275018399605,-329.11307222191164,-1114.1027405794825,4606.148352049263,5249.7163688004075,50256.32452287219,-44845.7841066923,0.0013808748826951403,0.0013808748826951403,724.178571521438
0.7798532354903268,5419.8864221602835,-326.0290572783164,-1110.6106938474359,4639.755213551557,5219.259983491183,50497.04626100343,-46462.4590503511,0.0014068649130210774,0.0014068649130210774,710.8002984114638
0.7805203468979319,5424.544820160211,-322.92256924892325,-1107.1393246580567,4673.522663271419,5187.725095884657,50737.76799913467,-48079.13399400991,0.0014332517897977062,0.0014332517897977062,697.7141121457405
0.7811874583055369,5429.202435003392,-319.7935010035008,-1103.6893524925301,4707.450701208842,5155.111705980832,50978.48973726586,-49695.80893766845,0.0014600388644868123,0.0014600388644868123,684.9132747925098
0.781854569713142,5433.859017198399,-316.64174541181626,-1100.261496832042,4741.539327363835,5121.4198137796975,51219.2114753971,-51312.48388132725,0.001487228747634349,0.001487228747634349,672.3915212038792
0.782521681120747,5438.5143289084235,-313.46719534363865,-1096.856477157778,4775.788541736388,5086.649419281263,51459.933213528304,-52929.158824985796,0.001514823254327863,0.001514823254327863,660.1430214006759
0.7831887925283522,5443.168144267414,-310.2697436687352,-1093.4750129509237,4810.198344326513,5050.800522485521,51700.65495165954,-54545.8337686446,0.0015428233464352165,0.0015428233464352165,648.1623462015651
0.7838559039359573,5447.820249702606,-307.0492832568745,-1090.1178236926642,4844.768735134204,5013.873123392474,51941.37668979078,-56162.50871230341,0.0015712290716375491,0.0015712290716375491,636.4444357930514
0.7845230153435623,5452.470444263368,-303.80570697782514,-1086.7856288641863,4879.499714159454,4975.867222002128,52182.09842792197,-57779.18365596195,0.0016000394992916364,0.0016000394992916364,624.9845709701019
0.7851901267511674,5457.118539956296,-300.53890770135445,-1083.4791479466746,4914.391281402278,4936.782818314474,52422.820166053214,-59395.858599620755,0.0016292526531819817,0.0016292526531819817,613.7783468064137
0.7858572381587724,5461.764362086392,-297.24877829723135,-1080.199100421316,4949.443436862661,4896.619912329522,52663.541904184414,-61012.53354327929,0.0016588654412518973,0.0016588654412518973,602.8216485390939
0.7865243495663775,5466.40774960422,-293.93521163522297,-1076.9462057692945,4984.6561805406145,4855.378504047258,52904.26364231565,-62629.2084869381,0.0016888735824356763,0.0016888735824356763,592.1106294751855
0.7871914609739826,5471.048555458835,-290.59810058509805,-1073.7211834717966,5020.0295124361355,4813.058593467691,53144.98538044689,-64245.88343059691,0.0017192715307504365,0.0017192715307504365,581.6416907476591
0.7878585723815876,5475.686646956282,-287.2373380166253,-1070.5247530100087,5055.563432549215,4769.660180590826,53385.70711857808,-65862.55837425544,0.001750052396847329,0.001750052396847329,571.4114627661847
0.7885256837891927,5480.321906123431,-283.85281679957166,-1067.357633865115,5091.2579408798665,4725.18326541665,53626.42885670932,-67479.23331791424,0.0017812078672668405,0.0017812078672668405,561.4167882238481
0.7891927951967977,5484.954230076836,-280.44442980370644,-1064.2205455183025,5127.113037428079,4679.6278479451785,53867.15059484051,-69095.90826157278,0.0018127281216925428,0.0018127281216925428,551.6547065349771
0.7898599066044029,5489.583531396336,-277.0120698987966,-1061.1142074507557,5163.128722193862,4632.993928176394,54107.87233297176,-70712.5832052316,0.0018446017485518919,0.0018446017485518919,542.1224395916636
0.790527018012008,5494.209738502999,-273.55562995461077,-1058.0393391436608,5199.304995177212,4585.2815061103065,54348.59407110299,-72329.2581488904,0.001876815659370953,0.001876815659370953,532.8173787377536
0.791194129419613,5498.83279604103,-270.0750028409179,-1054.996660078204,5235.641856378121,4536.4905817469225,54589.31580923419,-73945.93309254895,0.0019093550023531547,0.0019093550023531547,523.7370728688827
0.7918612408272181,5503.452665263177,-266.5700814274848,-1051.9868897355702,5272.139305796603,4486.621155086227,54830.03754736543,-75562.60803620776,0.0019422030757190465,0.0019422030757190465,514.8792175760394
0.7925283522348231,5508.0693244191325,-263.04075858408083,-1049.010747596946,5308.797343432644,4435.673226128236,55070.75928549663,-77179.28297986629,0.001975341241415121,0.001975341241415121,506.2416452580146
0.7931954636424282,5512.682769146395,-259.48692718047283,-1046.0689531435153,5345.615969286257,4383.646794872931,55311.481023627864,-78795.95792352509,0.0020087488398743895,0.0020087488398743895,497.82231613511806
0.7938625750500333,5517.29305042563,-255.9085318413749,-1043.1621025675852,5382.286668360586,4331.276795309144,54326.149189574906,-77491.96952335794,0.0019784782631201863,0.0019784782631201863,505.4389621763831
0.7945296864576383,5521.9005458136035,-252.3059611075446,-1040.28973457968,5418.06645638755,4280.333139426092,52941.655315270866,-75237.11081404811,0.0019266356801527031,0.0019266356801527031,519.0394895628327
0.7951967978652434,5526.505770843176,-248.6798293448956,-1037.450849937271,5452.9226327572105,4230.89372551055,51557.161440966614,-72982.2521047379,0.0018739755912154214,0.0018739755912154214,533.6248800078665
0.7958639092728484,5531.10921175067,-245.03075270530186,-1034.6444451433824,5486.855197469558,4182.958553562535,50172.66756666259,-70727.39339542805,0.0018205841707049123,0.0018205841707049123,549.2742472943779
0.7965310206804536,5535.711324875294,-241.35934734063508,-1031.8695167010374,5519.864150524605,4136.527623582029,48788.17369235832,-68472.53468611784,0.0017665437207124532,0.0017665437207124532,566.0771303167614
0.7971981320880587,5540.312537386825,-237.66622940276852,-1029.1250611132598,5551.949491922343,4091.6009355690426,47403.679818054065,-66217.67597680762,0.0017119324934025144,0.0017119324934025144,584.1351828146398
0.7978652434956637,5544.91324804238,-233.95201504357567,-1026.410074883074,5583.111221662768,4048.178489523581,46019.185943750024,-63962.81726749778,0.0016568245583082925,0.0016568245583082925,603.5642065935177
0.7985323549032688,5549.513827969451,-230.217320414928,-1023.7235545135024,5613.349339745891,4006.2602854456313,44634.69206944577,-61707.958558187565,0.0016012897116201206,0.0016012897116201206,624.4966121641038
0.7991994663108739,5554.114621472511,-226.462761668699,-1021.0644965075693,5642.663846171706,3965.8463233352,43250.19819514151,-59453.09984887735,0.001545393424346322,0.001545393424346322,647.084415040128
0.7998665777184789,5558.715946860609,-222.68895495676205,-1018.4318973682992,5671.054740940209,3926.9366031922937,41865.70432083748,-57198.241139567515,0.0014891968261055934,0.0014891968261055934,671.5029084604655
0.800533689126084,5563.31809729351,-218.8965164309887,-1015.8247535987148,5698.522024051408,3889.5311250168993,40481.21044653322,-54943.3824302573,0.0014327567212578936,0.0014327567212578936,697.955197252222
0.801200800533689,5567.921341644075,-215.0860622432529,-1013.2420617018397,5725.065695505295,3853.6298888090296,39096.7165722292,-52688.52372094746,0.0013761256340879939,0.0013761256340879939,726.6778375673051
0.8018679119412941,5572.5259253747145,-211.25820854542636,-1010.6828181806978,5750.68575530188,3819.2328945686722,37712.22269792493,-50433.66501163725,0.0013193518798137113,0.0013193518798137113,757.9479101065874
0.8025350233488993,5577.1320714258845,-207.41357148938235,-1008.1460195383129,5775.382203441157,3786.3401422958336,36327.72882362067,-48178.80630232703,0.001262479658292211,0.001262479658292211,792.0919702997242
0.8032021347565043,5581.7399811147725,-203.55276722699426,-1005.6306622777089,5799.155039923121,3754.9516319905183,34943.23494931664,-45923.94759301719,0.0012055491674328206,0.0012055491674328206,829.4974829848449
0.8038692461641094,5586.349835042425,-199.67641191013368,-1003.1357429019083,5822.004264747781,3725.0673636527163,33558.74107501239,-43669.08888370697,0.0011485967334879056,0.0011485967334879056,870.6275848124112
0.8045363575717144,5590.961794007738,-195.78512169067474,-1000.6602579139364,5843.92987791513,3696.6873372824375,32174.247200708352,-41414.23017439713,0.0010916549555764893,0.0010916549555764893,916.0403613721631
0.8052034689793195,5595.575999926872,-191.87951272048883,-998.2032038168156,5864.931879425176,3669.8115528796725,30789.75332640409,-39159.371465086915,0.0010347528619922162,0.0010347528619922162,966.414335955248
0.8058705803869246,5600.1925767567745,-187.9602011514495,-995.7635771135702,5885.010269277915,3644.440010444426,29405.259452099832,-36904.512755776705,0.0009779160760537112,0.0009779160760537112,1022.5826371884655
0.8065376917945296,5604.811631421647,-184.02780313543002,-993.340374307224,5904.1650474733415,3620.5727099767023,28020.765577795806,-34649.654046466865,0.0009211669894646007,0.0009211669894646007,1085.5795001742501
0.8072048032021347,5609.433254741307,-180.082934824302,-990.9325919008002,5922.3962140114645,3598.2096514764926,26636.271703491544,-32394.795337156655,0.0008645249413603613,0.0008645249413603613,1156.7046271984516
0.8078719146097397,5614.057522360518,-176.12621236993954,-988.5392263973229,5939.7037688922765,3577.3508349438057,25251.777829187515,-30139.936627846815,0.0008080064014250371,0.0008080064014250371,1237.6139573106775
0.8085390260173448,5618.684495678495,-172.15825192421397,-986.159274299815,5956.087712115784,3557.996260378633,23867.283954883256,-27885.0779185366,0.000751625155659997,0.000751625155659997,1330.4504146377417
0.80920613742495,5623.3142227778635,-168.17966963899897,-983.7917321113009,5971.548043681983,3540.145927780979,22482.790080578994,-25630.219209226387,0.0006953924935782116,0.0006953924935782116,1438.036805451264
0.809873248832555,5627.946739352502,-164.19108166616775,-981.4355963348042,5986.08476359087,3523.7998371508456,21098.296206274965,-23375.360499916547,0.0006393173957774298,0.0006393173957774298,1564.1682935656222
0.8105403602401601,5632.582069633765,-160.19310415759193,-979.0898634733484,5999.697871842454,3508.9579884882287,19713.802331970706,-21120.50179060633,0.0005834067210147234,0.0005834067210147234,1714.070071494365
0.8112074716477651,5637.220227314658,-156.18635326514558,-976.7535300299576,6012.387368436728,3495.6203817931328,18329.308457666673,-18865.643081296497,0.0005276653920611361,0.0005276653920611361,1895.140395874472
0.8118745830553702,5641.861216471668,-152.1714451407001,-974.4255925076543,6024.153253373697,3483.7870170655515,16944.814583362415,-16610.78437198628,0.0004720965797580403,0.0004720965797580403,2118.2106434927396
0.8125416944629753,5646.505032483968,-148.14899593612904,-972.1050474094633,6034.995526653358,3473.4578943054908,15560.320709058156,-14355.925662676063,0.00041670188482720506,0.00041670188482720506,2399.797160540017
0.8132088058705803,5651.151662949832,-144.11962180330582,-969.7908912384082,6044.914188275709,3464.633013512949,14175.826834754125,-12101.06695336622,0.0003614815171025763,0.0003614815171025763,2766.393170017137
0.8138759172781854,5655.801088600131,-140.08393889410183,-967.482120497512,6053.909238240755,3457.3123746879255,12791.332960449865,-9846.208244056006,0.00030643447195538256,0.00030643447195538256,3263.3404251777583
0.8145430286857904,5660.453284208829,-136.0425633603913,-965.1777316897993,6061.980676548491,3451.49597783042,11406.839086145836,-7591.349534746167,0.00025155870377449705,0.00025155870377449705,3975.215267830378
0.8152101400933955,5665.108219500478,-131.9961113540456,-962.8767213182927,6069.128503198922,3447.1838229404325,10022.345211841575,-5336.4908254359525,0.00019685129644137321,0.00019685129644137321,5079.976703622182
0.8158772515010007,5669.76586005471,-127.9451990269382,-960.5780858860164,6075.352718192043,3444.375910017963,8637.851337537315,-3081.6321161257383,0.00014230863080491574,0.00014230863080491574,7026.980685176104
0.8165443629086057,5674.426168207791,-123.89044253094254,-958.2808218959943,6080.653321527856,3443.0722390630126,7253.357463233286,-826.7734068159007,8.792654921495087e-05,8.792654921495087e-05,11373.129150733937
0.8172114743162108,5679.0891039513135,-119.83245801793008,-955.9839258512495,6085.030313206363,3443.2728100755803,5868.863588929025,1428.0853024943153,3.3700517215866184e-05,3.3700517215866184e-05,29673.135091505377
0.8178785857238158,5683.754625828117,-115.77186163977504,-953.6863942548068,6088.483693227561,3444.9776230556663,4484.369714624996,3682.944011804153,2.0374217466221607e-05,2.0374217466221607e-05,49081.63965845064
0.8185456971314209,5688.422691825583,-111.70926954834874,-951.3872236096882,6091.013461591454,3448.1866780032715,3099.8758403207357,5937.802721114368,7.430246848823961e-05,7.430246848823961e-05,13458.503066533749
0.819212808539026,5693.093260266379,-107.64529789552466,-949.0854104189186,6092.619618298037,3452.8999749183945,1715.3819660164763,8192.661430424581,0.00012808895684025723,0.00012808895684025723,7807.074276099568
0.819879919946631,5697.766290696832,-103.58056283317633,-946.7799511855217,6093.302163347313,3459.1175138010353,330.88809171244657,10447.520139734424,0.0001817381590127113,0.0001817381590127113,5502.4217557417705
0.8205470313542361,5702.441744773021,-99.51568051317514,-944.4698424125205,6093.06109673928,3466.839294651196,-1053.6057825918135,12702.378849044637,0.00023525415721931546,0.00023525415721931546,4250.721907829034
0.8212141427618411,5707.119587144711,-95.4512670873952,-942.1540806029391,6091.896418473942,3476.065317468873,-2438.099656895843,14957.237558354476,0.0002886404915301307,0.0002886404915301307,3464.5173818088915
0.8218812541694462,5711.799690262755,-91.38810951897128,-939.8315570250858,6088.958833089199,3487.318822725059,-6637.797353457805,18946.508659617248,0.00040091700244584635,0.00040091700244584635,2494.2818436219213
0.8225483655770514,5716.481421232994,-87.32790622160677,-937.5006014138045,6083.0306372366085,3501.350022450784,-11134.93381260735,23119.028118103844,0.0005194930599016999,0.0005194930599016999,1924.9535310235387
0.8232154769846564,5721.163991099464,-83.27265838879883,-935.1593569650383,6074.102350350564,3518.164757505717,-15632.07027175615,27291.547576589743,0.00063831179053022,0.00063831179053022,1566.6325059879282
0.8238825883922615,5725.846629811328,-79.22436741549839,-932.8059667506149,6062.173972431064,3537.7630278898628,-20129.206730905695,31464.067035076332,0.0007575409908309488,0.0007575409908309488,1320.0605803563149
0.8245496997998665,5730.528590724826,-75.1850346966591,-930.4385738423636,6047.245503478109,3560.144833603216,-24626.343190054497,35636.58649356224,0.0008773403906004369,0.0008773403906004369,1139.8084605629715
0.8252168112074716,5735.20915502942,-71.15666162723186,-928.0553213121119,6029.316943491697,3585.3101746457824,-29123.479649204048,39809.105952048834,0.0009978603848398867,0.0009978603848398867,1002.144202929207
0.8258839226150767,5739.887636220593,-67.14124960216964,-925.6543522316886,6008.388292471831,3613.2590510175605,-33620.61610835359,43981.62541053542,0.0011192406384746378,0.0011192406384746378,893.4629119282646
0.8265510340226817,5744.563384627733,-63.14080001642534,-923.2338096729225,5984.459550418512,3643.9914627185435,-38117.752567502386,48154.144869021315,0.0012416085443640724,0.0012416085443640724,805.4068285364292
0.8272181454302868,5749.235792004597,-59.1573142649499,-920.7918367076412,5957.530717331733,3677.507409748742,-42614.88902665194,52326.66432750791,0.0013650775169700977,0.0013650775169700977,732.5591313082224
0.8278852568378918,5753.9042961888035,-55.192793742697,-918.3265764076745,5927.6017932115055,3713.8068921081453,-47112.02548580074,56499.18378599381,0.0014897451064815224,0.0014897451064815224,671.2557709699738
0.8285523682454969,5758.568385835626,-51.24923984461749,-915.836171844849,5894.6727780578185,3752.889909796765,-51609.161944950276,60671.703244480406,0.0016156909213232242,0.0016156909213232242,618.9302587533366
0.829219479653102,5763.227605229879,-47.32865396566435,-913.3187660909941,5858.743671870674,3794.756462814596,-56106.29840409983,64844.222702967,0.0017429743509898956,0.0017429743509898956,573.7319080066011
0.8298865910607071,5767.88155917815,-43.43303750079049,-910.7725022179386,5819.814474650081,3839.4065511616295,-60603.43486324863,69016.7421614529,0.0018716320862307277,0.0018716320862307277,534.2930415420992
0.8305537024683122,5772.529917981729,-39.56439184494689,-908.1955232975099,5777.885186396026,3886.84017483788,-65100.57132239817,73189.26161993948,0.0020016754399683145,0.0020016754399683145,499.581490601608
0.8312208138759172,5777.172422488522,-35.7247183930871,-905.5859724015373,5732.955807108524,3937.057333843334,-69597.70778154697,77361.78107842538,0.0021330874801606167,0.0021330874801606167,468.80402669875605
0.8318879252835223,5781.808889219863,-31.916018540162128,-902.9419926018488,5685.026336787561,3990.058028178007,-74094.84424069653,81534.300536912,0.0022658199952885097,0.0022658199952885097,441.3413254712975
0.8325550366911274,5786.439215565485,-28.14029368112487,-900.2617269702722,5634.09677543314,4045.8422578418904,-78591.98069984607,85706.81999539857,0.002399790324415056,0.002399790324415056,416.7030718584749
0.8332221480987324,5791.063385036968,-24.399545210928224,-897.5433185786375,5580.167123045272,4104.410022834974,-83089.11715899486,89879.33945388447,0.002534878096907151,0.002534878096907151,394.496288093742
0.8338892595063375,5795.68147256673,-20.69577452452323,-894.7849104987715,5523.237379623942,4165.761323157279,-87586.25361814442,94051.85891237106,0.0026709219419304877,0.0026709219419304877,374.4025552754344
0.8345563709139425,5800.293649836066,-17.030983016863367,-891.984645802504,5463.307545169164,4229.896158808781,-92083.39007729321,98224.37837085697,0.002807716244605185,0.002807716244605185,356.1613471166912
0.8352234823215476,5804.900190611908,-13.407172082899702,-889.140667561662,5400.377619680922,4296.814529789506,-96580.52653644276,102396.89782934356,0.002945008043959236,0.002945008043959236,339.5576463878215
0.8358905937291528,5809.501476067847,-9.826343117585134,-886.251118848075,5334.447603159227,4366.516436099443,-101077.6629955923,106569.41728783016,0.0030824941870528323,0.0030824941870528323,324.41261501813193
0.8365577051367578,5814.09800006064,-6.290497515872491,-883.3141427335711,5265.517495604085,4439.001877738578,-105574.79945474112,110741.93674631606,0.0032198188731466394,0.0032198188731466394,310.5764763167339
0.8372248165443629,5818.690374328913,-2.8016366727128847,-880.3278822899783,5193.587297015477,4514.270854706933,-110071.93591389064,114914.45620480264,0.0033565717405443464,0.0033565717405443464,297.92302304190486
0.8378919279519679,5823.279333576156,0.6382380169402495,-877.290480589126,5118.657007393427,4592.323367004488,-114569.07237303945,119086.97566328854,0.003492286665456808,0.003492286665456808,286.34533639270853
0.838559039359573,5827.865740395542,4.027125158135799,-874.2000807028411,5040.726626737908,4673.159414631267,-119066.208832189,123259.49512177514,0.0036264414553125756,0.0036264414553125756,275.75241798955403
0.8392261507671781,5832.4505899896185,7.363023355920907,-871.0548257029533,4959.796155048934,4756.778997587255,-123563.34529133856,127432.01458026173,0.0037584586265069137,0.0037584586265069137,266.06651805274583
0.8398932621747831,5837.0350146337705,10.643931215342757,-867.8528586612907,4875.86559232652,4843.18211587244,-128060.48175048735,131604.53403874763,0.0038877074565752006,0.0038877074565752006,257.2210000803225
0.8405603735823882,5841.620287828595,13.867847341450178,-864.5923226496813,4788.934938570635,4932.368769486849,-132557.6182096369,135777.05349723424,0.004013507491043553,0.004013507491043553,249.15862303274028
0.8412274849899932,5846.20782807958,17.032770356746074,-861.2713607616647,4699.006679520211,5024.335866922547,-136818.77821957704,139656.0895742178,0.00412725660631323,0.00412725660631323,242.29169528019094
0.8418945963975983,5850.799056100635,20.13730723602919,-857.8888726971637,4608.725670957294,5115.794006965535,-133843.6854520281,134535.41427464256,0.003996687424649198,0.003996687424649198,250.20720755708663
0.8425617078052035,5855.39489147172,23.182278638727286,-854.4465113107221,4520.429380718293,5203.836086101535,-130868.59268447921,129414.73897506735,0.0038655259905707295,0.0038655259905707295,258.6970059027734
0.8432288192128085,5859.996005090011,26.169008593074615,-850.9465554955402,4434.117808803222,5288.462104330533,-127893.49991693077,124294.06367549297,0.0037342996705124476,0.0037342996705124476,267.78782857101896
0.8438959306204136,5864.6029298628955,29.098821127306945,-847.3912841448168,4349.790955212052,5369.672061652557,-124918.40714938186,119173.38837591776,0.003603473006120352,0.003603473006120352,277.51005718692517
0.8445630420280186,5869.216065699944,31.973040269658075,-843.7829761517536,4267.44881994481,5447.465958067579,-121943.31438183344,114052.71307634337,0.0034734493581583888,0.0034734493581583888,287.8982523960553
0.8452301534356237,5873.83568460849,34.79299004836372,-840.1239104095495,4187.091403001469,5521.8437935756265,-118968.22161428453,108932.03777676815,0.003344573346203686,0.003344573346203686,298.99179850101564
0.8458972648432288,5878.461935848581,37.559994491658166,-836.416365811405,4108.718704382045,5592.805568176686,-115993.12884673559,103811.3624771929,0.0032171338789634763,0.0032171338789634763,310.83568095779356
0.8465643762508338,5883.094851108358,40.275377627775725,-832.6626212505206,4032.330724086547,5660.351281870745,-113018.03607918716,98690.68717761854,0.0030913675919870976,0.0030913675919870976,323.4814269878565
0.8472314876584389,5887.734349666029,42.94046348495208,-828.8649556200958,3957.9274621149534,5724.4809346578295,-110042.94331163826,93570.01187804331,0.002967462533549122,0.002967462533549122,336.98824793719893
0.8478985990660439,5892.3802435095,45.55657609142109,-825.0256478133313,3885.5089184672856,5785.194526537912,-107067.85054408983,88449.33657846894,0.0028455619639299874,0.0028455619639299874,351.4244330912079
0.848565710473649,5897.032242389401,48.12503947541844,-821.1469767234269,3815.075093143522,5842.49205751102,-104092.75777654091,83328.6612788937,0.002725768157005964,0.002725768157005964,366.8690594354947
0.8492328218812542,5901.689958785467,50.64717766517841,-817.2312212435824,3746.625986143673,5896.373527577139,-101117.665008992,78207.98597931849,0.002608146115133396,0.002608146115133396,383.4141017627972
0.8498999332888592,5906.352912770246,53.124314688935364,-813.2806602669991,3680.16159746775,5946.83893673626,-98142.57224144357,73087.31067974411,0.00249272712822717,0.00249272712822717,401.16705461909146
0.8505670446964643,5911.020536757635,55.5577745749249,-809.2975726868756,3615.681927115732,5993.888284988401,-95167.47947389465,67966.63538016888,0.002379512125406083,0.002379512125406083,420.25421485479586
0.8512341561040693,5915.692180126952,57.94888135138099,-805.2842373964137,3553.1869750876394,6037.52157233355,-92192.38670634624,62845.960080594494,0.0022684747825109817,0.0022684747825109817,440.8248254331912
0.8519012675116744,5920.367113716148,60.298959046539174,-801.2429332888117,3492.676741383451,6077.738798771716,-89217.29393879732,57725.28478101928,0.002159564361244423,0.002159564361244423,463.05635430275487
0.8525683789192795,5925.044534180242,62.60933168863383,-797.1759392572708,3434.1512260031786,6114.539964302893,-86242.2011712484,52604.60948144405,0.0020527082657821587,0.0020527082657821587,487.1612867106386
0.8532354903268845,5929.723568213293,64.88132330589934,-793.0855341949915,3377.610428946831,6147.925068927078,-83267.10840369997,47483.93418186967,0.0019478143106708059,0.0019478143106708059,513.3959610634604
0.8539026017344896,5934.4032766341425,67.11625792657125,-788.9739969951728,3323.054350214389,6177.89411264428,-80292.01563615105,42363.258882294445,0.001844772699896078,0.001844772699896078,542.0722022048208
0.8545697131420946,5939.08265833782,69.31545957888355,-784.843606551016,3270.4829898058706,6204.447095454489,-77316.92286860265,37242.58358272007,0.0017434577214292223,0.0017434577214292223,573.57284189274
0.8552368245496997,5943.760654115947,71.48025229107175,-780.69664175572,3219.8963477212587,6227.5840173577135,-74341.83010105371,32121.908283144843,0.001643729164580531,0.001643729164580531,608.3727304645066
0.8559039359573049,5948.43615035068,73.61196009137025,-776.5353815024853,3171.2944239605613,6247.304878353949,-71366.73733350479,27001.232983569615,0.0015454334693388281,0.0015454334693388281,647.0676479058156
0.8565710473649099,5953.107982587837,75.71190700801347,-772.3621046845132,3124.677218523788,6263.609678443196,-68391.64456595638,21880.55768399524,0.0014484046177582804,0.0014484046177582804,690.4148107092591
0.857238158772515,5957.774938995707,77.78141706923691,-768.1790901950023,3080.0447314109224,6276.498417625457,-65416.551798407454,16759.882384420012,0.0013524647775543844,0.0013524647775543844,739.390789761095
0.85790527018012,5962.4357637168505,79.82181430327458,-763.9886169271539,3037.3969626219778,6285.971095900728,-62441.45903085903,11639.207084845637,0.0012574247075434917,0.0012574247075434917,795.2762451706574
0.8585723815877251,5967.089160120893,81.83442273836198,-759.792963774167,2996.733912156943,6292.0277132690135,-59466.36626331012,6518.531785270409,0.0011630839335365676,0.0011630839335365676,859.7831774352851
0.8592394929953302,5971.733851316732,83.82053489631275,-755.5943312824205,2957.790434799257,6295.327604699377,-57978.8429962794,5096.98635617538,0.001129460497758808,0.001129460497758808,885.3784634206359
0.8599066044029352,5976.36966134291,85.7808234414645,-751.3933786025448,2919.1758917310126,6299.328863133771,-57787.557122330494,6898.786430138439,0.0011478920877897466,0.0011478920877897466,871.1620287630773
0.8605737158105403,5980.997444088011,87.71539434914227,-747.1893557031043,2880.688957651386,6304.532122951729,-57596.271248381556,8700.586504101795,0.0011656160803913268,0.0011656160803913268,857.915412134907
0.8612408272181453,5985.618096211057,89.62433274875751,-742.9814607152657,2842.329632560391,6310.937384153252,-57404.985374432654,10502.386578064854,0.0011825930521308751,0.0011825930521308751,845.5994208642891
0.8619079386257504,5990.2325191278305,91.50772376972279,-738.7688917701926,2804.0979164580144,6318.544646738339,-57213.69950048371,12304.186652028213,0.0011987849895370088,0.0011987849895370088,834.1779457767627
0.8625750500333556,5994.841618932799,93.36565254144993,-734.5508469990514,2765.9938093442634,6327.353910706993,-57022.41362653476,14105.98672599157,0.001214155479380593,0.001214155479380593,823.6177466416036
0.8632421614409606,5999.446306311331,95.19820419335053,-730.3265245330069,2728.017311219144,6337.365176059209,-56831.12775258586,15907.786799954629,0.0012286698943645218,0.0012286698943645218,813.8882580151508
0.8639092728485657,6004.047496442339,97.00546385483734,-726.0951225032236,2690.168422082643,6348.578442794992,-56639.84187863692,17709.586873917986,0.001242295572600887,0.001242295572600887,804.9614134149945
0.8645763842561707,6008.646108891538,98.78751665532168,-721.8558390408671,2652.447141934773,6360.993710914337,-56448.55600468801,19511.386947881045,0.0012550019892639372,0.0012550019892639372,796.8114860013117
0.8652434956637758,6013.2430674955385,100.54444772421625,-717.6078722771019,2614.8534707755216,6374.610980417247,-56257.27013073907,21313.187021844402,0.0012667609188385988,0.0012667609188385988,789.4149441528615
0.8659106070713809,6017.83930023706,102.27634219093272,-713.3504203430933,2577.387408604896,6389.430251303723,-56065.984256790136,23114.98709580776,0.0012775465864374772,0.0012775465864374772,782.7503205096934
0.8665777184789859,6022.435739111558,103.98328518488287,-709.082681370007,2540.048955422901,6405.451523573762,-55874.69838284122,24916.787169770818,0.0012873358067344587,0.0012873358067344587,776.7980932159934
0.867244829886591,6027.033319985638,105.66536183547929,-704.8038534890071,2502.8381112295256,6422.674797227366,-55683.41250889229,26718.58724373417,0.0012961081091594376,0.0012961081091594376,771.5405782381287
0.867911941294196,6031.632982447634,107.32265727213337,-700.5131348312597,2465.7548760247805,6441.100072264533,-55492.12663494337,28520.38731769723,0.0013038458481155761,0.0013038458481155761,766.9618317573977
0.8685790527018011,6036.235669650801,108.9552566242578,-696.2097235279286,2428.7992498086546,6460.727348685268,-55300.84076099444,30322.187391660587,0.0013105342971165784,0.0013105342971165784,763.0475617465241
0.8692461641094062,6040.842328149564,110.56324502126427,-691.8928177101795,2391.9712325811543,6481.556626489567,-55109.5548870455,32123.98746562395,0.0013161617258946184,0.0013161617258946184,759.785047935718
0.8699132755170113,6045.453907729347,112.14670759256451,-687.5616155091782,2355.2708243422844,6503.587905677427,-54918.269013096586,33925.78753958701,0.0013207194596980645,0.0013207194596980645,757.1630694595917
0.8705803869246164,6050.071361230496,113.70572946757115,-683.2153150560885,2318.6980250920337,6526.821186248855,-54726.98313914765,35727.58761355037,0.001324201920179139,0.001324201920179139,755.1718395520219
0.8712474983322214,6054.695644366854,115.24039577569562,-678.8531144820765,2282.252834830414,6551.256468203845,-54535.697265198745,37529.38768751342,0.0013266066474624998,0.0013266066474624998,753.8029467233374
0.8719146097398265,6059.327715539568,116.7507916463505,-674.4742119183063,2245.9352535574135,6576.893751542401,-54344.41139124981,39331.18776147679,0.0013279343031834046,0.0013279343031834046,753.0493019140627
0.8725817211474316,6063.968535646723,118.23700220894759,-670.0778054959435,2209.7452812730385,6603.733036264524,-54153.12551730087,41132.987835440144,0.001328188654485311,0.001328188654485311,752.905091172844
0.8732488325550366,6068.619067889419,119.69911259289856,-665.6630933461537,2173.6829179772935,6631.7743223702055,-53961.83964335196,42934.7879094032,0.0013273765391683188,0.0013273765391683188,753.3657334538699
0.8739159439626417,6073.2802523378205,121.13716094776763,-661.2292848939226,2137.096282710999,6660.860899532332,-59800.78161342163,43286.938373595134,0.0014338852854357336,0.0014338852854357336,697.4058595601787
0.8745830553702467,6077.951428839565,122.54816953850828,-656.7763145743147,2091.0599589381795,6688.84712302019,-78216.11705750521,40615.75964301681,0.0017667763689732901,0.0017667763689732901,566.0025895530403
0.8752501667778518,6082.629481435187,123.92436901387376,-652.3052687132873,2032.7385548157285,6715.051372705136,-96631.45250159185,37944.58091243806,0.00210223841119263,0.00210223841119263,475.6834404108741
0.875917278185457,6087.3112490241165,125.25756385661934,-647.8173360858933,1962.1320703436522,6739.473648587157,-115046.7879456785,35273.4021818593,0.0024420441113490805,0.0024420441113490805,409.49301257607544
0.876584389593062,6091.993790977194,126.53955854950023,-643.3137054671855,1879.2405055219658,6762.113950666254,-133462.12338976207,32602.22345128099,0.0027877535683398604,0.0027877535683398604,358.71176396538937
0.8772515010006671,6096.674425116515,127.76215757527221,-638.7955656322146,1784.0638603506418,6782.972278942434,-151877.45883384874,29931.044720702237,0.0031406851058261515,0.0031406851058261515,318.4018665688395
0.8779186124082721,6101.350767207117,128.91716541669038,-634.2641053560336,1676.6021348297118,6802.048633415689,-170292.79427793232,27259.865990123923,0.003501874584275799,0.003501874584275799,285.56134034331893
0.8785857238158772,6106.0207721329325,129.99638655651046,-629.7205134136932,1556.8553289591396,6819.343014086027,-188708.12972201896,24588.687259545164,0.003872022271668215,0.003872022271668215,258.2629772863269
0.8792528352234823,6110.682776858253,130.99162547748776,-625.165978580246,1424.8234427389425,6834.855420953444,-207123.4651661056,21917.508528966406,0.004251426812431764,0.004251426812431764,235.21515108195223
0.8799199466310873,6115.335545186699,131.8946866623775,-620.6016896307452,1280.5064761691456,6848.585854017938,-225538.80061018918,19246.32979838809,0.004639906623026159,0.004639906623026159,215.52157861051896
0.8805870580386924,6119.978314217962,132.69737459393536,-616.0288353402407,1123.9044292497001,6860.53431327951,-243954.13605427582,16575.151067809336,0.005036710256930908,0.005036710256930908,198.54229228769347
0.8812541694462974,6124.610842265158,133.3914937549166,-611.4486044837863,955.0173019806596,6870.700798738162,-262369.4714983594,13903.972337231024,0.005440419016007867,0.005440419016007867,183.8093714946595
0.8819212808539025,6129.233457829788,133.96884862807684,-606.8621858364326,773.8450943619665,6879.085310393895,-280784.80694244604,11232.793606652267,0.005848847394255066,0.005848847394255066,170.97385734191553
0.8825883922615076,6133.8471090363255,134.42124369617133,-602.2707681732319,580.3878063936487,6885.6878482467055,-299200.14238653274,8561.61487607351,0.006258949794765084,0.006258949794765084,159.77121286967164
0.8832555036691127,6138.453412706834,134.74048344195552,-597.6755402692374,374.645438075741,6890.5084122965945,-317615.4778306163,5890.436145495198,0.006666745188821301,0.006666745188821301,149.99823327232983
0.8839226150767178,6143.054702014165,134.91837234818482,-593.0776908994992,156.61798940817482,6893.5470025435625,-336030.81327470293,3219.25741491644,0.007067274606014736,0.007067274606014736,141.49726107273818
0.8845897264843228,6147.654071259964,134.94672043276742,-588.4784090158454,-73.49804018935939,6894.797343454245,-349795.62697677343,399.5565949326959,0.007356852598134088,0.007356852598134088,135.92769280896414
0.8852568378919279,6152.255185205725,134.82121007578831,-583.8790072403795,-300.7476684131304,6893.781822979494,-331498.75843804714,-3444.086978234986,0.006958649724479405,0.006958649724479405,143.70604062483008
0.885923949299533,6156.8611541929995,134.54817029695394,-579.2811382132201,-515.791246911266,6890.202164030314,-313201.8898993209,-7287.730551402667,0.006553539038699116,0.006553539038699116,152.5893100040953
0.886591060707138,6161.474253040959,134.1357438912782,-574.6865125003955,-718.6287756837335,6884.058366606706,-294905.0213605977,-11131.37412456971,0.006146676869435651,0.006146676869435651,162.68953472607282
0.8872581721147431,6166.096012971642,133.59207365377472,-570.0968406679311,-909.2602547306003,6875.350430708672,-276608.1528218715,-14975.017697737392,0.005742202450002517,0.005742202450002517,174.14920645989443
0.8879252835223481,6170.727269888839,132.92530237945743,-565.5138332818549,-1087.685684051803,6864.078356336211,-258311.2842831483,-18818.661270904435,0.005343284066294103,0.005343284066294103,187.15082102935276
0.8885923949299532,6175.368214015903,132.14357286333995,-560.9392009081929,-1253.9050636474014,6850.24214348932,-240014.41574442206,-22662.304844072114,0.004952199374480826,0.004952199374480826,201.9304806573619
0.8892595063375583,6180.018439773526,131.25502790043606,-556.3746541129726,-1407.9183935173642,6833.841792168001,-221717.54720569582,-26505.948417239797,0.004570434049605052,0.004570434049605052,218.7975997786061
0.8899266177451634,6184.6769950331145,130.2678102857597,-551.8219034622216,-1549.725673661669,6814.877302372257,-203420.67866697264,-30349.59199040684,0.00419878640784532,0.00419878640784532,238.16405572132146
0.8905937291527685,6189.342429113813,129.19006281432436,-547.2826595219657,-1679.326904080363,6793.348674102081,-185123.8101282464,-34193.23556357452,0.0038374691053851963,0.0038374691053851963,260.5884171410475
0.8912608405603735,6194.012839094665,128.02992828114415,-542.758632858233,-1796.7220847734034,6769.255907357483,-166826.94158952322,-38036.87913674156,0.0034862020496028495,0.0034862020496028495,286.84510701665175
0.8919279519679786,6198.6859141856075,126.79554948123238,-538.2515340370492,-1901.911215740829,6742.599002138451,-148530.073050797,-41880.52270990924,0.0031442930849236456,0.0031442930849236456,318.0365102715237
0.8925950633755837,6203.358978042697,125.49506920960309,-533.7630736244417,-1994.894296982619,6713.377958444991,-130233.20451207075,-45724.16628307693,0.002810704811017344,0.002810704811017344,355.78264785409704
0.8932621747831887,6208.029029027297,124.13663026127024,-529.2949621864386,-2075.671328498761,6681.592776277109,-111936.33597334757,-49567.80985624397,0.002484107118182362,0.002484107118182362,402.5591298702557
0.8939292861907938,6212.692778499601,122.72837543124713,-524.8489102890654,-2144.242310289282,6647.243455634794,-93639.46743462134,-53411.45342941165,0.0021629157864465104,0.0021629157864465104,462.33885122403046
0.8945963975983988,6217.347002256411,121.27805739593565,-520.4264249725383,-2203.0574161074605,6611.608258018665,-85601.61795852479,-51902.942248614454,0.0020100042374114704,0.0020100042374114704,497.5113889748924
0.8952635090060039,6221.991371147809,119.78961907998593,-516.0270257204805,-2258.8393666857123,6578.194442895511,-81632.6698750631,-48271.675490595764,0.0019200990423895868,0.0019200990423895868,520.8064677515217
0.895930620413609,6226.627217398386,118.26485115409163,-511.64910918048696,-2311.9735867212944,6547.2030872506875,-77663.7217916014,-44640.40873257707,0.0018272974688447532,0.0018272974688447532,547.2562716524836
0.896597731821214,6231.255836257959,116.7055199495023,-507.2910593022057,-2362.460076214198,6518.634191084201,-73694.7737081404,-41009.14197455898,0.0017318787625071304,0.0017318787625071304,577.4076232405343
0.8972648432288192,6235.878468595674,115.11339179746675,-502.9512600352831,-2410.2988351644417,6492.487754396042,-69725.82562467872,-37377.87521654029,0.0016341182895907031,0.0016341182895907031,611.9508032986214
0.8979319546364242,6240.496303311357,113.49023302923466,-498.62809532936757,-2455.489863572008,6468.7637771862155,-65756.8775412177,-33746.608458522205,0.0015342859238567637,0.0015342859238567637,651.768998496891
0.8985990660440293,6245.110479899486,111.83780997605487,-494.3199491341057,-2498.033161436912,6447.462259454719,-61787.92945775602,-30115.341700503515,0.001432644710433871,0.001432644710433871,698.0097666344321
0.8992661774516344,6249.722091151351,110.1578889691769,-490.02520539914536,-2537.9287287591465,6428.583201201553,-57818.981374294344,-26484.074942484825,0.0013294498016317208,0.0013294498016317208,752.1908678106045
0.8999332888592394,6254.332185981156,108.45223633985032,-485.7422480741352,-2575.1765655387044,6412.126602426722,-53850.03329083332,-22852.808184466736,0.001224947654584954,0.001224947654584954,816.3614145118939
0.9006004002668445,6258.941772362038,106.7226184193238,-481.469461108721,-2609.7766717756,6398.092463130216,-49881.08520737164,-19221.541426448046,0.0011193754761313708,0.0011193754761313708,893.3552872321809
0.9012675116744495,6263.551820358389,104.97080153884727,-477.2052284525521,-2641.72904746982,6386.480783312046,-45912.13712391062,-15590.274668429956,0.0010129608968451067,0.0010129608968451067,987.2049386254951
0.9019346230820546,6268.163265241273,103.19855202966936,-472.94793405527423,-2671.033692621376,6377.291562972205,-41943.18904044894,-11959.007910411265,0.0009059218535553078,0.0009059218535553078,1103.8479710755191
0.9026017344896597,6272.777010674242,101.40763622303967,-468.695961866536,-2697.6906072302627,6370.524802110696,-37974.240956987254,-8327.741152392575,0.000798466657907915,0.000798466657907915,1252.400447903646
0.9032688458972647,6277.393931957395,99.59982045020782,-464.4476958359855,-2721.6997912964757,6366.180500727518,-34005.29287352624,-4696.474394374487,0.0006907942274739336,0.0006907942274739336,1447.6090856415474
0.9039359573048699,6282.014875243442,97.77687033941753,-460.20152464932454,-2743.072541888336,6364.182551888457,-30157.371692075914,-1880.55071600391,0.0005921379312160411,0.0005921379312160411,1688.7957134351366
0.9046030687124749,6286.640292113878,95.94048708241901,-455.9562710928529,-2762.0112596069007,6363.167408095802,-26620.904028185476,-1162.8503743772608,0.0005171112769176929,0.0005171112769176929,1933.8197495143143
0.90527018012008,6291.269950880193,94.09225652137886,-451.71153504855533,-2778.5907594042596,6362.631050388288,-23084.436364294448,-445.1500327504916,0.0004425661903898279,0.0004425661903898279,2259.549015976943
0.9059372915276851,6295.903539060079,92.23375251748561,-447.4669971127734,-2792.8110412804112,6362.573478765915,-19547.968700403424,272.55030887627754,0.00036845859053571977,0.00036845859053571977,2714.00918769746
0.9066044029352901,6300.5407344642645,90.36654893192791,-443.2223378818486,-2804.6721052353514,6362.994693228683,-16011.501036512982,990.2506505029276,0.00029474271380818283,0.00029474271380818283,3392.7895522153444
0.9072715143428952,6305.181206828242,88.49221962589333,-438.97723795212045,-2814.1739512690865,6363.894693776593,-12475.033372621958,1707.9509921296963,0.00022137147304192236,0.00022137147304192236,4517.293878288574
0.9079386257505002,6309.824619431994,86.61233846057077,-434.7313779199308,-2821.3165793816124,6365.2734804096435,-8938.565708731518,2425.6513337563465,0.00014829679896497924,0.00014829679896497924,6743.23388622942
0.9086057371581053,6314.470630709389,84.72847929714787,-430.4844383816195,-2826.0999895729306,6367.131053127835,-5402.098044840492,3143.3516753831154,7.546996715145275e-05,7.546996715145275e-05,13250.303898943073
0.9092728485657104,6319.118895848957,82.84221599681325,-426.23609993352784,-2828.524181843041,6369.467411931169,-1865.6303809494639,3861.0520170098844,2.841913212545713e-06,2.841913212545713e-06,351875.6292716714
0.9099399599733154,6323.769068387803,80.95512242075546,-421.9860431719972,-2828.589156191943,6372.282556819642,1670.8372829409745,4578.752358636533,6.963646096825286e-05,6.963646096825286e-05,14360.29324430916
0.9106070713809206,6328.420801800436,79.06877243016213,-417.73394869336715,-2826.294912619637,6375.576487793259,5207.304946832002,5296.452700263303,0.0001420139871614644,0.0001420139871614644,7041.559919467923
0.9112741827885256,6333.073751084294,77.18473988622212,-413.4794970939798,-2821.6414511261232,6379.349204852015,8743.772610722437,6014.153041889953,0.00021433893411571553,0.00021433893411571553,4665.507944814768
0.9119412941961307,6337.727574343741,75.30459865012314,-409.2223689701747,-2814.628771711401,6383.600707995914,12280.240274613465,6731.853383516722,0.00028665871156446525,0.00028665871156446525,3488.468899278908
0.9126084056037358,6342.381934374279,73.42992258305372,-404.96224491829315,-2805.256874375471,6388.330997224953,15816.707938504493,7449.553725143491,0.0003590195722645232,0.0003590195722645232,2785.363465541669
0.9132755170113408,6347.036500248685,71.56228554620246,-400.6988055346767,-2793.5257591183336,6393.540072539134,19353.17560239493,8167.25406677014,0.00043146630949847023,0.00043146630949847023,2317.678061961279
0.9139426284189459,6351.690948906742,69.70326140075699,-396.43173141566484,-2779.4354259399875,6399.227933938457,22889.643266285955,8884.95440839691,0.0005040419475735865,0.0005040419475735865,1983.9618603449808
0.9146097398265509,6356.344966750111,67.85442400790616,-392.1607031575997,-2762.9858748404354,6405.394581422918,26426.1109301764,9602.654750023561,0.0005767874229715628,0.0005767874229715628,1733.7409939490008
0.915276851234156,6360.998251243878,66.01734722883769,-387.88540135682075,-2744.177105819672,6412.0400149925235,29962.578594067425,10320.355091650328,0.000649741253949133,0.000649741253949133,1539.0741990322938
0.9159439626417611,6365.650512526142,64.19360492474007,-383.6055066096694,-2723.0091188777005,6419.16423464727,33499.04625795846,11038.055433277099,0.0007229391965620507,0.0007229391965620507,1383.2421934728625
0.9166110740493661,6370.3014750269185,62.38477095680193,-379.3206995124872,-2699.4819140145255,6426.767240387156,37035.51392184889,11755.755774903748,0.0007964138852904494,0.0007964138852904494,1255.6285349486384
0.9172781854569713,6374.950879097501,60.592419186210904,-375.03066066161347,-2673.5954912301377,6434.849032212183,40571.98158573992,12473.456116530519,0.0008701944566853633,0.0008701944566853633,1149.1684327765956
0.9179452968645763,6379.598482651222,58.81812347415586,-370.7350706533905,-2645.3498505245466,6443.409610122353,44108.44924963035,13191.156458157167,0.0009443061547412891,0.0009443061547412891,1058.9785897074548
0.9186124082721814,6384.244062816438,57.06345768182447,-366.43361008415775,-2614.7449918977427,6452.448974117664,47644.91691352138,13908.856799783936,0.0010187699170344593,0.0010187699170344593,981.5759017609229
0.9192795196797865,6388.8874176022855,55.3299956704053,-362.1259595502565,-2581.7809153497305,6461.967124198116,51181.384577412406,14626.557141410703,0.0010936019410560044,0.0010936019410560044,914.4094962325867
0.9199466310873915,6393.528367577605,53.61931130108689,-357.81179964802845,-2546.457620880516,6471.964060363709,54717.852241302855,15344.257483037356,0.0011688132306228018,0.0011688132306228018,855.5686860826775
0.9206137424949966,6398.166757563124,51.932978435056924,-353.4908109738129,-2508.775108490088,6482.439782614443,58254.31990519388,16061.957824664123,0.001244409122770679,0.001244409122770679,803.5942373786993
0.9212808539026016,6402.802458336721,50.27257093350426,-349.1626741239522,-2468.7333781784578,6493.394290950317,61790.78756908431,16779.658166290774,0.0013203887961329124,0.0013203887961329124,757.3526850036513
0.9219479653102067,6407.435368351353,48.639662657616576,-344.82706969478545,-2426.3324299456135,6504.827585371336,65327.25523297534,17497.358507917543,0.0013967447624873453,0.0013967447624873453,715.9504204756666
0.9226150767178118,6412.06541546478,47.03582746858244,-340.4836782826545,-2381.5722637915605,6516.739665877494,68863.72289686637,18215.058849544315,0.0014734623439210408,0.0014734623439210408,678.6736044701985
0.9232821881254168,6416.69255868,45.462639227590344,-336.1321804839005,-2334.4528797163066,6529.130532468791,72400.1905607568,18932.75919117096,0.001550519138917832,0.001550519138917832,644.9452798744162
0.923949299533022,6421.316789894807,43.92167179582807,-331.7722568948632,-2284.974277719838,6542.0001851452325,75936.65822464784,19650.45953279773,0.001627884481619831,0.001627884481619831,614.294202869326
0.924616410940627,6425.938135658533,42.41449903448436,-327.4035881118845,-2233.1364578021694,6555.348623906813,79473.12588853827,20368.159874424382,0.0017055188995484653,0.0017055188995484653,586.3318197557055
0.9252835223482321,6430.556660040838,40.942686529757275,-323.0258563452179,-2179.0740999282584,6569.149581426267,81548.26702819737,20800.850177135184,0.0017525337131472207,0.0017525337131472207,570.6024326369096
0.9259506337558372,6435.172563344267,39.50701738529151,-318.63889641672165,-2125.2568324080653,6582.921393373924,79795.900997331,20487.042041931185,0.0017184562460102963,0.0017184562460102963,581.9176381835027
0.9266177451634422,6439.786231768305,38.106860419502055,-314.2428189835866,-2072.6085882573716,6596.483860334782,78043.53496646494,20173.23390672724,0.0016838111444766604,0.0016838111444766604,593.8908310948415
0.9272848565710473,6444.398053157166,36.741435763562926,-309.8377637022405,-2021.1293674761594,6609.836982308849,76291.16893559857,19859.42577152324,0.0016486437423996873,0.0016486437423996873,606.5591821216922
0.9279519679786523,6449.008397379803,35.409963548648996,-305.42387022911356,-1970.8191700644463,6622.980759296121,74538.8029047325,19545.617636319294,0.0016129980685218323,0.0016129980685218323,619.9635446038754
0.9286190793862574,6453.617616623422,34.11166390593429,-301.0012782206329,-1921.6779960222154,6635.915191296599,72786.43687386614,19231.8095011153,0.001576916748530357,0.001576916748530357,634.1488863834901
0.9292861907938625,6458.22604570132,32.8457569665935,-296.5701273332284,-1873.7058453494753,6648.640278310286,71034.07084299976,18918.0013659113,0.0015404409210753713,0.0015404409210753713,649.1647854316327
0.9299533022014675,6462.834002374058,31.61146286180128,-292.1305572233294,-1826.9027180462333,6661.156020337176,69281.70481213368,18604.193230707355,0.0015036101672839816,0.0015036101672839816,665.0660003226311
0.9306204136090727,6467.441787682994,30.408001722731658,-287.68270754736324,-1781.2686141124739,6673.462417377272,67529.33878126733,18290.385095503356,0.0014664624532224125,0.0014664624532224125,681.9131289741478
0.9312875250166777,6472.049686295207,29.234593680559513,-283.22671796176024,-1736.8035335482125,6685.559469430575,65776.97275040126,17976.576960299408,0.0014290340846907245,0.0014290340846907245,699.77337189716
0.9319546364242828,6476.657966858916,28.090458866458906,-278.76272812294786,-1693.5074763534344,6697.447176497085,64024.60671953489,17662.768825095412,0.0013913596736812993,0.0013913596736812993,718.7214197132588
0.9326217478318879,6481.266882368458,26.974817411604484,-274.2908776873554,-1651.3804425281467,6709.125538576801,62272.24068866853,17348.960689891413,0.0013534721157926225,0.0013534721157926225,738.8404890885975
0.9332888592394929,6485.87667053799,25.88688944717089,-269.8113063114127,-1610.422432072357,6720.59455566972,60519.87465780245,17035.152554687465,0.0013154025778619924,0.0013154025778619924,760.2235367558452
0.933955970647098,6490.487554183072,24.825895104332204,-265.32415365154696,-1570.6334449860506,6731.854227775849,58767.50862693609,16721.34441948347,0.0012771804950646101,0.0012771804950646101,782.9746882796013
0.934623082054703,6495.099741609316,23.791054514263244,-260.8295593641884,-1532.013481269241,6742.904554895181,57015.14259607001,16407.536284279522,0.0012388335767204164,0.0012388335767204164,807.210927110416
0.9352901934623081,6499.713427007388,22.781587808138127,-256.32766310576454,-1494.5625409219158,6753.745537027723,55262.77656520365,16093.728149075523,0.001200387820052754,0.001200387820052754,833.064100863713
0.9359573048699132,6504.328790853585,21.796715117131477,-251.81860453270477,-1458.2806239440813,6764.37717417347,53510.41053433729,15779.920013871528,0.0011618675311542207,0.0011618675311542207,860.6833164591333
0.9366244162775182,6508.9460003153445,20.835656572417903,-247.30252330143864,-1423.167730335743,6774.799466332421,51758.0445034712,15466.11187866758,0.0011232953524325181,0.0011232953524325181,890.2378148671944
0.9372915276851234,6513.565209661038,19.89763230517155,-242.77955906839364,-1389.22386009689,6785.012413504581,50005.67847260484,15152.303743463583,0.001084692295832958,0.001084692295832958,921.9204412547975
0.9379586390927284,6518.1865606734245,18.98186244656718,-238.24985148999994,-1356.4490132275323,6795.016015689945,48253.31244173877,14838.495608259636,0.0010460777811626657,0.0010460777811626657,955.9518594196195
0.9386257505003335,6522.810183066222,18.087567127778946,-233.71354022268488,-1324.8431897276596,6804.810272888515,46500.9464108724,14524.687473055637,0.0010074696788736086,0.0010074696788736086,992.5857035400212
0.9392928619079386,6527.436194903255,17.213966479981462,-229.17076492287805,-1294.406389597278,6814.395185100293,44748.580380006046,14210.87933785164,0.0009688843566971555,0.0009688843566971555,1032.1149196885738
0.9399599733155436,6532.064703019702,16.36028063434932,-224.62166524700905,-1265.1386128363918,6823.770752325275,42996.21434913997,13897.071202647696,0.000930336729559957,0.000930336729559957,1074.8796303817794
0.9406270847231487,6536.6958034449935,15.525729722056692,-220.0663808515051,-1237.039859444991,6832.936974563465,41243.8483182736,13583.263067443695,0.0008918403122500577,0.0008918403122500577,1121.276966587283
0.9412941961307537,6541.329581826921,14.709533874278309,-215.50505139279662,-1210.1101294230855,6841.89385181486,39491.48228740753,13269.45493223975,0.0008534072743418267,0.0008534072743418267,1171.7734662752084
0.9419613075383588,6545.9661138566225,13.910913222188364,-210.93781652731087,-1184.3494227706658,6850.641384079463,37739.116256541165,12955.646797035752,0.0008150484969280167,0.0008150484969280167,1226.9208565736644
0.9426284189459639,6550.605465694065,13.12908789696144,-206.36481591147734,-1159.757739487737,6859.17957135727,35986.750225674805,12641.838661831753,0.0007767736307473009,0.0007767736307473009,1287.3763480332648
0.943295530353569,6555.247694393724,12.363278029772127,-201.78618920172573,-1136.3350795743022,6867.508413648282,34234.38419480873,12328.030526627808,0.000738591155334274,0.000738591155334274,1353.9290211882062
0.9439626417611741,6559.892848330192,11.612703751794625,-197.2020760544833,-1114.0814430303546,6875.627910952504,32482.018163942364,12014.22239142381,0.0007005084388571444,0.0007005084388571444,1427.5345513773766
0.9446297531687791,6564.540967623447,10.876585194203631,-192.61261612618034,-1092.9968298559006,6883.538063269927,30729.652133076288,11700.414256219865,0.0006625317983449794,0.0006625317983449794,1509.3615166819532
0.9452968645763842,6569.192084563584,10.15414248817337,-188.01794907324424,-1073.081240050934,6891.238870600561,28977.28610220992,11386.606121015866,0.0006246665600412632,0.0006246665600412632,1600.8540619397709
0.9459639759839893,6573.846224034797,9.444595764878411,-183.41821455210447,-1054.3346736154583,6898.730332944401,27224.92007134356,11072.797985811867,0.0005869171196542741,0.0005869171196542741,1703.8180801218648
0.9466310873915943,6578.503403938458,8.74716515549333,-178.81355221919068,-1036.7571305494755,6906.012450301445,25472.554040477484,10758.989850607923,0.0005492870023059041,0.0005492870023059041,1820.541894860073
0.9472981987991994,6583.163635615151,8.061070791192346,-174.20410173093006,-1020.3486108529805,6913.085222671695,23720.18800961112,10445.181715403924,0.0005117789220103428,0.0005117789220103428,1953.9687099106252
0.9479653102068044,6587.826924265531,7.38553280315015,-169.5900027437531,-1005.1091145259788,6919.948650055152,21967.821978745043,10131.373580199977,0.0004743948405415219,0.0004743948405415219,2107.948726547067
0.9486324216144095,6592.493269369926,6.719771322540969,-164.971394914087,-991.0386415684649,6926.602732451816,20215.45594787868,9817.56544499598,0.0004371360255734744,0.0004371360255734744,2287.6174497128436
0.9492995330220146,6597.162665106594,6.0630064805393715,-160.34841789836136,-978.1371919804417,6933.047469861685,18463.089917012316,9503.757309791981,0.00040000310800146683,0.00040000310800146683,2499.9805751417634
0.9499666444296196,6601.835100768577,5.414458408319922,-155.72121135300569,-966.404765761911,6939.282862284761,16710.723886146243,9189.949174588035,0.00036299613837277974,0.00036299613837277974,2754.850242988116
0.9506337558372248,6606.5105611791105,4.77334723705686,-151.08991493444734,-955.8413629128687,6945.308909721041,14958.357855279877,8876.141039384038,0.0003261146423755484,0.0003261146423755484,3066.4063186970184
0.9513008672448298,6611.189027105566,4.138893097924856,-146.45466829911672,-946.4469834333188,6951.125612170528,13205.991824413806,8562.332904180092,0.00028935767535143023,0.00028935767535143023,3455.9304458935867
0.9519679786524349,6615.870475671907,3.510316122098153,-141.81561110344097,-938.2216273232577,6956.732969633224,11453.625793547439,8248.524768976093,0.0002527238758131164,0.0002527238758131164,3956.8877170096794
0.95263509006004,6620.554880769653,2.886836440751315,-137.1728830038498,-931.1652945826874,6962.130982109124,9701.259762681075,7934.716633772095,0.00021621151796164176,0.00021621151796164176,4625.100500785581
0.953302201467645,6625.24221346738,2.2676741850589,-132.52662365677273,-925.2779852116087,6967.319649598229,7948.893731815002,7620.908498568149,0.00017981856320994954,0.00017981856320994954,5561.161106778708
0.9539693128752501,6629.932442418759,1.652049486195156,-127.876972718637,-920.5596992100195,6972.298972100542,6196.527700948636,7307.10036336415,0.0001435427107295223,0.0001435427107295223,6966.567615434692
0.9546364242828551,6634.625534269168,1.039182475334746,-123.22406984587306,-917.0104365779214,6977.068949616059,4444.161670082563,6993.292228160205,0.00010738144704538837,0.00010738144704538837,9312.595681238272
0.9553035356904602,6639.321454060916,0.42829328365192243,-118.56805469490811,-914.6301973153132,6981.629582144786,2691.795639216198,6679.484092956207,7.133209471155637e-05,7.133209471155637e-05,14018.935011563482
0.9559706470980653,6644.018292629446,-0.1746580675234601,-113.91007850272571,-881.8819656476552,6981.247523719232,99317.23113001078,-8399.708739751419,0.001968705115369201,0.001968705115369201,507.94808841265444
0.9566377585056703,6648.70595019648,-0.7334090655682782,-109.25584056424857,-782.0671358417717,6970.414732655905,199927.62862805807,-24076.99886810818,0.003983804522311457,0.003983804522311457,251.0163323525188
0.9573048699132755,6653.373175591304,-1.2031847455656786,-104.61231779628817,-615.1339621412335,6949.123442507613,300538.02612612204,-39754.28899646754,0.006079103526771561,0.006079103526771561,164.4979388155068
0.9579719813208805,6658.011194740708,-1.5392096946438416,-99.98648718289208,-381.08244454609644,6917.373653274364,401148.4236241693,-55431.57912482431,0.00828189591687134,0.00828189591687134,120.745299148576
0.9586390927284856,6662.6150510363295,-1.696708499931206,-95.3853257081048,-79.91258305628241,6875.165364956145,501758.82112223335,-71108.86925318367,0.010595579885023226,0.010595579885023226,94.378977918282
0.9593062041360907,6667.18504015617,-1.6309057485560228,-90.8158103559731,288.37562232817515,6822.498577552965,602369.2186202974,-86786.15938154305,0.01298523378714739,0.01298523378714739,77.01055032138017
0.9599733155436957,6671.728217481316,-1.2970260276466925,-86.28491811054373,723.7821716071983,6759.373291064832,702979.6161183447,-102463.4495098998,0.01536133295928122,0.01536133295928122,65.09851733900516
0.9606404269513008,6676.259895771565,-0.6502939243314323,-81.7996259558612,1226.3070647809318,6685.789505491724,803590.0136164087,-118140.73963825918,0.017568282239817844,0.017568282239817844,56.92076131003508
0.9613075383589058,6680.804970224792,0.35406597426120845,-77.36691087597296,1795.950301849209,6601.747220833669,904200.411114456,-133818.02976661595,0.01939004420644643,0.01939004420644643,51.572858181908586
0.9619746497665109,6685.39882696554,1.7608290810032368,-72.9937498549236,2432.711882812218,6507.246437090638,1004810.80861252,-149495.31989497528,0.020586231755817676,0.020586231755817676,48.576155746298724
0.962641761174116,6690.075692503613,3.6146811000826258,-68.6999981210002,3135.976739966094,6313.990327261894,1102609.8225285453,-568764.3581368681,0.02495969296773047,0.02495969296773047,40.06459539758224
0.963308872581721,6694.74565444522,5.959223027583245,-64.66122755481926,3903.6697726660896,5724.085177369733,1198933.8895062753,-1199771.2812400027,0.034716022484392955,0.034716022484392955,28.80514322888122
0.9639759839893262,6699.280778034465,8.837335651984851,-61.15640035637099,4735.621689273982,4713.228110797537,1295257.9564840214,-1830778.204343242,0.04953631921928857,0.04953631921928857,20.187208411129134
0.9646430953969312,6703.659477230682,12.2915485287451,-58.46541168062864,5624.964777045254,3300.232318675904,1298630.2030477596,-2207155.903936573,0.060210364592372896,0.060210364592372896,16.60843621808386
0.9653102068045363,6708.041128194351,16.309015406236608,-56.71646197989898,6383.453482630759,2000.7716077685209,975318.9362974315,-1688627.3073635052,0.042524451368330086,0.042524451368330086,23.51588245873869
0.9659773182121414,6712.603028603214,20.760535911785052,-55.719014974256545,6926.257553959858,1047.2272388045,652007.6695471033,-1170098.7107904374,0.02556408692923442,0.02556408692923442,39.11737598014605
0.9666444296197464,6717.3686195168775,25.502223604360466,-55.2423027104399,7253.305669275823,439.9005412075225,324240.58623064205,-632744.6015015492,0.01233264967288075,0.01233264967288075,81.08557581092893
0.9673115410273515,6722.25363044729,30.382267984312225,-55.02207864284535,7330.795941148398,321.6021204387555,-91924.75115668017,278085.93603680923,0.005234522009729092,0.005234522009729092,191.03941069334698
0.9679786524349565,6727.104975204477,35.22140239085565,-54.678095869297096,7130.657569000114,810.9291416567938,-508090.08854393323,1188916.4735750163,0.024050887823405264,0.024050887823405264,41.57850667894447
0.9686457638425616,6731.799721728077,39.834700764857,-53.807393260314576,6656.830591765506,1874.589749287892,-887708.3395889845,1790937.798729872,0.04107496745610845,0.04107496745610845,24.345728357997405
0.9693128752501667,6736.33006361267,44.05553561328413,-52.16162572703484,5963.533309827582,3054.459580660714,-1190796.9116607714,1746311.9557256142,0.04671388930198985,0.04671388930198985,21.406909485428
0.9699799866577717,6740.745183474427,47.74642102614707,-49.73868365946483,5068.042183945991,4204.559003091212,-1493885.4837325076,1701686.1127213635,0.052198445791394675,0.052198445791394675,19.157658524860867
0.9706470980653769,6745.135059380186,50.7724711836046,-46.5584272370181,3970.3572141204345,5324.888016579768,-1796974.055804294,1657060.2697171054,0.055104533233413786,0.055104533233413786,18.147327294546958
0.9713142094729819,6749.640329652379,52.99989084759029,-42.64229880883926,2686.6827309539112,6391.938066423931,-1939548.710245213,1379567.651428973,0.0483115803441987,0.0483115803441987,20.69897098946963
0.971981320880587,6754.35673490351,54.37747812148875,-38.131563636420545,1468.5920439183756,7040.737278602081,-1712287.1694870787,565532.386680996,0.03463620910286459,0.03463620910286459,28.87151988920447
0.9726484322881921,6759.158769546039,54.993033171330666,-33.369145270856365,402.11012323250657,7146.484279474008,-1485025.6287289448,-248502.87806698086,0.02866694077758551,0.02866694077758551,34.88338737497562
0.9733155436957971,6763.84257813669,54.94565330298127,-28.68557632592483,-524.3650351573837,6889.481114967689,-1301696.465575282,-379802.85606560705,0.02779155455338934,0.02779155455338934,35.982154149705316
0.9739826551034022,6768.4009867706845,54.31893234537408,-24.17045615966389,-1335.4457953322965,6652.218566699938,-1129923.6534289452,-331510.26364106947,0.025481903338849365,0.025481903338849365,39.24353635214578
0.9746497665110072,6772.9122786075095,53.18935284278691,-19.80287053550716,-2031.9349530078716,6447.17255774145,-958150.8412826371,-283217.67121653986,0.021861835235429106,0.021861835235429106,45.74181395253626
0.9753168779186123,6777.430220740998,51.63336016046234,-15.561327432566454,-2613.8325081843404,6274.343088092158,-786378.0291363004,-234925.0787920022,0.017667912596509603,0.017667912596509603,56.599781923165935
0.9759839893262174,6781.985151389152,49.7273996636435,-11.424334829955754,-3081.138460861577,6133.730157752098,-614605.2169899637,-186632.4863674646,0.013434535285350567,0.013434535285350567,74.43502724582002
0.9766511007338224,6786.587816680826,47.5479167175738,-7.370400706788984,-3433.852811039534,6025.33376672129,-442832.4048436555,-138339.89394293496,0.009423578477817728,0.009423578477817728,106.11680078368443
0.9773182121414276,6791.234001905933,45.17135668749546,-3.378033042178056,-3671.975558718327,5949.153914999693,-271059.59269731876,-90047.30151839735,0.005686986091089513,0.005686986091089513,175.840064312241
0.9779853235490326,6795.909104940328,42.67416493865224,0.5742601847624496,-3795.5067038978777,5905.190602587334,-99286.78055101063,-41754.70909386774,0.0021530996282240634,0.0021530996282240634,464.4466920580112
0.9786524349566377,6800.592703667269,40.131608191235124,4.507643235162538,-3816.160497397581,5890.186309325237,-5130.59105404244,-15045.888166953706,0.0002535034499781416,0.0002535034499781416,3944.7194903510203
0.9793195463642428,6805.272570714013,37.58467966614556,8.433749533173991,-3819.5052446219415,5880.346045322735,-4896.9611245891,-14455.223312547847,0.0002436727485276956,0.0002436727485276956,4103.864736792022
0.9799866577718478,6809.948229887058,35.03557180908255,12.353422712858393,-3822.694134655205,5870.899820582679,-4663.331195135799,-13864.558458142086,0.00023376197757063536,0.00023376197757063536,4277.855664948043
0.9806537691794529,6814.619850695183,32.48438859415539,16.26692564230406,-3825.7271674973726,5861.847635105067,-4429.70126568246,-13273.893603736227,0.00022377413995625808,0.00022377413995625808,4468.79161370243
0.9813208805870579,6819.2876019059895,29.931233995475086,20.174521189596714,-3828.604343148443,5853.189488889901,-4196.071336229159,-12683.228749330465,0.00021371226955600945,0.00021371226955600945,4679.188528003167
0.981987991994663,6823.951651576473,27.376211987150906,24.076472222824687,-3831.325661608418,5844.925381937181,-3962.4414067758194,-12092.563894924606,0.000203579429898653,0.000203579429898653,4912.087633302762
0.9826551034022681,6828.612167083965,24.819426543293424,27.973041610074333,-3833.8911228772977,5837.055314246905,-3728.8114773224793,-11501.899040518747,0.0001933787128236809,0.0001933787128236809,5171.200001273053
0.9833222148098731,6833.269315157456,22.260981638013185,31.864492219432037,-3836.3007269550794,5829.579285819077,-3495.1815478691788,-10911.234186112986,0.00018311323715301272,0.00018311323715301272,5461.10164151804
0.9839893262174783,6837.923261909265,19.700981245419502,35.751086918986125,-3838.5544738417666,5822.497296653693,-3261.5516184158387,-10320.569331707127,0.00017278614738094642,0.00017278614738094642,5787.500995639843
0.9846564376250833,6842.57417286704,17.139529339623348,39.6330885768223,-3840.6523635373555,5815.809346750756,-3027.9216889625377,-9729.904477301365,0.0001624006123821905,0.0001624006123821905,6157.612248694107
0.9853235490326884,6847.222213006083,14.57672989473401,43.510760061028904,-3842.594396041849,5809.515436110263,-2794.291759509198,-9139.239622895506,0.00015195982413761176,0.00015195982413761176,6580.686741874748
0.9859906604402935,6851.867546781974,12.012686884862056,47.384364239692296,-3844.3805713552465,5803.615564732215,-2560.6618300558584,-8548.574768489647,0.00014146699647730088,0.00014146699647730088,7068.78653609116
0.9866577718478985,6856.510338163482,9.44750428411805,51.25416398089885,-3846.0108894775476,5798.109732616615,-2327.0319006025584,-7957.909914083888,0.0001309253638403375,0.0001309253638403375,7637.939438682733
0.9873248832555036,6861.150750665745,6.8812860666112705,55.12042215273689,-3847.485350408753,5792.997939763458,-2093.4019711492183,-7367.245059678029,0.00012033818005058189,0.00012033818005058189,8309.914605486545
0.9879919946631086,6865.788947383699,4.31413620645271,58.98340162329214,-3848.8039541488615,5788.280186172748,-1859.7720416959173,-6776.5802052722665,0.00010970871710770332,0.00010970871710770332,9115.0459723112
0.9886591060707137,6870.425091025743,1.7461586777516485,62.84336526065292,-3849.9667006978734,5783.956471844483,-1626.1421122425777,-6185.915350866408,9.904026399249044e-05,9.904026399249044e-05,10096.903619681621
0.9893262174783188,6875.059343947613,-0.8225425453813333,66.7005759329056,-3850.973590055789,5780.026796778663,-1392.5121827892383,-5595.250496460549,8.833612548548381e-05,8.833612548548381e-05,11320.396887503619
0.9899933288859238,6879.691868186469,-3.3918634888356873,70.55529650813654,-3851.8246222226085,5776.491160975289,-1158.8822533359373,-5004.585642054788,7.7599620997779e-05,7.7599620997779e-05,12886.66087723059
0.990660440293529,6884.32282549515,-5.961700178502117,74.40778985443406,-3852.5197971983316,5773.34956443436,-925.2523238825972,-4413.920787648929,6.683408341282419e-05,6.683408341282419e-05,14962.425590894227
0.991327551701134,6888.952377376597,-8.531948640269643,78.25831883988393,-3853.059114982959,5770.602007155878,-691.6223944292965,-3823.2559332431674,5.604285793795588e-05,5.604285793795588e-05,17843.486874047063
0.9919946631087391,6893.580685118426,-11.102504900028968,82.1071463325744,-3853.4425755764896,5768.248489139841,-457.99246497595686,-3232.591078837309,4.522930096428056e-05,4.522930096428056e-05,22109.561250786104
0.9926617745163442,6898.207909827621,-13.67326498366955,85.95453520059189,-3853.670178978924,5766.289010386248,-224.362535522617,-2641.926224431449,3.4396778933543996e-05,3.4396778933543996e-05,29072.489663408352
0.9933288859239492,6902.834212465339,-16.2441249170808,89.8007483120228,-3853.741925190263,5764.723570895103,9.267393930683511,-2051.261370025689,2.3548667210473115e-05,2.3548667210473115e-05,42465.248290368494
0.9939959973315543,6907.459753881814,-18.81498072615344,93.64604853495536,-3853.657814210504,5763.5521706664,242.89732338402337,-1460.5965156198295,1.2688348959089204e-05,1.2688348959089204e-05,78812.4604094891
0.9946631087391593,6912.08469485132,-21.385728436776493,97.49069873747537,-3853.41784603965,5762.774809700146,476.52725283732434,-869.9316612140683,1.819214021449313e-06,1.819214021449313e-06,549687.935674182
0.9953302201467644,6916.709196107202,-23.956264074840664,101.3349617876711,-3853.022020677699,5762.391487996336,710.1571822906642,-279.26680680820937,9.055342202823104e-06,9.055342202823104e-06,110432.04967872323
0.9959973315543695,6921.333418376938,-26.526483666235393,105.17910055362898,-3852.4703381246527,5762.402205554972,943.7871117440038,311.39804759764957,1.993191987778342e-05,1.993191987778342e-05,50170.78164731251
0.9966644429619745,6925.957522417222,-29.09628323685009,109.02337790343532,-3851.7627983805096,5762.806962376051,1177.4170411973046,902.0629020034103,3.0807115854867236e-05,3.0807115854867236e-05,32460.033088167496
0.9973315543695797,6930.581669049045,-31.66555881257552,112.86805670517847,-3850.899401445269,5763.605758459578,1411.0469706506437,1492.7277564092692,4.167752480067313e-05,4.167752480067313e-05,23993.747344224463
0.9979986657771847,6935.206019192757,-34.23420641930065,116.7133998269442,-3849.880147318934,5764.79859380555,1644.676900103945,2083.3926108150304,5.253974033045138e-05,5.253974033045138e-05,19033.211692909954
0.9986657771847898,6939.830733903102,-36.80212208291621,120.55967013682071,-3848.705036001502,5766.385468413968,1878.3068295572846,2674.0574652208898,6.339035614897669e-05,6.339035614897669e-05,15775.270257984552
0.9993328885923949,6944.455974404185,-39.36920182931165,124.40713050289449,-3847.374067492973,5768.366382284832,2111.9367590106244,3264.7223196267482,7.422596720036625e-05,7.422596720036625e-05,13472.374126167879
1.0,6949.081902124378,-41.935341684376795,128.2560437932525,-3845.887241793348,5770.741335418139,2345.566688463964,3855.3871740326076,8.504317082847874e-05,8.504317082847874e-05,11758.733714396336
