u,s,X,Y,dx,dy,ddx,ddy,Curvature,ICC,Radius_m
0.0,0.0,-1371.3267674889448,-651.9209646451632,4883.904600456805,57400.32733396684,53619.38632356132,-4593.415878565434,1.6216162675008475e-05,1.6216162675008475e-05,61666.870272653905
0.00066711140760507,38.43076632111069,-1368.057079783195,-613.6295433822395,4918.0913597024355,57397.39891150162,48872.517894834324,-4185.994672149618,1.4780550116908751e-05,1.4780550116908751e-05,67656.48044831656
0.00133422281521014,76.86153317000208,-1364.765641967901,-575.3399850444641,4949.111428868859,57394.74228437091,44125.64946610732,-3778.5734657338016,1.3344922751009022e-05,1.3344922751009022e-05,74934.8661403371
0.00200133422281521,115.29231152223659,-1361.4545665781395,-537.0521083140695,4976.964807956081,57392.3574525747,39378.78103738032,-3371.1522593179857,1.1909288054279648e-05,1.1909288054279648e-05,83968.07562653975
0.00266844563042028,153.7231090911428,-1358.1259661489867,-498.7657318732872,5001.651496964097,57390.24441611298,34631.91260865332,-2963.7310529021693,1.0473651675738198e-05,1.0473651675738198e-05,95477.68352049177
0.00333555703802535,192.1539306787575,-1354.7819532155193,-460.4806744043494,5023.17149589291,57388.403174985775,29885.044179926328,-2556.309846486354,9.038017633067409e-06,9.038017633067409e-06,110643.73191099986
0.00400266844563042,230.5847785267752,-1351.4246403128118,-422.1967545894871,5041.5248047425175,57386.83372919305,25138.175751199324,-2148.8886400705373,7.602388509261507e-06,7.602388509261507e-06,131537.60805328004
0.00466977985323549,269.0156526674944,-1348.0561399759424,-383.91379111093295,5056.711423512922,57385.53607873484,20391.307322472327,-1741.4674336547214,6.166765649286392e-06,6.166765649286392e-06,162159.55930086598
0.00533689126084056,307.4465512747689,-1344.678564739986,-345.6316026509184,5068.731352204121,57384.51022361112,15644.438893745328,-1334.0462272389054,4.7311493567438485e-06,4.7311493567438485e-06,211365.13024569507
0.00600400266844563,345.87747101495324,-1341.2940271400194,-307.35000789167543,5077.584590816118,57383.75616382192,10897.570465018323,-926.6250208230892,3.295539090533124e-06,3.295539090533124e-06,303440.4910785715
0.0066711140760507,384.3084073978482,-1337.9046397111185,-269.06882551543566,5083.27113934891,57383.27389936721,6150.702036291326,-519.2038144072733,1.8599336615065257e-06,1.8599336615065257e-06,537653.5844778523
0.00733822548365577,422.7393551276435,-1334.5125149883597,-230.7878742044311,5085.790997802498,57383.06343024699,1403.8336075643274,-111.7826079914571,4.2433142911781e-07,4.2433142911781e-07,2356648.438884227
0.00800533689126084,461.170308453859,-1331.1197655068188,-192.50697264089348,5085.14416617688,57383.12475646127,-3343.034821162668,295.63859842435863,1.0112695019357177e-06,1.0112695019357177e-06,988856.084442232
0.00867244829886591,499.60126152228463,-1327.7285038015727,-154.22593950705465,5081.330644472061,57383.45787801007,-8089.903249889672,703.059804840175,2.446871085075371e-06,2.446871085075371e-06,408685.2004993132
0.00933955970647098,538.0322087259203,-1324.3408424076965,-115.94459348514636,5074.350432688036,57384.062794893354,-12836.771678616664,1110.4810112559906,3.882475135204664e-06,3.882475135204664e-06,257567.65083500918
0.01000667111407605,576.4631450559152,-1320.9588938602672,-77.66275325740044,5064.203530824806,57384.939507111136,-17583.640107343672,1517.9022176718074,5.318083132071359e-06,5.318083132071359e-06,188037.6773295205
0.01067378252168112,614.8940664687867,-1317.584763641923,-39.38023811129278,5051.016517123034,57386.07715165223,-20815.94471642628,1795.3427602309241,6.295643350684547e-06,6.295643350684547e-06,158840.00161655704
0.011340893929286189,653.3249719631062,-1314.2197085686848,-1.0969401673147028,5037.562907196725,57387.23770394737,-19517.97784264547,1683.993020626877,5.903104462582637e-06,5.903104462582637e-06,169402.3892578203
0.01200800533689126,691.7558644312729,-1310.863339730051,37.18710721692663,5024.97518577861,57388.323973561004,-18220.01096886465,1572.6432810228293,5.510563288845629e-06,5.510563288845629e-06,181469.65157340266
0.01267511674449633,730.1867468072019,-1307.5150794819203,75.4718544866067,5013.253352868688,57389.3359604931,-16922.044095083835,1461.2935414187823,5.118020269382502e-06,5.118020269382502e-06,195388.04994233674
0.0133422281521014,768.6176216564697,-1304.1743501801914,113.75725208690153,5002.397408466957,57390.27366474368,-15624.07722130302,1349.9438018147348,4.7254757876702515e-06,4.7254757876702515e-06,211618.90250484573
0.01400933955970647,807.0484912025516,-1300.8405741807615,152.04325046298666,4992.40735257342,57391.13708631272,-14326.110347522206,1238.5940622106878,4.332930174772874e-06,4.332930174772874e-06,230790.70274942025
0.01467645096731154,845.4793573530601,-1297.5131738395307,190.329800060038,4983.283185188074,57391.92622520026,-13028.14347374139,1127.24432260664,3.940383713360679e-06,3.940383713360679e-06,253782.3909405815
0.01534356237491661,883.9102217259832,-1294.191571512397,228.6168513232313,4975.024906310922,57392.64108140627,-11730.176599960574,1015.8945830025929,3.5478366417298696e-06,3.5478366417298696e-06,281861.90655960294
0.01601067378252168,922.3410856759235,-1290.8751895552584,266.9043546977422,4967.632515941963,57393.28165493075,-10432.20972617976,904.5448433985456,3.155289157822334e-06,3.155289157822334e-06,316928.1641021337
0.016677785190126748,960.7719503203368,-1287.5634503240135,305.1922606287466,4961.106014081196,57393.847945773705,-9134.242852398947,793.1951037944983,2.762741423245563e-06,2.762741423245563e-06,361959.31750472623
0.01734489659773182,999.2028165657708,-1284.2557761745609,343.48051956142046,4955.445400728622,57394.33995393514,-7836.275978618128,681.8453641904507,2.37019356729271e-06,2.37019356729271e-06,421906.4694965919
0.01801200800533689,1037.6336851341036,-1280.9515894627993,381.7690819409391,4950.650675884241,57394.75767941505,-6538.309104837312,570.4956245864034,1.9776456909627197e-06,1.9776456909627197e-06,505651.7477168517
0.01867911941294196,1076.064556588784,-1277.650312544627,420.0578982124786,4946.721839548052,57395.10112221345,-5240.342231056498,459.1458849823563,1.585097870980497e-06,1.585097870980497e-06,630875.8710157298
0.01934623082054703,1114.4954313610688,-1274.3513677759422,458.3469188212147,4943.658891720057,57395.370282330325,-3942.375357275685,347.796145378309,1.1925501638171227e-06,1.1925501638171227e-06,838539.1494133825
0.0200133422281521,1152.9263097762632,-1271.0541775126437,496.6360942123232,4941.461832400253,57395.56515976566,-2644.4084834948644,236.44640577426125,8.000026097100758e-07,8.000026097100758e-07,1249995.9223413086
0.02068045363575717,1191.3571920799584,-1267.7581641106299,534.9253748309795,4940.130661588642,57395.68575451947,-1346.4416097140506,125.09666617021401,4.0745523668347237e-07,4.0745523668347237e-07,2454257.3268651846
0.02134756504336224,1229.7880784642716,-1264.4627499257992,573.2147111223597,4939.665379285225,57395.732066591765,-48.47473593323684,13.74692656616682,1.4908064568285433e-08,1.4908064568285433e-08,67077788.36210188
0.02201467645096731,1268.2189690940847,-1261.1673573140502,611.5040535316398,4940.06598549,57395.70409598254,1249.492137847577,-97.6028130378804,3.7763889097742677e-07,3.7763889097742677e-07,2648032.3501950298
0.022681787858572378,1306.6498641332828,-1257.8714086312812,649.793352503995,4941.3324802029665,57395.60184269178,2547.4590116283907,-208.95255264192755,7.701856144483089e-07,7.701856144483089e-07,1298388.3121685016
0.02334889926617745,1345.0807637642747,-1254.574335914834,688.0825593115255,4943.3672445194825,57395.43364467177,3189.2254941472593,-264.2540548393703,9.642824220932744e-07,9.642824220932744e-07,1037040.5776237106
0.02401601067378252,1383.511668005785,-1251.2758624295352,726.3716501010299,4945.436989995793,57395.26213450447,3015.8714438285156,-249.93342674271014,9.118685289135947e-07,9.118685289135947e-07,1096649.3176285024
0.02468312208138759,1421.942576648769,-1247.9760467679562,764.6606296607542,4947.39108900758,57395.10017779154,2842.5173935097714,-235.61279864605004,8.594546883156395e-07,8.594546883156395e-07,1163528.4717101275
0.02535023348899266,1460.3734894631737,-1244.6749660791727,802.9495043639171,4949.229541554845,57394.94777453297,2669.1633431910277,-221.2921705493899,8.070408980226908e-07,8.070408980226908e-07,1239094.5768053057
0.02601734489659773,1498.8044062112742,-1241.37269751226,841.2382805837366,4950.952347637587,57394.804924728756,2495.809292872283,-206.97154245272966,7.54627155601113e-07,7.54627155601113e-07,1325157.7187192931
0.0266844563042028,1537.235326648144,-1238.0693182162952,879.5269646934318,4952.559507255809,57394.67162837892,2322.4552425535394,-192.65091435606953,7.022134584699225e-07,7.022134584699225e-07,1424068.4053235536
0.02735156771180787,1575.6662505221204,-1234.764905340352,917.8155630662199,4954.051020409506,57394.54788548345,2149.1011922347957,-178.33028625940943,6.497998039103597e-07,6.497998039103597e-07,1538935.5213439716
0.02801867911941294,1614.097177575275,-1231.4595360335077,956.1040820753204,4955.426887098683,57394.433696042346,1975.7471419160518,-164.00965816274928,5.973861890754568e-07,5.973861890754568e-07,1673959.0206255813
0.02868579052701801,1652.5281075438784,-1228.153287444838,994.3925280939515,4956.687107323338,57394.329060055614,1802.393091597308,-149.68903006608915,5.449726109996086e-07,5.449726109996086e-07,1834954.6010500668
0.02935290193462308,1690.9590401588703,-1224.8462367234174,1032.6809074953312,4957.8316810834685,57394.23397752324,1629.039041278563,-135.36840196942893,4.925590666081419e-07,4.925590666081419e-07,2030213.3648380397
0.03002001334222815,1729.3899751463264,-1221.5384610183232,1070.9692266526783,4958.86060837908,57394.14844844525,1455.684990959819,-121.0477738727688,4.4014555272688566e-07,4.4014555272688566e-07,2271975.699412574
0.03068712474983322,1767.8209122279259,-1218.2300374786298,1109.2574919392105,4959.773889210168,57394.072472821616,1282.3309406410756,-106.72714577610864,3.8773206609174e-07,3.8773206609174e-07,2579100.588919033
0.03135423615743829,1806.251851121421,-1214.9210432534142,1147.5457097281471,4960.571523576732,57394.006050652344,1108.9768903223312,-92.40651767944846,3.3531860335824526e-07,3.3531860335824526e-07,2982238.354761448
0.03202134756504336,1844.6827915411018,-1211.611555491751,1185.8338863927058,4961.253511478777,57393.94918193745,935.6228400035882,-78.08588958278838,2.8290516111115254e-07,2.8290516111115254e-07,3534753.4702878864
0.03268845897264843,1883.1137331982668,-1208.3016513427162,1224.1220283061054,4961.819852916297,57393.90186667692,762.2687896848435,-63.76526148612818,2.304917358739917e-07,2.304917358739917e-07,4338550.344150704
0.033355570380253496,1921.5446758016892,-1204.9914079553857,1262.4101418415642,4962.270547889296,57393.86410487076,588.9147393661007,-49.44463338946812,1.7807832411864298e-07,1.7807832411864298e-07,5615506.575262689
0.03402268178785857,1959.9756190580852,-1201.6809024788354,1300.6982333723006,4962.605596397774,57393.83589651897,415.5606890473558,-35.12400529280791,1.2566492227490268e-07,1.2566492227490268e-07,7957670.142925128
0.03468979319546364,1998.4065626725815,-1198.3702120621413,1338.9863092715332,4962.824998441728,57393.81724162155,242.2066387286112,-20.803377196147693,7.325152674005633e-08,7.325152674005633e-08,13651592.594767958
0.03535690460306871,2036.8375063491821,-1195.0594138543781,1377.2743759124792,4962.928754021161,57393.80814017848,68.85258840986808,-6.482749099487634,2.0838133888445897e-08,2.0838133888445897e-08,47988942.06906258
0.03602401601067378,2075.26844979124,-1191.7485850046219,1415.5624396683584,4962.916863136071,57393.80859218977,-104.50146190887631,7.837878997172567,3.1575259918962154e-08,3.1575259918962154e-08,31670364.790867854
0.03669112741827885,2113.6993927019203,-1188.4378026619493,1453.850506912389,4962.789325786458,57393.81859765545,-277.85551222762103,22.158507093832768,8.398865832500502e-08,8.398865832500502e-08,11906369.502062649
0.03735823882588392,2152.1303347846692,-1185.1271439754348,1492.1385840177882,4962.546141972324,57393.83815657549,-451.20956254636394,36.47913519049283,1.3640206496675534e-07,1.3640206496675534e-07,7331267.310679831
0.03802535023348899,2190.561275743685,-1181.8166860941553,1530.4266773577763,4962.187311693668,57393.86726894991,-624.5636128651087,50.799763287153056,1.8881548346595388e-07,1.8881548346595388e-07,5296175.830730081
0.03869246164109406,2228.9922152843806,-1178.5065061671855,1568.7147933055696,4961.712834950489,57393.90593477868,-797.9176631838516,65.1203913838131,2.412289174194366e-07,2.412289174194366e-07,4145439.9857926266
0.03935957304869913,2267.4231531138566,-1175.1966813436018,1607.0029382343887,4961.122711742789,57393.95415406182,-971.2717135025962,79.44101948047332,2.936423703895697e-07,2.936423703895697e-07,3405503.090965105
0.0400266844563042,2305.854088941365,-1171.88728877248,1645.2911185174507,4960.416942070567,57394.01192679934,-1144.625763821341,93.76164757713353,3.460558458946764e-07,3.460558458946764e-07,2889706.999211781
0.04069379586390927,2344.285022478777,-1168.5784056028947,1683.579340527973,4959.595525933821,57394.07925299121,-1317.9798141400838,108.08227567379359,3.9846934739946943e-07,3.9846934739946943e-07,2509603.3271474964
0.04136090727151434,2382.7159534410575,-1165.2701089839234,1721.8676106391763,4958.658463332554,57394.15613263746,-1491.3338644588287,122.40290377045379,4.508828783054828e-07,4.508828783054828e-07,2217870.866505777
0.04202801867911941,2421.146881549726,-1161.9624752676732,1760.155935158444,4957.615459131646,57394.241764071536,-1585.9022476748708,130.21547283835372,4.794756670410919e-07,4.794756670410919e-07,2085611.5726813274
0.04269513008672448,2459.577806670678,-1158.6555433675435,1798.4443173005523,4956.5708233597425,57394.327530804556,-1545.9157964943693,126.91319275842264,4.6738592884615426e-07,4.6738592884615426e-07,2139559.4909515604
0.04336224149432955,2498.008728868765,-1155.349299458116,1836.7327559238074,4955.55286300557,57394.41109454886,-1505.9293453138678,123.61091267849157,4.5529618234525076e-07,4.5529618234525076e-07,2196372.4686839143
0.04402935290193462,2536.4396482228376,-1152.0437257439166,1875.0212495585697,4954.56157806913,57394.49245530445,-1465.9428941333665,120.30863259856052,4.4320642779583904e-07,4.4320642779583904e-07,2256284.966292604
0.04469646430953969,2574.870564810812,-1148.738804429468,1913.3097967352014,4953.5969685504215,57394.57161307133,-1425.956442952865,117.00635251862946,4.3111666545095424e-07,4.3111666545095424e-07,2319557.744198976
0.045363575717144757,2613.3014787096886,-1145.4345177192954,1951.5983959840619,4952.659034449445,57394.6485678495,-1385.969991772364,113.7040724386984,4.190268955593266e-07,4.190268955593266e-07,2386481.6568997973
0.04603068712474983,2651.732389995584,-1142.1308478179235,1989.8870458355143,4951.747775766202,57394.72331963897,-1345.9835405918625,110.40179235876731,4.0693711836549825e-07,4.0693711836549825e-07,2457382.1233526086
0.0466977985323549,2690.163298743749,-1138.827776929877,2028.1757448199182,4950.863192500691,57394.79586843971,-1305.997089411361,107.09951227883624,3.9484733410994195e-07,3.9484733410994195e-07,2532624.4186355793
0.04736490993995997,2728.594205028598,-1135.5252872596802,2066.464491467636,4950.0052846529115,57394.86621425175,-1266.0106382308602,103.7972321989052,3.8275754302917685e-07,3.8275754302917685e-07,2612619.9684685823
0.04803202134756504,2767.025108923732,-1132.2233610118572,2104.753284309027,4949.174052222866,57394.93435707507,-1226.0241870503587,100.49495211897411,3.706677453558867e-07,3.706677453558867e-07,2697833.8755638874
0.048699132755170106,2805.456010501965,-1128.921980390933,2143.0421218744536,4948.36949521055,57395.000296909675,-1186.0377358698572,97.19267203904309,3.585779413190377e-07,3.585779413190377e-07,2788793.96853436
0.04936624416277518,2843.886909835348,-1125.6211276014324,2181.3310026942772,4947.591613615968,57395.064033755574,-1146.0512846893557,93.890391959112,3.4648813114399515e-07,3.4648813114399515e-07,2886101.745241067
0.05003335557038025,2882.317806995192,-1122.320784847879,2219.6199252988577,4946.8404074391165,57395.125567612755,-1106.0648335088542,90.58811187918091,3.3439831505264157e-07,3.3439831505264157e-07,2990445.6900226255
0.05070046697798532,2920.748702052096,-1119.0209343347983,2257.908888218557,4946.115876679997,57395.18489848124,-1066.0783823283534,87.28583179924989,3.223084932634935e-07,3.223084932634935e-07,3102617.588120709
0.05136757838559039,2959.179595075972,-1115.7215582667145,2296.197889983737,4945.418021338612,57395.242026361,-1026.091931147852,83.9835517193188,3.102186659918193e-07,3.102186659918193e-07,3223532.6549511068
0.05203468979319546,2997.6104861360645,-1112.422638848152,2334.4869291247564,4944.746841414956,57395.296951252036,-986.1054799673504,80.68127163938772,2.9812883344975653e-07,2.9812883344975653e-07,3354254.563131779
0.05270180120080053,3036.0413753009834,-1109.124158283635,2372.7760041719785,4944.102336909034,57395.34967315437,-946.1190287868493,77.37899155945668,2.8603899584642943e-07,2.8603899584642943e-07,3496026.8163467012
0.0533689126084056,3074.472262638723,-1105.826098777689,2411.065113655763,4943.4845078208455,57395.40019206799,-906.1325776063478,74.0767114795256,2.739491533880663e-07,2.739491533880663e-07,3650312.4307284746
0.05403602401601067,3112.9031482166884,-1102.5284425348373,2449.3542561064714,4942.893354150387,57395.4485079929,-866.1461264258467,70.77443139959456,2.618593062781166e-07,2.618593062781166e-07,3818844.6086308495
0.05470313542361574,3151.334032101723,-1099.2311717596058,2487.6434300544665,4942.328875897661,57395.4946209291,-826.1596752453454,67.47215131966348,2.4976945471736927e-07,2.4976945471736927e-07,4003692.129334095
0.05537024683122081,3189.764914360128,-1095.934268656518,2525.9326340301072,4941.791073062669,57395.53853087658,-786.1732240648439,64.1698712397324,2.3767959890406904e-07,2.3767959890406904e-07,4207344.696856437
0.05603735823882588,3228.1957950576916,-1092.6377154300988,2564.221866563755,4941.279945645407,57395.58023783536,-746.1867728843429,60.867591159801364,2.2558973903403495e-07,2.2558973903403495e-07,4432825.731710825
0.05670446964643095,3266.626674259713,-1089.3414942848722,2602.511126185771,4940.795493645878,57395.619741805414,-706.2003217038414,57.56531107987028,2.1349987530077684e-07,2.1349987530077684e-07,4683843.485113086
0.05737158105403602,3305.0575520310294,-1086.0455874253637,2640.800411426518,4940.337717064081,57395.65704278676,-666.21387052334,54.263030999939225,2.0141000789561352e-07,2.0141000789561352e-07,4964996.578115813
0.05803869246164109,3343.488428436033,-1082.749977056097,2679.0897208163547,4939.906615900017,57395.6921407794,-626.2274193428385,50.96075092000815,1.893201370077895e-07,1.893201370077895e-07,5282058.294511246
0.05870580386924616,3381.9193035387057,-1079.4546453815972,2717.3790528856434,4939.502190153684,57395.725035783325,-586.2409681623369,47.65847084007707,1.7723026282459333e-07,1.7723026282459333e-07,5642377.233225178
0.05937291527685123,3420.350177402637,-1076.1595746063883,2755.6684061647443,4939.124439825084,57395.75572779853,-546.2545169818361,44.35619076014605,1.651403855314746e-07,1.651403855314746e-07,6055453.950780604
0.0600400266844563,3458.7810500910564,-1072.8647469349955,2793.957779184021,4938.773364914215,57395.784216825035,-506.2680658013346,41.05391068021496,1.5305050531216046e-07,1.5305050531216046e-07,6533790.907520422
0.060707138092061366,3497.2119216668457,-1069.5701445719426,2832.247170473831,4938.448965421078,57395.810502862805,-466.2816146208336,37.75163060028391,1.4096062234877497e-07,1.4096062234877497e-07,7094179.802397067
0.06137424949966644,3535.642792192579,-1066.2757497217544,2870.536578564538,4938.151241345676,57395.83458591189,-426.2951634403321,34.44935052035284,1.2887073682195446e-07,1.2887073682195446e-07,7759713.52892614
0.06204136090727151,3574.0736617305347,-1062.9815445889556,2908.826001986502,4937.880192688003,57395.85646597224,-386.3087122598305,31.147070440421757,1.1678084891096698e-07,1.1678084891096698e-07,8563047.874077316
0.06270847231487658,3612.504530342731,-1059.6875113780707,2947.1154392700855,4937.635819448063,57395.87614304389,-346.322261079329,27.84479036049067,1.0469095879382814e-07,1.0469095879382814e-07,9551923.217833336
0.06337558372248164,3650.9353980909395,-1056.3936322936243,2985.4048889456467,4937.418121625856,57395.893617126836,-306.3358098988284,24.542510280559675,9.26010666474196e-08,9.26010666474196e-08,10799011.676696122
0.06404269513008672,3689.3662650367237,-1053.0998895401403,3023.6943495435507,4937.227099221382,57395.90888822106,-266.3493587183269,21.240230200628588,8.051117264760535e-08,8.051117264760535e-08,12420636.380207326
0.06470980653769179,3727.7971312414484,-1049.806265322144,3061.9838195941543,4937.062752234638,57395.921956326565,-226.36290753782544,17.937950120697515,6.842127696935066e-08,6.842127696935066e-08,14615336.694869792
0.06537691794529686,3766.2279967663203,-1046.5127418441596,3100.2732976278226,4936.925080665626,57395.93282144337,-186.37645635732395,14.635670040766442,5.633137978683825e-08,5.633137978683825e-08,17752094.903126244
0.06604402935290193,3804.6588616723993,-1043.2193013107114,3138.562782174914,4936.814084514348,57395.941483571456,-146.39000517682246,11.333389960835355,4.424148127358651e-08,4.424148127358651e-08,22603221.483839195
0.06671114076050699,3843.089726020632,-1039.925925926325,3176.8522717657897,4936.7297637808015,57395.94794271082,-106.40355399632188,8.03110988090436,3.215158160256676e-08,3.215158160256676e-08,31102668.98721296
0.06737825216811207,3881.5205898718755,-1036.6325978955233,3215.1417649308128,4936.672118464987,57395.95219886149,-66.41710281582039,4.728829800973273,2.006168094631977e-08,2.006168094631977e-08,49846271.73942998
0.06804536357571714,3919.951453286916,-1033.3392994228318,3253.4312602003415,4936.641148566903,57395.95425202343,-26.430651635318895,1.4265497210421927,7.97177947707488e-09,7.97177947707488e-09,125442506.6418087
0.06871247498332221,3958.382316326504,-1030.0460127127749,3291.72075610474,4936.636854086553,57395.95410219667,13.555799545182708,-1.8757303588888874,4.118122633133769e-09,4.118122633133769e-09,242829096.91764805
0.06937958639092728,3996.8131790513694,-1026.7527199698773,3330.010251174367,4936.659235023935,57395.951749381195,53.5422507256842,-5.1780104388199675,1.6208025212349343e-08,1.6208025212349343e-08,61697830.97561277
0.07004669779853234,4035.2440415222513,-1023.459403398663,3368.299743939584,4936.708291379049,57395.94719357701,93.52870190618478,-8.480290518750962,2.8297928088574808e-08,2.8297928088574808e-08,35338276.246583104
0.07071380920613742,4073.6749037999252,-1020.166045203657,3406.589232930754,4936.784023151896,57395.94043478411,133.51515308668627,-11.782570598682057,4.038783108965646e-08,4.038783108965646e-08,24759933.20315003
0.07138092061374249,4112.105765945222,-1016.8726275893838,3444.8787166782367,4936.886430342474,57395.93147300249,173.50160426718776,-15.084850678613122,5.247773404316486e-08,5.247773404316486e-08,19055700.826896667
0.07204803202134756,4150.536628019054,-1013.5791327603675,3483.1681937123926,4937.015512950785,57395.92030823217,213.48805544768925,-18.387130758544195,6.45676367762785e-08,6.45676367762785e-08,15487635.136235774
0.07271514342895263,4188.967490082445,-1010.2855429211331,3521.4576625635827,4937.171270976827,57395.90694047313,253.47450662819074,-21.68941083847529,7.665753911566607e-08,7.665753911566607e-08,13045031.337245675
0.0733822548365577,4227.398352196552,-1006.991840276205,3559.74712176217,4937.353704420602,57395.89136972538,293.4609578086921,-24.991690918406363,8.8747440887369e-08,8.8747440887369e-08,11267930.54539024
0.07404936624416276,4265.829214422686,-1003.6980070301078,3598.036569838514,4937.562813282108,57395.873595988916,333.4474089891927,-28.29397099833737,1.008373419166839e-07,1.008373419166839e-07,9916961.127617214
0.07471647765176784,4304.260076822344,-1000.4040253873657,3636.326005322975,4937.798597561348,57395.85361926374,373.4338601696943,-31.596251078268445,1.12927242028046e-07,1.12927242028046e-07,8855259.209745381
0.07538358905937291,4342.69093945723,-997.1098775525035,3674.6154267459165,4938.061057258319,57395.83143954985,413.4203113501958,-34.898531158199525,1.2501714104491e-07,1.2501714104491e-07,7998903.123538629
0.07605070046697798,4381.121802389282,-993.8155457300459,3712.904832637699,4938.350192373023,57395.807056847254,453.4067625306972,-38.200811238130605,1.371070387896342e-07,1.371070387896342e-07,7293571.568811416
0.07671781187458306,4419.55266568069,-990.521012124517,3751.1942215286826,4938.666002905458,57395.780471155944,493.3932137111987,-41.50309131806168,1.4919693508336216e-07,1.4919693508336216e-07,6702550.554683049
0.07738492328218811,4457.98352939393,-987.2262589404417,3789.483591949228,4939.008488855626,57395.75168247591,533.3796648916993,-44.80537139799269,1.6128682974590563e-07,1.6128682974590563e-07,6200134.267475028
0.07805203468979319,4496.414393591788,-983.9312683823441,3827.7729424296977,4939.377650223526,57395.720690807175,573.3661160722008,-48.10765147792377,1.7337672259562743e-07,1.7337672259562743e-07,5767786.9614154305
0.07871914609739826,4534.845258337377,-980.6360226547489,3866.062271500452,4939.773487009157,57395.68749614972,613.3525672527023,-51.40993155785484,1.854666134493231e-07,1.854666134493231e-07,5391806.004336408
0.07938625750500333,4573.27612369417,-977.340503962181,3904.351577691853,4940.195999212522,57395.65209850356,653.3390184332039,-54.71221163778593,1.975565021221043e-07,1.975565021221043e-07,5061843.013306276
0.0800533689126084,4611.706989726017,-974.0446945091645,3942.6408595342596,4940.645186833618,57395.614497868686,693.3254696137053,-58.014491717717,2.0964638842728082e-07,2.0964638842728082e-07,4769936.6895932285
0.08072048032021346,4650.137856497182,-970.7485765002243,3980.930115558034,4941.121049872447,57395.57469424509,733.3119207942061,-61.31677179764802,2.2173627217624336e-07,2.2173627217624336e-07,4509862.054527402
0.08138759172781854,4688.568724072357,-967.4521321398846,4019.219344293539,4941.623588329006,57395.53268763279,773.2983719747074,-64.61905187757908,2.3382615317834654e-07,2.3382615317834654e-07,4276681.5705053685
0.08205470313542361,4726.99959251669,-964.1553436326701,4057.508544271135,4942.152802203301,57395.48847803179,813.2848231552089,-67.92133195751016,2.4591603124079063e-07,2.4591603124079063e-07,4066428.6706092865
0.08272181454302868,4765.430461895809,-960.858193183105,4095.7977140211806,4942.708691495325,57395.442065442054,853.2712743357104,-71.22361203744124,2.580059061685047e-07,2.580059061685047e-07,3875880.265108722
0.08338892595063375,4803.861332275851,-957.5606629957143,4134.08685207404,4943.291256205082,57395.39344986362,893.2577255162118,-74.52589211737232,2.700957777640287e-07,2.700957777640287e-07,3702390.345670853
0.08405603735823881,4842.292203723484,-954.2627352750224,4172.375956960072,4943.900496332572,57395.34263129647,933.2441766967127,-77.82817219730333,2.821856458273964e-07,2.821856458273964e-07,3543766.3636925984
0.08472314876584389,4880.723076305931,-950.9643922255536,4210.6650272096385,4944.536411877793,57395.28960974061,973.2306278772141,-81.13045227723441,2.942755101560184e-07,2.942755101560184e-07,3398176.0815564366
0.08539026017344896,4919.153950090997,-947.6656160518327,4248.954061353103,4945.199002840747,57395.23438519604,1013.2170790577155,-84.43273235716549,3.0636537054456357e-07,3.0636537054456357e-07,3264076.4790828116
0.08605737158105403,4957.584825147088,-944.3663889583838,4287.243057920821,4945.888269221433,57395.17695766274,1053.2035302382171,-87.73501243709657,3.184552267848424e-07,3.184552267848424e-07,3140158.854028259
0.0867244829886591,4996.01570154325,-941.0666931497319,4325.532015443159,4946.6042110198505,57395.117327140746,1093.1899814187186,-91.03729251702764,3.305450786656891e-07,3.305450786656891e-07,3025305.970479726
0.08739159439626416,5034.4465793491745,-937.7665108304016,4363.820932450475,4947.346828236001,57395.05549363004,1133.1764325992192,-94.33957259695865,3.426349259728446e-07,3.426349259728446e-07,2918558.2793718306
0.08805870580386924,5072.877458635242,-934.4658242049167,4402.109807473132,4948.116120869883,57394.991457130614,1173.1628837797207,-97.64185267688974,3.5472476848883963e-07,3.5472476848883963e-07,2819087.046726657
0.08872581721147431,5111.308339472534,-931.1646154778025,4440.39863904149,4948.912088921497,57394.92521764248,1213.1493349602222,-100.9441327568208,3.6681460599287557e-07,3.6681460599287557e-07,2726172.795909393
0.08939292861907938,5149.739221932862,-927.8628668535833,4478.687425685912,4949.734732390843,57394.85677516562,1253.1357861407237,-104.24641283675189,3.789044382607086e-07,3.789044382607086e-07,2639187.877002225
0.09006004002668445,5188.170106088793,-924.5605605367836,4516.976165936756,4950.584051277923,57394.78612970008,1293.1222373212252,-107.54869291668298,3.909942650645313e-07,3.909942650645313e-07,2557582.269998144
0.09072715143428951,5226.600992013674,-921.2576787319277,4555.264858324384,4951.460045582734,57394.71328124579,1333.1086885017257,-110.85097299661398,4.030840861728562e-07,4.030840861728562e-07,2480871.942860989
0.09139426284189459,5265.0318797815335,-917.9542036709292,4593.553501381394,4952.361673004258,57394.63831490154,1346.6513090393548,-111.99424478387452,4.071792724078536e-07,4.071792724078536e-07,2455920.6908703935
0.09206137424949966,5303.462769360252,-914.6501406816382,4631.842095526054,4953.198733608536,57394.56859504686,1162.8563825871042,-97.02587956361072,3.516144140754211e-07,3.516144140754211e-07,2844024.4767255206
0.09272848565710473,5341.893660415088,-911.3455601774979,4670.130646490544,4953.913182520718,57394.508860759364,979.0614561348534,-82.0575143433469,2.960495807120298e-07,2.960495807120298e-07,3377812.586644767
0.0933955970647098,5380.324552555442,-908.0405439541681,4708.419160936355,4954.505019740804,57394.45911203906,795.266529682603,-67.0891491230831,2.404847673131374e-07,2.404847673131374e-07,4158267.5325871715
0.09406270847231486,5418.755445387905,-904.7351738073063,4746.707645524968,4954.974245268794,57394.41934888596,611.4716032303561,-52.12078390281962,1.8491996881345747e-07,1.8491996881345747e-07,5407744.801259264
0.09472981987991994,5457.186338516797,-901.4295315325714,4784.996106917871,4955.320859104687,57394.38957130003,427.6766767781054,-37.15241868255581,1.293551800983563e-07,1.293551800983563e-07,7730652.914244653
0.09539693128752501,5495.617231544689,-898.1236989256215,4823.28455177655,4955.544861248483,57394.369779281296,243.8817503258549,-22.184053462292013,7.379039601525965e-08,7.379039601525965e-08,13551899.081734197
0.09606404269513008,5534.048124072929,-894.8177577821158,4861.572986762492,4955.646251700185,57394.35997282978,60.08682387360409,-7.215688242028222,1.8225611385049272e-08,1.8225611385049272e-08,54867843.87492835
0.09673115410273515,5572.47901570216,-891.5117898977122,4899.861418537181,4955.625030459789,57394.360151945424,-123.70810257864628,7.752676978235598,3.733917898653482e-08,3.733917898653482e-08,26781520.83527648
0.09739826551034021,5610.909906032855,-888.2058770680694,4938.149853762099,4955.481197527298,57394.37031662827,-307.50302903089323,22.72104219849909,9.290398029749346e-08,9.290398029749346e-08,10763801.47328284
0.09806537691794528,5649.34079466585,-884.9001010888459,4976.438299098739,4955.21475290271,57394.39046687831,-491.2979554831438,37.68940741876288,1.4846879773817128e-07,1.4846879773817128e-07,6735421.955551407
0.09873248832555036,5687.771681202849,-881.5945437557003,5014.726761208583,4954.825696586026,57394.42060269555,-675.0928819353942,52.65777263902669,2.0403363647984942e-07,2.0403363647984942e-07,4901152.659202646
0.09939959973315543,5726.202565246965,-878.2892868642908,5053.015246753118,4954.314028577246,57394.46072407997,-858.8878083876452,67.62613785929051,2.595985016633503e-07,2.595985016633503e-07,3852102.3564951434
0.1000667111407605,5764.63344640324,-874.9844122102763,5091.303762393829,4953.6797488763705,57394.51083103159,-1042.6827348398956,82.59450307955429,3.151633983876334e-07,3.151633983876334e-07,3172957.2822097056
0.10073382254836558,5803.064324279173,-871.6800015893151,5129.592314792202,4952.922857483398,57394.57092355039,-1226.4776612921462,97.56286829981808,3.707283316983976e-07,3.707283316983976e-07,2697392.981590466
0.10140093395597063,5841.495198485242,-868.3761367970656,5167.880910609721,4952.043354398328,57394.64100163637,-1410.2725877443927,112.53123352008159,4.262933065766761e-07,4.262933065766761e-07,2345802.724491366
0.10206804536357571,5879.926068635443,-865.0728996291866,5206.169556507875,4951.041239621163,57394.721065289574,-1594.0675141966433,127.49959874034538,4.818583279274412e-07,4.818583279274412e-07,2075298.7798326092
0.10273515677118078,5918.356934347792,-861.7703718813364,5244.458259148149,4949.916513151902,57394.811114509954,-1777.8624406488943,142.46796396060918,5.374234005681979e-07,5.374234005681979e-07,1860730.2900147948
0.10340226817878585,5956.78779524487,-858.4686353491733,5282.747025192026,4948.669174990544,57394.91114929753,-1961.6573671011447,157.43632918087297,5.929885292175846e-07,5.929885292175846e-07,1686373.2614177957
0.10406937958639093,5995.218650954344,-855.1677718283561,5321.035861300994,4947.29922513709,57395.021169652275,-2145.452293553395,172.4046944011368,6.485537184839729e-07,6.485537184839729e-07,1541892.323642135
0.10473649099399598,6033.649501109493,-851.8678631145434,5359.324774136539,4945.80666359154,57395.14117557423,-2329.247220005642,187.37305962140027,7.041189728540627e-07,7.041189728540627e-07,1420214.5355444956
0.10540360240160106,6072.080345349728,-848.5689910033935,5397.613770360148,4944.191490353894,57395.271167063394,-2513.042146457893,202.34142484166406,7.59684296681488e-07,7.59684296681488e-07,1316336.2785939868
0.10607071380920613,6110.511183321124,-845.271237290565,5435.9028566333045,4942.453705424151,57395.41114411973,-2696.8370729101434,217.30979006192788,8.152496941754071e-07,8.152496941754071e-07,1226618.0621036119
0.1067378252168112,6148.942014676943,-841.9746837717162,5474.192039617494,4940.593308802313,57395.56110674326,-2880.6319993623943,232.2781552821917,8.708151693891042e-07,8.708151693891042e-07,1148349.3112568557
0.10740493662441628,6187.3728390781625,-838.6794122425058,5512.481325974204,4938.610300488377,57395.72105493398,-3064.426925814644,247.24652050245547,9.263807262085883e-07,9.263807262085883e-07,1079469.7813853645
0.10807204803202133,6225.803656193996,-835.3855044985924,5550.770722364919,4936.504680482346,57395.89098869189,-3248.2218522668913,262.214885722719,9.81946368341189e-07,9.81946368341189e-07,1018385.5577462027
0.1087391594396264,6264.234465702428,-832.0930423356341,5589.060235451126,4934.27644878422,57396.070908017,-3432.016778719142,277.1832509429828,1.0375120993041579e-06,1.0375120993041579e-06,963844.1813552665
0.10940627084723148,6302.665267290727,-828.80210754929,5627.34987189431,4931.925605393995,57396.2608129093,-3615.811705171393,292.1516161632466,1.0930779224132605e-06,1.0930779224132605e-06,914847.8617080051
0.11007338225483655,6341.09606065598,-825.5127819352181,5665.639638355957,4929.452150311676,57396.460703368786,-3799.606631623643,307.1199813835104,1.1486438407713778e-06,1.1486438407713778e-06,870591.8793143441
0.11074049366244162,6379.526845505619,-822.2251472890769,5703.929541497552,4926.856083537259,57396.67057939546,-3983.401558075894,322.0883466037742,1.2042098572571032e-06,1.2042098572571032e-06,830420.0418004852
0.11140760507004668,6417.957621557942,-818.9392854065251,5742.219587980581,4924.137405070747,57396.890440989344,-4167.196484528141,337.0567118240377,1.2597759745133342e-06,1.2597759745133342e-06,793791.928272256
0.11207471647765176,6456.388388542641,-815.6552780832212,5780.509784466532,4921.296114912138,57397.1202881504,-4350.991410980391,352.02507704430144,1.3153421949358813e-06,1.3153421949358813e-06,760258.4360556812
0.11274182788525683,6494.819146201326,-812.3732071148239,5818.800137616888,4918.332213061433,57397.36012087865,-4534.786337432642,366.99344226456526,1.3709085206620486e-06,1.3709085206620486e-06,729443.2742434725
0.1134089392928619,6533.249894288054,-809.0931542969912,5857.0906540931355,4915.245699518633,57397.6099391741,-4718.581263884893,381.96180748482914,1.4264749535592422e-06,1.4264749535592422e-06,701028.782527775
0.11407605070046697,6571.6806325698535,-805.8152014253819,5895.381340556762,4912.036574283735,57397.86974303674,-4902.376190337142,396.9301727050929,1.4820414952135614e-06,1.4820414952135614e-06,674744.9401583055
0.11474316210807203,6610.111360827248,-802.5394302956548,5933.67220366925,4908.704837356741,57398.139532466565,-5086.17111678939,411.8985379253564,1.5376081469183961e-06,1.5376081469183961e-06,650360.7580410875
0.1154102735156771,6648.542078854784,-799.2659227034677,5971.963250092088,4905.250488737653,57398.419307463584,-5269.96604324164,426.8669031456202,1.593174909663022e-06,1.593174909663022e-06,627677.4721562201
0.11607738492328218,6686.972786461561,-795.9947604444799,6010.254486486763,4901.673528426467,57398.70906802781,-5453.760969693892,441.835268365884,1.6487417841211966e-06,1.6487417841211966e-06,606523.1133406464
0.11674449633088725,6725.40348347174,-792.7260253143492,6048.545919514756,4897.973956423184,57399.0088141592,-5637.555896146142,456.8036335861478,1.7043087706397549e-06,1.7043087706397549e-06,586748.1393202154
0.11741160773849232,6763.834169725097,-789.4597991087345,6086.837555837557,4894.151772727806,57399.31854585781,-5821.350822598392,471.7719988064116,1.7598758692272e-06,1.7598758692272e-06,568221.8942175291
0.11807871914609738,6802.264845077521,-786.1961636232941,6125.1294021166495,4890.206977340331,57399.6382631236,-6005.14574905064,486.7403640266751,1.8154430795423077e-06,1.8154430795423077e-06,550829.7182482365
0.11874583055370246,6840.695509401562,-782.9352006536867,6163.421465013521,4886.139570260761,57399.96796595657,-6188.94067550289,501.70872924693896,1.871010400882715e-06,1.871010400882715e-06,534470.572439477
0.11941294196130753,6879.12616309197,-779.6769846344521,6201.713751070168,4881.983153155435,57400.30710893058,-6270.480127391734,515.0172716954194,1.8958335665361216e-06,1.8958335665361216e-06,527472.462589161
0.1200800533689126,6917.556808669448,-776.4215592148084,6240.006266328883,4877.7733602391545,57400.65511362691,-6350.47903561546,528.3008078597161,1.920192983815719e-06,1.920192983815719e-06,520780.9883842228
0.12074716477651767,6955.9874492152,-773.1689599973051,6278.299016701337,4873.510199138603,57401.01197992173,-6430.477943839185,541.5843440240127,1.9445518108903196e-06,1.9445518108903196e-06,514257.31852428586
0.12141427618412273,6994.418087818396,-769.9192225844669,6316.592008099203,4869.193669853779,57401.37770781507,-6510.4768520629095,554.8678801883091,1.968910028928286e-06,1.968910028928286e-06,507895.2239094025
0.1220813875917278,7032.8487275762745,-766.6723825788176,6354.885246434156,4864.823772384683,57401.75229730691,-6590.475760286636,568.1514163526057,1.9932676190219695e-06,1.9932676190219695e-06,501688.7799996806
0.12274849899933288,7071.279371594236,-763.4284755828824,6393.178737617868,4860.4005067313155,57402.135748397246,-6670.474668510362,581.4349525169023,2.0176245621867825e-06,2.0176245621867825e-06,495632.3484266864
0.12341561040693795,7109.710022985955,-760.1875371991858,6431.472487562016,4855.923872893675,57402.528061086115,-6750.473576734088,594.718488681199,2.0419808393602683e-06,2.0419808393602683e-06,489720.55992126244
0.12408272181454302,7148.140684873464,-756.9496030302522,6469.766502178268,4851.393870871763,57402.92923537347,-6830.472484957812,608.0020248454955,2.066336431401191e-06,2.066336431401191e-06,483948.29844910395
0.12474983322214808,7186.571360387275,-753.7147086786064,6508.060787378301,4846.81050066558,57403.339271259356,-6910.471393181537,621.285561009792,2.090691319088596e-06,2.090691319088596e-06,478310.6864555856
0.12541694462975317,7225.002052666462,-750.4828897467723,6546.355349073788,4842.173762275124,57403.758168743734,-6990.470301405265,634.5690971740889,2.1150454831209025e-06,2.1150454831209025e-06,472803.0711303795
0.12608405603735823,7263.432764858775,-747.2541818372752,6584.650193176402,4837.483655700396,57404.185927826635,-7070.469209628989,647.8526333383852,2.139398904114965e-06,2.139398904114965e-06,467421.0116105879
0.1267511674449633,7301.86350012073,-744.028620552639,6622.945325597815,4832.740180941396,57404.62254850802,-7150.468117852712,661.1361695026816,2.1637515626051637e-06,2.1637515626051637e-06,462160.26704840217
0.12741827885256837,7340.294261617726,-740.8062414953885,6661.240752249706,4827.943337998125,57405.068030787945,-7230.46702607644,674.4197056669785,2.188103439042477e-06,2.188103439042477e-06,457016.78547592065
0.12808539026017343,7378.725052524121,-737.5870802680483,6699.536479043742,4823.093126870581,57405.522374666354,-7310.465934300164,687.7032418312749,2.2124545137935628e-06,2.2124545137935628e-06,451986.6934056692
0.12875250166777852,7417.155876023358,-734.3711724731428,6737.8325118916,4818.189547558764,57405.985580143286,-7390.464842523892,700.9867779955719,2.2368047671398375e-06,2.2368047671398375e-06,447066.2861107374
0.12941961307538358,7455.586735308052,-731.1585537131965,6776.128856704952,4813.232600062676,57406.457647218725,-7470.463750747615,714.2703141598681,2.2611541792765545e-06,2.2611541792765545e-06,442252.0185332719
0.13008672448298864,7494.017633580091,-727.9492595907341,6814.4255193954705,4808.2222843823165,57406.938575892666,-7550.46265897134,727.5538503241646,2.2855027303118893e-06,2.2855027303118893e-06,437540.49677443865
0.13075383589059372,7532.448574050748,-724.7433257082799,6852.722505874834,4803.158600517685,57407.42836616512,-7630.461567195068,740.8373864884614,2.3098504002660177e-06,2.3098504002660177e-06,432928.47012292803
0.13142094729819878,7570.879559940761,-721.5407876683588,6891.019822054708,4798.041548468781,57407.92701803609,-7710.460475418791,754.1209226527578,2.334197169070197e-06,2.334197169070197e-06,428412.8235826537
0.13208805870580387,7609.310594480462,-718.3416810734949,6929.317473846774,4792.871128235605,57408.43453150555,-7790.459383642519,767.4044588170548,2.3585430165658567e-06,2.3585430165658567e-06,423990.57086355134
0.13275517011340893,7647.741680909846,-715.146041526213,6967.615467162699,4787.647339818158,57408.95090657353,-7870.458291866243,780.687994981351,2.3828879225036662e-06,2.3828879225036662e-06,419658.84780233994
0.13342228152101399,7686.172822478699,-711.9539046290377,7005.913807914159,4782.370183216437,57409.47614324002,-7950.457200089968,793.9715311456474,2.407231866542636e-06,2.407231866542636e-06,415414.90618277685
0.13408939292861907,7724.604022446688,-708.765305984493,7044.21250201283,4777.039658430445,57410.010241505006,-8030.456108313694,807.2550673099444,2.431574828249193e-06,2.431574828249193e-06,411256.10792740027
0.13475650433622413,7763.035284083455,-705.5802811951042,7082.511555370382,4771.655765460182,57410.553201368515,-8110.455016537419,820.5386034742407,2.455916787096266e-06,2.455916787096266e-06,407179.9196349573
0.13542361574382922,7801.466610668727,-702.3988658633951,7120.810973898488,4766.218504305645,57411.105022830525,-8190.4539247611465,833.8221396385377,2.480257722462375e-06,2.480257722462375e-06,403183.9074397519
0.13609072715143428,7839.898005492421,-699.2210955918911,7159.1107635088265,4760.7278749668385,57411.665705891064,-8270.45283298487,847.1056758028341,2.5045976136307133e-06,2.5045976136307133e-06,399265.73217099754
0.13675783855903934,7878.329471854725,-696.0470059831159,7197.410930113064,4755.183877443757,57412.23525055007,-8350.451741208595,860.3892119671303,2.528936439788246e-06,2.528936439788246e-06,395423.14479193965
0.13742494996664442,7916.761013066224,-692.8766326395943,7235.71147962288,4749.5865117364065,57412.813656807615,-8430.450649432323,873.6727481314273,2.553274180024782e-06,2.553274180024782e-06,391653.9821000712
0.13809206137424948,7955.192632447979,-689.710011163851,7274.012417949943,4743.935777844782,57413.40092466366,-8510.449557656046,886.9562842957237,2.577610813332073e-06,2.577610813332073e-06,387956.1626711605
0.13875917278185457,7993.624331946082,-686.5471527439717,7312.3137475995545,4738.48935820617,57413.96110150735,-6777.307207704269,647.2650241184132,2.0512077721925155e-06,2.0512077721925155e-06,487517.65352912544
0.13942628418945963,8032.056067028471,-683.3872508102157,7350.615356981041,4735.360889164413,57414.19928658498,-2601.842979485662,66.81383860747599,7.829695805637774e-07,7.829695805637774e-07,1277188.8267740232
0.14009339559706468,8070.487736556885,-680.2285067944933,7388.916996097198,4735.017919941346,57414.05024605519,1573.621248732943,-513.637346903461,4.852709023508387e-07,4.852709023508387e-07,2060704.6397293056
0.14076050700466977,8108.919235837622,-677.0690624580994,7427.2184066254085,4737.4604505369725,57413.513979918,5749.085476951725,-1094.0885324144224,1.753544761532526e-06,1.753544761532526e-06,570273.4380877971
0.14142761841227483,8147.350460281781,-673.9070595623296,7465.519330243051,4742.688480951289,57412.59048817338,9924.549705170328,-1674.5397179253596,3.021883032202885e-06,3.021883032202885e-06,330919.4926949315
0.14209472981987992,8185.781305679181,-670.7406398684785,7503.819508627508,4750.702011184298,57411.27977082137,14100.013933389107,-2254.990903436321,4.29031656590517e-06,4.29031656590517e-06,233083.03353345214
0.14276184122748498,8224.211668472275,-667.567945137841,7542.118683456152,4761.501041235997,57409.58182786193,18275.478161607713,-2835.4420889472576,5.558875896519333e-06,5.558875896519333e-06,179892.48521021055
0.14342895263509006,8262.641446030144,-664.3871171317128,7580.416596406374,4775.08557110639,57407.49665929509,22450.942389826498,-3415.89327445822,6.827591106174404e-06,6.827591106174404e-06,146464.54136593925
0.14409606404269512,8301.070536922462,-661.1962976113884,7618.712989155544,4791.4556007954725,57405.024265120825,26626.406618045097,-3996.3444599691566,8.096491691019248e-06,8.096491691019248e-06,123510.28546218546
0.14476317545030018,8339.498841193581,-657.9936283381634,7657.007603381047,4810.611130303247,57402.16464533915,30801.870846263704,-4576.795645480093,9.365606426816938e-06,9.365606426816938e-06,106773.65185202078
0.14543028685790527,8377.92625967834,-654.7771712807918,7695.300173096344,4834.740459794873,57398.70761788937,74986.56879799801,-9000.057485949146,2.2747946090646253e-05,2.2747946090646253e-05,43960.01274203788
0.14609739826551033,8416.352378589341,-651.5167672698136,7733.587721728343,4967.543720048369,57384.692982827946,323157.6054419943,-33015.818428238934,9.79000378297655e-05,9.79000378297655e-05,10214.50064951824
0.1467645096731154,8454.776331787476,-648.1125459639421,7771.86057707875,5265.904709884265,57354.65715967958,571328.642086001,-57031.57937052972,0.0001730782174952979,0.0001730782174952979,5777.73456689989
0.14743162108072047,8493.198379943686,-644.4540619131562,7810.1080512302315,5729.823429302536,57308.60014844431,819499.6787299972,-81047.3403128195,0.00024825768440163486,0.00024825768440163486,4028.0726955552586
0.14809873248832553,8531.620997639666,-640.4308696674341,7848.319456265448,6359.299878303191,57246.52194912212,1067670.7153739934,-105063.1012551093,0.0003233486739427788,0.0003233486739427788,3092.636774434289
0.14876584389593062,8570.04983411489,-635.9325237767538,7886.484104267065,7154.334056886262,57168.422561713,1315841.752018,-129078.86219740007,0.00039816855723159324,0.00039816855723159324,2511.499167470308
0.14943295530353568,8608.494670191574,-630.8485787910943,7924.591307317747,8114.925965051689,57074.301986216975,1564012.7886619966,-153094.62313968985,0.00047241508387584514,0.00047241508387584514,2116.782537500028
0.15010006671114076,8646.970365628003,-625.0685892604333,7962.630377500158,9241.075602799549,56964.16022263403,1812183.8253060032,-177110.38408198065,0.0005456422990917261,0.0005456422990917261,1832.7024896431155
0.15076717811874582,8685.469894904896,-618.4052233317512,8000.548886292603,10911.724454509305,56632.27498514157,3305452.763816424,-877073.2160193061,0.0010256781638165553,0.0010256781638165553,974.9646968002062
0.15143428952635088,8723.869520325095,-610.270738572396,8038.077027601645,13654.776430781418,55792.05427032987,4918217.061047504,-1641908.4869862457,0.001566300373995983,0.001566300373995983,638.4471437293832
0.15210140093395597,8762.107207229275,-599.9900573251723,8074.906747840538,17239.785915471854,54618.942310176535,5674452.008072784,-1757437.2566642119,0.001810819498025734,0.001810819498025734,552.2361566629148
0.15276851234156102,8800.362099379932,-587.1844928919433,8110.954692206407,21214.305592042045,53455.924413998226,6241157.9822848365,-1729290.396078415,0.001946715093984346,0.001946715093984346,513.6858511500508
0.1534356237491661,8838.925311924933,-571.6014320566661,8146.229181243033,25566.007631752844,52249.014171124596,6798397.985654567,-2380159.519566341,0.0021139370467457073,0.0021139370467457073,473.05098396352264
0.15410273515677117,8877.812555409206,-552.9937884905266,8180.375532537433,30278.91342859003,49852.02921238058,7330893.593263563,-4806001.386748373,0.0025751090895305877,0.0025751090895305877,388.3330628848381
0.15476984656437623,8916.578316760797,-531.1236214127098,8212.383032364145,35347.053119762764,45836.73747099345,7863389.200872557,-7231843.253930405,0.003176665625157419,0.003176665625157419,314.79548621062224
0.15543695797198132,8954.950572934877,-505.75395023993434,8241.17208980746,40770.426705271275,40203.13894696297,8395884.808481572,-9657685.121112537,0.0038955805688395003,0.0038955805688395003,256.7011469353082
0.15610406937958637,8992.989744482848,-476.6477943889241,8265.663113951678,46549.034185115124,32951.23364028962,8928380.416090569,-12083526.988294568,0.00461819407609273,0.00461819407609273,216.5348583284443
0.15677118078719146,9031.165418183096,-443.6444906631234,8284.850714261524,52133.08868282793,24615.557613361947,6820450.0998010505,-11942187.03138285,0.004125127101718583,0.004125127101718583,242.4167729482533
0.15743829219479652,9069.772303645097,-407.62247549552035,8298.739775725171,55449.82480976902,17211.378775484987,3123124.8087685155,-10255541.124572659,0.0031802610866562553,0.0031802610866562553,314.43959245855683
0.15810540360240158,9108.345594406825,-370.199065371881,8308.087884352408,56441.368000415125,11217.20494211139,585124.7329851832,-6232572.988063597,0.0018804653241213665,0.0018804653241213665,531.783270434536
0.15877251501000667,9146.678776024062,-332.4551506301531,8314.783383801241,56656.47690059185,9754.161406718857,59771.74974463369,1846368.4689568896,0.0005474743433327333,0.0005474743433327333,1826.5696140435198
0.15943962641761172,9185.121906543356,-294.75208145171155,8322.290237912594,56068.85088345529,13611.277304151987,-2487383.9346452644,9615089.49377749,0.002983043606047221,0.002983043606047221,335.2280864995744
0.1601067378252168,9223.561057640392,-258.163981353586,8334.074942757024,53228.665473303845,22566.09513387956,-6027491.924988555,17231454.3597451,0.005450168641976529,0.005450168641976529,183.48056100468577
0.16077384923282187,9262.23187292327,-224.37050619842267,8352.874756361945,47500.54958163195,33535.426397839154,-11213846.264372228,15255788.468852717,0.005599160858188289,0.005599160858188289,178.59819093026883
0.16144096064042693,9300.75992966034,-195.56762376678319,8378.463916558481,38265.905514867154,42914.94534835245,-16471616.647789095,12864009.34478664,0.00630838283630323,0.00630838283630323,158.51923162387035
0.16210807204803201,9338.761304204238,-174.01135131736197,8409.75978825607,26322.349884874176,50525.06041537938,-16660408.636488147,9368942.169550449,0.005886115092817723,0.005886115092817723,169.89134331066796
0.16277518345563707,9376.962101663607,-159.7526344582771,8445.199736338202,17033.92427393885,55198.26159534923,-11186291.345096432,4641314.967999378,0.003613275148817529,0.003613275148817529,276.7572240733611
0.16344229486324216,9415.604943069853,-150.48389254424924,8482.714528291237,11230.05409796864,56850.87531555664,-7313072.876251014,1188990.947745535,0.0022050486650340437,0.0022050486650340437,453.50473023894057
0.16410940627084722,9454.198974636154,-144.59248711233877,8520.856245800776,6472.859201561689,57424.95829690092,-6948997.42317727,532109.8303246163,0.002085587731694693,0.002085587731694693,479.481148073031
0.16477651767845228,9492.679421554498,-141.7936470256048,8559.234772208187,1958.5431931292092,57560.82839137332,-6584921.9701035265,-124771.28709630264,0.0019827260293964525,0.0019827260293964525,504.35611636389467
0.16544362908605736,9531.016839823633,-141.91220621063974,8597.572007153633,-2224.300181112278,57354.480765539476,-5822593.306915225,-350127.7780868094,0.001770167339294399,0.001770167339294399,564.9183429170074
0.16611074049366242,9569.295948935745,-144.62040183771293,8635.755195481253,-5787.996164279798,57117.62349567961,-4861367.250621183,-359970.3169530543,0.0014784593764585357,0.0014784593764585357,676.3797612047852
0.1667778519012675,9607.629758423675,-149.49208882532474,8673.778183472094,-8710.44728000645,56874.200155862294,-3900141.194327102,-369812.8558192996,0.0011814288208887456,0.0011814288208887456,846.4327112383602
0.16744496330887257,9646.06043233091,-156.0994854073366,8711.636590825974,-10991.65352829199,56624.21074608749,-2938915.13803306,-379655.3946855444,0.0008888800390172827,0.0008888800390172827,1125.0112007302673
0.16811207471647763,9684.572076436578,-164.01480981761065,8749.326037242732,-12631.614909136551,56367.65526635523,-1977689.0817390184,-389497.93355178926,0.000603858743699973,0.000603858743699973,1656.0164283997676
0.16877918612408271,9723.10541847522,-172.8102802900092,8786.842142422189,-13630.331422540165,56104.533716665486,-1016463.0254449369,-399340.47241803457,0.00032458551580198626,0.00032458551580198626,3080.852198623832
0.16944629753168777,9761.589140421065,-182.1034909045771,8824.186929090189,-14205.455117201704,55865.559171192035,-751237.4229477232,-310969.76821948,0.00024217935700847126,0.00024217935700847126,4129.171091840915
0.17011340893929286,9800.020971346241,-191.73104386605232,8861.393324403834,-14633.615906015673,55689.767122980695,-532388.6219165252,-216054.79231807537,0.00017186503833914725,0.00017186503833914725,5818.5190522965195
0.17078052034689792,9838.419906272165,-201.5955297981474,8898.503567204723,-14915.780163121028,55577.29393794577,-313539.8208853363,-121139.81641667474,0.00010093384198929441,0.00010093384198929441,9907.479793606444
0.17144763175450298,9876.80287312165,-211.59955274908907,8935.559898228796,-15051.947888517781,55528.13961608721,-94691.01985414734,-26224.840515274074,2.968455768087907e-05,2.968455768087907e-05,33687.54928910857
0.17211474316210806,9915.185580748232,-221.64571676710415,8972.604558211995,-15042.11908220594,55542.304157405044,124157.7811770506,68690.13538613051,4.161517225411863e-05,4.161517225411863e-05,24029.697483735166
0.17278185456971312,9953.583311577198,-231.63692041597844,9009.679638555273,-14891.344341810864,55617.22664140655,285265.3514684283,134327.24913255844,9.360435607025255e-05,9.360435607025255e-05,10683.263493095059
0.1734489659773182,9992.004448836384,-241.50772867676883,9046.811174108869,-14701.487950231347,55701.25648158683,283924.1104869426,117594.21172793268,9.176090139677866e-05,9.176090139677866e-05,10897.887714462946
0.17411607738492327,10030.443939933906,-251.25218002428343,9083.995043511775,-14512.52631581094,55774.123521630616,282582.8695054569,100861.17432330761,8.998560436558843e-05,8.998560436558843e-05,11112.888634244835
0.17478318879252833,10068.895201651592,-260.87087136123034,9121.223799932674,-14324.459438549624,55835.827761537876,281241.62852397107,84128.13691868255,8.827579397199482e-05,8.827579397199482e-05,11328.133738646933
0.1754503002001334,10107.351624884019,-270.3643995903179,9158.489996540256,-14137.2873184474,55886.36920130863,279900.3875424853,67395.09951405678,8.662893602364783e-05,8.662893602364783e-05,11543.48703679128
0.17611741160773847,10145.806575607674,-279.7333616142532,9195.786186503212,-13951.00995550428,55925.74784094289,278559.14656099956,50662.06210943171,8.504262614553763e-05,8.504262614553763e-05,11758.809027000774
0.17678452301534356,10184.253478530452,-288.9781622453042,9233.105055800735,-13763.40420637259,55955.500752213,294370.82003431715,45788.476165827495,8.938164813376357e-05,8.938164813376357e-05,11187.978974201236
0.17745163442294862,10222.689212072473,-298.09120830819415,9270.444820186292,-13552.74879812688,55990.645930026505,337174.0938863359,59576.76691903557,0.00010297217245510009,0.00010297217245510009,9711.36158592788
0.17811874583055368,10261.115426550099,-307.0541992113906,9307.811098475007,-13313.538837611644,56034.989433892835,379977.3677383546,73365.05767224364,0.00011655869851935953,0.00011655869851935953,8579.368272835574
0.17878585723815876,10299.534331998153,-315.84808588733586,9345.210026975128,-13045.774324826869,56088.531263812016,422780.6415903751,87153.34842545226,0.00013013201261991196,0.00013013201261991196,7684.504218964077
0.17945296864576382,10337.948406930767,-324.4538192684713,9382.647741994895,-12749.455259772583,56151.27141978404,465583.9154423938,100941.63917866033,0.0001436814797065639,0.0001436814797065639,6959.839236359954
0.1801200800533689,10376.36042931037,-332.85235028723946,9420.130379842543,-12424.581642448757,56223.20990180891,508387.1892944143,114729.92993186897,0.00015719489597163137,0.00015719489597163137,6361.52970374094
0.18078719146097397,10414.773507330076,-341.0246298760816,9457.664076826317,-12071.153472855418,56304.346709886595,551190.463146433,128518.22068507703,0.00017065835045697013,0.00017065835045697013,5859.660528314672
0.18145430286857903,10453.19110994995,-348.95160896743994,9495.254969254454,-11689.170750992555,56394.681844017134,593993.7369984519,142306.51143828512,0.00018405609827425631,0.00018405609827425631,5433.126146735604
0.1821214142761841,10491.617096356154,-356.6142371237645,9532.909192935573,-11278.552426029675,56494.18574531211,639993.7376819251,154928.96969901767,0.00019824654991110294,0.00019824654991110294,5044.223974885902
0.18278852568378917,10530.053612818976,-363.9895832417468,9570.631468416204,-10823.30020210919,56597.0239042502,724852.4296317061,153379.8307974192,0.00022309598295917549,0.00022309598295917549,4482.375642698106
0.18345563709139426,10568.496635244876,-371.04234275223257,9608.422003693247,-10311.437776754545,56698.8286149551,809711.1215814906,151830.69189582067,0.000248054904592023,0.000248054904592023,4031.365562574561
0.18412274849899932,10606.941719230437,-377.73475034405806,9646.2801093416,-9742.965149965776,56799.59987742676,894569.8135312719,150281.5529942222,0.0002731306831281712,0.0002731306831281712,3661.2510485712546
0.18478985990660438,10645.385479444,-384.02904070605956,9684.20509593615,-9117.882321742862,56899.33769166519,979428.5054810529,148732.41409262375,0.0002983204513086608,0.0002983204513086608,3352.100050845452
0.18545697131420946,10683.82570000544,-389.8874485270741,9722.196274051797,-8436.189292085775,56998.04205767042,1064287.1974308374,147183.2751910252,0.0003236099240130569,0.0003236099240130569,3090.1400908819232
0.18612408272181452,10722.26144572024,-395.2722084959374,9760.252954263431,-7697.886060994575,57095.71297544241,1149145.8893806187,145634.13628942674,0.0003489721855904079,0.0003489721855904079,2865.557890546927
0.1867911941294196,10760.693173871328,-400.1455553014866,9798.37444714595,-6902.972628469198,57192.35044498119,1234004.5813304032,144084.9973878282,0.0003743664806004333,0.0003743664806004333,2671.1793171122986
0.18745830553702467,10799.122829828448,-404.4742099054716,9836.559538560034,-6081.660393363457,57284.42094285772,1183230.475452146,126672.25444759293,0.00035859402860525944,0.00035859402860525944,2788.668857341182
0.18812541694462973,10837.552827040894,-408.2768347845416,9874.80093928984,-5331.756568451066,57360.484943231575,1064981.1916352392,101367.6186732041,0.00032235728098463075,0.00032235728098463075,3102.1480170869095
0.1887925283522348,10875.983766657482,-411.60550295792484,9913.087452424434,-4660.738189714036,57419.66793241503,946731.9078183275,76062.9828988142,0.00028618753226415384,0.00028618753226415384,3494.2123162688667
0.18945963975983987,10914.414261810893,-414.51283662767304,9951.407817358357,-4068.440244107416,57462.017129373286,834192.8953283195,52392.35795574605,0.00025186870153950057,0.00025186870153950057,3970.322608119572
0.19012675116744496,10952.842539313455,-417.0451979314075,9989.752564821878,-3529.3980929867944,57494.81931488754,781855.4737312637,45948.59421600484,0.00023603846832765874,0.00023603846832765874,4236.597564308212
0.19079386257505002,10991.269872279378,-419.2296041279872,10028.117761138881,-3025.270832858226,57523.32279210311,729518.0521342099,39504.83047626391,0.00022018303719757387,0.00022018303719757387,4541.675928934905
0.19146097398265507,11029.69767796523,-421.08934733948854,10066.500538592018,-2556.0584637216875,57547.52756101998,677180.6305371562,33061.066736522975,0.00020431865277544277,0.00020431865277544277,4894.315748543301
0.19212808539026016,11068.126779303104,-422.64771968798766,10104.898029463948,-2121.7609855771616,57567.43362163815,624843.2089401004,26617.302996781767,0.00018845788067775737,0.00018845788067775737,5306.225435644647
0.19279519679786522,11106.557447885998,-423.9280132955604,10143.307366037321,-1722.3783984246843,57583.04097395764,572505.7873430466,20173.539257040833,0.00017260986687474408,0.00017260986687474408,5793.411570878849
0.1934623082054703,11144.989447027618,-424.953520284283,10181.725680594802,-1357.9107022642227,57594.34961797844,520168.3657459907,13729.775517299624,0.00015678060650854738,0.00015678060650854738,6378.339912503668
0.19412941961307537,11183.422074818476,-425.74753277623137,10220.150105419038,-1028.3578970958067,57601.35955370053,467830.944148937,7286.011777558689,0.0001409732171849984,0.0001409732171849984,7093.545993830198
0.19479653102068042,11221.854225025794,-426.33314766546687,10258.577793675806,-731.4057419777469,57604.318330492606,433782.26094934926,2798.554990344894,0.0001307050190019735,0.0001307050190019735,7650.815612405068
0.1954636424282855,11260.2852465044,-426.72485828880116,10297.006818834878,-443.4017365264209,57605.756005373325,429653.7473937044,1511.5943020498948,0.00012946727550136358,0.00012946727550136358,7723.959557559916
0.19613075383589057,11298.715467404878,-426.9253568266072,10335.436516710295,-158.15190956452966,57606.335134097746,425525.23383805976,224.63361375494878,0.00012822731400208168,0.00012822731400208168,7798.650449651981
0.19679786524349566,11337.145266860636,-426.9364806227741,10373.86631455612,124.34373890795058,57606.05571666586,421396.720282415,-1062.3270745400507,0.00012698551919535704,0.00012698551919535704,7874.913662097016
0.19746497665110072,11375.574996850812,-426.7600670211907,10412.295639626424,404.08520889099634,57604.91775307768,417268.2067267703,-2349.287762834997,0.00012574226259674806,0.00012574226259674806,7952.775616953642
0.19813208805870577,11414.004982479013,-426.3979533657457,10450.72391917527,681.0725003846194,57602.9212433332,413139.69317112566,-3636.248451129942,0.00012449790257780587,0.00012449790257780587,8032.2638317142955
0.19879919946631086,11452.435522254442,-425.8519770003282,10489.15058045672,955.3056133888311,57600.066187432414,409011.1796154809,-4923.209139424942,0.00012325278441516202,0.00012325278441516202,8113.406968816393
0.19946631087391592,11490.866888375193,-425.12397526882705,10527.575050724847,1226.784547903609,57596.35258537532,404882.6660598362,-6210.169827719888,0.00012200724035597621,0.00012200724035597621,8196.234888047098
0.200133422281521,11529.299327013427,-424.2157855151309,10565.996757233706,1495.509303928975,57591.78043716193,400754.1525041914,-7497.130516014888,0.00012076158969869849,0.00012076158969869849,8280.778702027781
0.20080053368912607,11567.732979794258,-423.1285016497222,10604.415027364903,1765.999468180211,57585.74258382248,414943.0510126569,-11244.842980551442,0.00012505669649408505,0.00012505669649408505,7996.3730694525275
0.20146764509673115,11606.167295041707,-421.8565201248963,10642.828288766934,2049.695359363844,57576.70213878811,435577.2307558526,-15858.41123253387,0.00013131340423994152,0.00013131340423994152,7615.368787277473
0.2021347565043362,11644.60146145941,-420.3906903415443,10681.234492579208,2347.156547240723,57564.58392974305,456211.4104990475,-20471.979484516105,0.0001375837540052389,0.0001375837540052389,7268.300005550961
0.20280186791194127,11683.034804390129,-418.72182931321345,10719.631585590247,2658.383031810861,57549.387956687344,476845.5902422423,-25085.54773649834,0.0001438672300820656,0.0001438672300820656,6950.853223695029
0.20346897931954636,11721.46679613135,-416.8407540534503,10758.017514588571,2983.3748130742715,57531.11421962098,497479.7699854381,-29699.115988480768,0.00015016295772163753,0.00015016295772163753,6659.431960934973
0.20413609072715141,11759.897062841581,-414.7382815758021,10796.390226362699,3322.1318910309274,57509.76271854395,518113.9497286329,-34312.684240463,0.00015646968441931426,0.00015646968441931426,6391.01435981782
0.2048032021347565,11798.325391465782,-412.4052288938153,10834.74766770115,3674.654265680857,57485.33345345625,538748.1294718287,-38926.252492445434,0.00016278576114991413,0.00016278576114991413,6143.043426747079
0.20547031354236156,11836.751736743045,-409.8324140274612,10873.087785528705,4040.858822431283,57457.8376779886,554806.3491138438,-42920.24043497931,0.00016772014368009183,0.00016772014368009183,5962.313041583083
0.20613742494996662,11875.176678655502,-407.0179587174024,10911.409515686455,4389.829062219219,57431.46145443893,491406.4297704087,-36155.677766876455,0.0001485188976796372,0.0001485188976796372,6733.1498928644805
0.2068045363575717,11913.602217245878,-403.9848090543946,10949.715155207057,4696.504492571921,57409.59794781263,428006.510426971,-29391.115098773313,0.0001292912361442009,0.0001292912361442009,7734.476286425799
0.20747164776517676,11952.03022636369,-400.7611803882949,10988.007714575448,4960.885113489365,57392.24715810969,364606.59108353587,-22626.552430670454,0.00011005055711699358,0.00011005055711699358,9086.73273627239
0.20813875917278185,11990.461905083162,-397.3713850413925,11026.289606073948,5204.443975615835,57376.117990156905,379964.6608536824,-27932.93590412404,0.00011477023009858563,0.00011477023009858563,8713.060862045997
0.2088058705803869,12028.896487377468,-393.8124476048036,11064.559059695082,5468.914321237984,57354.81414402808,412917.4353215294,-35935.994790102806,0.00012485800373808438,0.00012485800373808438,8009.098095927498
0.20947298198799197,12067.332604142362,-390.0697463713487,11102.812520446258,5755.367838619869,57328.17136602068,445870.20978937636,-43939.05367608158,0.00013496306338883096,0.00013496306338883096,7409.434662274836
0.21014009339559706,12105.769098421099,-386.1286161163715,11141.046426665118,6063.804527761505,57296.18965613471,478822.9842572247,-51942.11256206068,0.00014508587054812316,0.00014508587054812316,6892.469929856557
0.21080720480320211,12144.205045859371,-381.97439161521595,11179.257216689293,6394.224388662864,57258.86901437017,511775.7587250717,-59945.171448039444,0.00015522597272395623,0.00015522597272395623,6442.220863246481
0.2114743162108072,12182.639772416527,-377.5924076432256,11217.441328856432,6746.6274213239785,57216.20944072705,544728.53319292,-67948.23033401855,0.00016538192998349376,0.00016538192998349376,6046.609808579491
0.21214142761841226,12221.072872129449,-372.96799897574436,11255.595201504166,7121.013625744815,57168.21093520536,577681.307660767,-75951.28921999733,0.00017555124072330563,0.00017555124072330563,5696.342537254669
0.21280853902601732,12259.504224916362,-368.086500388116,11293.715272970141,7517.383001925389,57114.87349780511,610634.082128614,-83954.34810597608,0.0001857302672588221,0.0001857302672588221,5384.1520542608305
0.2134756504336224,12297.934014403267,-362.93324665568394,11331.797981591995,7935.73554986572,57056.197128526284,643586.8565964623,-91957.40699195518,0.00019591416198883385,0.00019591416198883385,5104.276229183448
0.21414276184122746,12336.362745751243,-357.49357255379215,11369.839765707362,8376.071269565768,56992.181827368884,676539.6310643093,-99960.46587793395,0.0002060967950604809,0.0002060967950604809,4852.089037612357
0.21480987324883255,12374.791263457815,-351.7528128577843,11407.837063653888,8838.390161025576,56922.827594332906,709492.4055321577,-107963.52476391307,0.00021627068463919014,0.00021627068463919014,4623.835179827193
0.2154769846564376,12413.22076910036,-345.69630234300416,11445.786313769204,9322.6922242451,56848.13442941835,742445.1800000046,-115966.58364989182,0.00022642693107381988,0.00022642693107381988,4416.435780220769
0.21614409606404267,12451.652669988693,-339.30969841144423,11483.683837383709,9826.783011925118,56767.30647075246,765447.135731122,-127578.51354326702,0.00023379612001356144,0.00023379612001356144,4277.2309478104025
0.21681120747164775,12490.086721199896,-332.58248513567565,11521.52456800625,10343.392819197994,56677.70720893601,783349.0664729227,-141040.07338246913,0.00023978879639907597,0.00023978879639907597,4170.336625468184
0.2174783188792528,12528.521625430541,-325.5066520477787,11559.302530488776,10871.945208686859,56579.12758698666,801250.9972147226,-154501.63322167064,0.00024583104652709534,0.00024583104652709534,4067.8344502340174
0.2181454302868579,12566.95630885938,-318.07423211492016,11597.011733930598,11412.440180391759,56471.56760490443,819152.9279565231,-167963.19306087273,0.00025191964618858303,0.00025191964618858303,3969.519706499651
0.21881254169446296,12605.38995155533,-310.2772583042682,11634.646187431026,11964.877734312644,56355.027262689306,837054.8586983231,-181424.7529000743,0.00025805076062682857,0.00025805076062682857,3875.206558472875
0.21947965310206802,12643.821995196364,-302.10776358298983,11672.199900089368,12529.25787044954,56229.50656034128,854956.7894401231,-194886.3127392758,0.00026421991560513365,0.00026421991560513365,3784.7260593878204
0.2201467645096731,12682.252150836113,-293.55778091825215,11709.666881004943,13105.580588802473,56095.00549786038,872858.7201819238,-208347.8725784779,0.00027042196909164733,0.00027042196909164733,3697.9244081352545
0.22081387591727816,12720.680406701465,-284.6193432772235,11747.041139277053,13693.84588937139,55951.524075246576,890760.6509237238,-221809.43241767943,0.0002766510840149228,0.0002766510840149228,3614.6614193135033
0.22148098732488325,12759.107036002704,-275.28448362707036,11784.316684005022,14294.053772156345,55799.06229249988,908662.5816655244,-235270.99225688152,0.00028290070259533433,0.00028290070259533433,3534.8091780118903
0.2221480987324883,12797.532604735517,-265.545234934961,11821.487524288144,14906.204237157286,55637.62014962033,926564.5124073243,-248732.55209608303,0.0002891635228092916,0.0002891635228092916,3458.250855034428
0.22281521014009337,12835.957979452482,-255.3936301680625,11858.547669225743,15530.297284374235,55467.197646607856,944466.4431491243,-262194.11193528457,0.0002954314775939991,0.0002954314775939991,3384.879661923718
0.22348232154769845,12874.3843349792,-244.82170229354188,11895.491127917125,16166.332913807226,55287.79478346251,962368.3738909248,-275655.67177448666,0.00030169571744888236,0.00030169571744888236,3314.5979281904606
0.2241494329553035,12912.813099275876,-233.8217880818187,11932.311934707635,16811.839093454364,55099.616985934765,966860.4366976565,-288002.8721787433,0.0003039894237479958,0.0003039894237479958,3289.588129977147
0.2248165443629086,12951.2448087193,-222.39174569808122,11969.004582770289,17454.720599315926,54903.669366606446,960498.3178752492,-299448.0905675471,0.00030311975069769733,0.00030311975069769733,3299.026202345041
0.22548365577051366,12989.679022044147,-210.5342454191874,12005.56396516436,18093.357863134494,54700.08651152843,954136.1990528422,-310893.3089563504,0.0003023071246491652,0.0003023071246491652,3307.894252113722
0.22615076717811872,13028.115223306364,-198.25211862742032,12041.98498833698,18727.750884910092,54488.86842070072,947774.0802304354,-322338.5273451536,0.00030155236851608556,0.00030155236851608556,3316.173588424849
0.2268178785857238,13066.552857809718,-185.54819670506288,12078.262558735287,19357.899664642748,54270.015094123286,941411.9614080281,-333783.7457339574,0.00030085624680127875,0.00030085624680127875,3323.846556726206
0.22748498999332886,13104.991334739178,-172.42531103439964,12114.391582806404,19983.804202332412,54043.52653179616,935049.8425856209,-345228.9641227607,0.00030021946831780463,0.00030021946831780463,3330.8965791033434
0.22815210140093395,13143.430029788467,-158.88629299771304,12150.366966997466,20605.464497979137,53809.40273371933,928687.7237632138,-356674.18251156446,0.000299642688737363,0.000299642688737363,3337.308192680451
0.228819212808539,13181.868287782012,-144.9339739772877,12186.183617755605,21222.88055158287,53567.6436998928,922325.6049408069,-368119.40090036776,0.00029912651295946666,0.00029912651295946666,3343.067085917274
0.22948632421614407,13220.305425291705,-130.5711853554066,12221.836441527954,21836.052363143637,53318.24943031658,915963.4861183999,-379564.61928917107,0.000298671497295618,0.000298671497295618,3348.160132636371
0.23015343562374915,13258.740733248902,-115.80075851435255,12257.320344761642,22444.97993266146,53061.21992499064,909601.3672959926,-391009.83767797484,0.00029827815146337664,0.00029827815146337664,3352.5754236236194
0.2308205470313542,13297.173494206962,-100.62549264030244,12292.630236017652,23050.014277589475,52796.578230100924,905790.5558736795,-402287.54899803945,0.00029862961834574577,0.00029862961834574577,3348.6296688837656
0.2314876584389593,13335.603513014012,-85.04702283951032,12327.761100285075,23654.2185326193,52524.525456933836,905613.8007056856,-413326.66495685175,0.0002999880953876852,0.0002999880953876852,3333.465612052587
0.23215476984656436,13374.03130905868,-69.06552081901549,12362.708018633044,24258.304872260178,52245.10836358077,905437.0455376918,-424365.78091566364,0.0003013682363001001,0.0003013682363001001,3318.199728932972
0.23282188125416942,13412.457512256247,-52.6810652415184,12397.466078239555,24862.273296512132,51958.32695004171,905260.2903696978,-435404.8968744754,0.0003027682287753354,0.0003027682287753354,3302.8564590310266
0.2334889926617745,13450.882822564587,-35.89373476971941,12432.030366282603,25466.123805375188,51664.181216316625,905083.5352017039,-446444.01283328776,0.0003041861782057933,0.0003041861782057933,3287.460350428752
0.23415610406937956,13489.308011839705,-18.703608066321,12466.39596994018,26069.8563988493,51362.67116240556,904906.7800337101,-457483.12879209954,0.0003056201062934035,0.0003056201062934035,3272.036032341319
0.23482321547698465,13527.733925677716,-1.1107637940228123,12500.557976390284,26673.471076934515,51053.796788308486,904730.0248657161,-468522.24475091184,0.00030706794985410174,0.00030706794985410174,3256.6081887580044
0.2354903268845897,13566.161485241302,16.884719384472582,12534.51147281091,27276.96783963078,50737.55809402543,904553.2696977224,-479561.3607097237,0.0003085275598412494,0.0003085275598412494,3241.201533226214
0.23615743829219477,13604.591535500784,35.28258488150221,12568.251468485176,27879.36287869377,50413.52437205551,900749.9720168285,-492188.1631627768,0.00030928117414119686,0.00030928117414119686,3233.3038141644784
0.23682454969979985,13643.023898704312,54.08131585895367,12601.77242096337,28478.717157343428,50080.84671948454,896114.1553747902,-505179.4392449432,0.0003099290702834363,0.0003099290702834363,3226.5447029072816
0.2374916611074049,13681.45796627603,73.27885135646233,12635.068549581114,29074.978829827585,49739.50243843984,891478.338732752,-518170.7153271091,0.0003106398932271396,0.0003106398932271396,3219.1615494433645
0.23815877251501,13719.893165100031,92.87312826117757,12668.134072731698,29668.147896146307,49389.49152892137,886842.5220907136,-531161.9914092756,0.00031141278145368627,0.00031141278145368627,3211.171986364732
0.23882588392261506,13758.32896228823,112.86208346024551,12700.96320880839,30258.22435629952,49030.81399092912,882206.7054486754,-544153.2674914416,0.00031224680851037694,0.00031224680851037694,3202.5947831802
0.23949299533022012,13796.764868095845,133.2436538408148,12733.55017620448,30845.208210287277,48663.46982446314,877570.8888066374,-557144.5435736075,0.0003131409798854904,0.0003131409798854904,3193.4498013185007
0.2401601067378252,13835.200438842303,154.01577629003404,12765.88919331324,31429.099458109587,48287.45902952338,872935.072164599,-570135.8196557739,0.0003140942297006822,0.0003140942297006822,3183.757947266193
0.24082721814543026,13873.635347221598,175.17717234779568,12797.974041746906,32015.285525865605,47899.78266723913,892959.3021568189,-596854.239469302,0.0003235745742845613,0.0003235745742845613,3090.477681106581
0.24149432955303535,13912.0703016775,196.7360836080034,12829.793203729929,32622.00121692273,47490.29023909551,925974.3396324168,-630804.0601052062,0.00033752207223316545,0.00033752207223316545,2962.769200199697
0.2421614409606404,13950.507232375267,218.7070882939063,12861.33163416895,33250.74161610232,47058.149498319566,958989.3771080135,-664753.8807411088,0.000351440519182519,0.000351440519182519,2845.431717225112
0.24282855236824546,13988.948882578388,241.10487933954292,12892.57422411625,33901.50672340439,46603.360444911275,992004.4145836099,-698703.7013770115,0.0003652989104661591,0.0003652989104661591,2737.484211830517
0.24349566377585055,14027.398827217765,263.9441120981405,12923.505885723245,34573.49800614577,46126.37140216185,1013707.7493553638,-726302.7490354148,0.00037519334628679645,0.00037519334628679645,2665.292468261427
0.2441627751834556,14065.860413492004,287.23254049154747,12954.115405838658,35242.93847107461,45640.53157930921,993274.7645013295,-730245.039876839,0.0003706569460875784,0.0003706569460875784,2697.912478250768
0.2448298865910607,14104.334928767792,310.96301353224356,12984.399939432089,35898.747858715935,45152.06180926413,972841.7796472943,-734187.3307182635,0.00036616961656306846,0.00036616961656306846,2730.974812673355
0.24549699799866576,14142.823114081302,335.12643777307045,13014.357732035765,36540.92616906967,44660.96209202666,952408.7947932599,-738129.6215596879,0.00036173958898370656,0.00036173958898370656,2764.4195726806165
0.24616410940627081,14181.325447584839,359.7137197668726,13043.987029181915,37169.47340213587,44167.232427596784,931975.8099392257,-742071.9124011121,0.0003573744997673533,0.0003573744997673533,2798.1850989675777
0.2468312208138759,14219.842151587362,384.71576606649467,13073.286076402763,37784.38955791455,43670.87281597447,911542.8250851906,-746014.2032425366,0.0003530814144752305,0.0003530814144752305,2832.2079809447246
0.24749833222148096,14258.37319960557,410.12348322477806,13102.253119230538,38385.674636405645,43171.883257159774,891109.8402311562,-749956.494083961,0.00034886685380442416,0.00034886685380442416,2866.423075436691
0.24816544362908605,14296.918323408394,435.92777779456827,13130.886403197463,38973.328637609215,42670.26375115263,870676.855377121,-753898.7849253854,0.0003447368211336031,0.0003447368211336031,2900.7635352431616
0.2488325550366911,14335.477020039367,462.11955632870695,13159.184173835767,39547.351561525225,42166.014297953116,850243.8705230867,-757841.0757668098,0.0003406968312214975,0.0003406968312214975,2935.1608478855187
0.24949966644429616,14374.048558802926,488.6897253800385,13187.144676677677,40107.74340815367,41659.134897561176,829810.8856690524,-761783.3666082341,0.0003367519397004132,0.0003367519397004132,2969.5448848479878
0.2501667778519012,14412.631988202227,515.6291915014067,13214.766157255417,40654.504177494586,41149.62554997684,809377.9008150181,-765725.6574496584,0.0003329067730488966,0.0003329067730488966,3003.843961603996
0.25083388925950634,14451.2261428175,542.9288612456571,13242.046861101222,41187.63386954799,40637.48625520004,788944.9159609822,-769667.9482910831,0.0003291655587680097,0.0003291655587680097,3037.984908696912
0.2515010006671114,14489.829650115322,570.5796411656288,13268.985033747305,41707.13248431381,40122.71701323088,768511.9311069478,-773610.2391325075,0.0003255321555240824,0.0003255321555240824,3071.8931541189068
0.25216811207471646,14528.440937180594,598.5724378141674,13295.578920725902,42213.00002179206,39605.317824069294,748078.9462529134,-777552.5299739317,0.000322010083056947,0.000322010083056947,3105.492817202098
0.2528352234823215,14567.058237364074,626.8981577441166,13321.826767569235,42705.23648198278,39085.2886877153,727645.9613988793,-781494.820815356,0.000318602551686319,0.000318602551686319,3138.706814202018
0.2535023348899266,14605.679596839651,655.5477075083202,13347.726819809533,43183.84186488595,38562.6296041689,707212.9765448449,-785437.1116567804,0.00031531249128002544,0.00031531249128002544,3171.4569757146455
0.2541694462975317,14644.30288106651,684.5119936596237,13373.277322979024,43648.81617050161,38037.34057343005,686779.9916908089,-789379.402498205,0.00031214257957614875,0.00031214257957614875,3203.6641760245498
0.25483655770513675,14682.9257811524,713.781922750866,13398.476522609933,44100.15939882969,37509.421595498825,666347.0068367745,-793321.6933396293,0.0003090952697768809,0.0003090952697768809,3235.2484744326425
0.2555036691127418,14721.545820115185,743.348401334893,13423.322664234485,44537.871549870215,36978.872670375196,645914.0219827403,-797263.9841810537,0.0003061728173549934,0.0003061728173549934,3266.1292685579783
0.25617078052034686,14760.160359040645,773.2023359645482,13447.813993384903,44961.952623623176,36445.69379805914,625481.0371287059,-801206.2750224778,0.0003033773060344764,0.0003033773060344764,3296.225459548243
0.2568378919279519,14798.76660313543,803.3346331926751,13471.948755593425,45372.402620088615,35909.88497855068,605048.0522746716,-805148.5658639023,0.000300710672925153,0.000300710672925153,3325.455629068744
0.25750500333555704,14837.36160767468,833.7361995721202,13495.72519639227,45769.22153926653,35371.446211849776,584615.0674206356,-809090.8567053269,0.0002981747328071499,0.0002981747328071499,3353.7382278691225
0.2581721147431621,14875.942283844664,864.3979416557213,13519.141561313663,46152.40938115686,34830.37749795649,564182.0825666013,-813033.1475467512,0.00029577120157511024,0.00029577120157511024,3380.9917756514674
0.25883922615076715,14914.505404481315,895.310765996325,13542.196095889834,46521.96614575965,34286.67883687081,543749.097712567,-816975.4383881756,0.00029350171886417765,0.00029350171886417765,3407.135071882714
0.2595063375583722,14953.047667939032,926.4656298112677,13564.887075003051,46878.47735304353,33740.68942152833,527827.2752240918,-818304.4034887049,0.0002915152392316548,0.0002915152392316548,3430.3523981651692
0.26017344896597727,14991.568064665198,957.8555926521641,13587.213991422215,47227.6483911529,33195.71439514745,518987.4970278042,-815530.7256012028,0.0002897739535248857,0.0002897739535248857,3450.965788455933
0.2608405603735824,15030.068707603903,989.4765244588216,13609.17796597994,47570.92231238685,32652.5897209263,510147.71883151593,-812757.0477137004,0.00028799517207867594,0.00028799517207867594,3472.2804301969863
0.26150767178118745,15068.551832849736,1021.3244911972948,13630.780233067251,47908.29911674533,32111.315398864965,501307.9406352284,-809983.3698261984,0.0002861821131903385,0.0002861821131903385,3494.278481810302
0.2621747831887925,15107.019575076323,1053.395558833647,13652.022027075187,48239.77880422836,31571.8914289634,492468.1624389409,-807209.6919386964,0.0002843379454612086,0.0002843379454612086,3516.9417798878594
0.26284189459639756,15145.473968333272,1085.685793333939,13672.904582394787,48565.361374835964,31034.31781122163,483628.3842426534,-804436.0140511944,0.0002824657820834828,0.0002824657820834828,3540.2518231551667
0.2635090060040026,15183.916946899291,1118.191260664231,13693.429133417081,48885.04682856812,30498.59454563962,474788.6060463658,-801662.3361636922,0.0002805686756771148,0.0002805686756771148,3564.189757059067
0.26417611741160774,15222.350346188325,1150.9080267905858,13713.596914533102,49198.83516542486,29964.721632217348,465948.82785007753,-798888.6582761899,0.0002786496136692739,0.0002786496136692739,3588.736359013542
0.2648432288192128,15260.775903705517,1183.8321576790588,13733.409160133884,49506.72638540613,29432.69907095488,457109.04965379,-796114.9803886879,0.0002767115142057221,0.0002767115142057221,3613.8720243370376
0.26551034022681785,15299.195260049928,1216.959719295713,13752.867104610463,49808.72048851197,28902.526861852202,448269.2714575025,-793341.3025011859,0.0002747572225806503,0.0002747572225806503,3639.576752914901
0.2661774516344229,15337.609959960879,1250.286777606609,13771.97198235387,50104.81747474236,28374.205004909294,439429.49326121504,-790567.6246136838,0.00027278950816907475,0.00027278950816907475,3665.830136620213
0.26684456304202797,15376.021453404906,1283.8093985778062,13790.72502775514,50395.01734409729,27847.733500126153,430589.71506492747,-787793.9467261818,0.0002708110618437747,0.0002708110618437747,3692.611347526414
0.2675116744496331,15414.431096700346,1317.523648175369,13809.127475205307,50679.32009657682,27323.11234750275,421749.9368686392,-785020.2688386794,0.00026882449385698593,0.00026882449385698593,3719.8991269448757
0.26817878585723814,15452.840153676581,1351.4255923653523,13827.180559095406,50957.72573218089,26800.341547039163,412910.1586723516,-782246.5909511774,0.0002668323321656123,0.0002668323321656123,3747.6717753204643
0.2688458972648432,15491.249796865168,1385.511297113818,13844.885513816469,51230.2342509095,26279.42109873535,404070.3804760641,-779472.9130636753,0.0002648370211775619,0.0002648370211775619,3775.907143018131
0.26951300867244826,15529.661108719993,1419.7768283868281,13862.243573759533,51496.845652762684,25760.351002591317,395230.6022797766,-776699.2351761733,0.000262840920895964,0.000262840920895964,3804.582622033247
0.2701801200800533,15568.075082863797,1454.2182521504415,13879.255973315625,51757.559937740414,25243.131258607053,386390.8240834891,-773925.5572886713,0.0002608463064374189,0.0002608463064374189,3833.675138658387
0.27084723148765844,15606.492625358465,1488.8316343707224,13895.923946875788,52012.37710584274,24727.761866782523,377551.0458872008,-771151.879401169,0.00025885536790009206,0.00025885536790009206,3863.161147138971
0.2715143428952635,15644.914555996484,1523.6130410137255,13912.248728831048,52261.29715706958,24214.242827117807,368711.2676909133,-768378.2015136669,0.0002568702105573382,0.0002568702105573382,3893.0166243499903
0.27218145430286855,15683.341609611261,1558.558538045514,13928.231553572445,52504.320091421,23702.574139612872,359871.4894946257,-765604.5236261648,0.0002548928553526192,0.0002548928553526192,3923.21706552582
0.2728485657104736,15721.77443740383,1593.664191432148,13943.873655491008,52741.44590889697,23192.75580426771,351031.71129833825,-762830.8457386628,0.0002529252396717524,0.0002529252396717524,3953.7374810746637
0.27351567711807867,15760.213608283797,1628.9260671396883,13959.176268977772,52972.67460949748,22684.78782108232,342191.9331020507,-760057.1678511607,0.0002509692183689342,0.0002509692183689342,3984.5523945090445
0.2741827885256838,15798.659594101624,1664.3402382437591,13974.140570181507,53198.105170291004,22177.85935962213,334270.77322180994,-764808.9067133935,0.0002512257827429223,0.0002512257827429223,3980.4831696884135
0.27484989993328884,15837.111780805624,1699.903237865283,13988.763966512006,53419.10103439039,21660.800952154754,328274.8273481901,-785332.1988738254,0.0002561501622508263,0.0002561501622508263,3903.960049108945
0.2755170113408939,15875.568034682845,1735.6123321380098,14003.037860461829,53636.096934598114,21130.051222365542,322278.8814745703,-805855.4910342572,0.0002611546572306435,0.0002611546572306435,3829.148637838887
0.27618412274849896,15914.026292959632,1771.464852640398,14016.953118393678,53849.09287091416,20585.6101702545,316282.9356009506,-826378.7831946891,0.0002662371523063313,0.0002662371523063313,3756.049789960961
0.276851234156104,15952.484718852289,1807.4581309509044,14030.500606670235,54058.08884333853,20027.47779582161,310286.98972733074,-846902.0753551207,0.0002713950991016308,0.0002713950991016308,3684.6649158742716
0.27751834556370913,15990.941708340315,1843.5894986479911,14043.671191654206,54263.084851871245,19455.654099066844,304291.04385371046,-867425.3675155542,0.00027662548675265144,0.00027662548675265144,3614.9958983864854
0.2781854569713142,16029.395897043363,1879.8562873101093,14056.45573970828,54464.08089651227,18870.13907999029,298295.09798009065,-887948.659675986,0.0002819248119166016,0.0002819248119166016,3547.0450195629387
0.27885256837891925,16067.846167191843,1916.2558285157202,14068.845117195151,54661.076977261626,18270.932738591902,292299.1521064709,-908471.9518364179,0.00028728904851853346,0.00028728904851853346,3480.8148975977706
0.2795196797865243,16106.291654679395,1952.785453843281,14080.830190477509,54854.07309411929,17658.035074871674,286303.2062328511,-928995.2439968496,0.00029271361751903076,0.00029271361751903076,3416.308433053973
0.28018679119412937,16144.73175618414,1989.4424948712503,14092.401825918054,55043.069247085296,17031.446088829613,280307.26035923127,-949518.5361572814,0.0002981933570296382,0.0002981933570296382,3353.52876389063
0.2808539026017345,16183.1661363439,2026.2242831780882,14103.550889879478,55228.06543615964,16391.165780465664,274311.314485611,-970041.8283177149,0.0003037224931490285,0.0003037224931490285,3292.4792287587566
0.28152101400933954,16221.594734968912,2063.128150342247,14114.268248724475,55409.06166134229,15737.194149779929,268315.36861199123,-990565.1204781467,0.00030929461194092274,0.00030929461194092274,3233.1633381023994
0.2821881254169446,16260.01789870885,2100.151185127142,14124.54610876937,55584.237086212204,15079.57932353827,253216.62256694256,-960855.4048907678,0.0002995581540428158,0.0002995581540428158,3338.2499741838783
0.28285523682454966,16298.437840192633,2137.2868386140954,14134.396750561373,55746.09770965496,14459.676292397686,232041.5265144412,-897613.8824687377,0.00027953035140737233,0.00027953035140737233,3577.429051855104
0.2835223482321547,16336.857390242572,2174.5257593121073,14143.847920398328,55893.83218496396,13881.96240229915,210866.43046193986,-834372.3600467077,0.0002594641433435592,0.0002594641433435592,3854.0970906946845
0.28418945963975983,16375.278462931537,2211.858523506615,14152.927763137497,56027.4405121392,13346.437653242612,189691.33440943673,-771130.8376246721,0.00023938790976447456,0.00023938790976447456,4177.320404292202
0.2848565710473649,16413.702087089012,2249.2757074830456,14161.66442363615,56146.9226911807,12853.102045228175,168516.23835693536,-707889.315202642,0.00021932308858603713,0.00021932308858603713,4559.483483690387
0.28552368245496995,16452.12847516198,2286.7678875268384,14170.086046751558,56252.27872208842,12401.955578255787,147341.142304434,-644647.7927806119,0.00019928470451681282,0.00019928470451681282,5017.946572591246
0.286190793862575,16490.557092192073,2324.325639923426,14178.22077734097,56343.508604862385,11992.99825232544,126166.04625193264,-581406.2703585818,0.00017928192020609144,0.00017928192020609144,5577.807281684966
0.2868579052701801,16528.98699272214,2361.9402615678764,14186.094626037484,56424.202698596375,11615.596527552321,116916.66597108469,-553485.051839492,0.00017046019169545854,0.00017046019169545854,5866.472342038568
0.2875250166777852,16567.418178188465,2399.6069164344376,14193.72215037441,56499.54331693277,11254.40198407849,108954.50780147278,-529376.1894950739,0.00016284546630297364,0.00016284546630297364,6140.7911604950805
0.28819212808539024,16605.850882034032,2437.322060156946,14201.114082386506,56569.572288725096,10909.290737698999,100992.34963186088,-505267.3271506559,0.00015523644276129643,0.00015523644276129643,6441.786362868914
0.2888592394929953,16644.285127295676,2475.0821492753985,14208.281151424728,56634.289613973284,10580.26278841385,93030.19146224899,-481158.4648062379,0.00014763571598938878,0.00014763571598938878,6773.428728261624
0.28952635090060036,16682.720736264768,2512.883640329792,14215.234086840046,56693.69529267738,10267.31813622304,85068.03329263709,-457049.6024618199,0.00014004528308207985,0.00014004528308207985,7140.5475285726325
0.2901934623082055,16721.157340479167,2550.7229898601277,14221.983617983418,56747.78932483738,9970.45678112655,77105.87512302451,-432940.74011739984,0.0001324665746526214,0.0001324665746526214,7549.074191903784
0.29086057371581053,16759.594390700073,2588.5966544063963,14228.540474205814,56796.57171045327,9689.678723124427,69143.71695341263,-408831.87777298177,0.00012490048633031752,0.00012490048633031752,8006.373949220298
0.2915276851234156,16798.031166866287,2626.5010905085983,14234.915384858192,56840.04244952506,9424.983962216644,61181.55878380072,-384723.0154285638,0.00011734741016297803,0.00011734741016297803,8521.704898396558
0.29219479653102065,16836.466788019872,2664.4327547067305,14241.119079291517,56878.201542052746,9176.372498403205,53219.40061418882,-360614.1530841457,0.00010980726571889024,0.00010980726571889024,9106.865501596487
0.2928619079386257,16874.900222198874,2702.38810354079,14247.16228685675,56911.04898803632,8943.844331684104,45257.242444576914,-336505.29073972773,0.00010227953072492859,0.00010227953072492859,9777.12737741639
0.2935290193462308,16913.330298827066,2740.3635966911897,14253.055733185745,56938.6691088435,8727.299602370815,38804.46019876604,-314183.9445811975,9.536445553604967e-05,9.536445553604967e-05,10486.087236370578
0.2941961307538359,16951.756568942663,2778.3567449866505,14258.808899061672,56964.90621797357,8522.185586059035,39854.3929732068,-300747.8763215233,9.143113692208467e-05,9.143113692208467e-05,10937.19310142862
0.29486324216144094,16990.180573880465,2816.367629986712,14264.428220815445,56991.8437492347,8326.034924156646,40904.325747647556,-287311.8080618491,8.748044560889852e-05,8.748044560889852e-05,11431.126042392723
0.295530353569046,17028.60410455497,2854.3967189509676,14269.919678003043,57019.48170262687,8138.8476166636465,41954.25852208831,-273875.7398021749,8.351445714031172e-05,8.351445714031172e-05,11973.97473733094
0.29619746497665106,17067.028892917366,2892.4444791390106,14275.289250180444,57047.82007815009,7960.623663580036,43004.19129652906,-260439.67154250073,7.95351661092009e-05,7.95351661092009e-05,12573.054774626498
0.2968645763842562,17105.456614532093,2930.5113778104383,14280.542916903618,57076.85887580436,7791.363064905798,44054.124070969905,-247003.6032828254,7.554448770573504e-05,7.554448770573504e-05,13237.23319026603
0.29753168779186123,17143.888645694155,2968.597880265761,14285.684837747269,57106.58635882112,7620.162372847904,45057.18045005496,-277115.6655736361,8.454991164089016e-05,8.454991164089016e-05,11827.333471941542
0.2981987991994663,17182.324242646933,3006.704434790062,14290.703364961808,57136.973898606906,7420.425648958987,46044.66382772598,-321695.03264534567,9.788425223492139e-05,9.788425223492139e-05,10216.147921322507
0.29886591060707135,17220.76173462939,3044.831480922435,14295.57872578139,57168.02019981876,7190.949520752722,47032.14720539699,-366274.3997170552,0.00011123266035680032,0.00011123266035680032,8990.16526973558
0.2995330220146764,17259.199664516596,3082.9794581301403,14300.291080710127,57199.72526245667,6931.733988229101,48019.63058306801,-410853.76678876474,0.0001245977360061825,0.0001245977360061825,8025.828013041749
0.3002001334222815,17297.636828360657,3121.1488058804457,14304.82059025216,57232.089086520646,6642.779051388107,49007.11396073911,-455433.13386047806,0.00013798076554716803,0.00013798076554716803,7247.386953061621
0.3008672448298866,17336.072306017308,3159.339963640605,14309.147414911602,57265.111672010695,6324.084710229787,49994.59733841012,-500012.5009321876,0.00015138155915973042,0.00015138155915973042,6605.824418447487
0.30153435623749164,17374.50549185297,3197.553370877885,14313.251715192577,57298.79301892679,5975.650964754113,50982.08071608114,-544591.8680038971,0.00016479828599910836,0.00016479828599910836,6068.024275479482
0.3022014676450967,17412.936125519645,3235.789467059546,14317.113651599213,57333.13312726897,5597.477814961088,51969.56409375215,-589171.2350756066,0.00017822730794109595,0.00017822730794109595,5610.812459393145
0.30286857905270176,17451.364361712276,3274.0485696714486,14320.71509633829,57366.95699800064,5206.053421147259,45411.510874017615,-527867.9477196488,0.00015967467440495406,0.00015967467440495406,6262.733922750207
0.3035356904603069,17489.791468098505,3312.327700437295,14324.084169360613,57392.189789529824,4914.687903912559,30236.398130451595,-345645.87294992554,0.00010457005401502631,0.00010457005401502631,9562.967232055784
0.30420280186791193,17528.21880269273,3350.620287538107,14327.299416962765,57407.29909023607,4744.884811474221,15061.285386886842,-163423.79818021756,4.945856547180865e-05,4.945856547180865e-05,20218.944695636175
0.304869913275517,17566.646800668033,3388.9195774776745,14330.441934825065,57412.2849001194,4696.644143832219,-113.82735667791667,18798.276589490502,5.649089090150681e-06,5.649089090150681e-06,177019.690084818
0.30553702468312205,17605.075435974824,3427.219320208236,14333.586727078176,57410.13791586278,4733.779520265512,-3444.938162588616,57712.082816209004,1.7418380941516428e-05,1.7418380941516428e-05,57410.617172605074
0.3062041360907271,17643.504653723012,3465.5175464598747,14336.75700194258,57407.996700666605,4769.916830273887,-2974.4249955818723,50627.572588900555,1.527831022042821e-05,1.527831022042821e-05,65452.26439131518
0.3068712474983322,17681.934417618675,3503.814448980465,14339.949807981904,57406.16937017155,4801.327982692332,-2503.9118285750887,43543.06236159151,1.3138458763700079e-05,1.3138458763700079e-05,76112.42825245798
0.3075383589059373,17720.364685910667,3542.110237166065,14343.161992322508,57404.655924377636,4828.0129775208425,-2033.3986615683452,36458.55213428306,1.0998811417331521e-05,1.0998811417331521e-05,90918.91496786979
0.30820547031354234,17758.795412061867,3580.4051204127436,14346.39040209076,57403.456363284866,4849.971814759419,-1562.8854945616017,29374.041906974613,8.859349034817615e-06,8.859349034817615e-06,112875.11035742669
0.3088725817211474,17797.22654552864,3618.699308116566,14349.631884413007,57402.570686893225,4867.204494408064,-1092.3723275548584,22289.531679666165,6.7200491286067944e-06,6.7200491286067944e-06,148808.4359001287
0.30953969312875246,17835.65803254022,3656.9930096735966,14352.883286415612,57401.998895202734,4879.711016466779,-621.8591605481147,15205.021452357716,4.58088652103895e-06,4.58088652103895e-06,218298.3567497758
0.31020680453635757,17874.08981687801,3695.2864344799036,14356.14145522493,57401.74098821339,4887.49138093556,-151.34599354133206,8120.511225048678,2.441833994823943e-06,2.441833994823943e-06,409528.2488980584
0.31087391594396263,17912.521840654776,3733.5797919315446,14359.40323796732,57401.79696592516,4890.54558781441,319.16717346541145,1036.000997740237,3.028629431375433e-07,3.028629431375433e-07,3301823.556359803
0.3115410273515677,17950.95404509384,3771.8732914245875,14362.665481769136,57402.16682833808,4888.873637103326,789.680340472155,-6048.509229568219,1.8360559805785778e-06,1.8360559805785778e-06,544645.7028422848
0.31220813875917275,17989.386371308214,3810.167142355099,14365.925033756741,57402.85057545215,4882.475528802311,1260.1935074788985,-13133.01945687666,3.974952213011142e-06,3.974952213011142e-06,251575.35145371492
0.3128752501667778,18027.81876107969,3848.4615541191424,14369.178741056492,57403.84820726735,4871.351262911364,1730.7066744856425,-20217.529684185123,6.113854631463854e-06,6.113854631463854e-06,163562.9337429254
0.3135423615743829,18066.25115763795,3886.7567361127844,14372.423450794739,57405.159723783676,4855.500839430481,2201.219841492425,-27302.03991149416,8.252790904335879e-06,8.252790904335879e-06,121171.13005669593
0.314209472981988,18104.68350643971,3925.0528977320873,14375.65601009785,57406.78512500116,4834.92425835967,2671.733008499169,-34386.55013880261,1.0391786841489717e-05,1.0391786841489717e-05,96229.84143664794
0.31487658438959304,18143.115755947834,3963.3502483731145,14378.873266092174,57408.72441091977,4809.621519698925,3142.246175505912,-41471.06036611106,1.2530865744418978e-05,1.2530865744418978e-05,79802.94581365075
0.3155436957971981,18181.54785841058,4001.648997431934,14382.072065904074,57410.977581539526,4779.592623448248,3612.759342512656,-48555.5705934195,1.4670047756132272e-05,1.4670047756132272e-05,68166.10392982443
0.31621080720480316,18219.979770640824,4039.949354304609,14385.249256659908,57413.54463686041,4744.837569607638,4083.2725095193987,-55640.08082072795,1.680934921069176e-05,1.680934921069176e-05,59490.702909779495
0.31687791861240827,18258.411454795405,4078.2515283872085,14388.401685486031,57416.425576882444,4705.356358177094,4553.785676526182,-62724.591048037,1.894878198236128e-05,1.894878198236128e-05,52773.84060520951
0.31754503002001333,18296.842879154512,4116.555729075791,14391.5261995088,57419.620401605614,4661.148989156621,5024.298843532926,-69809.10127534544,2.1088352834343484e-05,2.1088352834343484e-05,47419.54043804919
0.3182121414276184,18335.27401890118,4154.862165766424,14394.619645854578,57423.12911102992,4612.215462546214,5494.81201053967,-76893.61150265389,2.322806276711736e-05,2.322806276711736e-05,43051.37324734816
0.31887925283522345,18373.704856900826,4193.171047855172,14397.678871649714,57426.95170515537,4558.555778345877,5965.325177546413,-83978.12172996234,2.5367906366413878e-05,2.5367906366413878e-05,39419.8869057622
0.3195463642428285,18412.135384480905,4231.4825847381,14400.700724020573,57431.08818398195,4500.169936555606,6435.838344553157,-91062.6319572708,2.750787115091068e-05,2.750787115091068e-05,36353.23120840247
0.3202134756504336,18450.56560221057,4269.7969858112765,14403.682050093514,57435.53854750967,4437.057937175398,6906.351511559939,-98147.14218457982,2.9647936919764115e-05,2.9647936919764115e-05,33729.15972893119
0.3208805870580387,18488.99552068039,4308.114460470759,14406.619696994881,57440.302795738535,4369.219780205263,7376.864678566684,-105231.6524118883,3.178807510014223e-05,3.178807510014223e-05,31458.337658058623
0.32154769846564374,18527.425161282124,4346.435218112616,14409.510511851046,57445.38092866854,4296.655465645196,7847.377845573427,-112316.16263919674,3.392824809497498e-05,3.392824809497498e-05,29473.965092471346
0.3222148098732488,18565.85455698842,4384.759468132914,14412.351341788362,57450.77294629968,4219.364993495197,8317.89101258017,-119400.67286650519,3.606840863118586e-05,3.606840863118586e-05,27725.093452982816
0.32288192128085386,18604.28375313248,4423.087419927713,14415.139033933185,57456.478848631945,4137.348363755265,8788.404179586914,-126485.18309381366,3.820849910873221e-05,3.820849910873221e-05,26172.18742757312
0.32354903268845897,18642.712808187658,4461.419282893087,14417.870435411874,57462.49863566537,4050.605576425394,9258.917346593696,-133569.69332112267,4.034845095084045e-05,4.034845095084045e-05,24784.09892906112
0.32421614409606403,18681.141794546827,4499.75526642509,14420.542393350788,57468.83230739992,3959.1366315055984,9729.43051360044,-140654.2035484311,4.248818395588845e-05,4.248818395588845e-05,23535.955338505584
0.3248832555036691,18719.570799301604,4538.095579919792,14423.151754876284,57475.479863835615,3862.9415289958697,10199.943680607184,-147738.71377573957,4.4627605651459646e-05,4.4627605651459646e-05,22407.655203596896
0.32555036691127415,18757.99992502103,4576.440432771906,14425.69536713236,57482.441074145674,3762.0232852205886,10644.152388873152,-154479.4909695244,4.6662729692582116e-05,4.6662729692582116e-05,21430.37937531906
0.3262174783188792,18796.429278004434,4614.789954210119,14428.171124831159,57489.365341611476,3660.9633163890767,10114.801473570204,-148498.29558735597,4.4852817819326905e-05,4.4852817819326905e-05,22295.14328460104
0.3268845897264843,18834.858922607575,4653.143977115612,14430.580795200407,57495.93647304303,3563.893471228115,9585.450558267212,-142517.10020518702,4.304288203908133e-05,4.304288203908133e-05,23232.645042031276
0.3275517011340894,18873.28890028311,4691.502265907302,14432.927040097124,57502.15446844038,3470.813749737721,9056.099642964264,-136535.9048230186,4.123298638858487e-05,4.123298638858487e-05,24252.42718477565
0.32821881254169444,18911.719239224793,4729.864585004116,14435.212521378326,57508.01932780349,3381.724151917886,8526.748727661316,-130554.70944085013,3.942318553362296e-05,3.942318553362296e-05,25365.783775822154
0.3288859239492995,18950.149954925302,4768.2306988249775,14437.439900901032,57513.53105113239,3296.624677768611,7997.397812358367,-124573.5140586817,3.7613525163454804e-05,3.7613525163454804e-05,26586.181317873317
0.32955303535690456,18988.58105073416,4806.600371788808,14439.611840522264,57518.689638427066,3215.515327289895,7468.04689705542,-118592.31867651327,3.580404238615391e-05,3.580404238615391e-05,27929.807176932587
0.33022014676450967,19027.012518415628,4844.973368314532,14441.731002099032,57523.4950896875,3138.396100481732,6938.6959817524275,-112611.12329434433,3.399476612454678e-05,3.399476612454678e-05,29416.2929768746
0.33088725817211473,19065.44433870658,4883.349452821072,14443.800047488363,57527.94740491373,3065.266997344135,6409.34506644948,-106629.92791217589,3.218571751247465e-05,3.218571751247465e-05,31069.681749751784
0.3315543695797198,19103.876481874322,4921.728389727352,14445.821638547275,57532.046584105716,2996.128017877097,5879.994151146532,-100648.73253000744,3.0376910291138046e-05,3.0376910291138046e-05,32919.74036910967
0.33222148098732485,19142.308908274277,4960.10994345229,14447.798437132775,57535.79262726348,2930.9791620806177,5350.643235843585,-94667.53714783902,2.8568351205323946e-05,2.8568351205323946e-05,35003.77017955596
0.3328885923949299,19180.74156890763,4998.493878414818,14449.7331051019,57539.185534387034,2869.8204299546987,4821.292320540637,-88686.34176567057,2.6760040399345146e-05,2.6760040399345146e-05,37369.15135690421
0.333555703802535,19219.17440597876,5036.879959033857,14451.628304311653,57542.22530547634,2812.651821499334,4291.941405237645,-82705.14638350163,2.4951971812555726e-05,2.4951971812555726e-05,40076.99301330584
0.3342228152101401,19257.607353452597,5075.2679497283225,14453.486696619058,57544.91194053144,2759.4733367145336,3762.5904899346974,-76723.95100133319,2.3144133574336857e-05,2.3144133574336857e-05,43207.49345781689
0.33488992661774514,19296.04033761182,5113.657614917146,14455.310943881137,57547.24543955232,2710.2849756002925,3233.2395746317497,-70742.75561916476,2.1336508398472816e-05,2.1336508398472816e-05,46868.02457667235
0.3355570380253502,19334.473277613884,5152.048719019245,14457.103707954899,57549.22580253896,2665.0867381566104,2703.8886593288016,-64761.56023699631,1.9529073976868677e-05,1.9529073976868677e-05,51205.70494967942
0.33622414943295525,19372.906086047937,5190.441026453547,14458.867650697373,57550.85302949138,2623.8786243834875,2174.537744025854,-58780.36485482787,1.772180337258046e-05,1.772180337258046e-05,56427.66590826871
0.33689126084056037,19411.33866949156,5228.834301638974,14460.605433965567,57552.127120409576,2586.660634280921,1645.1868287228617,-52799.169472658934,1.5914665412154773e-05,1.5914665412154773e-05,62835.1255965616
0.33755837224816543,19449.770929067407,5267.228308994448,14462.31971961651,57553.048075293555,2553.432767848917,1115.835913419914,-46817.9740904905,1.4107625077295618e-05,1.4107625077295618e-05,70883.65295512209
0.3382254836557705,19488.2027609997,5305.622812938889,14464.013169507207,57553.61589414329,2524.1950250874725,586.4849981169663,-40836.778708322054,1.2300643895892618e-05,1.2300643895892618e-05,81296.55719355603
0.33889259506337555,19526.634057170653,5344.017577891227,14465.68844549469,57553.830576958804,2498.947405996587,57.13408281401841,-34855.58332615361,1.0493680332467245e-05,1.0493680332467245e-05,95295.45100645188
0.3395597064709806,19565.06473197593,5382.412421119286,14467.347595723495,57553.94695110217,2474.730705820015,346.9358587819976,-38386.869337307704,1.156106634692197e-05,1.156106634692197e-05,86497.21141564428
0.3402268178785857,19603.494827297178,5420.807418766775,14468.98966211969,57554.294796104645,2447.715331261327,695.9034586366076,-42605.22358963302,1.2836060556183534e-05,1.2836060556183534e-05,77905.52215167516
0.3408939292861908,19641.924426539394,5459.202726117485,14470.612767588145,57554.875441373864,2417.885844459596,1044.8710584911887,-46823.57784195797,1.4111026858949112e-05,1.4111026858949112e-05,70866.56485001353
0.34156104069379584,19680.353615903296,5497.598498475137,14472.21503480248,57555.68888690983,2385.2422454148195,1393.83865834577,-51041.932094282936,1.538593643066603e-05,1.538593643066603e-05,64994.41905966017
0.3422281521014009,19718.78248465197,5535.994891143442,14473.794586436321,57556.73513271256,2349.784534126998,1742.806258200351,-55260.2863466079,1.666075892275153e-05,1.666075892275153e-05,60021.27541947829
0.34289526350900595,19757.211125387366,5574.392059426111,14475.34954516328,57558.01417878201,2311.5127105961315,2091.7738580549317,-59478.64059893285,1.7935462326496524e-05,1.7935462326496524e-05,55755.46265805895
0.34356237491661107,19795.63963432678,5612.790158626867,14476.878033656983,57559.52602511822,2270.4267748222155,2440.7414579095416,-63696.99485125816,1.921001283726132e-05,1.921001283726132e-05,52056.18593134502
0.3442294863242161,19834.068111579163,5651.189344049411,14478.378174591053,57561.270671721184,2226.5267268052576,2789.7090577641234,-67915.34910358312,2.0484374719014114e-05,2.0484374719014114e-05,48817.69708458686
0.3448965977318212,19872.49666142145,5689.589770997466,14479.848090639105,57563.2481185909,2179.812566545255,3138.676657618704,-72133.70335590807,2.175851016926891e-05,2.175851016926891e-05,45959.02900614819
0.34556370913942625,19910.925392574678,5727.991594774742,14481.28590447476,57565.45836572735,2130.284294042207,3487.6442574732855,-76352.05760823305,2.3032379184480265e-05,2.3032379184480265e-05,43417.13862864078
0.3462308205470313,19949.354418480027,5766.394970684953,14482.68973877164,57567.901413130545,2077.941909296113,3836.6118573278663,-80570.411860558,2.4305939425960334e-05,2.4305939425960334e-05,41142.20736236735
0.3468979319546364,19987.783857574726,5804.800054031815,14484.057716203362,57570.5772608005,2022.7854123069696,4185.579457182476,-84788.76611288331,2.5579146086386972e-05,2.5579146086386972e-05,39094.34648923611
0.3475650433622415,20026.213833567756,5843.207000119037,14485.387959443553,57573.4859087372,1964.8148030747857,4534.547057037058,-89007.12036520826,2.685195175697584e-05,2.685195175697584e-05,37241.24075041253
0.34823215476984654,20064.644473155215,5881.615951746532,14486.678887008507,57576.50481806144,1906.9293777838632,4082.916835863979,-74283.1583286601,2.241173339138382e-05,2.241173339138382e-05,44619.48491607747
0.3488992661774516,20103.075827930556,5920.026699920183,14487.9372409367,57578.76302058691,1869.736430669944,2687.1743355111194,-37221.297118870934,1.1235624651639413e-05,1.1235624651639413e-05,89002.61721132594
0.34956637758505665,20141.5078391592,5958.438643987531,14489.179029987032,57580.09010736833,1857.2678739561509,1291.4318351582606,-159.4359090817743,6.055802474564526e-08,6.055802474564526e-08,16513088.136546431
0.35023348899266177,20179.94042253097,5996.851162790646,14490.420748082384,57580.48607840568,1869.5237076424858,-104.31066519471551,36902.42530071047,1.1113676285124617e-05,1.1113676285124617e-05,89979.22688628924
0.3509006004002668,20218.373493620224,6035.263635171586,14491.678889145638,57579.95093369895,1906.5039317289459,-1500.0531655475752,73964.28651049963,2.228728853402946e-05,2.228728853402946e-05,44868.625381375794
0.3515677118078719,20256.80698915079,6073.675439972421,14492.96994709968,57578.48467324817,1968.2085462155321,-2895.7956659004353,111026.1477202888,3.346039671325231e-05,3.346039671325231e-05,29886.077220475407
0.35223482321547694,20295.240888259876,6112.0859560352155,14494.310415867387,57576.087297053324,2054.6375511022443,-4291.5381662532955,148088.00893007798,4.463293384574504e-05,4.463293384574504e-05,22404.980220571637
0.352901934623082,20333.67523376115,6150.494562202035,14495.716789371641,57572.75880511441,2165.790946389082,-5687.280666606153,185149.87013986713,5.580455530422324e-05,5.580455530422324e-05,17919.68405712429
0.3535690460306871,20372.110153406364,6188.900637314947,14497.205561535326,57568.49919743143,2301.6687320760575,-7083.02316695913,222211.73134965939,6.69745461833258e-05,6.69745461833258e-05,14931.045553675784
0.3542361574382922,20410.5458811436,6227.303560216013,14498.793226281326,57563.30847400439,2462.2709081631488,-8478.765667311987,259273.59255944853,7.814172880660706e-05,7.814172880660706e-05,12797.259739094072
0.35490326884589724,20448.982778368663,6265.7027097472965,14500.49627753252,57557.18663483329,2647.597474650366,-9874.50816766485,296335.4537692377,8.930437051357616e-05,8.930437051357616e-05,11197.66025166684
0.3555703802535023,20487.42063725157,6304.096352531883,14502.339424089863,57542.15889840506,2916.5503732558777,-49390.52559369843,614954.6477134621,0.00018576492674736905,0.00018576492674736905,5383.147494574956
0.35623749166110735,20525.850505602895,6342.467781062826,14504.457974064497,57488.47079836341,3488.8968590836803,-111566.39833121,1100940.1167983173,0.0003333266238775427,0.0003333266238775427,3000.0603863175934
0.35690460306871247,20564.260959094834,6380.789558348251,14507.06648381965,57393.30446434073,4385.449795268372,-173742.27106872672,1586925.585883213,0.0004815703509485342,0.0004815703509485342,2076.5397994920804
0.3575717144763175,20602.64879503567,6419.034013785099,14510.381235176783,57256.65989633708,5606.209181809806,-235918.1438062383,2072911.054968068,0.0006302687715985761,0.0006302687715985761,1586.6246989576523
0.3582388258839226,20641.022915668815,6457.173476770318,14514.618509957345,57078.53709435243,7151.175018708043,-298094.0165437499,2558896.5240529235,0.0007784912017712781,0.0007784912017712781,1284.5360329374685
0.35890593729152764,20679.40805703106,6495.180276700851,14519.99458998279,56858.93605838678,9020.347305963081,-360269.8892812614,3044881.9931377782,0.0009243935522261128,0.0009243935522261128,1081.790323603851
0.3595730486991327,20717.84803532178,6533.026435867904,14526.725129878872,56592.7028672742,11203.20029695711,-480108.6454751393,3413103.747767091,0.0010339871570562262,0.0010339871570562262,967.1300007700405
0.3602401601067378,20756.365261499883,6570.6526672441305,14534.961841897513,56179.89974147772,13495.633131184306,-757475.1256625953,3459609.889245595,0.001060667392078922,0.001060667392078922,942.8026235821079
0.3609072715143429,20794.91466271266,6607.941793685527,14544.738210502534,55582.06227266098,15819.09074291532,-1034841.6058500281,3506116.030724095,0.0010945810126817496,0.0010945810126817496,913.5915829107762
0.36157438292194793,20833.448619093782,6644.770376671069,14556.074932676922,54799.19046082394,18173.573132150334,-1312208.086037461,3552622.1722025955,0.001135559289359513,0.001135559289359513,880.6233275270265
0.362241494329553,20871.926404301572,6681.014977679728,14568.99270540367,53831.28430596659,20559.08029888935,-1589574.5662248938,3599128.3136810963,0.001183379937970652,0.001183379937970652,845.0371414229605
0.36290860573715805,20910.31530461527,6716.552158190476,14583.512225665769,52678.34380808896,22975.612243132367,-1866941.0464123269,3645634.4551595966,0.0012377035590564478,0.0012377035590564478,807.9479069789062
0.36357571714476317,20948.59283211972,6751.258451528799,14599.656646205642,51339.806205628825,25472.25726716103,-2151806.9065830614,4346293.00567122,0.0014765203175951347,0.0014765203175951347,677.2680254266588
0.3642428285523682,20986.925239355263,6785.005958780936,14617.8357330567,49800.6751687768,29357.108212448984,-2462507.941899391,7300490.128302258,0.002256052033479249,0.002256052033479249,443.25218796386326
0.3649099399599733,21025.715130960503,6817.442486390422,14639.108423704223,47040.53278160004,34480.309942992506,-5958722.358310712,7953149.801221949,0.0029212448150460826,0.0029212448150460826,342.31982025245804
0.36557705136757834,21064.48066670963,6847.227134320674,14663.920547949998,41848.06200913633,39966.68436788038,-9608305.017535781,8495000.72459216,0.00381637215741263,0.00381637215741263,262.0289528257029
0.3662441627751834,21102.789922502063,6872.729224036652,14692.508001482767,34182.431312373235,45783.36379173426,-13409747.342729032,8913846.278358456,0.0049250369928431886,0.0049250369928431886,203.04416016633962
0.3669112741827885,21140.840062021325,6892.822343254372,14724.820223280996,26720.411607827275,50658.26072113492,-8124335.652341487,5338678.711668592,0.0029499930454994316,0.0029499930454994316,338.9838499875856
0.3675783855903936,21179.24287244377,6909.300401284957,14759.508109522205,23370.92224433882,52894.156249395346,-1917433.4593970566,1364536.0820562746,0.0006893976325937698,0.0006893976325937698,1450.5416797525527
0.36824549699799863,21217.841838388777,6924.925129272791,14794.803265667631,24162.12813965246,52478.85589399183,4289468.733547376,-2609606.547556043,0.0014942929798175974,0.0014942929798175974,669.2128073318435
0.3689126084056037,21256.281630553436,6942.101063342457,14829.192288778162,27281.657000107618,50705.34522063991,4375672.777896002,-2217110.829231679,0.001479140321772195,0.001479140321772195,676.0683792338749
0.36957971981320875,21294.723273419353,6961.306512772168,14862.492598362813,30462.71480388375,48933.57945097167,5630078.666137258,-3674635.3653223747,0.0020230732459432946,0.0020230732459432946,494.2974763791767
0.37024683122081387,21333.115277554658,6983.020217090258,14894.154263295535,34841.567305639546,45742.34375487239,7379145.184639599,-5795539.5319540445,0.0028375960750703193,0.0028375960750703193,352.41097518617715
0.3709139426284189,21371.459354809835,7007.815899647912,14923.402210010661,39361.69388497547,41976.464135676164,6172194.300209757,-5494567.566396429,0.0024946747681068534,0.0024946747681068534,400.8538558951615
0.371581054036024,21409.89077455007,7035.358440929801,14950.204867397302,43076.64976088925,38411.36634807274,4965243.415779914,-5193595.600838814,0.0021557499562905257,0.0021557499562905257,463.8756907228401
0.37224816544362904,21448.42675021018,7065.110702374599,14974.696179305754,45986.43493338085,35047.05039206212,3758292.5313500706,-4892623.635281198,0.0018454533252975033,0.0018454533252975033,541.8722794513328
0.3729152768512341,21486.968046046844,7096.5355475132255,14997.010089603653,48091.35111789539,31883.518769492825,2580347.9303383334,-4591411.147308867,0.0015776746060863634,0.0015776746060863634,633.8442643002514
0.3735823882588392,21525.387063072565,7129.1714815995365,15017.281169385862,49720.40358037256,28923.499618260703,2303551.3521678573,-4282726.268084455,0.0014689269622795188,0.0014689269622795188,680.7690414016053
0.3742494996664443,21563.73216479695,7162.832582720555,15035.646274819102,51164.801887966016,26169.40767131461,2026754.7739974046,-3974041.3888600697,0.0013507298429582852,0.0013507298429582852,740.340494595027
0.37491661107404933,21602.073406102652,7197.395665983104,15052.2427822905,52424.54604067591,23621.242928654294,1749958.1958269519,-3665356.509635683,0.0012281664206170069,0.0012281664206170069,814.2219028408377
0.3755837224816544,21640.453196357623,7232.737546493998,15067.208068187172,53499.63603850226,21279.005390279755,1473161.617656499,-3356671.630411297,0.0011051158087047699,0.0011051158087047699,904.8825400226888
0.37625083388925945,21678.888846572227,7268.735039360051,15080.679508896232,54390.07188144506,19142.695056191,1196365.0394860462,-3047986.7511869106,0.0009842309764002855,0.0009842309764002855,1016.0216696871175
0.37691794529686456,21717.37530683447,7305.26495968808,15092.79448080479,55095.85356950434,17212.31192638786,919568.4613155703,-2739301.8719624984,0.000867060857750684,0.000867060857750684,1153.3215818255073
0.3775850567044696,21755.88792743462,7342.204122584901,15103.690360299966,55616.98110268002,15487.856000870679,642771.8831451176,-2430616.992738113,0.000754234638412954,0.000754234638412954,1325.8473544839849
0.3782521681120747,21794.385138636564,7379.429348499912,15113.504524854492,55953.8029696242,13969.398092209409,381129.56029755477,-2118852.7829197757,0.0006458480783639277,0.0006458480783639277,1548.3517463320713
0.37891927951967974,21832.831258925697,7416.837350451771,15122.378394092653,56189.05089955233,12673.749210871769,324143.7336269947,-1765502.5633305337,0.0005405808196077879,0.0005405808196077879,1849.8621551640294
0.3795863909272848,21871.244672298708,7454.3896085626775,15130.466548254,56386.28293443673,11613.824291901867,267157.9069564346,-1412152.3437412914,0.0004335806921637591,0.0004335806921637591,2306.3757636659475
0.3802535023348899,21909.64731314564,7492.060761995374,15137.926241482864,56545.499074277395,10789.623335299639,210172.0802858698,-1058802.1241520199,0.00032573706435328885,0.00032573706435328885,3069.9607426786934
0.380920613742495,21948.053179835744,7529.825449912606,15144.914727923593,56666.699319074316,10201.146341065227,153186.25361530972,-705451.9045627778,0.00021761482005411476,0.00021761482005411476,4595.275265495832
0.38158772515010003,21986.47029601546,7567.658311477118,15151.589261720525,56749.883668827504,9848.393309198551,96200.42694474962,-352101.6849735356,0.00010952853917848803,0.00010952853917848803,9130.040512732458
0.3822548365577051,22024.902249441704,7605.533743437561,15158.105909475846,56793.36918440065,9723.119829865247,31425.4929688926,-36908.87196134112,1.2554879062587098e-05,1.2554879062587098e-05,79650.30925546301
0.38292194796531015,22063.345134428757,7643.423121944488,15164.605940436282,56791.31462443461,9796.71073412248,-37585.06374707145,257534.40292453376,7.833704350455409e-05,7.833704350455409e-05,12765.35283006775
0.38358905937291526,22101.79108685388,7681.29577368372,15171.220583897079,56743.22233483817,10066.728105948703,-106595.62046304124,551977.6778104331,0.00016925290631731435,0.00016925290631731435,5908.318041671945
0.3842561707805203,22140.2333858475,7719.120986360635,15178.080878195513,56649.09231561134,10533.171945343873,-175606.1771790053,846420.952696308,0.00026031391761916964,0.00026031391761916964,3841.5156943816037
0.3849232821881254,22178.667934993908,7756.868047680614,15185.317861668846,56508.92456675412,11196.042252308001,-244616.7338949693,1140864.2275821827,0.0003515483348582594,0.0003515483348582594,2844.5590573005825
0.38559039359573044,22217.094676619723,7794.506245349046,15193.062572654355,56322.71908826649,12055.33902684109,-313627.2906109334,1435307.502468058,0.00044284080624273675,0.00044284080624273675,2258.14781723585
0.3862575050033355,22255.518756339727,7832.006109604671,15201.439331164602,56099.87138193653,13060.261192853068,-335274.69036999485,1473660.214581382,0.0004555171747863411,0.0004555171747863411,2195.30690685603
0.3869246164109406,22293.94596136266,7869.357157237534,15210.469797741822,55879.75122641516,13997.938041997266,-324645.53588302026,1337494.9791527432,0.00041473522525869186,0.00041473522525869186,2411.176912634436
0.3875917278185457,22332.377496019028,7906.563725390464,15220.095499914903,55666.721901105266,14844.777509267722,-314016.3813960465,1201329.7437241157,0.0003740947318077994,0.0003740947318077994,2673.11970731995
0.38825883922615073,22370.81161582396,7943.630544437187,15230.255839030177,55460.783406006834,15600.77959466451,-303387.2269090728,1065164.5082954885,0.0003336631957653186,0.0003336631957653186,2997.0341730567975
0.3889259506337558,22409.244843149634,7980.564369830433,15240.8862437491,55274.140381305566,16242.001929069833,-243721.881226894,832802.8613495314,0.00026144140508527306,0.00026144140508527306,3824.9488434084683
0.38959306204136085,22447.678322080385,8017.389809528893,15251.887120702117,55137.0163849927,16709.153655033817,-167375.85971911927,567718.013090518,0.00017830945839780252,0.00017830945839780252,5608.227454592077
0.39026017344896596,22486.11364972415,8054.140760671402,15263.140653534278,55050.82369055291,16999.46425474097,-91029.83821133815,302633.1648314825,9.519858545905842e-05,9.519858545905842e-05,10504.357760967625
0.390927284856571,22524.5499324136,8090.851200110438,15274.528869512924,55015.56229798624,17112.93372819126,-14683.816703563381,37548.31657246925,1.21145983731884e-05,1.21145983731884e-05,82545.03939752262
0.3915943962641761,22562.98492894054,8127.555104698482,15285.933795905386,55031.23220729264,17049.562075384692,61662.20480421136,-227536.53168654407,7.098038550144289e-05,7.098038550144289e-05,14088.399111042754
0.39226150767178114,22601.416226651792,8164.286451288029,15297.237459979026,55097.833418472175,16809.349296321292,138008.22631198613,-492621.37994555756,0.00015412982692337738,0.00015412982692337738,6488.036871001811
0.3929286190793862,22639.842525226642,8201.077578848188,15308.327696902361,55199.86472898308,16447.26234096654,116550.26261466768,-410895.27939418843,0.00012873044534262088,0.00012873044534262088,7768.17012741984
0.3935957304869913,22678.26628564681,8237.91836846587,15319.242896633563,55234.42544786752,16328.184973407242,-12937.22739905423,53901.33145144835,1.6686791188445328e-05,1.6686791188445328e-05,59927.63909531296
0.39426284189459637,22716.69134801587,8274.753400530528,15330.182084485583,55182.6035850217,16519.17872715924,-142424.71741276534,518697.9422970464,0.00016207198906585993,0.00016207198906585993,6170.097656996348
0.39492995330220143,22755.12082750998,8311.533305632509,15341.320462952739,55082.173437221725,16875.459805649538,-156710.63613192627,541942.4320790133,0.00016996209203748268,0.00016996209203748268,5883.664927938546
0.3955970647098065,22793.554283306083,8348.243468646791,15352.700026032908,54973.52792732807,17242.20757089053,-169008.60252926833,557567.3681135045,0.00017551228373917347,0.00017551228373917347,5697.606906454976
0.39626417611741155,22831.99024101953,8384.878416473131,15364.327727573242,54856.6783037604,17619.37890920323,-181306.5689266104,573192.3041479958,0.00018109405463747325,0.00018109405463747325,5521.992436482081
0.39693128752501666,22870.42739334959,8421.432676053708,15376.210521258236,54731.62456651871,18006.97382058768,-193604.53532395352,588817.2401824882,0.00018670673707529001,0.00018670673707529001,5355.993124108571
0.3975983989326217,22908.86460603163,8457.900774330692,15388.355360772399,54598.36671560301,18404.992305043797,-205902.5017212956,604442.1762169794,0.00019234929103269512,0.00019234929103269512,5198.875413738968
0.3982655103402268,22947.30092383667,8494.277238246266,15400.769199800226,54456.90475101331,18813.434362571625,-218200.46811863768,620067.1122514707,0.00019802028624964107,0.00019802028624964107,5049.987649948731
0.39893262174783184,22985.735576619383,8530.55659474261,15413.458992026233,54307.2386727496,19232.29999317116,-230498.43451597978,635692.0482859618,0.00020371788404661108,0.00020371788404661108,4908.749198333505
0.39959973315543695,23024.16798540825,8566.733370761904,15426.431691134912,54149.368480811856,19661.58919684244,-242796.40091332284,651316.9843204543,0.00020943981900554303,0.00020943981900554303,4774.64125374141
0.400266844563042,23062.597768530384,8602.802093246324,15439.694250810782,53983.29417520013,20101.301973585396,-255094.36731066494,666941.9203549456,0.00021518338069674757,0.00021518338069674757,4647.199039080413
0.40093395597064707,23101.024763972775,8638.757437700433,15453.253276731395,53811.261954643334,20546.176609548762,-244751.30075634093,629530.3039447108,0.00020357541535684145,0.00020357541535684145,4912.184500506257
0.40160106737825213,23139.450049121886,8674.605816686888,15467.087880550584,53669.27458518577,20911.876732203116,-180926.83287745615,466838.6637730694,0.00015090934723638875,0.00015090934723638875,6626.49476863465
0.4022681787858572,23177.87566289098,8710.373676424408,15481.130245142369,53569.86524633453,21169.043405776996,-117102.36499857131,304147.023601428,9.822568699935908e-05,9.822568699935908e-05,10180.636354383807
0.4029352901934623,23216.3025052144,8746.089421202927,15495.307966604749,53513.033938089604,21317.676630270398,-53277.89711968116,141455.38342977315,4.5547047754892356e-05,4.5547047754892356e-05,21955.319813073653
0.40360240160106736,23254.730595293393,8781.781455312366,15509.54864103575,53498.78066045102,21357.77640568331,10546.570759203649,-21236.256741868157,7.122069892592589e-06,7.122069892592589e-06,140408.6192751442
0.4042695130086724,23293.159543924477,8817.478183042665,15523.779864533373,53527.105413418765,21289.342732015743,74371.03863808847,-183927.8969135095,5.97855623787108e-05,5.97855623787108e-05,16726.446322701027
0.4049366244162775,23331.58902575657,8853.208008683752,15537.929233195639,53598.008196992836,21112.375609267692,138195.50651697328,-346619.53708515083,0.00011244601250315543,0.00011244601250315543,8893.156615686468
0.40560373582388254,23370.019251497382,8888.999336525556,15551.924343120549,53711.48901117323,20826.875037439164,202019.9743958581,-509311.1772567922,0.00016509498462711987,0.00016509498462711987,6057.119192679168
0.40627084723148765,23408.451340528187,8924.878427963766,15565.69809587135,53853.687899782824,20467.15606296822,206081.53498223837,-524039.36698104505,0.0001696433988975608,0.0001696433988975608,5894.718017314957
0.4069379586390927,23446.886273416687,8960.849053053269,15579.239077992814,53983.78555649083,20134.28079416253,183951.23982834956,-473920.68889844103,0.00015312636592896433,0.00015312636592896433,6530.553990054869
0.40760507004669777,23485.32418195543,8996.90154336661,15592.569147574006,54099.119840848,19834.840267239822,161820.94467446074,-423802.010815837,0.00013662247032647463,0.00013662247032647463,7319.440188794629
0.40827218145430283,23523.764759508496,9033.026050089677,15605.710609312653,54199.69075285434,19568.834482200113,139690.64952057193,-373683.33273323305,0.0001201351407007595,0.0001201351407007595,8323.959119429224
0.4089392928619079,23562.20731585926,9069.212724408366,15618.685767906472,54285.498292509874,19336.263439043392,117560.35436668312,-323564.65465062903,0.00010366533749773891,0.00010366533749773891,9646.425933083096
0.409606404269513,23600.65082365481,9105.45171750856,15631.516928053183,54356.54245981457,19137.127137769647,95430.05921279246,-273445.9765680209,8.721185759302527e-05,8.721185759302527e-05,11466.3306985904
0.41027351567711806,23639.093964765154,9141.733180576153,15644.226394450503,54412.82325476844,18971.425578378916,73299.76405890367,-223327.29848541692,7.077163609504432e-05,7.077163609504432e-05,14129.95452948167
0.4109406270847231,23677.5351765497,9178.047264797033,15656.836471796154,54454.34067737147,18839.158760871163,51169.46890501486,-173208.62040281293,5.4340044441369386e-05,5.4340044441369386e-05,18402.634931205434
0.4116077384923282,23715.972698035825,9214.384121357089,15669.369464787862,54481.094727623684,18740.32668524641,29039.17375112605,-123089.94232020892,3.7911184577289735e-05,3.7911184577289735e-05,26377.440091888835
0.41227484989993324,23754.40461602443,9250.733901442216,15681.84767812334,54493.085405525075,18674.929351504645,6908.878597237232,-72971.26423760492,2.1478179591032848e-05,2.1478179591032848e-05,46558.88064263605
0.41294196130753835,23792.82891114579,9287.086756238301,15694.293416500317,54490.31271107564,18642.966759645868,-15221.416556653418,-22852.586154996752,5.033461650974743e-06,5.033461650974743e-06,198670.43186995323
0.4136090727151434,23831.24383560333,9323.434189193302,15706.726056552227,54481.27697286612,18626.033077600856,-1729.6293330596454,-49866.6987871085,1.4064511811934168e-05,1.4064511811934168e-05,71100.93925560001
0.41427618412274847,23869.65087592709,9359.780937537093,15719.136319694648,54489.35028402938,18573.520518068515,25933.416200498956,-107565.95469084561,3.32463939703587e-05,3.32463939703587e-05,30078.45003856852
0.41494329553035353,23908.05340151056,9396.139227226971,15731.498711939505,54515.877928437185,18482.516126712475,53596.46173405755,-165265.2105945827,5.2427672411516635e-05,5.2427672411516635e-05,19073.896551248246
0.4156104069379586,23946.45491096764,9432.521369359163,15743.78755494669,54560.85990608949,18353.019903532713,81259.50726761617,-222964.4664983198,7.159212238326707e-05,7.159212238326707e-05,13968.01724422303
0.4162775183455637,23984.859073661864,9468.939675029902,15755.9771703761,54624.29621698636,18185.03184852924,108922.55280117705,-280663.7224020617,9.072225993352287e-05,9.072225993352287e-05,11022.653103359135
0.41694462975316876,24023.269791976512,9505.406455335406,15768.041879887618,54706.18686112775,17978.551961702073,136585.59833473564,-338362.9783057988,0.00010979891415708249,0.00010979891415708249,9107.558191052436
0.4176117411607738,24061.691263331835,9541.934021371912,15779.956005141143,54806.53183851369,17733.5802430512,164248.64386829425,-396062.2342095359,0.00012880081403157044,0.00012880081403157044,7763.926086328068
0.4182788525683789,24100.128041836037,9578.534684235634,15791.69386779655,54925.33114914416,17450.116692576616,191911.68940185284,-453761.490113273,0.00014770419598942355,0.00014770419598942355,6770.288367918848
0.41894596397598394,24138.58509944146,9615.22075502281,15803.229789513749,55062.58479301915,17128.16131027833,219574.73493541143,-511460.74601701,0.00016648243924987665,0.00016648243924987665,6006.639526100895
0.41961307538358905,24177.06788645857,9652.00454482967,15814.538091952623,55218.29277013871,16767.714096156302,247237.78046897234,-569160.0019207519,0.0001851057369051275,0.0001851057369051275,5402.3177061904435
0.4202801867911941,24215.582391259657,9688.898364752427,15825.59309677306,55392.45508050278,16368.7750502106,274900.826002531,-626859.257824489,0.00020354081176343606,0.00020354081176343606,4913.019611822337
0.42094729819879917,24254.12890469554,9725.915109796651,15836.344575015304,55588.173388589035,15800.933882863945,313547.68018558354,-1146375.6048302874,0.0003558456521407801,0.0003558456521407801,2810.2071614026036
0.42161440960640423,24292.670713249947,9763.071398831806,15846.585726892941,55810.89939677926,14834.972349711767,354184.8923687348,-1749577.0715599838,0.0005342983729233853,0.0005342983729233853,1871.6134105528954
0.4222815210140093,24331.165746576993,9800.3853134721,15856.048251136881,56060.73495279015,13466.60823702011,394822.1045518861,-2352778.5382896797,0.0007159470076828401,0.0007159470076828401,1396.7514205227233
0.4229486324216144,24369.58828936007,9837.87493880614,15864.463700395854,56337.680056621706,11695.8415447888,435459.31673504075,-2955980.005019426,0.0009009451354803068,0.0009009451354803068,1109.9455012506235
0.42361574382921946,24407.934725822182,9875.558359922525,15871.563627318601,56641.73470827388,9522.672273018143,476096.528918192,-3559181.4717491223,0.0010878730579868075,0.0010878730579868075,919.2248972969114
0.4242828552368245,24446.229369010664,9913.453661909865,15877.079584553863,56972.8989077467,6947.100421707999,516733.74110134336,-4162382.9384788186,0.0012732556819351544,0.0012732556819351544,785.3882092873542
0.4249499666444296,24484.530251282413,9951.578929856767,15880.743124750377,57331.172655040165,3969.1259908583716,557370.9532844946,-4765584.405208515,0.0014511823815694421,0.0014511823815694421,689.0932612608678
0.42561707805203464,24522.931024847672,9989.948448358131,15882.292143918668,57665.17816171397,674.5030757874413,134967.07147435035,-4595929.131390253,0.001382312001122959,0.001382312001122959,723.4256804452415
0.42628418945963975,24561.416054359048,10028.431429760314,15881.895106274873,57703.06965209694,-1589.7749255940844,43348.34918423602,-2155364.9183035614,0.0006462312766372363,0.0006462312766372363,1547.433614175491
0.4269513008672448,24599.941018515532,10066.929965319108,15880.468353638014,57699.126257312826,-2671.5642662733953,-91644.78535152538,-1773439.0282644469,0.0005322560291306485,0.0005322560291306485,1878.7950634083627
0.42761841227484987,24638.46259705855,10105.38728617485,15878.244283934822,57574.88801451326,-4066.9722194821834,-280821.46656161227,-2409994.0154555715,0.0007275575908071203,0.0007275575908071203,1374.4616407488018
0.4282855236824549,24676.93643590337,10143.719630910613,15874.947676206302,57324.44784962556,-5887.033266214064,-469998.1477716991,-3046549.0026466968,0.0009270871936642154,0.0009270871936642154,1078.6471939576734
0.42895263509006,24715.34244921167,10181.842808784515,15870.295239529485,56947.80576264976,-8131.747406469036,-659174.8289817862,-3683103.9898378216,0.0011299785500136835,0.0011299785500136835,884.9725510169113
0.4296197464976651,24753.69188187331,10219.672629054669,15864.003682981407,56444.96175358579,-10801.114640247339,-848351.5101918887,-4319658.9770289995,0.0013328873763816217,0.0013328873763816217,750.2509347148982
0.43028685790527016,24792.033545578568,10257.124899371931,15855.793285684706,55815.89667734223,-13852.609782668807,-1037680.2246715833,-4618516.811336644,0.0014309158245041692,0.0014309158245041692,698.8531280982324
0.4309539693128752,24830.417818974092,10294.11535573686,15845.543476807628,55060.41307606081,-16847.638329352947,-1227259.6119701301,-4360578.771622555,0.0013659615399053407,0.0013659615399053407,732.0850337186644
0.4316210807204803,24868.846871992264,10330.559635392487,15833.353046287919,54178.458902865765,-19670.593467288527,-1416838.999268677,-4102640.7319084667,0.0013063076274410323,0.0013063076274410323,765.5164671731511
0.43228819212808534,24907.30566832693,10366.373368377568,15819.336786259488,53170.034157757065,-22321.475196475556,-1606418.3865672238,-3844702.6921943785,0.0012530612731421668,0.0012530612731421668,798.0455716202989
0.43295530353569045,24945.77136302211,10401.473865707676,15803.602595604676,52043.80540226209,-24835.82284639844,-1766209.8204966246,-3708917.35238256,0.001235345073369641,0.001235345073369641,809.490418148759
0.4336224149432955,24984.238427013996,10435.78833848688,15786.21777550089,50813.702643306024,-27270.759776102626,-1921638.2508537343,-3591023.5628707083,0.0012246500887592847,0.0012246500887592847,816.5597742397734
0.43428952635090057,25022.707578855407,10469.247609932907,15767.234814780848,49479.91180539258,-29627.048413937664,-2077066.6812108443,-3473129.773358857,0.0012167170871229692,0.0012167170871229692,821.8837481477184
0.4349566377585056,25061.177624973803,10501.78250854545,15746.706180617244,48042.43288852176,-31904.688759903554,-2232495.1115679545,-3355235.9838470058,0.0012116985368147539,0.0012116985368147539,825.287783732697
0.4356237491661107,25099.6460339071,10533.323862824207,15724.684340182774,46501.26589269356,-34103.68081400031,-2387923.5419250643,-3237342.1943351543,0.0012096907897279775,0.0012096907897279775,826.6575297517719
0.4362908605737158,25138.109523605337,10563.802501268867,15701.221760650124,44856.41081790784,-36224.02457622808,-2543351.9722821866,-3119448.404823293,0.0012107377272802184,0.0012107377272802184,825.942710355928
0.43695797198132086,25176.56464834732,10593.14925237913,15676.370909191999,43107.86766416488,-38265.720046586524,-2698780.402639296,-3001554.615311441,0.0012148323155855272,0.0012148323155855272,823.158873179973
0.4376250833889259,25215.008385902074,10621.294944654688,15650.184252981091,41255.63643146455,-40228.767225075826,-2854208.832996406,-2883660.82579959,0.0012219159585651611,0.0012219159585651611,818.3868890412507
0.438292194796531,25253.43872565331,10648.170406595236,15622.714259190092,39299.71711980683,-42113.16611169599,-3009637.263353516,-2765767.0362877385,0.001231875665283009,0.001231875665283009,811.7702363819824
0.43895930620413603,25291.85525818076,10673.706466700467,15594.013394991696,37240.10972919174,-43918.916706446995,-3165065.6937106256,-2647873.246775887,0.0012445391804328015,0.0012445391804328015,803.5102596386234
0.43962641761174115,25330.259766251515,10697.833953470086,15564.134127558602,35076.81425961909,-45646.01900932901,-3320494.1240677484,-2529979.4572640257,0.0012596683823437862,0.0012596683823437862,793.859728494068
0.4402935290193462,25368.656816313145,10720.483695403775,15533.1289240635,32809.83071108924,-47294.47302034172,-3475922.554424858,-2412085.667752174,0.0012769514461219707,0.0012769514461219707,783.1151317749343
0.44096064042695127,25407.054348397163,10741.586521001234,15501.050251679088,30439.159083602015,-48864.27873948529,-3631350.984781968,-2294191.8782403227,0.0012959945097456619,0.0012959945097456619,771.6082070411312
0.4416277518345563,25445.46426084379,10761.07325876216,15467.950577578056,27964.79937715741,-50355.43616675972,-3786779.4151390777,-2176298.088728471,0.0013163138669573698,0.0013163138669573698,759.6972311105995
0.4422948632421614,25483.903210055003,10778.877775346175,15433.883702087753,25425.458793625785,-51750.96045367406,-3613445.8074274086,-1914142.4271011886,0.0012293824454947047,0.0012293824454947047,813.4165276758926
0.4429619746497665,25522.395740179552,10795.092885949736,15398.973172680373,23273.72025641256,-52852.25671317425,-2837466.3271373957,-1387543.7588801626,0.0009463283463408863,0.0009463283463408863,1056.715677879293
0.44362908605737156,25560.941994706034,10810.045217263416,15363.445134086804,21639.646482568412,-53602.252993874485,-2061486.846847447,-860945.0906591805,0.0006685326904367565,0.0006685326904367565,1495.8131656160208
0.4442961974649766,25599.498341460578,10824.080109356179,15327.533942530394,20523.237472093133,-54000.949295774866,-1285507.3665574985,-334346.42243819864,0.000395657556187205,0.000395657556187205,2527.4381453411465
0.4449633088725817,25637.989503428842,10837.54290229698,15291.473954234496,19924.493224986723,-54048.345618875406,-509527.8862675498,192252.24578278343,0.00012403677964181457,0.00012403677964181457,8062.124822070806
0.44563042028018673,25676.32732484556,10850.742109460878,15255.479934158593,19446.790352226588,-53955.43981940189,-2581303.5907045254,-796113.2955301193,0.0008203182845399939,0.0008203182845399939,1219.039022835832
0.44629753168779185,25714.618684897887,10862.803663082885,15219.13784865321,16545.751533069582,-55073.41248457632,-4420449.525583651,-1648711.565851035,0.0014236837864543231,0.0014236837864543231,702.4031667105619
0.4469646430953969,25753.035422754325,10872.93221371628,15182.080349957307,13931.055284871436,-55950.80951962,-3418409.8265145286,-981724.7452099312,0.001069110144921282,0.001069110144921282,935.3573200576349
0.44763175450300197,25791.50465700971,10881.60709543699,15144.60197737621,12302.992673900771,-56321.83817029303,-1813622.3183732212,-326211.99642126536,0.0005540698520676337,0.0005540698520676337,1804.8265868793974
0.448298865910607,25829.950529525122,10889.424248285799,15106.959219310287,11152.695082127806,-56526.99680980617,-1634969.8617621886,-288853.6048391222,0.0005000356383996116,0.0005000356383996116,1999.8574565615936
0.4489659773182121,25868.38141813787,10896.51377802195,15069.187910520604,10121.578582156728,-56707.23324012507,-1456317.405151156,-251495.21325697895,0.0004453828870244206,0.0004453828870244206,2245.259144734875
0.4496330887258172,25906.808377425354,10902.955191711359,15031.30467689722,9209.643173987466,-56862.54746124978,-1277664.9485401087,-214136.82167483264,0.00039041612760149424,0.00039041612760149424,2561.3695984934325
0.45030020013342226,25945.238297684056,10908.827996419936,14993.326144330189,8416.888857620175,-56992.93947318024,-1099012.491929076,-176778.4300926894,0.0003353522348926198,0.0003353522348926198,2981.939274447362
0.4509673115410273,25983.6744155346,10914.211699213587,14955.268938709567,7743.315633054769,-57098.40927591647,-920360.0353180433,-139420.03851054615,0.00028032984001047346,0.00028032984001047346,3567.226378621123
0.4516344229486324,26022.116829385282,10919.185807158232,14917.149685925411,7188.923500291252,-57178.956869458474,-741707.5787070107,-102061.64692840294,0.00022542005989811454,0.00022542005989811454,4436.162426946299
0.45230153435623743,26060.563016051667,10923.829827319782,14878.985011867775,6753.712459329621,-57234.582253806264,-563055.1220959781,-64703.25534625973,0.0001706377623426266,0.0001706377623426266,5860.367519307258
0.45296864576384255,26099.00834630252,10928.223266764142,14840.791542426707,6437.682510169857,-57265.285428959825,-384402.6654849306,-27344.86376411339,0.00011595286457866087,0.00011595286457866087,8624.194008778572
0.4536357571714476,26137.447622558117,10932.435199183965,14802.58372144271,6188.251816533363,-57282.06343013624,-382417.2328017866,-26934.848680969637,0.00011540732842185844,0.00011540732842185844,8664.961000956657
0.45430286857905267,26175.880545296954,10936.476923200033,14764.363909600846,5926.686716417217,-57301.38272018835,-401754.9373464334,-30984.382895230854,0.00012138068518645199,0.00012138068518645199,8238.54304714055
0.4549699799866577,26214.308796131867,10940.339851150879,14726.130308542648,5652.221213002441,-57323.403500710265,-421092.64189108013,-35033.91710949207,0.0001273382597505373,0.0001273382597505373,7853.099311699841
0.4556370913942628,26252.734180766365,10944.015389004362,14687.881117625757,5365.234366334058,-57348.07661650629,-432430.4688222305,-38046.054861178985,0.0001308463677804155,0.0001308463677804155,7642.550702501621
0.4563042028018679,26291.15839549042,10947.50111688221,14649.615336850738,5089.089183385887,-57372.37243362941,-395452.78965633333,-34792.80487393304,0.00011966292495553296,0.00011966292495553296,8356.807259822559
0.45697131420947296,26329.582471233833,10950.810853387708,14611.334071968296,4837.612232036068,-57394.49797057425,-358475.1104904391,-31539.554886687376,0.00010847147828188659,0.00010847147828188659,9219.013291229274
0.457638425617078,26368.007122980634,10953.961054979563,14573.038770797086,4610.803512284576,-57414.45322734079,-321497.43132454494,-28286.304899441708,9.72758426956819e-05,9.72758426956819e-05,10280.044585462021
0.4583055370246831,26406.432859126227,10956.968178116485,14534.730881155785,4408.663024131411,-57432.23820392907,-284519.7521586508,-25033.054912196036,8.607893130845941e-05,8.607893130845941e-05,11617.244600964568
0.45897264843228813,26444.860002780126,10959.848679257171,14496.411850863047,4231.190767576575,-57447.852900339065,-247542.07299275667,-21779.804924950367,7.488284735977957e-05,7.488284735977957e-05,13354.193052988947
0.45963975983989325,26483.288713086178,10962.619014860325,14458.083127737533,4078.3867426200545,-57461.29731657076,-210564.39382685936,-18526.554937704423,6.368897711454768e-05,6.368897711454768e-05,15701.304139356045
0.4603068712474983,26521.719006549643,10965.29564138466,14419.746159597924,3950.250949261877,-57472.571452624186,-173586.7146609652,-15273.304950458754,5.2498083254293716e-05,5.2498083254293716e-05,19048.31449095262
0.46097398265510336,26560.150778363648,10967.895015288874,14381.40239426287,3846.7833875020265,-57481.67530849933,-136609.03549507106,-12020.054963213086,4.131039843682943e-05,4.131039843682943e-05,24206.98027227137
0.4616410940627084,26598.583823730063,10970.43359303167,14343.053279551044,3767.9840573405045,-57488.60888419618,-99631.3563291769,-8766.804975967418,3.0125718807905837e-05,3.0125718807905837e-05,33194.22870459681
0.4623082054703135,26637.017859172658,10972.92783107176,14304.700263281107,3713.8529587773105,-57493.37217971477,-62653.67716328273,-5513.554988721749,1.89434973413111e-05,1.89434973413111e-05,52788.56284996786
0.4629753168779186,26675.45254384186,10975.39418586784,14266.34479327172,3684.3900918124423,-57495.965195055054,-25675.99799738542,-2260.3050014758046,7.762936960260968e-06,7.762936960260968e-06,128817.22537733745
0.46364242828552366,26713.8875008123,10977.849113878625,14227.988317341556,3679.5954564459057,-57496.38793021707,11301.681168508716,992.9449857698601,3.4169165471129563e-06,3.4169165471129563e-06,292661.5228121174
0.4643095396931287,26752.322338375296,10980.309071562808,14189.63228330927,3699.4690526776967,-57494.640385200786,48279.36033440288,4246.194973015534,1.4597081761789224e-05,1.4597081761789224e-05,68506.84378693416
0.4649766511007338,26790.75667132912,10982.790515379103,14151.278138993539,3744.010880507816,-57490.72256000623,85257.03950029705,7499.444960261202,2.5778548933621732e-05,2.5778548933621732e-05,38791.94296680321
0.46564376250833883,26829.190142270276,10985.309901786215,14112.927332213023,3813.2209399362637,-57484.6344546334,122234.71866619127,10752.694947506872,3.696218725190739e-05,3.696218725190739e-05,27054.67599048528
0.46631087391594395,26867.622442888758,10987.883687242842,14074.581310786378,3907.099230963048,-57476.37606908228,159212.39783208846,14005.94493475281,4.814865199672676e-05,4.814865199672676e-05,20769.01343090523
0.466977985323549,26906.05333526979,10990.528328207687,14036.241522532273,4025.6457535881527,-57465.947403352875,196190.07699798266,17259.19492199848,5.933829150209342e-05,5.933829150209342e-05,16852.524309108572
0.46764509673115406,26944.482673203656,10993.260281139466,13997.90941526938,4168.860507811586,-57453.34845744519,233167.75616387685,20512.444909244157,7.053105389923893e-05,7.053105389923893e-05,14178.151958832286
0.4683122081387591,26982.91042350377,10996.096002496874,13959.586436816353,4336.743493633347,-57438.57923135921,270145.435329771,23765.694896489826,8.172639366191244e-05,8.172639366191244e-05,12235.949185973164
0.4689793195463642,27021.336687331328,10999.05194873862,13921.274034991866,4529.294711053436,-57421.63972509497,307123.1144956652,27018.94488373549,9.292317804560183e-05,9.292317804560183e-05,10761.577692803967
0.4696464309539693,27059.761721522867,11002.14457632341,13882.973657614577,4746.5141600718725,-57402.52993865244,344100.79366156243,30272.194870981435,0.00010411959359902197,0.00010411959359902197,9604.340215263703
0.47031354236157435,27098.18595991422,11005.390341709943,13844.686752503156,4988.401840688619,-57381.24987203162,381078.4728274566,33525.44485822711,0.00011531305302906928,0.00011531305302906928,8672.045130466799
0.4709806537691794,27136.61003787232,11008.80474210708,13806.41467865213,5246.269868512515,-57358.60400153231,365598.9564150708,31921.29013154792,0.00011062038569022967,0.00011062038569022967,9039.925089398084
0.4716477651767845,27175.034770222293,11012.380847693164,13768.156718369279,5467.259466388015,-57339.48691731504,296927.8580156893,25391.72835181358,8.982026620479846e-05,8.982026620479846e-05,11133.34487029807
0.47231487658438953,27213.4607785669,11016.089097349508,13729.910058361036,5642.437791148518,-57324.72577824769,228256.75961630762,18862.166572079233,6.902029810966204e-05,6.902029810966204e-05,14488.491463933733
0.47298198799199465,27251.88836998801,11019.898929853221,13691.671792726707,5771.804842794033,-57314.32058433028,159585.6612169203,12332.604792344346,4.8223759634965034e-05,4.8223759634965034e-05,20736.666066055575
0.4736490993995997,27290.317607271827,11023.77978398141,13653.439015565591,5855.360621324539,-57308.27133556278,90914.56281753877,5803.043012610007,2.7431945052452285e-05,2.7431945052452285e-05,36453.849629981116
0.47431621080720476,27328.74838251673,11027.701098511181,13615.208820976983,5893.105126740049,-57306.5780319452,22243.46441815718,-726.5187671243366,6.644763121472496e-06,6.644763121472496e-06,150494.454312225
0.4749833222148098,27367.180490725994,11031.632312219639,13576.97830306018,5885.038359040558,-57309.24067347755,-46427.63398122444,-7256.0805468586805,1.4138664932206568e-05,1.4138664932206568e-05,70728.03583612005
0.4756504336224149,27405.613703382747,11035.5428638839,13538.744555914493,5831.160318226073,-57316.25926015983,-115098.73238060603,-13785.642326593023,3.491940821916383e-05,3.491940821916383e-05,28637.369617598455
0.47631754503002,27444.047842011114,11039.402192281068,13500.50467363921,5731.471004296581,-57327.63379199202,-183769.83077999335,-20315.204106327914,5.569812960974364e-05,5.569812960974364e-05,17953.924252154124
0.47698465643762505,27482.482851728902,11043.17973618825,13462.255750333636,5585.970417252098,-57343.36426897415,-252440.92917937494,-26844.765886062254,7.647448950244464e-05,7.647448950244464e-05,13076.255971189363
0.4776517678452301,27520.918874794024,11046.84493438256,13423.994880097074,5394.658557092617,-57363.45069110618,-321112.0275787565,-33374.32766579659,9.724654990652591e-05,9.724654990652591e-05,10283.141159878754
0.47831887925283517,27559.356324138487,11050.367225641096,13385.719157028814,5157.53542381814,-57387.89305838815,-389783.1259781381,-39903.88944553094,0.00011801017941198717,0.00011801017941198717,8473.845264728261
0.47898599066044023,27597.795956870486,11053.716048740971,13347.425675228165,4874.601017428666,-57416.69137082003,-458454.22437751974,-46433.451225265286,0.00013875846058215084,0.00013875846058215084,7206.767758914117
0.47965310206804534,27636.238947707272,11056.8608424593,13309.111528794421,4545.855337924166,-57449.84562840185,-527125.322776907,-52963.01300500017,0.00015948110262064343,0.00015948110262064343,6270.3353787231645
0.4803202134756504,27674.685511552318,11059.762123602835,13270.77459048139,4125.006587563541,-57483.31576873039,-755920.2843811227,-45517.952256480196,0.00022799165291056674,0.00022799165291056674,4386.125488516308
0.48098732488325546,27713.128360209368,11062.326959332893,13232.417397798052,3536.1946254284244,-57510.48118689984,-1009337.9780999839,-35923.97141554199,0.0003041121066715255,0.0003041121066715255,3288.2610657789755
0.4816544362908605,27751.559817394784,11064.442601681156,13194.044217595614,2778.3248289244916,-57531.24635100595,-1262755.6718188452,-26329.99057460379,0.0003805672045596623,0.0003805672045596623,2627.6567923320044
0.4823215476984656,27789.976145739016,11065.996270237762,13155.659319556567,1851.3971980517417,-57545.61126104873,-1516173.365537706,-16736.00973366559,0.00045730369005922953,0.00045730369005922953,2186.7306600357433
0.4829886591060707,27828.37855108893,11066.87518459286,13117.266973363407,755.4117328100765,-57553.575917028196,-1769591.0592565888,-7142.028892726588,0.0005341202930326842,0.0005341202930326842,1872.237421128666
0.48365577051367575,27866.77418449353,11066.966564336602,13078.871448698637,-509.6315668003217,-57555.14031894431,-2023008.75297545,2451.9519482116148,0.0006106369979036036,0.0006106369979036036,1637.634148328926
0.4843228819212808,27905.176577296694,11066.160618660868,13040.477513961805,-1919.822220370418,-57546.31578689294,-2148937.6539858896,33313.25894821178,0.0006481696274143427,0.0006481696274143427,1542.8060151308966
0.48498999332888587,27943.595826354725,11064.399725376647,13002.098640176548,-3362.3022467984647,-57508.27566605405,-2175617.465245466,80731.0233267763,0.0006559035732292604,0.0006559035732292604,1524.6143500585356
0.48565710473649093,27982.035774169744,11061.670600451565,12963.755694734595,-4822.580679670526,-57438.6026136751,-2202297.276505043,128148.78770534082,0.0006637563085996743,0.0006637563085996743,1506.5770178662385
0.48632421614409604,28020.500948418365,11057.961370365647,12925.469780325422,-6300.6575189867235,-57337.29662975606,-2228977.0877646226,175566.55208390928,0.0006716681408632891,0.0006716681408632891,1488.830479162982
0.4869913275517011,28058.996868577342,11053.260161598917,12887.261999638527,-7796.532764746811,-57204.35771429697,-2255656.8990241988,222984.3164624738,0.0006795746428497656,0.0006795746428497656,1471.5087010994778
0.48765843895930616,28097.53008592615,11047.555099259815,12849.15345593823,-9310.54697890551,-57039.64313537915,-2338710.857578047,294028.88382377726,0.0007052050913131765,0.0007052050913131765,1418.0271984960857
0.4883255503669112,28136.050979335087,11040.590665650885,12811.267364908286,-11917.873635451606,-56392.54010218565,-5478054.45874728,1645986.0096903702,0.0017157578286857375,0.0017157578286857375,582.8328353110272
0.4889926617745163,28174.375802260667,11031.188291667768,12774.113799591367,-16619.492220729644,-54843.5310477336,-8617398.059916513,2997943.135556963,0.0027760142285561157,0.0027760142285561157,360.2287011764088
0.4896597731821214,28212.56293279417,11017.950851273941,12738.294431782837,-23415.40273474027,-52392.61597202276,-11756741.661086006,4349900.261423669,0.00379818189250206,0.00379818189250206,263.2838627276083
0.49032688458972645,28251.020884080815,11000.213771704864,12704.170979062954,-28947.416882078865,-50139.798748453235,-4632960.327398546,2340081.278136408,0.0015460558284624698,0.0015460558284624698,646.8071731888787
0.4909939959973315,28289.63313173621,10980.293662544165,12671.093873385049,-30320.194755426877,-49241.3943790374,-198743.63224480615,382433.6739862183,0.00011057087591671245,0.00011057087591671245,9043.972851885974
0.49166110740493657,28328.153186199415,10960.184993550956,12638.239101628575,-29988.727112268632,-49247.97247955585,-102377.73208516906,300367.6085295029,7.328852537973732e-05,7.328852537973732e-05,13644.700787996455
0.49232821881254163,28366.584594398104,10940.00801418438,12605.530346840676,-30724.273310482786,-48695.51465112784,-2102789.7701608855,1355900.9610977145,0.0007546725348603203,0.0007546725348603203,1325.078035581468
0.49299533022014674,28405.00739712376,10918.894200109344,12573.428654914866,-32809.88620928068,-47383.07979081275,-4262545.938850619,2982721.8131689755,0.0015662207980326325,0.0015662207980326325,638.4795817142283
0.4936624416277518,28443.40094680793,10895.869129349201,12542.705523989758,-36502.174279176936,-44390.664062215845,-6806933.694698533,5988540.541164719,0.002743379242581934,0.002743379242581934,364.51394851950874
0.49432955303535686,28481.692013800108,10869.84735891243,12514.615075884834,-41514.51905008666,-39768.06660947948,-6443398.096707778,6104154.396324865,0.002682414972494921,0.002682414972494921,372.79839631595013
0.4949966644429619,28520.13066578088,10841.084487604561,12489.115522943152,-44168.36198430039,-37171.43187556644,-1512823.020065119,1680556.5359465869,0.0006781325363516579,0.0006781325363516579,1474.6379894702943
0.495663775850567,28558.622784946692,10811.45031458455,12464.550119887324,-44682.35276373233,-36444.92212850515,-1029527.1970697283,1439259.6791286813,0.0005311785948906208,0.0005311785948906208,1882.6059815266426
0.4963308872581721,28597.067853162418,10781.353102707091,12440.629812462144,-45639.05161667912,-35159.851509249966,-1838655.9640645375,2413382.0373981213,0.0009140751561849807,0.0009140751561849807,1094.0019463756553
0.49699799866577715,28635.506344078673,10750.45458374916,12417.765011782378,-46995.66581522312,-33377.78241922119,-1879025.9458663175,2547368.3437852697,0.0009525170648355064,0.0009525170648355064,1049.849957462645
0.4976651100733822,28673.966452887078,10718.729646473768,12396.023155274093,-48048.95147514567,-31867.253120065463,-1278724.4625815707,1981198.4950836897,0.0007092911462333896,0.0007092911462333896,1409.8582864179075
0.49833222148098727,28712.414259905407,10686.429843522941,12375.167542268086,-48749.88019135886,-30696.70276789297,-945159.0436219233,1624151.800293223,0.0005658611261883297,0.0005658611261883297,1767.218057080635
0.49899933288859233,28750.834003433694,10653.705865282458,12355.03751641376,-49344.70657475345,-29673.06582795896,-838130.4537950803,1444711.7456289863,0.0005037172460596057,0.0005037172460596057,1985.2407433389094
0.49966644429619744,28789.241763383783,10620.608887451048,12335.550441650963,-49868.13296493471,-28769.135395472673,-731101.8639682283,1265271.6909647346,0.0004408842424242057,0.0004408842424242057,2268.169065198365
0.5003335557038024,28827.649708610184,10587.1865417787,12316.626460403024,-50320.159361902515,-27984.911470434305,-624073.2741413941,1085831.6363005126,0.0003777281993597798,0.0003777281993597798,2647.406261155304
0.5010006671114076,28866.065286159333,10553.486460015378,12298.185715093246,-50700.78576565702,-27320.39405284361,-517044.6843145421,906391.5816362607,0.0003145005818857918,0.0003145005818857918,3179.644355517096
0.5016677785190127,28904.491893289036,10519.556273911065,12280.148348144956,-51010.01217619814,-26775.58314270072,-410016.09448769013,726951.526972009,0.0002513530267865235,0.0002513530267865235,3978.4681043419832
0.5023348899266177,28942.929554887618,10485.443615215743,12262.434501981474,-51247.838593525856,-26350.478740005703,-302987.504660856,547511.4723077872,0.00018835381199699185,0.00018835381199699185,5309.1572153366915
0.5030020013342228,28981.375601719352,10451.19611567937,12244.964319026105,-51414.265017640224,-26045.080844758406,-195958.91483400395,368071.41764353536,0.0001255048997185756,0.0001255048997185756,7967.81641387976
0.5036691127418278,29019.825347006008,10416.861407051938,12227.657941702177,-51509.29144854122,-25859.389456958947,-88930.32500716981,188631.36297931348,6.275890787200697e-05,6.275890787200697e-05,15933.993020392261
0.5043362241494329,29058.272993158283,10382.485958928424,12210.43731276598,-51541.96652837197,-25779.38702379544,-28870.757198773917,81952.58412287752,2.5958048568062967e-05,2.5958048568062967e-05,38523.69708678073
0.505003335557038,29096.715902316213,10348.097207534365,12193.253860200144,-51552.65195658852,-25742.54789282748,-3164.156594449847,28491.130519033337,8.102594799341536e-06,8.102594799341536e-06,123417.25394947133
0.505670446964643,29135.154405384532,10313.707047971564,12176.083087259525,-51546.18821829119,-25741.373507425807,22542.444009869938,-24970.32308480193,9.763440805389626e-06,9.763440805389626e-06,102422.9080641303
0.5063375583722481,29173.58889966159,10279.326920644611,12158.901201585488,-51522.57531347996,-25775.863867590404,48249.044614194005,-78431.77668864609,2.763837664076667e-05,2.763837664076667e-05,36181.57509746783
0.5070046697798531,29212.019812168925,10244.96826595814,12141.68441081943,-51481.813242154836,-25846.018973321254,73955.64521851379,-131893.23029248137,4.5520321287274154e-05,4.5520321287274154e-05,21968.210498539782
0.5076717811874583,29250.44765405937,10210.642524316745,12124.408922602724,-51423.90200431583,-25951.838824618397,99662.24582283787,-185354.6838963256,6.340679385702465e-05,6.340679385702465e-05,15771.180644378424
0.5083388925950634,29288.873075039493,10176.361136125051,12107.050944576757,-51348.841599962914,-26093.323421481815,125368.84642716193,-238816.13750016975,8.129434401118697e-05,8.129434401118697e-05,12300.978772427137
0.5090060040026684,29327.296917791944,10142.13554178767,12089.586684382919,-51256.63202909613,-26270.47276391147,151075.44703148174,-292277.59110400506,9.917817245996626e-05,9.917817245996626e-05,10082.863751130872
0.5096731154102735,29365.720227331094,10107.976025276792,12071.994693373246,-51154.361541681494,-26468.92128511636,147817.51431631233,-287037.39903141576,9.732471871141138e-05,9.732471871141138e-05,10274.881995448803
0.5103402268178785,29404.143805050284,10073.882237807507,12054.275072024533,-51060.34454104792,-26651.5516732748,134045.4535831599,-260488.50466763743,8.83053255130876e-05,8.83053255130876e-05,11324.345323338302
0.5110073382254836,29442.56813257925,10039.848105609217,12036.439523489022,-50975.515039235666,-26816.470991143888,120273.39285000513,-233939.61030385477,7.928404145462159e-05,7.928404145462159e-05,12612.878728846743
0.5116744496330887,29480.99355388587,10005.867499596645,12018.499863023739,-50899.8730362447,-26963.679238723595,106501.33211685038,-207390.71594007208,7.02624378750463e-05,7.02624378750463e-05,14232.355583482393
0.5123415610406937,29519.420291261034,9971.934290684538,12000.467905885722,-50833.418532075084,-27093.176416013896,92729.27138369795,-180841.8215762938,6.124165748230462e-05,6.124165748230462e-05,16328.754659995013
0.5130086724482988,29557.848459160683,9938.042349787605,11982.355467331994,-50776.15152672677,-27204.962523014838,78957.21065054322,-154292.92721251113,5.222246304813943e-05,5.222246304813943e-05,19148.847864149673
0.5136757838559038,29596.278078050254,9904.185547820585,11964.174362619586,-50728.07202019977,-27299.037559726377,65185.14991739074,-127744.03284873282,4.3205286270577275e-05,4.3205286270577275e-05,23145.315916608062
0.514342895263509,29634.709088248463,9870.357755698207,11945.936407005538,-50689.18001249409,-27375.40152614857,51413.08918423601,-101195.13848495015,3.41902766892465e-05,3.41902766892465e-05,29248.08152589532
0.5150100066711141,29673.141363768205,9836.552844335198,11927.653415746872,-50659.47550360973,-27434.05442228137,37641.02845108127,-74646.24412116746,2.5177350576485556e-05,2.5177350576485556e-05,39718.23790442638
0.5156771180787191,29711.574726153427,9802.764684646287,11909.33720410062,-50638.958493546685,-27474.996248124775,23868.967717928805,-48097.349757389165,1.616623975919456e-05,1.616623975919456e-05,61857.30354711888
0.5163442294863242,29750.008958311755,9768.987147546202,11890.99958732382,-50627.62898230496,-27498.22700367881,10096.906984774076,-21548.45539360649,7.156540352939864e-06,7.156540352939864e-06,139732.32185985034
0.5170113408939292,29788.443818343272,9735.214103949678,11872.652380673497,-50625.48696988454,-27503.74668894346,-3675.153748378376,5000.438970171774,1.8522385892537261e-06,1.8522385892537261e-06,539887.2509199281
0.5176784523015343,29826.87905336627,9701.439424771437,11854.307399406684,-50632.53245628545,-27491.55530391874,-17447.21448153312,31549.333333954477,1.0860626495665858e-05,1.0860626495665858e-05,92075.719609644
0.5183455637091394,29865.31441334117,9667.656980926207,11835.976458780406,-50648.76544150767,-27461.65284860463,-31219.275214687863,58098.22769773718,1.9869142734512553e-05,1.9869142734512553e-05,50329.2977136355
0.5190126751167444,29903.749664893978,9633.860643328728,11817.671374051704,-50674.18592555121,-27414.039323001147,-44991.33594784031,84647.12206151543,2.887824808049738e-05,2.887824808049738e-05,34628.13939448562
0.5196797865243495,29942.184605140556,9600.044282893716,11799.403960477603,-50708.793908416075,-27348.71472710828,-58763.39668099505,111196.01642529812,3.7888296158423225e-05,3.7888296158423225e-05,26393.37477248057
0.5203468979319545,29980.619075512674,9566.20177053591,11781.186033315134,-50752.589390102235,-27265.679060926042,-72535.4574141475,137744.9107890764,4.6899484839636205e-05,4.6899484839636205e-05,21322.19582836162
0.5210140093395597,30019.052975586746,9532.326977170025,11763.029407821326,-50805.57237060973,-27164.932324454407,-86307.51814730224,164293.80515285907,5.591180757925325e-05,5.591180757925325e-05,17885.309799410996
0.5216811207471648,30057.486276915144,9498.413773710803,11744.945899253216,-50867.742849938535,-27046.47451769339,-100079.57888045697,190842.69951664176,6.492500469968695e-05,6.492500469968695e-05,15402.386255119081
0.5223482321547698,30095.918991703194,9464.459236314467,11726.941373261665,-50921.28508257635,-26943.375432622346,-47834.609096468266,94850.02160732288,3.200104875489604e-05,3.200104875489604e-05,31248.975858861617
0.5230153435623749,30134.35076764045,9430.48345285044,11708.978980890462,-50930.57256585465,-26921.76539375591,19990.734228133733,-30063.125085777137,1.0823664735940908e-05,1.0823664735940908e-05,92390.1492143797
0.5236824549699799,30172.780935030572,9396.516566015407,11691.00320929732,-50894.612988876375,-26983.486340008287,87816.07755272443,-154976.2717788563,5.365804668981407e-05,5.365804668981407e-05,18636.53378552504
0.524349566377585,30211.208902536506,9362.588760639414,11672.958467431454,-50813.40635164153,-27128.538271379486,155641.42087732643,-279889.4184719562,9.650709232612518e-05,9.650709232612518e-05,10361.93274397609
0.5250166777851901,30249.63447016388,9328.730221552521,11654.789164242084,-50686.952654150125,-27356.9211878695,223466.76420192842,-404802.5651650562,0.00013936925481946238,0.00013936925481946238,7175.18366081092
0.5256837891927951,30288.058141772613,9294.971133584788,11636.43970867843,-50515.25189640215,-27668.635089478266,291292.1075265191,-529715.7118581353,0.00018223121029841094,0.00018223121029841094,5487.534206475717
0.5263509006004002,30326.4814369906,9261.341611299064,11617.854638158178,-50299.95461057699,-28060.662333647586,333270.81539488636,-607373.8530956553,0.00020882781529581968,0.00020882781529581968,4788.634112670421
0.5270180120080052,30364.906764777967,9227.855113831774,11599.008940958563,-50100.034270650154,-28425.18262635245,266090.36370583327,-485457.98443363333,0.00016682945525358693,0.00016682945525358693,5994.1453293122795
0.5276851234156104,30403.335642897066,9194.487036589348,11579.947196688006,-49944.93077641312,-28708.371452304847,198909.912016769,-363542.1157715911,0.0001248420368626876,0.0001248420368626876,8010.122432557626
0.5283522348232155,30441.768350811355,9161.20748174278,11560.723662495788,-49834.64412786592,-28910.2288115047,131729.4603277047,-241626.24710954895,8.288048521751185e-05,8.288048521751185e-05,12065.56642828039
0.5290193462308205,30480.204276176042,9127.986551463067,11541.392595531175,-49769.17432500857,-29030.754703952014,64549.008638651605,-119710.37844752701,4.0945112827596436e-05,4.0945112827596436e-05,24422.939172511302
0.5296864576384256,30518.64221464216,9094.79434792118,11522.008252943428,-49748.521367841044,-29069.94912964682,-2631.443050412665,2205.4902145151864,9.734504149773727e-07,9.734504149773727e-07,1027273.6901789132
0.5303535690460306,30557.080669418272,9061.600973288121,11502.624891881824,-49772.685256363344,-29027.8120885891,-69811.89473946579,124121.35887653711,4.288934905269982e-05,4.288934905269982e-05,23315.812015968368
0.5310206804536357,30595.51815399284,9028.376602912043,11483.296637083902,-49840.253208765855,-28906.899963401356,-118808.60424732223,213134.33892064955,7.3494371772691e-05,7.3494371772691e-05,13606.484086875065
0.5316877918612408,30633.9539025298,8995.10197167355,11464.058506157571,-49915.880974365835,-28771.167023337304,-107923.43702142398,193793.01539134554,6.68179357867994e-05,6.68179357867994e-05,14966.041501053984
0.5323549032688458,30672.388190332065,8961.77931044441,11444.906620415552,-49984.24712073573,-28648.336900837858,-97038.26979552754,174451.6918620448,6.013819034102615e-05,6.013819034102615e-05,16628.368667718325
0.5330220146764509,30710.821335968292,8928.413463533638,11425.832372241051,-50045.35164787555,-28538.409595902966,-86153.10256962929,155110.3683327408,5.3455992677733175e-05,5.3455992677733175e-05,18706.97652232628
0.5336891260840559,30749.25358954004,8895.009275250275,11406.827154017288,-50099.19455578526,-28441.385108532668,-75267.93534373285,135769.04480344002,4.677202191381411e-05,4.677202191381411e-05,21380.302990592976
0.5343562374916611,30787.68514028507,8861.571589903333,11387.882358127474,-50145.7758444649,-28357.263438726925,-64382.768117834596,116427.72127413601,4.0086798642595384e-05,4.0086798642595384e-05,24945.86831230322
0.5350233488992662,30826.11612418496,8828.105251801846,11368.989376954816,-50185.095513914464,-28286.044586485776,-53497.600891936345,97086.39774483201,3.340070463884515e-05,3.340070463884515e-05,29939.488127953926
0.5356904603068712,30864.546631575773,8794.615105254847,11350.139602882537,-50217.15356413394,-28227.72855180921,-42612.4336660399,77745.07421553126,2.6714002633157383e-05,2.6714002633157383e-05,37433.5517493287
0.5363575717144763,30902.976714760727,8761.105994571344,11331.324428293838,-50241.94999512332,-28182.31533469721,-31727.266440141644,58403.750686227264,2.0026856130629234e-05,2.0026856130629234e-05,49932.94970899561
0.5370246831220813,30941.406395623937,8727.58276406038,11312.53524557194,-50259.484806882625,-28149.8049351498,-20842.09921424521,39062.42715692648,1.3339349256155162e-05,1.3339349256155162e-05,74966.17569545764
0.5376917945296864,30979.835673245063,8694.050258030971,11293.763447100053,-50269.75799941185,-28130.19735316696,-9956.931988346954,19721.10362762249,6.651506614803088e-06,6.651506614803088e-06,150341.87860153004
0.5383589059372915,31018.264531514327,8660.513320792144,11275.000425261385,-50272.76957271097,-28123.492588748697,928.2352375512964,379.7800983185007,3.668683925120801e-08,3.668683925120801e-08,27257731.121305916
0.5390260173448965,31056.69294674796,8626.976796652934,11256.237572439155,-50268.519526780015,-28129.690641895017,11813.40246344774,-18961.543430982274,6.725265928102985e-06,6.725265928102985e-06,148693.00495929577
0.5396931287525016,31095.120895304044,8593.445529922354,11237.46628101657,-50257.00786161898,-28148.791512605912,22698.56968934599,-38302.86696028627,1.3414265370169224e-05,1.3414265370169224e-05,74547.50390012485
0.5403602401601066,31133.54836417797,8559.92428663593,11218.678076935586,-50239.00594055012,-28179.47901731913,28516.025475296825,-48997.11290237034,1.708355697338566e-05,1.708355697338566e-05,58535.819066128446
0.5410273515677118,31171.97543709421,8526.415601685152,11199.868293157466,-50220.056025484,-28212.29634908792,28295.819892910615,-49389.24774045061,1.7154538525554752e-05,1.7154538525554752e-05,58293.61125105879
0.5416944629753169,31210.40229652269,8492.919509439002,11181.036529305573,-50201.25301207392,-28245.375278480504,28075.614310524405,-49781.38257853089,1.7225194483390667e-05,1.7225194483390667e-05,58054.49691521605
0.5423615743829219,31248.829130179194,8459.435911897717,11162.182610865158,-50182.59690031986,-28278.715805496893,27855.408728138234,-50173.517416611096,1.729552145901167e-05,1.729552145901167e-05,57818.43596736191
0.543028685790527,31287.256125986165,8425.964711061511,11143.306363321451,-50164.08769022184,-28312.31793013709,27635.203145752028,-50565.65225469137,1.7365516081011836e-05,1.7365516081011836e-05,57585.38907423781
0.543695797198132,31325.683472073004,8392.505808930631,11124.4076121597,-50145.72538177984,-28346.181652401086,27414.997563365847,-50957.78709277157,1.7435174994833774e-05,1.7435174994833774e-05,57355.317643574585
0.5443629086057371,31364.1113567765,8359.05910750529,11105.48618286514,-50127.50997499387,-28380.306972288887,27194.791980979644,-51349.92193085185,1.750449486314061e-05,1.750449486314061e-05,57128.18380756077
0.5450300200133422,31402.539968641107,8325.624508785726,11086.541900923019,-50109.44146986392,-28414.693889800496,26974.586398593434,-51742.05676893212,1.7573472366186804e-05,1.7573472366186804e-05,56903.950406756514
0.5456971314209472,31440.969496419348,8292.201914772171,11067.57459181857,-50091.51986639,-28449.342404935895,26754.38081620726,-52134.191607012326,1.7642104202188092e-05,1.7642104202188092e-05,56682.58097443803
0.5463642428285523,31479.400129072103,8258.791227464848,11048.584081037041,-50073.745164572116,-28484.252517695102,26534.17523382105,-52526.32644509259,1.771038708769025e-05,1.771038708769025e-05,56464.0397213598
0.5470313542361573,31517.832055768937,8225.392348863994,11029.57019406367,-50056.11736441025,-28519.42422807811,26313.969651434876,-52918.46128317281,1.7778317757936562e-05,1.7778317757936562e-05,56248.291520921994
0.5476984656437625,31556.26546588842,8192.005180969825,11010.532756383695,-50038.63646590442,-28554.85753608492,26093.76406904867,-53310.59612125308,1.7845892967234227e-05,1.7845892967234227e-05,56035.301894729506
0.5483655770513676,31594.700549018395,8158.629625782582,10991.47159348236,-50021.302469054615,-28590.55244171554,25873.558486662456,-53702.73095933335,1.7913109489319225e-05,1.7913109489319225e-05,55825.03699853198
0.5490326884589726,31633.13749495628,8125.265585302497,10972.386530844913,-50004.11537386085,-28626.50894496996,25653.35290427629,-54094.865797413564,1.7979964117719913e-05,1.7979964117719913e-05,55617.46360853209
0.5496997998665777,31671.5764905246,8091.912990082526,10953.277350527744,-49986.45845061596,-28663.66509427722,34313.918853347146,-67994.69077483441,2.290620620121753e-05,2.290620620121753e-05,43656.29084168671
0.5503669112741827,31710.017121413166,8058.577236466376,10934.135521097038,-49949.412713968246,-28730.796744412608,76749.19961649926,-133265.99633107753,4.631559137619409e-05,4.631559137619409e-05,21591.001437887146
0.5510340226817878,31748.457725965647,8025.275639132134,10914.93438328314,-49884.057917438506,-28841.47162707386,119184.48037965845,-198537.30188733153,6.97336013277829e-05,6.97336013277829e-05,14340.289056627069
0.5517011340893929,31786.89665224395,7992.027083376588,10895.644888898907,-49790.39406102673,-28995.689742260965,161619.76114281762,-263808.6074435855,9.316818979101278e-05,9.316818979101278e-05,10733.277122192861
0.5523682454969979,31825.33252660815,7958.850454496538,10876.237989757214,-49668.421144732965,-29193.451089973896,204055.04190596976,-329079.9129998287,0.00011662477626084398,0.00011662477626084398,8574.507339361504
0.553035356904603,31863.76434734348,7925.764637788751,10856.684637670898,-49518.13916855713,-29434.755670212708,246490.32266912895,-394351.2185560827,0.000140105387525336,0.000140105387525336,7137.484272824017
0.553702468312208,31902.191578434813,7892.788518550026,10836.95578445283,-49339.5481324993,-29719.603482977327,288925.603432281,-459622.5241123258,0.0001636077908322213,0.0001636077908322213,6112.178368238548
0.5543695797198132,31940.614243478223,7859.940982077142,10817.022381915865,-49132.64803655942,-30047.994528267845,331360.8841954402,-524893.8296685797,0.00018712462087486532,0.00018712462087486532,5344.032203377041
0.5550366911274183,31979.03301967906,7827.240913666886,10796.85538187286,-48897.43888073752,-30419.92880608422,373796.1649585994,-590165.1352248337,0.00021064250607589336,0.00021064250607589336,4747.379902704469
0.5557038025350233,32017.44933183829,7794.707198616048,10776.425736136673,-48633.92066503363,-30835.40631642638,416231.44572175154,-655436.4407810769,0.0002341412036272774,0.0002341412036272774,4270.927049610077
0.5563709139426284,32055.865956331974,7762.349294555621,10755.718175143042,-48393.34746365996,-31219.51874417056,272902.814006457,-449212.02802729455,0.0001584224128237159,0.0001584224128237159,6312.23816236625
0.5570380253502334,32094.288758597442,7730.112756534398,10734.81082355712,-48272.0448443158,-31431.485359382586,90762.43878731155,-186263.88437844306,6.196744622864678e-05,6.196744622864678e-05,16137.505430031946
0.5577051367578385,32132.72288668218,7697.91661121384,10713.820577533512,-48272.25014706583,-31468.036268357908,-91377.93643186425,76684.25927045225,3.437530233945134e-05,3.437530233945134e-05,29090.653229028758
0.5583722481654436,32171.17247644165,7665.679799273001,10692.864458890916,-48393.96337191003,-31329.17147109646,-273518.31165104,339632.40291934763,0.00013050864727281425,0.00013050864727281425,7662.327523092074
0.5590393595730486,32209.642227251643,7633.321261390947,10672.059489448045,-48637.18451884838,-31014.89096759831,-455658.6868701854,602580.5465681991,0.00022631489498847136,0.00022631489498847136,4418.622115221098
0.5597064709806537,32248.134697166683,7600.794201252775,10651.476472202561,-48823.09225129627,-30766.41443775436,-15610.602860030951,26232.307393525494,9.163195053506128e-06,9.163195053506128e-06,109132.23980945034
0.5603735823882587,32286.626779873048,7568.26033565292,10630.904937981597,-48653.40209434765,-30986.1104519351,524341.6933920804,-684880.9579074341,0.00025827033859627575,0.00025827033859627575,3871.9119099587533
0.5610406937958639,32325.086426664373,7535.959821837679,10610.028605962181,-48123.50360100659,-31680.198237497498,1064293.9896442818,-1395994.2232085122,0.0005275561876393752,0.0005275561876393752,1895.5326909814887
0.561707805203469,32363.493406440462,7504.132958897379,10588.531003981956,-47233.396771273125,-32848.67779444157,1604246.2858964829,-2107107.48850959,0.000799342874672894,0.000799342874672894,1251.0276024030597
0.562374916611074,32401.851691319083,7473.020045922347,10566.095659878563,-45983.08160514747,-34491.549122767006,2144198.5821485943,-2818220.7538105496,0.0010717247240412142,0.0010717247240412142,933.075422790698
0.5630420280186791,32440.202091614334,7442.851618226579,10542.418261939367,-44513.482999510234,-36433.295079377494,1328130.0167384807,-1840456.3765780989,0.0006846615934679527,0.0006846615934679527,1460.5755741822659
0.5637091394262841,32478.6036827986,7413.230786172518,10517.978775162668,-44435.77959040244,-36645.97293055095,-170684.9588424724,93879.4601392898,5.45669691345372e-05,5.45669691345372e-05,18326.10489203564
0.5643762508338892,32517.03716736882,7383.552231365047,10493.559190384269,-44535.96884681108,-36554.24091674923,-129682.43187064207,181133.11723827422,6.696054111881635e-05,6.696054111881635e-05,14934.168441464304
0.5650433622414943,32555.47089316399,7353.814483528529,10469.211343824256,-44615.45884117413,-36444.20710197088,-108631.05634465134,148733.35544041437,5.5416121433349324e-05,5.5416121433349324e-05,18045.290325897866
0.5657104736490993,32593.900179809218,7324.028390784141,10444.92968920428,-44680.906880729766,-36355.797481157184,-87582.16624316025,116318.6877590985,4.3850451422802536e-05,4.3850451422802536e-05,22804.78233526219
0.5663775850567044,32632.327023289934,7294.203320680038,10420.699800777445,-44732.31296558128,-36289.01205492739,-66533.27614166564,83904.02007777721,3.2272311859066896e-05,3.2272311859066896e-05,30986.314347946234
0.5670446964643094,32670.75333316556,7264.3486407643995,10396.507252796866,-44769.677095728664,-36243.85082328156,-45484.38604017456,51489.35239646133,2.0687108421503892e-05,2.0687108421503892e-05,48339.283558862066
0.5677118078719146,32709.180940495666,7234.47372509308,10372.33763511788,-44792.91182985292,-36220.10414533816,-23652.220089192495,20952.591423914208,9.39166187586308e-06,9.39166187586308e-06,106477.4278735521
0.5683789192795197,32747.610751979257,7204.588334416345,10348.177464697053,-44800.88888064765,-36215.06694816083,-262.97819339445414,-5851.07428627531,1.321318319513411e-06,1.321318319513411e-06,756819.9011788925
0.5690460306871247,32786.04229158424,7174.7028267044225,10324.014690327995,-44793.26270135845,-36227.9107821444,23126.263702399687,-32654.739996460372,1.2031971405045077e-05,1.2031971405045077e-05,83111.89964935373
0.5697131420947298,32824.47496885365,7144.8276110500865,10299.837383370832,-44770.03329198533,-36258.635647288866,46515.50559819772,-59458.40570664989,2.274176698376518e-05,2.274176698376518e-05,43971.95700377534
0.5703802535023349,32862.90821527685,7114.973096546128,10275.633615185698,-44731.20065252829,-36307.24154359423,69904.74749399576,-86262.0714168394,3.34520824604194e-05,3.34520824604194e-05,29893.50517066323
0.5710473649099399,32901.34150382685,7085.149692285337,10251.391457132733,-44676.764782987346,-36373.728471060494,93293.98938978989,-113065.73712702445,4.41641217892866e-05,4.41641217892866e-05,22642.814109859228
0.571714476317545,32939.774368501865,7055.367807360484,10227.09898057206,-44606.72568336247,-36458.09642968766,116683.23128558794,-139869.402837214,5.4878834070652706e-05,5.4878834070652706e-05,18221.961470838996
0.57238158772515,32978.2064238745,7025.63785086437,10202.744256863827,-44521.08335365368,-36560.345419475714,140072.47318138208,-166673.06854739905,6.559683191181294e-05,6.559683191181294e-05,15244.638664019321
0.5730486991327551,33016.63738465084,6995.970231889763,10178.315357368147,-44419.837793860956,-36680.475440424685,163461.71507718012,-193476.73425758854,7.631830950920202e-05,7.631830950920202e-05,13103.015599152202
0.5737158105403602,33055.06708523993,6966.375359529458,10153.800353445164,-44302.989003984316,-36818.48649253456,186850.95697297817,-220280.3999677781,8.70429604619621e-05,8.70429604619621e-05,11488.579831070905
0.5743829219479653,33093.495506655745,6936.863371702189,10129.187630170503,-44173.19291220673,-36971.305988973174,192898.43503224914,-227021.7478970632,8.977866139143894e-05,8.977866139143894e-05,11138.504233650307
0.5750500333555704,33131.9229481701,6907.436787722444,10104.474386421007,-44049.30470574616,-37117.120764635154,178518.40793649072,-210130.94953751168,8.309829324465046e-05,8.309829324465046e-05,12033.941504140052
0.5757171447631754,33170.34988875973,6878.089651151914,10079.66762649171,-43935.00957940288,-37251.6674960279,164138.38084073472,-193240.15117796298,7.641449771015762e-05,7.641449771015762e-05,13086.521929294473
0.5763842561707805,33208.77672482451,6848.815562337404,10054.774867423475,-43830.30753317681,-37374.94618315144,149758.35374497634,-176349.3528184115,6.972846165241699e-05,6.972846165241699e-05,14341.346077370936
0.5770513675783856,33247.20376580232,6819.608121625742,10029.803626257186,-43735.198567068,-37486.95682600578,135378.32664921792,-159458.55445886,6.304114535756493e-05,6.304114535756493e-05,15862.65595791559
0.5777184789859906,33285.63124177065,6790.46092936375,10004.761420033712,-43649.682681076454,-37587.69942459088,120998.29955346193,-142567.75609931131,5.63533020972148e-05,5.63533020972148e-05,17745.18906230029
0.5783855903935957,33324.05931105353,6761.367585898241,9979.655765793928,-43573.75987520215,-37677.173978906794,106618.27245770354,-125676.95773975982,4.966549784537836e-05,4.966549784537836e-05,20134.70202419516
0.5790527018012007,33362.48806783174,6732.321691576042,9954.494180578708,-43507.4301494451,-37755.380488953466,92238.24536194751,-108786.15938021112,4.29781310950535e-05,4.29781310950535e-05,23267.6473946326
0.5797198132088058,33400.91754975468,6703.316846743964,9929.284181428915,-43450.69350380528,-37822.318954730945,77858.21826618913,-91895.36102065962,3.629145273260644e-05,3.629145273260644e-05,27554.697448127765
0.580386924616411,33439.34774555245,6674.3466517488305,9904.033285385436,-43403.549938282726,-37877.98937623921,63478.19117043071,-75004.56266110812,2.9605585938572996e-05,2.9605585938572996e-05,33777.409508963785
0.581054036024016,33477.778602647544,6645.404706937468,9878.749009489144,-43365.999452877426,-37922.39175347825,49098.1640746747,-58113.76430155943,2.2920546092653554e-05,2.2920546092653554e-05,43628.97794658208
0.5817211474316211,33516.210034765536,6616.484612656686,9853.438870780903,-43338.04204758938,-37955.526086448095,34718.13697891631,-41222.96594200791,1.62362606686915e-05,1.62362606686915e-05,61590.53617119533
0.5823882588392261,33554.641929544414,6587.579969253313,9828.110386301594,-43319.677722418564,-37977.39237514872,20338.10988316031,-24332.16758245924,9.552589112157285e-06,9.552589112157285e-06,104683.6609697083
0.5830553702468312,33593.07415614285,6558.684377074159,9802.771073092083,-43310.90647736501,-37987.99061958013,5958.082787401909,-7441.369222907742,2.8693426981070894e-06,2.8693426981070894e-06,348511.8736983567
0.5837224816544363,33631.506572847335,6529.791436466049,9777.428448193248,-43311.728312428706,-37987.32081974232,-8421.944308356495,9449.429136643768,3.813695628110336e-06,3.813695628110336e-06,262212.8500840782
0.5843895930620413,33669.93903467864,6500.894747775807,9752.09002864597,-43322.143227609646,-37975.38297563531,-22801.971404112493,26340.227496192452,1.0496751422185719e-05,1.0496751422185719e-05,95267.56991562365
0.5850567044696464,33708.37140099804,6471.987911350245,9726.763331491104,-43342.15122290784,-37952.17708725908,-37181.9984998709,43231.02585574396,1.7180038917203466e-05,1.7180038917203466e-05,58207.08584068668
0.5857238158772514,33746.80354362165,6443.064553890377,9701.455842878237,-43371.31040091717,-37918.22112882594,-46622.308987687305,54331.68880464658,2.1570660820516954e-05,2.1570660820516954e-05,46359.26587139366
0.5863909272848565,33785.23540194649,6414.1209831533015,9676.171906331716,-43401.065665691865,-37883.54303673562,-42583.974806859835,49633.23128214564,1.970440358384104e-05,1.970440358384104e-05,50750.07704471038
0.5870580386924616,33823.667012002916,6385.158460944998,9650.910058440824,-43428.12691166682,-37851.9993392567,-38545.64062603237,44934.77375964471,1.7838008676125845e-05,1.7838008676125845e-05,56060.069156619866
0.5877251501000667,33862.09841389062,6356.17878447614,9625.66820821516,-43452.49413884201,-37823.59003638919,-34507.30644520557,40236.31623714455,1.597150239233694e-05,1.597150239233694e-05,62611.517403634854
0.5883922615076718,33900.52964203921,6327.183750957395,9600.444264664318,-43474.16734721746,-37798.315128133094,-30468.9722643781,35537.85871464361,1.4104906899171988e-05,1.4104906899171988e-05,70897.3130520063
0.5890593729152768,33938.9607258014,6298.175157599445,9575.236136797903,-43493.14653679315,-37776.1746144884,-26430.638083551305,30839.401192143454,1.2238240666293117e-05,1.2238240666293117e-05,81711.09126446796
0.5897264843228819,33977.391690046345,6269.154801612953,9550.041733625507,-43509.43170756909,-37757.16849545511,-22392.303902723834,26140.94366964252,1.037151889788771e-05,1.037151889788771e-05,96417.89306324867
0.590393595730487,34015.82255575293,6240.124480208599,9524.85896415673,-43523.022859545286,-37741.29677103324,-18353.969721896367,21442.486147141586,8.504753964486398e-06,8.504753964486398e-06,117581.29678715403
0.591060707138092,34054.25334060318,6211.08599059706,9499.685737401176,-43533.91999272173,-37728.55944122278,-14315.63554106957,16744.028624641433,6.637955834965592e-06,6.637955834965592e-06,150648.78779886966
0.5917278185456971,34092.68405957564,6182.041129989004,9474.519962368438,-43542.123107098414,-37718.956506023715,-10277.301360242096,12045.57110214049,4.771132508686743e-06,4.771132508686743e-06,209593.84342801466
0.5923949299533021,34131.114725538755,6152.991695595108,9449.359548068123,-43547.63220267535,-37712.48796543606,-6238.967179415298,7347.113579640334,2.9042904477360183e-06,2.9042904477360183e-06,344318.1796020195
0.5930620413609072,34169.54534984436,6123.939484626039,9424.20240350982,-43550.44727945254,-37709.153819459825,-2200.632998587833,2648.6560571393984,1.0374350092269195e-06,1.0374350092269195e-06,963915.8030199737
0.5937291527685123,34207.975942921046,6094.886294292477,9399.046437703128,-43550.56833742997,-37708.95406809498,1837.701182239638,-2049.801465361539,8.294291223471578e-07,8.294291223471578e-07,1205648.5274717058
0.5943962641761174,34246.406514867616,6065.833921805097,9373.889559657653,-43547.99537660765,-37711.88871134155,5876.035363066436,-6748.2589878616955,2.6962975027350967e-06,2.6962975027350967e-06,370878.95493194286
0.5950633755837225,34284.837076046555,6036.784164374565,9348.729678382986,-43542.72839698558,-37717.95774919953,9914.369543893907,-11446.716510362634,4.563165495535506e-06,4.563165495535506e-06,219146.11709313997
0.5957304869913275,34323.26763760163,6007.7388048746125,9323.564719552161,-43534.95329260796,-37726.94512246502,12345.825997406653,-14277.547105688376,5.687628253546541e-06,5.687628253546541e-06,175820.21106538502
0.5963975983989326,34361.69820770008,5978.698843969068,9298.393517977816,-43526.915627691924,-37736.24087760677,11751.093420839066,-13591.126809283225,5.4139469166444314e-06,5.4139469166444314e-06,184708.1279880374
0.5970647098065377,34400.128788516435,5949.664112742291,9273.216267840611,-43519.274715662206,-37745.07871393838,11156.36084427148,-12904.706512878072,5.140265326386597e-06,5.140265326386597e-06,194542.4869153516
0.5977318212141427,34438.55938146706,5920.63434651591,9248.033274623402,-43512.03055651879,-37753.45863145985,10561.628267703993,-12218.286216473036,4.866583674946811e-06,4.866583674946811e-06,205482.95617478096
0.5983989326217478,34476.98998772877,5891.6092806115375,9222.844843809044,-43505.18315026166,-37761.38063017117,9966.895691136404,-11531.865920067885,4.592902128910352e-06,4.592902128910352e-06,217727.2608761742
0.5990660440293528,34515.42060825159,5862.588650350809,9197.651280880413,-43498.73249689084,-37768.84471007234,9372.163114568915,-10845.445623662847,4.319220830636659e-06,4.319220830636659e-06,231523.23977206755
0.5997331554369579,34553.851243771525,5833.5721910553375,9172.45289132036,-43492.67859640634,-37775.85087116338,8777.430538001327,-10159.025327257696,4.045539899621346e-06,4.045539899621346e-06,247185.79591653464
0.600400266844563,34592.28189482328,5804.559638046753,9147.249980611748,-43487.021448808126,-37782.39911344426,8182.697961433739,-9472.605030852545,3.771859433858941e-06,3.771859433858941e-06,265121.22668816237
0.601067378252168,34630.712561753055,5775.550726646682,9122.042854237448,-43481.76105409622,-37788.48943691502,7587.965384866251,-8786.184734447506,3.49817951120521e-06,3.49817951120521e-06,285862.9743833458
0.6017344896597732,34669.143244731276,5746.545192176738,9096.831817680311,-43476.89741227061,-37794.121841575616,6993.232808298666,-8099.764438042355,3.2245001907394948e-06,3.2245001907394948e-06,310125.58252343093
0.6024016010673782,34707.57394376533,5717.542769958555,9071.61717642321,-43472.43052333131,-37799.29632742608,6398.5002317311755,-7413.344141637317,2.950821514127499e-06,2.950821514127499e-06,338888.6773436992
0.6030687124749833,34746.00465871237,5688.543195313748,9046.399235948993,-43468.36038727831,-37804.0128944664,5803.767655163589,-6726.923845232166,2.677143506983416e-06,2.677143506983416e-06,373532.4600237034
0.6037358238825884,34784.435389292026,5659.546203563942,9021.178301740529,-43464.68700411162,-37808.27154269657,5209.035078596001,-6040.503548827015,2.403466180232703e-06,2.403466180232703e-06,416065.7671093921
0.6044029352901934,34822.86613509915,5630.551530030769,8995.954679280687,-43461.41037383122,-37812.0722721166,4614.302502028513,-5354.083252421979,2.1297895314743877e-06,2.1297895314743877e-06,469529.9630418085
0.6050700466977985,34861.29689561664,5601.558910035841,8970.72867405232,-43458.530496437124,-37815.41508272649,4019.5699254609253,-4667.662956016826,1.8561135463433697e-06,1.8561135463433697e-06,538760.1431873856
0.6057371581054035,34899.72767022808,5572.568078900793,8945.500591538294,-43456.04737192933,-37818.29997452622,3424.837348893437,-3981.2426596117884,1.5824381998731394e-06,1.5824381998731394e-06,631936.2108928916
0.6064042695130086,34938.15845823062,5543.578771947237,8920.270737221466,-43453.96100030785,-37820.72694751583,2830.1047723258494,-3294.822363206637,1.308763457857795e-06,1.308763457857795e-06,764080.013081062
0.6070713809206137,34976.58925884762,5514.5907244968,8895.039416584703,-43452.27138157267,-37822.69600169529,2235.372195758262,-2608.4020668014846,1.0350892782147223e-06,1.0350892782147223e-06,966100.2398988783
0.6077384923282187,35015.02007124147,5485.603671871115,8869.806935110868,-43450.97851572378,-37824.20713706459,1640.6396191907738,-1921.9817703964477,7.614156123467864e-07,7.614156123467864e-07,1313343.1778708398
0.6084056037358239,35053.450894526344,5456.617349391792,8844.573598282817,-43450.0824027612,-37825.260353623766,1045.907042623186,-1235.5614739912967,4.877424065045065e-07,4.877424065045065e-07,2050262.5702913133
0.6090727151434289,35091.8817277809,5427.631492380465,8819.33971158342,-43449.58304268492,-37825.85565137279,451.17446605569785,-549.1411775862589,2.1406960314866847e-07,2.1406960314866847e-07,4671377.838288949
0.609739826551034,35130.312570061076,5398.64583615875,8794.105580495534,-43449.48043549495,-37825.99303031167,-143.55811051188994,137.27911881889304,5.960285768776742e-08,5.960285768776742e-08,16777719.03552931
0.6104069379586391,35168.74342041285,5369.660116048273,8768.871510502018,-43449.77458119128,-37825.67249044042,-738.2906870794773,823.6994152240445,3.3327503703708715e-07,3.3327503703708715e-07,3000524.758440636
0.6110740493662441,35207.17427788496,5340.674067370662,8743.637807085743,-43450.465479773906,-37824.894031759,-1333.0232636469655,1510.1197116290823,6.069469956347119e-07,6.069469956347119e-07,1647590.328632
0.6117411607738492,35245.60514154169,5311.687425447532,8718.40477572956,-43451.553131242836,-37823.65765426745,-1927.7558402145526,2196.5400080342333,8.806187925570908e-07,8.806187925570908e-07,1135565.13721023
0.6124082721814542,35284.036010475575,5282.699925600518,8693.172721916342,-43453.03753559808,-37821.96335796577,-2522.4884167820414,2882.960304439271,1.1542904838591455e-06,1.1542904838591455e-06,866333.053926508
0.6130753835890593,35322.46688382024,5253.711303151231,8667.941951128943,-43454.91869283961,-37819.81114285393,-3117.2209933496288,3569.3806008444226,1.4279621212123967e-06,1.4279621212123967e-06,700298.6880008834
0.6137424949966644,35360.89776076306,5224.7212934213,8642.712768850226,-43457.19660296745,-37817.201008931945,-3711.953569917216,4255.800897249574,1.7016337505424018e-06,1.7016337505424018e-06,587670.5252709324
0.6144096064042694,35399.32864055796,5195.729631732355,8617.485480563058,-43459.8712659816,-37814.13295619983,-4306.686146484704,4942.221193654612,1.975305410666651e-06,1.975305410666651e-06,506250.82815042126
0.6150767178118746,35437.75952257199,5166.73608953729,8592.260350169743,-43462.74704320766,-37810.832129297545,-4195.207214523519,4815.920097746059,1.9245444174121006e-06,1.9245444174121006e-06,519603.49210577406
0.6157438292194796,35476.190406448164,5137.740680624171,8567.037362688776,-43465.46046060154,-37807.71682094282,-3939.618132322996,4523.774349726064,1.8075794862489781e-06,1.8075794862489781e-06,553226.0172276921
0.6164109406270847,35514.62129189627,5108.743518432728,8541.816388457619,-43468.003371603016,-37804.79640634928,-3684.0290501224304,4231.628601706021,1.6906146456541922e-06,1.6906146456541922e-06,591500.8500432366
0.6170780520346898,35553.05217859036,5079.744716709729,8516.59729746043,-43470.37577621211,-37802.07088551693,-3428.4399679218654,3939.4828536859773,1.5736498914634847e-06,1.5736498914634847e-06,635465.3633089926
0.6177451634422948,35591.48306617084,5050.7443892019355,8491.379959681353,-43472.577674428794,-37799.54025844576,-3172.850885721343,3647.337105665983,1.4566852179754216e-06,1.4566852179754216e-06,686490.1130731958
0.6184122748498999,35629.91395424676,5021.742649656098,8466.16424510454,-43474.6090662531,-37797.204525135785,-2917.261803520777,3355.191357645939,1.3397206180576778e-06,1.3397206180576778e-06,746424.2816907576
0.6190793862575049,35668.34484239815,4992.739611818986,8440.950023714138,-43476.469951685,-37795.063685586996,-2661.672721320255,3063.045609625945,1.2227560832535297e-06,1.2227560832535297e-06,817824.596168995
0.61974649766511,35706.77573017839,4963.73538943735,8415.737165494293,-43478.16033072451,-37793.11773979939,-2406.0836391196895,2770.8998616059016,1.1057916038880488e-06,1.1057916038880488e-06,904329.5287140205
0.6204136090727151,35745.20661711648,4934.730096257952,8390.525540429155,-43479.680203371616,-37791.36668777298,-2150.494556919124,2478.7541135858587,9.88827169174584e-07,9.88827169174584e-07,1011299.0734616873
0.6210807204803201,35783.63750271938,4905.7238460275585,8365.315018502877,-43481.02956962633,-37789.810529507755,-1894.9054747186012,2186.608365565864,8.718627673210547e-07,8.718627673210547e-07,1146969.4973587054
0.6217478318879253,35822.0683864744,4876.716752492918,8340.105469699602,-43482.208429488644,-37788.449265003714,-1639.3163925180368,1894.4626175458206,7.548983856362375e-07,7.548983856362375e-07,1324681.5982487337
0.6224149432955303,35860.49926785145,4847.708929400799,8314.896764003483,-43483.21678295858,-37787.28289426087,-1383.727310317514,1602.3168695258257,6.379340106362484e-07,6.379340106362484e-07,1567560.2543947177
0.6230820547031354,35898.930146305436,4818.700490497953,8289.688771398662,-43484.05463003611,-37786.3114172792,-1128.1382281169485,1310.1711215057826,5.209696281507352e-07,5.209696281507352e-07,1919497.6942315418
0.6237491661107405,35937.36102127852,4789.691549531144,8264.481361869293,-43484.72197072124,-37785.534834058715,-872.5491459163834,1018.0253734857392,4.0400522342935556e-07,4.0400522342935556e-07,2475215.521996488
0.6244162775183455,35975.79189220252,4760.682220247135,8239.274405399525,-43485.218805013974,-37784.95314459942,-616.9600637158608,725.879625465745,2.870407812480658e-07,2.870407812480658e-07,3483825.523509086
0.6250833889259506,36014.22275850119,4731.672616392676,8214.067771973505,-43485.545132914325,-37784.566348901324,-361.3709815152954,433.7338774457012,1.7007628601540485e-07,1.7007628601540485e-07,5879714.470654797
0.6257505003335556,36052.65361959257,4702.662851714538,8188.861331575386,-43485.700954422275,-37784.374446964415,-105.78189931477277,141.5881294257067,5.3111721878977465e-08,5.3111721878977465e-08,18828235.361652195
0.6264176117411607,36091.08447489133,4673.653039959468,8163.6549541893055,-43485.68626953782,-37784.37743878868,149.80718288579237,-150.55761859433642,6.385292716836006e-08,6.385292716836006e-08,15660989.156586587
0.6270847231487658,36129.51532381105,4644.643294874232,8138.448509799421,-43485.501078260975,-37784.57532437415,405.39626508635774,-442.70336661438,1.808176771820175e-07,1.808176771820175e-07,5530432.729723457
0.6277518345563708,36167.94616576661,4615.633730205594,8113.241868389882,-43485.14538059174,-37784.968103720785,660.9853472868806,-734.8491146343742,2.9778254415938426e-07,2.9778254415938426e-07,3358155.2028945084
0.628418945963976,36206.37700017648,4586.624459700304,8088.034899944834,-43484.61917653011,-37785.55577682862,916.5744294874457,-1026.9948626544178,4.14747543933543e-07,4.14747543933543e-07,2411105.2967687612
0.629086057371581,36244.807826465054,4557.615597105132,8062.827474448428,-43483.92246607608,-37786.338343697644,1172.1635116879684,-1319.1406106744125,5.317126920667867e-07,5.317126920667867e-07,1880714.9329329783
0.6297531687791861,36283.23864406501,4528.607256166824,8037.619461884807,-43483.05524922967,-37787.31580432786,1427.7525938885337,-1611.2863586944559,6.48678003744427e-07,6.48678003744427e-07,1541596.9005078063
0.6304202801867912,36321.669452419585,4499.599550632149,8012.410732238122,-43482.01752599084,-37788.48815871925,1683.3416760890987,-1903.4321067144988,7.656434936683117e-07,7.656434936683117e-07,1306090.9003599724
0.6310873915943962,36360.10025098495,4470.592594247868,7987.201155492528,-43480.80929635963,-37789.85540687184,1938.930758289621,-2195.5778547344935,8.826091759505313e-07,8.826091759505313e-07,1133004.3095496304
0.6317545030020013,36398.531039232534,4441.586500760732,7961.990601632166,-43479.43056033602,-37791.41754878561,2194.5198404901867,-2487.7236027545364,9.995750640071283e-07,9.995750640071283e-07,1000425.1166402333
0.6324216144096063,36436.961816651325,4412.58138391751,7936.778940641189,-43477.88131792002,-37793.174584460576,2450.1089226907093,-2779.869350774531,1.1165411704516088e-06,1.1165411704516088e-06,895623.0423599415
0.6330887258172114,36475.392582750246,4383.577357464952,7911.566042503742,-43476.16156911162,-37795.126513896714,2705.698004891274,-3072.0150987945744,1.2335075069887458e-06,1.2335075069887458e-06,810696.3227497599
0.6337558372248165,36513.823337060436,4354.574535149822,7886.351777203975,-43474.271313910824,-37797.273337094055,2961.28708709184,-3364.160846814618,1.3504740843080833e-06,1.3504740843080833e-06,740480.7034948404
0.6344229486324215,36552.25407939155,4325.573003111467,7861.1360460912665,-43472.36105482899,-37799.44406574572,2669.8974059764932,-3034.8752859796477,1.217986177672575e-06,1.217986177672575e-06,821027.3797284627
0.6350900600400267,36590.68481129265,4296.572659013913,7835.918964644796,-43470.71585654165,-37801.31483332108,2262.407059441036,-2573.685904905706,1.0325490252461663e-06,1.0325490252461663e-06,968477.0171194472
0.6357571714476317,36629.11553500508,4267.573321772641,7810.700737811253,-43469.342499712984,-37802.87793619925,1854.9167129056473,-2112.496523831842,8.471114374822282e-07,8.471114374822282e-07,1180482.2314431083
0.6364242828552368,36667.54625274002,4238.5748100391,7785.481570837258,-43468.240984342985,-37804.133374380224,1447.4263663701904,-1651.3071427579002,6.616735126106237e-07,6.616735126106237e-07,1511319.3757061753
0.6370913942628419,36705.97696668188,4209.576942464761,7760.261668969447,-43467.41131043164,-37805.081147864024,1039.936019834733,-1190.1177616839589,4.7623534692566057e-07,4.7623534692566057e-07,2099802.138702019
0.6377585056704469,36744.40767899418,4180.579537701088,7735.041237454454,-43466.85347797896,-37805.72125665066,632.4456732993435,-728.9283806100937,2.9079703520968505e-07,2.9079703520968505e-07,3438824.605893695
0.638425617078052,36782.83839182543,4151.582414399533,7709.820481538894,-43466.56748698494,-37806.05370074009,224.9553267638869,-267.7389995361523,1.0535867115668653e-07,1.0535867115668653e-07,9491387.742664553
0.639092728485657,36821.26910731492,4122.585391211569,7684.599606469408,-43466.55333744959,-37806.07848013235,-182.5350197715029,193.45038153771247,8.007965220378933e-08,8.007965220378933e-08,12487566.722382449
0.6397598398932621,36859.69982759864,4093.5882867886476,7659.378817492619,-43466.8110293729,-37805.79559482744,-590.0253663069595,654.6397626116545,2.6551784208318157e-07,2.6551784208318157e-07,3766225.245558901
0.6404269513008672,36898.1305548151,4064.5909197822357,7634.158319855158,-43467.340562754864,-37805.20504482533,-997.5157128424164,1115.8291436855957,4.5095580550999635e-07,4.5095580550999635e-07,2217512.1991590215
0.6410940627084722,36936.56129111118,4035.593108843799,7608.938318803659,-43468.1419375955,-37804.30683012605,-1405.0060593778055,1577.0185247594604,6.363934489061975e-07,6.363934489061975e-07,1571354.9561497718
0.6417611741160774,36974.99203864803,4006.594672624791,7583.719019584744,-43469.215153894795,-37803.10095072959,-1812.4964059132628,2038.2079058334025,8.218306776636037e-07,8.218306776636037e-07,1216795.657766046
0.6424282855236824,37013.422799606866,3977.595429776683,7558.500627445048,-43470.56021165276,-37801.58740663595,-2219.9867524486517,2499.3972869072672,1.0072673957199819e-06,1.0072673957199819e-06,992785.0382620721
0.6430953969312875,37051.85357619487,3948.5951989509263,7533.2833476311935,-43472.17711086938,-37799.76619784512,-2627.4770989841086,2960.586667981208,1.192703505135617e-06,1.192703505135617e-06,838431.3416487315
0.6437625083388926,37090.28437065103,3919.593798798988,7508.067385389812,-43474.06585154466,-37797.637324357114,-3034.9674455195664,3421.77604905515,1.3781389056694264e-06,1.3781389056694264e-06,725616.2610939812
0.6444296197464976,37128.715185251975,3890.5910479723357,7482.852945967543,-43476.22643367861,-37795.20078617194,-3442.4577920549555,3882.9654301290147,1.5635734943554018e-06,1.5635734943554018e-06,639560.5985967801
0.6450967311541027,37167.14602231788,3861.58676512242,7457.640234610999,-43478.65885727122,-37792.456583289575,-3849.948138590412,4344.154811202956,1.7490071650790694e-06,1.7490071650790694e-06,571752.9464522187
0.6457638425617077,37205.576884218266,3832.580768900714,7432.429456566822,-43481.363122322495,-37789.40471571002,-4257.438485125802,4805.344192276822,1.9344398081536603e-06,1.9344398081536603e-06,516945.5238591564
0.6464309539693128,37244.007773377896,3803.57287795867,7407.220817081634,-43484.33922883243,-37786.0451834333,-4664.928831661259,5266.533573350763,2.119871309896765e-06,2.119871309896765e-06,471726.74837922055
0.6470980653769179,37282.43869228261,3774.5629109477527,7382.014521402065,-43487.587176801026,-37782.37798645939,-5072.419178196716,5727.722954424704,2.3053015522065645e-06,2.3053015522065645e-06,433782.7296575714
0.647765176784523,37320.869643485166,3745.55068651943,7356.81077477475,-43491.10696622828,-37778.403124788296,-5479.909524732105,6188.912335498569,2.4907304121383814e-06,2.4907304121383814e-06,401488.6537405163
0.6484322881921281,37359.30062961115,3716.5360233251536,7331.609782446309,-43494.89859711421,-37774.12059842003,-5887.399871267561,6650.101716572511,2.6761577614812853e-06,2.6761577614812853e-06,373670.0483033138
0.6490993995997331,37397.73165336475,3687.5187400163973,7306.4117496633835,-43498.96206945881,-37769.530407354585,-6294.890217802951,7111.291097646375,2.861583466334414e-06,2.861583466334414e-06,349456.86951461324
0.6497665110073382,37436.16271753471,3658.49865524461,7281.216881672587,-43503.29738326205,-37764.632551591945,-6702.3805643384085,7572.4804787203175,3.047007386683813e-06,3.047007386683813e-06,328190.8683156631
0.6504336224149433,37474.593825000076,3629.47558766126,7256.025383720559,-43507.90453852396,-37759.42703113214,-7109.870910873866,8033.669859794259,3.232429375978838e-06,3.232429375978838e-06,309364.8410175031
0.6511007338225483,37513.02497873613,3600.4493559178145,7230.837461053932,-43512.78353524454,-37753.91384597515,-7517.361257409254,8494.859240868123,3.4178492807089447e-06,3.4178492807089447e-06,292581.6552661374
0.6517678452301534,37551.45618182023,3571.419778665725,7205.653318919325,-43517.93437342378,-37748.09299612098,-7924.85160394471,8956.048621942065,3.603266939980516e-06,3.603266939980516e-06,277525.9276253919
0.6524349566377584,37589.887436552104,3542.3867118683897,7180.473120893732,-43523.06484350813,-37742.29081873266,-6806.70962464043,7713.4246983966095,3.0996421742598653e-06,3.0996421742598653e-06,322617.8841881259
0.6531020680453635,37628.31873049689,3513.350631041039,7155.296338643852,-43526.85537675448,-37737.9809970449,-4557.309047946906,5207.420721511003,2.085102561918303e-06,2.085102561918303e-06,479592.71561203
0.6537691794529686,37666.7500386962,3484.3125220396687,7130.121873892148,-43529.14530921586,-37735.34295919763,-2307.908471253382,2701.416744625396,1.0705703776103982e-06,1.0705703776103982e-06,934081.5147828795
0.6544362908605736,37705.18133547043,3455.2733859321875,7104.948611372555,-43529.93464089225,-37734.37670519083,-58.50789456023267,195.41276774020753,5.6039558383801086e-08,5.6039558383801086e-08,17844537.481028084
0.6551034022681788,37743.612594955055,3426.2342237864855,7079.775435818993,-43529.22337178366,-37735.08223502453,2190.8926821332907,-2310.5912091453993,9.584960319509547e-07,9.584960319509547e-07,1043301.1370579874
0.6557705136757838,37782.04379127584,3397.196036670476,7054.601231965398,-43527.01150189007,-37737.459548698695,4440.293258826439,-4816.595186030589,1.9730425334982472e-06,1.9730425334982472e-06,506831.4458619289
0.6564376250833889,37820.47489872416,3368.1598256520515,7029.424884545692,-43523.2990312115,-37741.508646213355,6689.693835519964,-7322.5991629161945,2.987606020956083e-06,2.987606020956083e-06,334716.1550035917
0.657104736490994,37858.905891932234,3339.1265917991177,7004.245278293808,-43518.08595974796,-37747.2295275685,8939.094412213488,-9828.603139801802,4.002192434285787e-06,4.002192434285787e-06,249863.04792174627
0.657771847898599,37897.33674604843,3310.0973361795814,6979.06129794368,-43511.372287499406,-37754.62219276412,11188.494988906637,-12334.607116686992,5.016807509372133e-06,5.016807509372133e-06,199329.95199274702
0.6584389593062041,37935.767436912545,3281.0730598613354,6953.871828229228,-43503.15801446589,-37763.68664180024,13437.89556560016,-14840.611093572597,6.031456708667585e-06,6.031456708667585e-06,165797.42644309072
0.6591060707138091,37974.19794122782,3252.054764771367,6928.675752899965,-43493.40350229314,-37774.4682966636,16906.59002276221,-18743.816129087434,7.604939859607913e-06,7.604939859607913e-06,131493.4790360797
0.6597731821214142,38012.628232647236,3223.0446759480456,6903.470554129794,-43477.20172341578,-37792.59016934411,31666.343051546275,-35585.55816706202,1.4353191755977002e-05,1.4353191755977002e-05,69670.91480426831
0.6604402935290193,38051.058278591285,3194.0486798389907,6878.249518447147,-43451.1535449195,-37821.94736026209,46426.09608033034,-52427.30020503662,2.1101703505482527e-05,2.1101703505482527e-05,47389.538941260624
0.6611074049366243,38089.48806039733,3165.073345089719,6853.005150643066,-43415.25896680427,-37862.539869417546,61185.84910911195,-69269.04224300841,2.7850475062517925e-05,2.7850475062517925e-05,35906.03024742772
0.6617745163442295,38127.91758364906,3136.1252403457283,6827.729955508579,-43369.51798907011,-37914.36769681046,75945.602137896,-86110.78428098299,3.4599442513012614e-05,3.4599442513012614e-05,28902.19978613548
0.6624416277518345,38166.34688593098,3107.210934252539,6802.4164378347305,-43313.93061171702,-37977.43084244086,90705.35516667762,-102952.5263189548,4.1348457640411784e-05,4.1348457640411784e-05,24184.69894806072
0.6631087391594396,38204.77604458299,3078.336995455651,6777.057102412543,-43248.49683474499,-38051.72930630874,105465.10819546168,-119794.26835692939,4.80972674952814e-05,4.80972674952814e-05,20791.20191387391
0.6637758505670447,38243.20518445452,3049.5099926005787,6751.64445403306,-43173.21665815402,-38137.263088414096,120224.86122424573,-136636.01039490398,5.484549398020413e-05,5.484549398020413e-05,18233.03843996626
0.6644429619746497,38281.63448565752,3020.736494332836,6726.170997487324,-43088.09008194414,-38234.03218875691,134984.61425302736,-153477.75243287577,6.159261346834894e-05,6.159261346834894e-05,16235.713078060528
0.6651100733822548,38320.06419131729,2992.023069297923,6700.629237566356,-42993.11710611529,-38342.036607337206,149744.3672818114,-170319.49447085033,6.833793648200046e-05,6.833793648200046e-05,14633.160605652618
0.6657771847898598,38358.494615319425,2963.3762861413597,6675.011679061203,-42888.29773066754,-38461.27634415496,164504.120310593,-187161.23650882213,7.508058746655109e-05,7.508058746655109e-05,13319.022050080612
0.6664442961974649,38396.92615005142,2934.802713508646,6649.310826762895,-42773.63195560084,-38591.75139921022,179263.87333937708,-204002.97854679674,8.181948470596797e-05,8.181948470596797e-05,12222.027596405276
0.66711140760507,38435.35927413602,2906.3089200452946,6623.519185462466,-42649.119780915185,-38733.46177250294,194023.62636816115,-220844.72058477128,8.855332043736897e-05,8.855332043736897e-05,11292.631321569348
0.667778519012675,38473.794560153714,2877.901474396822,6597.629259950963,-42514.76120661062,-38886.40746403312,208783.37939694276,-237686.4626227431,9.528054123525523e-05,9.528054123525523e-05,10495.32241353374
0.6684456304202802,38512.23268235072,2849.586945208728,6571.63355501941,-42370.556232687115,-39050.588473800795,223543.13242572683,-254528.2046607177,0.0001019993287498528,0.0001019993287498528,9803.98608752063
0.6691127418278852,38550.67040360885,2821.403342256846,6545.496551744966,-41997.243324837815,-39421.43424220098,1257681.4286837555,-1179949.643013389,0.0005187341608675294,0.0005187341608675294,1927.7697044813917
0.6697798532354903,38589.06190764232,2793.7847072756012,6518.829744967161,-40626.02167507593,-40684.182661758256,2853241.077302133,-2605770.1188190584,0.0011677573969281951,0.0011677573969281951,856.3422527919894
0.6704469646430954,38627.3879213089,2767.376293847362,6491.054233742804,-38609.947290304124,-42539.23033782506,2479023.39350225,-2346702.245823302,0.0010340940935205326,0.0010340940935205326,967.029989113988
0.6711140760507004,38665.74089741789,2742.060337100688,6462.243591431023,-37452.8553019629,-43700.24188122737,989938.3875450612,-1134010.361297167,0.0004497029916681611,0.0004497029916681611,2223.68989872744
0.6717811874583055,38704.18791725757,2717.1849401880027,6432.92827183547,-37289.14890798935,-44052.25283455227,-499146.61841237487,78681.52322916954,0.00012963244054722028,0.00012963244054722028,7714.118439633458
0.6724482988659105,38742.75221838204,2692.089216568083,6403.646708058733,-38072.650855112835,-43627.378219372615,-1203845.6302525816,745854.3190616628,0.00041678804644497354,0.00041678804644497354,2399.3010560873295
0.6731154102735156,38781.39261069807,2666.6418329367348,6374.569043354432,-37890.03290346995,-43756.28569881659,1751334.2492779256,-1132318.942434688,0.0006164213730277107,0.0006164213730277107,1622.2669163599
0.6737825216811207,38819.90987128067,2641.973858949298,6344.987454111408,-35735.98074266715,-45138.14398646369,4706514.128808433,-3010492.2039310397,0.0016770888640652436,0.0016770888640652436,596.2713255253582
0.6744496330887257,38858.16183958385,2619.519948286659,6314.019164280976,-30894.66517657267,-48054.032592577634,10520635.937329043,-6011265.663374009,0.0037075876674592272,0.0037075876674592272,269.7171556526646
0.6751167444963309,38896.208396507864,2601.6084117440405,6280.452553602292,-22849.19763686996,-52518.722424012725,10294884.076265965,-5570188.016151972,0.0035552669794518365,0.0035552669794518365,281.2728286735258
0.6757838559039359,38934.62277171043,2588.174538029891,6244.463732292951,-18147.652122418756,-54946.31659605206,3800349.376060143,-1707739.3116226883,0.0012376516697626082,0.0012376516697626082,807.981780682935
0.676450967311541,38973.227585148765,2576.5833652397423,6207.64014835605,-16666.288969218927,-55346.468313935664,2754535.4848129107,-535575.4426346939,0.0008356708863909205,0.0008356708863909205,1196.6433392442102
0.6771180787191461,39011.71966294012,2566.2566145216924,6170.559179216839,-14025.611062915694,-55881.5373474418,5162216.878283659,-1068561.519816591,0.0015867163197222285,0.0015867163197222285,630.2323783844743
0.6777851901267511,39050.12147703254,2558.1605771655177,6133.0204857830495,-10250.488746824185,-56646.02982676716,5344467.605212837,-1006503.2198799629,0.0016410782197586776,0.0016410782197586776,609.3554761497298
0.6784523015343562,39088.53452893414,2552.430452347107,6095.037223338116,-7050.071468250643,-57182.94667143463,4250383.395950008,-603173.4804330153,0.0012930048333117288,0.0012930048333117288,773.3923139627672
0.6791194129419612,39126.978342110735,2548.5919080824888,6056.785525996885,-4579.530246557305,-57450.79764589063,3156299.1866873605,-199843.74098613468,0.0009520203670566061,0.0009520203670566061,1050.3976958935598
0.6797865243495663,39165.40544855652,2546.1728990051897,6018.4346341574565,-2744.296668704205,-57514.84037616811,2463346.106059341,-73317.47472172708,0.0007431910700715408,0.0007431910700715408,1345.5489984611067
0.6804536357571714,39203.81244907717,2544.8512327741846,5980.050381040234,-1276.6028475369383,-57559.85005391935,1936799.9697998303,-61621.53917650915,0.0005845631677413759,0.0005845631677413759,1710.6791108029968
0.6811207471647764,39242.226876986715,2544.3915154118276,5941.638704019257,-160.17396049894492,-57597.05723964577,1410253.833540408,-49925.603631293176,0.00042514239570318776,0.00042514239570318776,2352.1530906039015
0.6817878585723816,39280.661139511336,2544.559414073469,5903.204808225948,604.9899924101471,-57626.46193334737,883707.6972808975,-38229.668086075246,0.0002659473336850756,0.0002659473336850756,3760.142980730767
0.6824549699799866,39319.11614388495,2545.120595914458,5864.75389879176,1018.889011190083,-57648.06413502412,357161.5610214746,-26533.732540859266,0.00010728059476396386,0.00010728059476396386,9321.35026096915
0.6831220813875917,39357.58560270572,2545.840728090149,5826.291180848115,1081.5230958410007,-57661.86384467607,-169384.57523803588,-14837.79699564134,5.1001193518107594e-05,5.1001193518107594e-05,19607.384279055303
0.6837891927951968,39396.06032668233,2546.4854777564124,5787.821859526519,792.892958404925,-57667.86097992418,-695283.981063792,-3067.0386297207506,0.0002090247623983529,0.0002090247623983529,4784.122170626995
0.6844563042028018,39434.53093770266,2546.835189435267,5749.352838041447,218.78344064300597,-57658.44463031315,-1025896.3531866135,31297.25476358287,0.0003085446245189751,0.0003085446245189751,3241.0222720911515
0.6851234156104069,39472.98617917846,2546.728338632312,5710.897745012458,-575.8813620575482,-57626.103468565154,-1356508.72530949,65661.5481568922,0.00040862887991899755,0.00040862887991899755,2447.2083328966614
0.6857905270180119,39511.41861930266,2546.017790400959,5672.47187384326,-1591.1014496964733,-57570.837494680214,-1687121.0974323116,100025.84155019582,0.0005092778658558758,0.0005092778658558758,1963.5646216813932
0.686457638425617,39549.82778636521,2544.5564097946162,5634.090517937533,-2826.8768222741073,-57492.6467086583,-2017733.469555188,134390.13494350517,0.0006102195249896445,0.0006102195249896445,1638.7545121847259
0.6871247498332221,39588.22189405639,2542.197061866695,5595.768970698979,-4283.207479790299,-57391.53111049942,-2348345.8416780643,168754.4283368145,0.0007108386106192085,0.0007108386106192085,1406.7890869474636
0.6877918612408271,39626.6165125171,2538.78734533519,5557.526055539195,-5998.7041336876955,-57241.61006298105,-2867677.303461532,329616.5280108651,0.0008713473910144944,0.0008713473910144944,1147.6478960196548
0.6884589726484323,39664.99912945377,2534.100085569992,5519.430716207455,-8124.668775482128,-56941.46632184346,-3505964.692637754,570214.4079195918,0.0010734555435642761,0.0010734555435642761,931.5709495333397
0.6891260840560373,39703.36126103515,2527.9296129586187,5481.568090740919,-10296.100141346222,-56584.70946123563,-2892976.058700974,469019.5531809534,0.0008858366962849811,0.0008858366962849811,1128.876241178308
0.6897931954636424,39741.746639101446,2520.471728255783,5443.9141771986115,-11980.93856060837,-56316.6744244278,-2158169.5222466085,334549.487168874,0.0006577588693257775,0.0006577588693257775,1520.313973151027
0.6904603068712475,39780.18484466715,2512.0533769032913,5406.409150767246,-13175.579157019007,-56138.345902638044,-1423362.9857922432,200079.42115679465,0.00043048981598063635,0.00043048981598063635,2322.935323619782
0.6911274182788525,39818.68018120434,2503.001575460751,5368.99316720732,-13880.021930578057,-56049.72389586636,-688556.4493380002,65609.35514473765,0.00020518662703870844,0.00020518662703870844,4873.611962105844
0.6917945296864576,39857.21603318177,2493.5856154551207,5331.62537914328,-14434.878928540205,-55938.71560088878,-1293625.7739762282,372082.1226366068,0.00040316428607816026,0.00040316428607816026,2480.3784326425507
0.6924616410940626,39895.73653568642,2483.5921881230233,5294.423759240803,-15639.18859987112,-55542.36361396625,-2316894.620674221,816181.1341572596,0.0007362538384922917,0.0007362538384922917,1358.2272142007578
0.6931287525016677,39934.18919740295,2472.5676554996157,5257.585370656044,-17526.13259188146,-54849.748110352055,-3340163.467372384,1260280.1456779863,0.0010752842105623806,0.0010752842105623806,929.986686475191
0.6937958639092728,39972.5634609293,2460.056624442352,5221.30785416065,-20095.71090457106,-53860.86909004621,-4363432.314070547,1704379.157198713,0.001417302188262963,0.001417302188262963,705.565833653015
0.6944629753168778,40010.910385080184,2445.6037018086877,5185.788850526272,-23347.923537939343,-52575.72655304898,-5386701.16076854,2148478.1687193657,0.001751131676505264,0.001751131676505264,571.0592832148988
0.695130086724483,40049.34781558236,2428.921361988326,5151.160313136893,-26355.952565827032,-51356.988893736016,-2998583.832105145,1257685.05969097,0.0009729441361566081,0.0009729441361566081,1027.8082397929545
0.695797198132088,40087.887081759894,2410.9060754440943,5117.0909062117325,-27318.054425072503,-50909.12972082278,-286362.43514898384,254558.63566521832,0.00011165086639624829,0.00011165086639624829,8956.4911789489
0.6964643095396931,40126.40648116997,2392.5617473374236,5083.220125925066,-27762.81682194783,-50583.548992372285,-1047035.230683147,721532.3882292869,0.0003799511524950802,0.0003799511524950802,2631.9172699784044
0.6971314209472982,40164.86955121029,2373.751449153,5049.6704547025365,-28715.03271817887,-49946.44474653415,-1807708.0262173105,1188506.1407933554,0.000650620952160046,0.000650620952160046,1536.9932318964275
0.6977985323549032,40203.27670662295,2354.1366528725757,5016.649713436337,-30174.702113765332,-48997.81698330852,-2568380.8217513473,1655479.8933573463,0.0009226097380043821,0.0009226097380043821,1083.8819045667285
0.6984656437625083,40241.658199344376,2333.3792661405614,4984.365508636121,-32130.571073038984,-47743.203581702015,-3135247.602068175,2027084.852756245,0.0011271387400610727,0.0011271387400610727,887.2022267159552
0.6991327551701133,40280.06333862305,2311.2730968428496,4952.960540844463,-34104.52146523861,-46417.878710423836,-2782655.673746904,1946239.1113361276,0.0010232309802813292,0.0010232309802813292,977.2964455445417
0.6997998665777184,40318.50274156788,2287.928541058547,4922.4217226946275,-35843.253759825944,-45146.4869555031,-2430063.745425574,1865393.3699159971,0.0009217939580523472,0.0009217939580523472,1084.841130997315
0.7004669779853235,40356.963559119074,2263.5025154638506,4892.71307478945,-37346.767956800635,-43929.02831694002,-2077471.8171042441,1784547.6284958662,0.0008237734350064282,0.0008237734350064282,1213.9260110908974
0.7011340893929285,40395.4174038231,2238.151941784696,4863.798604594427,-38614.757836133664,-42766.29945281197,-1712500.2793168302,1671495.2547689215,0.0007202336313226454,0.0007202336313226454,1388.438357375215
0.7018012008005337,40433.84113727436,2212.049067672247,4835.602447845623,-39583.89497547951,-41823.05476984237,-1192972.8644418337,1156352.3047737207,0.0005009895374117026,0.0005009895374117026,1996.0496683550923
0.7024683122081387,40472.25501931285,2185.4152757433694,4807.920911386169,-40206.44944979858,-41223.46782536201,-673445.4495669233,641209.3547786055,0.00028040781729258207,0.00028040781729258207,3566.2343855292156
0.7031354236157438,40510.67329371434,2158.481775247573,4780.524737218394,-40482.42125909108,-40967.53861937066,-153918.03469192656,126066.40478340455,5.971745197380812e-05,5.971745197380812e-05,16745.523577238302
0.7038025350233489,40549.09968327429,2131.479775434378,4753.184667344644,-40411.81040335687,-41055.26715186846,365609.38018306997,-389076.54521179624,0.00016075691338479905,0.00016075691338479905,6220.5722848530295
0.7044696464309539,40587.53566840461,2104.640485553308,4725.671443767272,-39994.61688259606,-41486.65342285531,885136.7950579803,-904219.4952069115,0.00038088425890650014,0.00038088425890650014,2625.4694874263128
0.705136757838559,40625.98782487762,2078.1915999655107,4697.760428225229,-39261.44762318226,-42221.469714034654,1226984.9882259213,-1185832.6359452365,0.0005132349796174865,0.0005132349796174865,1948.425262723322
0.705803869246164,40664.45408647353,2052.28588327603,4669.325465169696,-38384.38054754313,-43033.54819319885,1402462.104540463,-1248778.644589255,0.0005647269638385853,0.0005647269638385853,1770.7672274097893
0.7064709806537691,40702.91990689038,2027.004314997935,4640.334748625581,-37390.250685836756,-43887.618672792814,1577939.2208550344,-1311724.6532332841,0.0006172408272695623,0.0006172408272695623,1620.1131808205528
0.7071380920613742,40741.374988881005,2002.42498905122,4610.76026525037,-36279.05803806329,-44783.68115281641,1753416.3371696058,-1374670.6618773132,0.0006706595306730575,0.0006706595306730575,1491.0695431352842
0.7078052034689792,40779.81458327997,1978.6259993558826,4580.57400170156,-35050.80260422293,-45721.73563326951,1928893.4534841478,-1437616.670521332,0.0007247510043855705,0.0007247510043855705,1379.7842209929465
0.7084723148765844,40818.240031428875,1955.6854398319038,4549.74794463662,-33705.484384315285,-46701.78211415239,2104370.569798719,-1500562.679165361,0.0007791526502411492,0.0007791526502411492,1283.4455477889962
0.7091394262841894,40856.65931096606,1933.6814043992845,4518.254080713047,-32243.10337834079,-47723.82059546476,2279847.6861132607,-1563508.6878093795,0.000833357604704893,0.000833357604704893,1199.9650502428883
0.7098065376917945,40895.08757410316,1912.6919869780072,4486.064396588317,-30663.659586298956,-48787.851077206906,2455324.802427832,-1626454.6964534088,0.0008867052361220732,0.0008867052361220732,1127.7704915484783
0.7104736490993996,40933.536680377554,1892.8548112376443,4453.127787291889,-28540.833692993754,-50059.24309510613,4666178.177994734,-2478924.4611773025,0.0015905473791383222,0.0015905473791383222,628.7143741305897
0.7111407605070046,40971.92986804244,1875.106069764552,4419.083418665161,-24313.734348041366,-52141.857594066765,7328449.857651336,-3458783.2338164095,0.0024482612801884312,0.0024482612801884312,408.4531369638108
0.7118078719146097,41010.33578588129,1860.216921988751,4383.681048637795,-20773.47510174186,-53767.04594906093,3285247.3627538783,-1413531.4544557503,0.0010756901728880928,0.0010756901728880928,929.6357122191847
0.7124749833222147,41048.795188665375,1846.8535867998962,4347.617952055016,-19449.09228252778,-54266.819054539184,1665284.4393995595,-571344.4719987354,0.0005297395327439038,0.0005297395327439038,1887.7201684765294
0.7131420947298198,41087.24630043198,1834.2513295628398,4311.290674306487,-18329.631353200573,-54639.554718576226,1690859.4267231855,-546117.0487842683,0.000534931730378054,0.000534931730378054,1869.3974262720717
0.7138092061374249,41125.68853206306,1822.40156839798,4274.720353920778,-17193.109058080416,-54995.46088080242,1716434.4140468114,-520889.6255698012,0.0005402448388574648,0.0005402448388574648,1851.0125929473886
0.7144763175450299,41164.12411469538,1811.3156851370693,4237.918218050538,-16039.525397167508,-55334.53754121771,1742009.4013704332,-495662.20235533826,0.0005456568089284252,0.0005456568089284252,1832.6537553225546
0.715143428952635,41202.55575614909,1801.005061611854,4200.8954938483985,-14868.880370461462,-55656.78469982221,1767584.3886940593,-470434.77914087113,0.0005511437902813264,0.0005511437902813264,1814.408540264164
0.71581054036024,41240.986631358166,1791.4763429438574,4163.664650587987,-13706.117370051597,-55955.66138007929,1705591.8761032927,-422244.2817679469,0.0005294160872374063,0.0005294160872374063,1888.8734666492473
0.7164776517678452,41279.419305394,1782.7066531590808,4126.24589894361,-12593.970120665104,-56219.9613960074,1628625.5775571875,-370127.1659845165,0.0005031633968369951,0.0005031633968369951,1987.4259659709712
0.7171447631754503,41317.85415464166,1774.661763041754,4088.6624267824272,-11533.16796703986,-56449.49348946492,1551659.2790110824,-318010.0502010862,0.00047714514798780127,0.00047714514798780127,2095.798320945236
0.7178118745830553,41356.28968659249,1767.3078691557268,4050.9369664001288,-10521.088074770663,-56646.95238254002,1484896.6546025851,-276376.27489208034,0.00045499796463153736,0.00045499796463153736,2197.8120293566844
0.7184789859906604,41394.725393842244,1760.614822009188,4013.088495999292,-9551.75261714115,-56818.479744587945,1421171.0473704995,-237862.7565275523,0.0004340732110748927,0.0004340732110748927,2303.758846402215
0.7191460973982654,41433.16055449899,1754.5542494576196,3975.134167720993,-8624.929239052875,-56964.314299187856,1357445.4401384247,-199349.2381630307,0.0004133348227635854,0.0004133348227635854,2419.34612069201
0.7198132088058705,41471.592914563254,1749.0977912077965,3937.0911215301626,-7740.61794050553,-57084.45604633981,1293719.8329063393,-160835.7197985027,0.00039282155972827665,0.00039282155972827665,2545.6851214880417
0.7204803202134756,41510.01999393786,1744.210774250811,3898.976065521749,-6933.728749877724,-57181.29327576022,1101289.967800979,-131127.20875759842,0.00033427997043537327,0.00033427997043537327,2991.5043928524315
0.7211474316210806,41548.44580871448,1739.8137962308506,3860.802647734772,-6273.09420630924,-57259.53500812361,879292.393817539,-103441.50486788823,0.00026682524926196176,0.00026682524926196176,3747.771257652709
0.7218145430286858,41586.874598828006,1735.8081364140487,3822.583194585603,-5760.556776805669,-57319.30729159462,657294.8198340621,-75755.80097817343,0.000199348605649444,0.000199348605649444,5016.338071400948
0.7224816544362908,41625.307556185944,1732.0949975261808,3784.330027254303,-5396.1164613671845,-57360.610126173204,435297.24585062213,-48070.097088463255,0.0001319189052344704,0.0001319189052344704,7580.414635966066
0.7231487658438959,41663.743584236436,1728.5755822930198,3746.0554669209064,-5179.773259993665,-57383.443511859405,213299.67186714517,-20384.393198748454,6.454474932848548e-05,6.454474932848548e-05,15493.127022784345
0.723815877251501,41702.18008761709,1725.1514562614643,3707.7717869377693,-5105.955455254235,-57388.54192195065,48344.04497857893,-218.05609227486218,1.4512103609852254e-05,1.4512103609852254e-05,68907.99755047924
0.724482988659106,41740.61499586899,1721.7539545681448,3669.487336379138,-5082.779636298486,-57388.01758442418,21137.060250763516,1790.0199966233558,6.2956732218229635e-06,6.2956732218229635e-06,158839.24796694607
0.7251501000667111,41779.048280213516,1718.3658596620278,3631.20368244676,-5077.753907221199,-57386.15363643148,-6069.924477056433,3798.0960855219078,1.9226127731477904e-06,1.9226127731477904e-06,520125.5364400569
0.7258172114743161,41817.48011908568,1714.975063411106,3592.921718810067,-5090.878268022375,-57382.95007797252,-33276.90920487185,5806.172174420126,1.0142408360930932e-05,1.0142408360930932e-05,98595.91178087943
0.7264843228819212,41855.91069361189,1711.5694576833728,3554.642339138474,-5122.152718702018,-57378.40690904733,-60483.89393269181,7814.248263318677,1.8363358711653348e-05,1.8363358711653348e-05,54456.26890495812
0.7271514342895263,41894.340199114915,1708.1369343468205,3516.366437101408,-5171.577259260128,-57372.52412965589,-87690.87866051175,9822.324352217229,2.6585063290914827e-05,2.6585063290914827e-05,37615.10698910917
0.7278185456971313,41932.76885662011,1704.6653852694435,3478.0949063683015,-5239.151889696692,-57365.301739798204,-114897.86338832717,11830.400441115447,3.480703895665707e-05,3.480703895665707e-05,28729.821035487526
0.7284856571047365,41971.19692436184,1701.1427023192334,3439.828640608564,-5324.876610011732,-57356.73973947428,-142104.8481161471,13838.476530013997,4.302868306575985e-05,4.302868306575985e-05,23240.311549198952
0.7291527685123415,42009.62470928866,1697.5567773641849,3401.5685334916334,-5428.751420205221,-57346.8381286841,-169311.8328439625,15846.552618912216,5.124923662222919e-05,5.124923662222919e-05,19512.485763861176
0.7298198799199466,42048.052578565934,1693.895502272289,3363.3154786869204,-5550.776320277191,-57335.596907427695,-196518.8175717825,17854.628707810767,5.946774751014162e-05,5.946774751014162e-05,16815.837859496194
0.7304869913275517,42086.48097107327,1690.1467689115398,3325.0703698638545,-5690.95131022763,-57323.01607570504,-223725.80229960242,19862.70479670932,6.768303386912465e-05,6.768303386912465e-05,14774.751408656573
0.7311541027351567,42124.91032336848,1686.305505562357,3286.8334791206016,-5816.271532331393,-57312.0111634608,-147724.82938654904,12753.762611059792,4.4676157643864167e-05,4.4676157643864167e-05,22383.30359498452
0.7318212141427618,42163.34065627005,1682.3984996664515,3248.6022642320518,-5887.987989789348,-57306.00511714226,-67281.11007238527,5252.3642519332625,2.0329249512236242e-05,2.0329249512236242e-05,49190.20741017009
0.7324883255503668,42201.77171961821,1678.4615511447653,3210.373386843247,-5906.039524422641,-57305.003339242074,13162.609241765109,-2249.0341071920175,4.0147185218436495e-06,4.0147185218436495e-06,249083.4648952618
0.7331554369579719,42240.20317897332,1674.530460479502,3172.1435085496264,-5870.426136231279,-57309.00582976025,93606.32855592889,-9750.432466318547,2.8357567832214317e-05,2.8357567832214317e-05,35263.955143007566
0.733822548365577,42278.63471653735,1670.6410281528672,3133.9092909466485,-5781.147825215256,-57318.012588696794,174050.04787009268,-17251.830825445075,5.270096143061639e-05,5.270096143061639e-05,18974.985898816154
0.734489659773182,42317.066132064705,1666.8290546470657,3095.6673956297705,-5638.204591374598,-57332.02361605171,254493.7671842431,-24753.229184570355,7.704544541647465e-05,7.704544541647465e-05,12979.35257034895
0.7351567711807871,42355.49744576546,1663.1288967806775,3057.414621814923,-5454.276316574708,-57349.830173483744,260691.4726463822,-25176.95879409485,7.891644975780825e-05,7.891644975780825e-05,12671.629337976607
0.7358238825883922,42393.928916675664,1659.5435064794558,3019.1507624603105,-5301.9026790806865,-57364.51725253214,196124.6925607415,-18854.904193016562,5.9367157444718656e-05,5.9367157444718656e-05,16844.33014889044
0.7364909939959973,42432.3606992739,1656.0453990466256,2980.878511963812,-5192.602277134104,-57374.98681683666,131557.91247509,-12532.849591937213,3.981860364667929e-05,3.981860364667929e-05,25113.889197955235
0.7371581054036024,42470.79275217981,1652.6058398353919,2942.6006838776325,-5126.375110734991,-57381.2388663973,66991.13238943854,-6210.794990857868,2.0271271077841326e-05,2.0271271077841326e-05,49330.8977103615
0.7378252168112074,42509.22490146453,1649.196094198959,2904.3200917539757,-5103.221179883347,-57383.27340121406,2424.3523037978193,111.25961022042657,7.246311957098123e-07,7.246311957098123e-07,1380012.351000774
0.7384923282188125,42547.65691668835,1645.7886200685593,2866.0394319606194,-5114.5742415581935,-57381.932152457885,-21121.76071092073,2402.565370463993,6.403328916636341e-06,6.403328916636341e-06,156168.76987248354
0.7391594396264175,42586.08870375819,1642.3720000675587,2827.7598164302835,-5128.346377626313,-57380.36812440824,-20167.10322130675,2286.3907223769966,6.113815447020733e-06,6.113815447020733e-06,163563.98204451866
0.7398265510340226,42624.520276284056,1638.9464049467326,2789.4812184298485,-5141.481650792759,-57378.88159779161,-19212.44573169261,2170.2160742899814,5.82428417829528e-06,5.82428417829528e-06,171694.91896130174
0.7404936624416277,42662.951649916125,1635.5122595645885,2751.203586257233,-5153.980061057526,-57377.472572607985,-18257.788242078466,2054.041426202966,5.534736308410011e-06,5.534736308410011e-06,180677.08094430872
0.7411607738492327,42701.38284001736,1632.0699887796338,2712.926868210352,-5165.841608420615,-57376.141048857375,-17303.130752464484,1937.86677811597,5.245173002986014e-06,5.245173002986014e-06,190651.4807863748
0.7418278852568378,42739.81386167779,1628.6200174503742,2674.651012587104,-5177.0662928820275,-57374.88702653979,-16348.473262850343,1821.6921300289546,4.955595396914774e-06,4.955595396914774e-06,201792.09961785303
0.7424949966644429,42778.24472972874,1625.1627704353182,2636.37596768541,-5187.654114441763,-57373.71050565522,-15393.815773236362,1705.5174819419585,4.666004595959199e-06,4.666004595959199e-06,214316.11980537025
0.743162108072048,42816.67545875718,1621.6986725929694,2598.1016818031685,-5197.605073099821,-57372.61148620365,-14439.15828362222,1589.3428338549431,4.376401678355017e-06,4.376401678355017e-06,228498.22148315137
0.7438292194796531,42855.106063119914,1618.2281487818377,2559.8281032382943,-5206.919168856203,-57371.589968185086,-13484.500794008078,1473.1681857679275,4.086787696413933e-06,4.086787696413933e-06,244690.9588372986
0.7444963308872581,42893.53655695794,1614.7516238604287,2521.555180288705,-5215.596401710905,-57370.64595159955,-12529.843304394097,1356.9935376809315,3.7971636781272523e-06,3.7971636781272523e-06,263354.4626375433
0.7451634422948632,42931.96695421069,1611.2695226872497,2483.2828612522985,-5223.636771663933,-57369.779436447025,-11575.185814779956,1240.818889593916,3.5075306287703515e-06,3.5075306287703515e-06,285100.86035957834
0.7458305537024682,42970.39726863033,1607.7822701208067,2445.0110944269954,-5231.040278715282,-57368.990422727504,-10620.528325165973,1124.64424150692,3.2178895325084377e-06,3.2178895325084377e-06,310762.6877484732
0.7464976651100733,43008.82751379604,1604.2902910196065,2406.7398281106944,-5237.806922864955,-57368.278910441004,-9665.870835551834,1008.4695934199045,2.928241354002291e-06,2.928241354002291e-06,341501.90476383036
0.7471647765176784,43047.25770312827,1600.7940102421562,2368.4690106013113,-5243.93670411295,-57367.64489958752,-8711.213345937691,892.2949453328893,2.638587040015381e-06,2.638587040015381e-06,378990.71921242017
0.7478318879252834,43085.687849903064,1597.2938526469638,2330.1985901967632,-5249.429622459268,-57367.088390167046,-7756.55585632371,776.1202972458932,2.3489275210210757e-06,2.3489275210210757e-06,425726.205279123
0.7484989993328885,43124.117967266335,1593.7902430925337,2291.928515194945,-5254.285677903909,-57366.60938217958,-6801.898366709568,659.9456491588776,2.0592637128103645e-06,2.0592637128103645e-06,485610.4605637214
0.7491661107404936,43162.54806824812,1590.283606437375,2253.658733893782,-5258.504870446873,-57366.20787562515,-5847.240877095586,543.7710010718815,1.7695965181005024e-06,1.7695965181005024e-06,565100.5694074304
0.7498332221480987,43200.97816577692,1586.7743675399925,2215.3891945911696,-5262.087200088159,-57365.883870503705,-4892.583387481445,427.59635298486614,1.4799268281433331e-06,1.4799268281433331e-06,675709.0830325488
0.7505003335557038,43239.40827269394,1583.2629512588937,2177.1198455850254,-5265.0326668277685,-57365.63736681528,-3937.9258978673042,311.42170489785065,1.1902555243346315e-06,1.1902555243346315e-06,840155.7308956942
0.7511674449633088,43277.838401767374,1579.7497824525865,2138.8506351732644,-5267.3412706657,-57365.468364559885,-2983.2684082533224,195.24705681085456,9.005834798232529e-07,9.005834798232529e-07,1110391.2323555595
0.7518345563709139,43316.268565706756,1576.2352859795756,2100.5815116537847,-5269.013011601955,-57365.37686373748,-2028.610918639181,79.07240872383909,6.109115611204755e-07,6.109115611204755e-07,1636898.1431058464
0.7525016677785189,43354.69877717716,1572.7198866983706,2062.31242332451,-5270.047889636534,-57365.36286434811,-1073.9534290251988,-37.10223936315697,3.2124062970996707e-07,3.2124062970996707e-07,3112931.2655838476
0.753168779186124,43393.129048813564,1569.2040094674749,2024.0433184833344,-5270.445904769434,-57365.426366391745,-119.2959394110577,-153.2768874501724,3.1571543657130804e-08,3.1571543657130804e-08,31674092.684857942
0.7538358905937291,43431.559393070536,1565.6880745931048,1985.7741460116333,-5270.258524188927,-57365.5607734431,447.44401355019403,-219.73308126173805,1.4032197017566296e-07,1.4032197017566296e-07,7126467.785109798
0.7545030020013341,43469.98981591825,1562.1723230477633,1947.5048777755478,-5269.966898528974,-57365.70441758691,426.8497149942408,-210.91206182735343,1.338982557436634e-07,1.338982557436634e-07,7468357.182444656
0.7551701134089392,43508.42031485807,1558.656761466606,1909.235515675651,-5269.6890115605165,-57365.842177128,406.25541643828416,-202.0910423929673,1.2747464768998143e-07,1.2747464768998143e-07,7844697.107396616
0.7558372248165443,43546.85088682016,1555.1413806843975,1870.9660636376423,-5269.424863283558,-57365.9740520664,385.661117882331,-193.27002295858267,1.2105114139699148e-07,1.2105114139699148e-07,8260971.259415596
0.7565043362241494,43585.28152873456,1551.6261715358985,1832.6965255871942,-5269.174453698099,-57366.10004240212,365.06681932637434,-184.44900352419657,1.1462773224688085e-07,1.1462773224688085e-07,8723892.381001119
0.7571714476317545,43623.712237531145,1548.1111248558711,1794.426905449999,-5268.937782804136,-57366.22014813515,344.47252077041776,-175.62798408981047,1.0820441562166786e-07,1.0820441562166786e-07,9241767.022673618
0.7578385590393595,43662.14301013968,1544.596231479079,1756.157207151748,-5268.714850601673,-57366.33436926549,323.8782222144645,-166.80696465542582,1.0178118690320816e-07,1.0178118690320816e-07,9824998.414991757
0.7585056704469646,43700.573843489845,1541.0814822402829,1717.8874346181144,-5268.505657090709,-57366.44270579313,303.2839236585079,-157.98594522103969,9.535804147320257e-08,9.535804147320257e-08,10486792.561495919
0.7591727818545696,43739.004734511145,1537.5668679742462,1679.6175917747964,-5268.310202271242,-57366.54515771809,282.6896251025547,-149.16492578665506,8.893497471321398e-08,8.893497471321398e-08,11244170.285364907
0.7598398932621747,43777.43568013304,1534.0523795157292,1641.3476825474675,-5268.128486143273,-57366.64172504035,262.0953265465981,-140.34390635226896,8.251198200466976e-08,8.251198200466976e-08,12119451.93539776
0.7605070046697798,43815.86667728486,1530.5380076994952,1603.077710861818,-5267.960508706803,-57366.73240775991,241.50102799064146,-131.52288691788286,7.608905872887905e-08,7.608905872887905e-08,13142494.028782843
0.7611741160773848,43854.29772289584,1527.0237433603074,1564.807680643542,-5267.806269961831,-57366.81720587679,220.9067294346882,-122.7018674834982,6.966620026703982e-08,6.966620026703982e-08,14354163.082913477
0.76184122748499,43892.72881389516,1523.5095773329263,1526.5375958183115,-5267.665769908359,-57366.896119390985,200.31243087873162,-113.88084804911213,6.32434020002462e-08,6.32434020002462e-08,15811926.119915355
0.762508338892595,43931.159947211905,1519.9955004521148,1488.2674603118237,-5267.539008546382,-57366.96914830247,179.71813232277842,-105.05982861472746,5.682065930950582e-08,5.682065930950582e-08,17599232.605748817
0.7631754503002001,43969.5911197751,1516.481503552635,1449.997278049753,-5267.425985875907,-57367.03629261128,159.12383376682178,-96.23880918034136,5.039796757574171e-08,5.039796757574171e-08,19842069.99016632
0.7638425617078052,44008.02232851369,1512.967577469249,1411.7270529577906,-5267.326701896927,-57367.097552317384,138.52953521086513,-87.41778974595525,4.3975322179809986e-08,4.3975322179809986e-08,22740026.688403014
0.7645096731154102,44046.45357035657,1509.4537130367194,1373.4567889616285,-5267.241156609448,-57367.152927420815,117.93523665491196,-78.59677031157061,3.7552718502506764e-08,3.7552718502506764e-08,26629230.582420997
0.7651767845230153,44084.88484223261,1505.9399010898073,1335.1864899869397,-5267.169350013465,-57367.20241792154,97.34093809895535,-69.7757508771845,3.1130151924575366e-08,3.1130151924575366e-08,32123196.906423084
0.7658438959306203,44123.316141070616,1502.4261324632769,1296.9161599594224,-5267.111282108982,-57367.24602381958,76.74663954300215,-60.95473144279987,2.4707617826723823e-08,2.4707617826723823e-08,40473347.41103197
0.7665110073382254,44161.74746379937,1498.9123979918882,1258.6458028047498,-5267.066952895996,-57367.28374511493,56.152340987045505,-52.13371200841377,1.8285111589626725e-08,1.8285111589626725e-08,54689302.55625605
0.7671781187458305,44200.17880734762,1495.3986885104036,1220.3754224486129,-5267.03636237451,-57367.31558180758,35.55804243108895,-43.312692574027665,1.1862628593942852e-08,1.1862628593942852e-08,84298348.55578363
0.7678452301534355,44238.61016864409,1491.8849948535872,1182.1050228167048,-5267.01951054452,-57367.34153389754,14.963743875135663,-34.49167313964301,5.4401642203221034e-09,5.4401642203221034e-09,183817980.3955976
0.7685123415610406,44277.04154461751,1488.3713078561993,1143.834607834698,-5267.016397406031,-57367.36160138483,-5.6305546808209215,-25.670653705256925,9.822861505872438e-10,9.822861505872438e-10,1018033288.3673116
0.7691794529686456,44315.472932196586,1484.8576183530029,1105.5641814282903,-5267.027022959038,-57367.375784269396,-26.224853236774095,-16.849634270872272,7.404727138121098e-09,7.404727138121098e-09,135048865.58908957
0.7698465643762508,44353.90432831004,1481.3439171787597,1067.2937475231552,-5267.0513872035435,-57367.384082551296,-46.81915179273079,-8.028614836486142,1.3827163361597736e-08,1.3827163361597736e-08,72321413.57187593
0.7705136757838559,44392.33572988659,1477.830195168232,1029.0233100449836,-5267.089490139549,-57367.3864962305,-67.41345034868743,0.7924045978999601,2.0249599440300058e-08,2.0249599440300058e-08,49383692.89467693
0.7711807871914609,44430.76713385496,1474.316443156183,990.7528729194694,-5267.141331767052,-57367.383025307005,-88.00774890464058,9.613424032284584,2.667203999346868e-08,2.667203999346868e-08,37492445.28145861
0.771847898599066,44469.19853714393,1470.8026519773728,952.4824400722837,-5267.2069120860515,-57367.37366978081,-108.60204746059719,18.4344434666707,3.309448964029491e-08,3.309448964029491e-08,30216510.69011889
0.772515010006671,44507.629936682264,1467.288812466566,914.2120154291254,-5267.286231096553,-57367.35842965195,-129.19634601655036,27.25546290105531,3.951695299990289e-08,3.951695299990289e-08,25305594.79123953
0.7731821214142761,44546.06132939881,1463.7749154585226,875.9416029156674,-5267.379288798549,-57367.33730492037,-149.790644572507,36.07648233544144,4.5939434691348204e-08,4.5939434691348204e-08,21767790.716596052
0.7738492328218812,44584.492712222425,1460.260951788006,837.6712064576018,-5267.486085192046,-57367.31029558612,-170.38494312846362,44.89750176982753,5.23619393335998e-08,5.23619393335998e-08,19097841.155747958
0.7745163442294862,44622.92408208202,1456.7469122897787,799.4008299806201,-5267.606620277041,-57367.277401649175,-190.97924168441685,53.718521204212195,5.878447154553331e-08,5.878447154553331e-08,17011295.22318525
0.7751834556370913,44661.35543590658,1453.2327877986008,761.1304774103954,-5267.740894053532,-57367.23862310953,-211.57354024037352,62.5395406385983,6.520703594592384e-08,6.520703594592384e-08,15335768.379800295
0.7758505670446963,44699.78677062514,1449.718569149237,722.860152672626,-5267.888906521523,-57367.19395996719,-232.16783879632666,71.36056007298293,7.162963715342833e-08,7.162963715342833e-08,13960701.73939361
0.7765176784523015,44738.218083166816,1446.2042471764487,684.5898596929851,-5268.050657681013,-57367.14341222217,-252.76213735228333,80.18157950736905,7.805227978658383e-08,7.805227978658383e-08,12811925.580319654
0.7771847898599066,44776.64937046079,1442.689812714997,646.319602397164,-5268.226147532,-57367.08697987445,-273.35643590824,89.00259894175514,8.447496846378982e-08,8.447496846378982e-08,11837826.260079041
0.7778519012675116,44815.080629436336,1439.1752565996458,608.0493847108552,-5268.415376074487,-57367.02466292405,-293.95073446419315,97.82361837613978,9.089770780330115e-08,9.089770780330115e-08,11001377.528286614
0.7785190126751167,44853.51185702283,1435.6605696651554,569.779210559731,-5268.618343308471,-57366.95646137096,-314.54503302014973,106.64463781052588,9.732050242322113e-08,9.732050242322113e-08,10275327.141769825
0.7791861240827217,44891.943050149726,1432.1457427462897,531.5090838694904,-5268.835049233952,-57366.88237521517,-335.139331576103,115.46565724491055,1.0374335694148367e-07,1.0374335694148367e-07,9639171.407997226
0.7798532354903268,44930.37420574661,1428.6307666778096,493.23900856580565,-5269.065493850933,-57366.802404456685,-355.7336301320596,124.28667667929665,1.101662759758517e-07,1.101662759758517e-07,9077188.01549758
0.7805203468979319,44968.80532074316,1425.115632294477,454.9689885743689,-5269.309677159411,-57366.71654909551,-376.3279286880162,133.10769611368272,1.1658926414389924e-07,1.1658926414389924e-07,8577119.062744569
0.7811874583055369,45007.23639206917,1421.6003304310566,416.6990278208725,-5269.56759915939,-57366.62480913165,-396.9222272439695,141.92871554806737,1.2301232606300475e-07,1.2301232606300475e-07,8129266.651602195
0.781854569713142,45045.6674166546,1418.0848519223077,378.4291302309886,-5269.839259850865,-57366.5271845651,-417.51652579992606,150.7497349824535,1.2943546635034367e-07,1.2943546635034367e-07,7725857.743605563
0.782521681120747,45084.09839142949,1414.5691876029941,340.15929973041614,-5270.124659233839,-57366.423675395854,-438.1108243558792,159.57075441683813,1.3585868962287111e-07,1.3585868962287111e-07,7360589.173764967
0.7831887925283522,45122.52931332408,1411.053328307877,301.8895402448276,-5270.423797308311,-57366.31428162391,-458.7051229118358,168.39177385122423,1.4228200049731973e-07,1.4228200049731973e-07,7028295.894805315
0.7838559039359573,45160.96017926871,1407.5372648717193,263.619855699915,-5270.736674074282,-57366.19900324928,-479.2994214677925,177.21279328561033,1.487054035901824e-07,1.487054035901824e-07,6724705.19468077
0.7845230153435623,45199.390986193896,1404.0209881292833,225.35025002137027,-5271.06328953175,-57366.07784027196,-499.8937200237457,186.03381271999496,1.5512890351770477e-07,1.5512890351770477e-07,6446251.970612753
0.7851901267511674,45237.82173103032,1400.50448891533,187.08072713486638,-5271.403643680717,-57365.95079269195,-520.4880185797023,194.85483215438109,1.615525048958786e-07,1.615525048958786e-07,6189938.067778677
0.7858572381587724,45276.252410708825,1396.9877580646234,148.81129096610158,-5271.757736521184,-57365.817860509254,-541.0823171356556,203.67585158876574,1.679762123404237e-07,1.679762123404237e-07,5953223.8884716695
0.7865243495663775,45314.68302216044,1393.470786411924,110.54194544074875,-5272.125568053147,-57365.67904372386,-561.6766156916121,212.49687102315184,1.7440003046678663e-07,1.7440003046678663e-07,5733943.952437804
0.7871914609739826,45353.113562316365,1389.953564791994,72.27269448449971,-5272.507138276607,-57365.534342335755,-582.2709142475687,221.3178904575379,1.8082396389012244e-07,1.8082396389012244e-07,5530240.453127381
0.7878585723815876,45391.544028107994,1386.4360840395977,34.003542023046634,-5272.902447191569,-57365.38375634499,-602.865212803522,230.1389098919226,1.8724801722528775e-07,1.8724801722528775e-07,5340510.488807198
0.7885256837891927,45429.97441646693,1382.918334989495,-4.265508017937748,-5273.311494798028,-57365.22728575153,-623.4595113594786,238.9599293263087,1.9367219508683425e-07,1.9367219508683425e-07,5163363.793918085
0.7891927951967977,45468.40472432497,1379.4003084764493,-42.53445171275513,-5273.734281095985,-57365.06493055537,-644.0538099154318,247.78094876069335,2.0009650208899012e-07,2.0009650208899012e-07,4997588.611295484
0.7898599066044029,45506.83494861414,1375.881995335222,-80.80328513573266,-5274.17080608544,-57364.89669075652,-664.6481084713884,256.60196819507945,2.0652094284565872e-07,2.0652094284565872e-07,4842123.9329095045
0.790527018012008,45545.26508626665,1372.3633864005749,-119.0720043611783,-5274.621069766394,-57364.722566354976,-685.242407027345,265.4229876294656,2.12945521970401e-07,2.12945521970401e-07,4696036.7644593995
0.791194129419613,45583.69513421496,1368.844472507272,-157.34060546340015,-5275.085072138845,-57364.54255735074,-705.8367055832983,274.24400706385023,2.19370244076428e-07,2.19370244076428e-07,4558503.384130816
0.7918612408272181,45622.12508972285,1365.3252453494947,-195.60908492823629,-5275.555677940202,-57364.36008027384,-686.937772947228,264.1547469148289,2.134223112298753e-07,2.134223112298753e-07,4685545.734358151
0.7925283522348231,45660.55495636352,1361.805712999323,-233.8774470836172,-5275.996490831983,-57364.19256253947,-634.6192766110942,238.06342073958493,1.9700412066492147e-07,1.9700412066492147e-07,5076035.956125358
0.7931954636424282,45698.984743369176,1358.2858982196915,-272.1457032918238,-5276.402401458028,-57364.042450626424,-582.3007802749518,211.97209456433666,1.8058556657895317e-07,1.8058556657895317e-07,5537541.11662514
0.7938625750500333,45737.414460172076,1354.765824294301,-310.41386516447176,-5276.77340981834,-57363.90974453471,-529.9822839388091,185.88076838908836,1.6416668524461135e-07,1.6416668524461135e-07,6091369.8690448785
0.7945296864576383,45775.84411620399,1351.2455145068511,-348.68194431317664,-5277.109515912918,-57363.79444426434,-477.66378760267537,159.78944221384444,1.4774751293281688e-07,1.4774751293281688e-07,6768303.439765621
0.7951967978652434,45814.27372089623,1347.7249921410403,-386.9499523495732,-5277.410719741759,-57363.69654981527,-425.34529126653274,133.69811603859614,1.313280859128783e-07,1.313280859128783e-07,7614517.435846812
0.7958639092728484,45852.70328367968,1344.2042804805703,-425.2179008852708,-5277.677021304867,-57363.61606118755,-373.02679493039886,107.60678986335218,1.1490844045262613e-07,1.1490844045262613e-07,8702580.90755548
0.7965310206804536,45891.13281398487,1340.6834028091384,-463.48580153190386,-5277.908420602241,-57363.55297838118,-320.7082985942563,81.51546368810384,9.848861281850792e-08,9.848861281850792e-08,10153458.063652214
0.7971981320880587,45929.562321242,1337.1623824104456,-501.75366590108814,-5278.104917633878,-57363.50730139611,-268.38980225811383,55.424137512855566,8.206863927572359e-08,8.206863927572359e-08,12184922.38722674
0.7978652434956637,45967.991814881,1333.6412425681917,-540.0215056044394,-5278.266512399784,-57363.4790302324,-216.07130592198,29.332811337611616,6.564855608833249e-08,6.564855608833249e-08,15232627.487716015
0.7985323549032688,46006.42130433158,1330.1200065660757,-578.2893322535922,-5278.393204899952,-57363.46816489,-163.75280958583744,3.2414851623633183,4.922839951936248e-08,4.922839951936248e-08,20313477.784437835
0.7991994663108739,46044.85079902325,1326.5986976877973,-616.5571574601621,-5278.484995134388,-57363.474705368935,-111.43431324969487,-22.84984101288498,3.280820583094184e-08,3.280820583094184e-08,30480179.414653856
0.7998665777184789,46083.28030838537,1323.0773392170563,-654.8249928357646,-5278.541883103087,-57363.49865166919,-59.11581691356105,-48.94116718812896,1.638801128440769e-08,1.638801128440769e-08,61020216.708750136
0.800533689126084,46121.70984184725,1319.555954437552,-693.0928499920344,-5278.563868806053,-57363.5400037908,-6.797320577418532,-75.03249336337723,3.214785958610599e-11,3.214785958610599e-11,31106269993.545414
0.801200800533689,46160.13940883812,1316.034566632985,-731.3607405405811,-5278.550952243284,-57363.59876173373,45.521175758715344,-101.12381953862118,1.6452235340933474e-08,1.6452235340933474e-08,60782014.07148492
0.8018679119412941,46198.56901878723,1312.513199087053,-769.6286760930391,-5278.503133414781,-57363.67492549799,97.83967209485786,-127.2151457138695,3.287221489998166e-08,3.287221489998166e-08,30420828.13837281
0.8025350233488993,46236.99868112386,1308.9918750834572,-807.8966682610242,-5278.420412320542,-57363.768495083576,150.15816843100043,-153.30647188911777,4.929205027739593e-08,4.929205027739593e-08,20287247.01797552
0.8032021347565043,46275.42840527738,1305.470617905897,-846.1647286561515,-5278.302788960568,-57363.879470490494,202.4766647671342,-179.39779806436172,6.571170521405134e-08,6.571170521405134e-08,15217988.891668068
0.8038692461641094,46313.85820067732,1301.949450838072,-884.4328688900564,-5278.150263334862,-57364.00785171875,254.79516110327683,-205.48912423961002,8.213114345092487e-08,8.213114345092487e-08,12175649.308931412
0.8045363575717144,46352.28807675337,1298.428397163682,-922.7011005743478,-5277.962835443421,-57364.15363876833,307.1136574394106,-231.58045041485403,9.855032872895987e-08,9.855032872895987e-08,10147099.587564759
0.8052034689793195,46390.71804293547,1294.9074801664253,-960.9694353206603,-5277.740505286243,-57364.31683163924,359.43215377555305,-257.67177659010224,1.149692247889718e-07,1.149692247889718e-07,8697979.844915185
0.8058705803869246,46429.14810865382,1291.3867231300028,-999.2378847406096,-5277.483272863333,-57364.4974303315,411.75065011169573,-283.7631027653506,1.3138779537151295e-07,1.3138779537151295e-07,7611057.002458971
0.8065376917945296,46467.57828333894,1287.8661493381146,-1037.5064604458114,-5277.191138174687,-57364.69543484508,464.06914644782944,-309.8544289405945,1.4780600421676442e-07,1.4780600421676442e-07,6765625.0184089495
0.8072048032021347,46506.00857642174,1284.3457820744588,-1075.7751740479002,-5276.864101220308,-57364.910845179984,516.3876427839722,-335.94575511584287,1.6422381506442847e-07,1.6422381506442847e-07,6089250.816683797
0.8078719146097397,46544.438997333506,1280.8256446227365,-1114.0440371584855,-5276.502162000193,-57365.14366133623,568.706139120106,-362.0370812910868,1.806411916535927e-07,1.806411916535927e-07,5535835.934462024
0.8085390260173448,46582.869555506026,1277.3057602666456,-1152.3130613892017,-5276.105320514343,-57365.393883313795,621.0246354562483,-388.12840746633503,1.9705809772263679e-07,1.9705809772263679e-07,5074645.556598846
0.80920613742495,46621.30026037156,1273.7861522898877,-1190.582258351665,-5275.67357676276,-57365.6615111127,673.343131792391,-414.2197336415834,2.1347449700909695e-07,2.1347449700909695e-07,4684400.310156891
0.809873248832555,46659.73112136292,1270.2668439761612,-1228.85163965749,-5275.20693074544,-57365.946544732935,725.6616281285247,-440.3110598168273,2.2989035324955813e-07,2.2989035324955813e-07,4349899.7929436695
0.8105403602401601,46698.16214791355,1266.7478586091654,-1267.121216918312,-5274.705382462387,-57366.2489841745,777.9801244646675,-466.4023859920756,2.4630563017954697e-07,2.4630563017954697e-07,4059996.514375412
0.8112074716477651,46736.59334945749,1263.2292194726012,-1305.3910017457404,-5274.1689319136,-57366.56882943739,830.2986208008012,-492.4937121673196,2.6272029153339646e-07,2.6272029153339646e-07,3806329.515559639
0.8118745830553702,46775.024735429506,1259.7109498501673,-1343.66100575141,-5273.597579099079,-57366.90608052162,882.6171171369439,-518.5850383425679,2.791343010441523e-07,2.791343010441523e-07,3582504.8955263444
0.8125416944629753,46813.45631526507,1256.193073025563,-1381.9312405469354,-5272.99132401882,-57367.26073742717,934.9356134730863,-544.6763645178162,2.955476224434387e-07,2.955476224434387e-07,3383549.4656749535
0.8132088058705803,46851.88809840046,1252.6756122824895,-1420.2017177439334,-5272.35016667283,-57367.63280015406,987.25410980922,-570.7676906930601,3.1196021946135047e-07,3.1196021946135047e-07,3205536.916619244
0.8138759172781854,46890.320094272756,1249.1585909046448,-1458.472448954038,-5271.674107061104,-57368.02226870229,1039.5726061453627,-596.8590168683085,3.2837205582634635e-07,3.2837205582634635e-07,3045326.1240013433
0.8145430286857904,46928.75231231992,1245.6420321757296,-1496.7434457888585,-5270.963145183642,-57368.42914307183,1091.8911024814965,-622.9503430435523,3.4478309526511485e-07,3.4478309526511485e-07,2900374.217103271
0.8152101400933955,46967.18476198085,1242.1259593794425,-1535.0147198600303,-5270.217281040448,-57368.85342326272,1144.2095988176393,-649.0416692188007,3.6119330150248014e-07,3.6119330150248014e-07,2768600.624209343
0.8158772515010007,47005.61745266778,1238.6103957436062,-1573.286282746328,-5269.4380275045005,-57369.29422013087,1169.2208809164156,-659.0840290658944,3.6896732284806387e-07,3.6896732284806387e-07,2710267.110596641
0.8165443629086057,47044.05038435626,1235.09534538349,-1611.5581347937177,-5268.695414726432,-57369.71037563211,1057.132227728955,-588.550163675404,3.333873069234746e-07,3.333873069234746e-07,2999514.3163310024
0.8172114743162108,47082.4835338488,1231.5807654869955,-1649.8302487680846,-5268.027577567571,-57370.079477187144,945.0435745414757,-518.0162982849017,2.978092252737954e-07,2.978092252737954e-07,3357854.341418185
0.8178785857238158,47120.916874454044,1228.0666061704542,-1688.102593279191,-5267.434516027912,-57370.40152479593,832.9549213540153,-447.4824328944113,2.6223285552110104e-07,2.6223285552110104e-07,3813404.6857432523
0.8185456971314209,47159.35037947887,1224.5528175501963,-1726.3751369368251,-5266.916230107459,-57370.67651845851,720.8662681665362,-376.9485675039092,2.2665797528562587e-07,2.2665797528562587e-07,4411933.87852264
0.819212808539026,47197.784022228545,1221.0393497425541,-1764.6478483507558,-5266.472719806209,-57370.90445817487,608.777614979057,-306.41470211340703,1.910843621857129e-07,1.910843621857129e-07,5233290.6186646
0.819879919946631,47236.21777600695,1217.5261528638596,-1802.9206961307536,-5266.103985124164,-57371.08534394499,496.6889617915964,-235.88083672291657,1.5551179383770115e-07,1.5551179383770115e-07,6430380.457469634
0.8205470313542361,47274.651614116854,1214.0131770304429,-1841.1936488866058,-5265.810026061324,-57371.21917576888,384.60030860411723,-165.3469713324144,1.1994004785581156e-07,1.1994004785581156e-07,8337498.757730787
0.8212141427618411,47313.08550986003,1210.5003723586367,-1879.4666752280762,-5265.5908426176875,-57371.30595364655,272.5116554166567,-94.813105941924,8.436890185209184e-08,8.436890185209184e-08,11852708.498601917
0.8218812541694462,47351.519436537565,1206.9876889647715,-1917.739743764953,-5265.446434793255,-57371.345677578014,160.42300222917754,-24.27924055142188,4.8798133436272496e-08,4.8798133436272496e-08,20492587.104913376
0.8225483655770514,47389.95336745001,1203.4750769651787,-1956.0128231070055,-5265.376802588029,-57371.33834756325,48.33434904169826,46.25462483908029,1.3227520215710317e-08,1.3227520215710317e-08,75599960.05995898
0.8232154769846564,47428.38727589763,1199.9624864761909,-1994.285881864003,-5265.381946002006,-57371.28396360224,-63.754304145762376,116.78849022957075,2.2343160204727488e-08,2.2343160204727488e-08,44756426.16519459
0.8238825883922615,47466.82113518062,1196.4498676141384,-2032.5588886457342,-5265.461865035188,-57371.182525695025,-175.84295733324143,187.32235562007293,5.7914130222779075e-08,5.7914130222779075e-08,17266943.251211517
0.8245496997998665,47505.25491859928,1192.9371704953526,-2070.8318120619615,-5265.616559687574,-57371.034033841584,-287.93161052070184,257.8562210105633,9.348561223884495e-08,9.348561223884495e-08,10696833.192311084
0.8252168112074716,47543.688599454304,1189.424345236165,-2109.104620722473,-5265.846029959165,-57370.83848804191,-400.0202637081811,328.39008640106545,1.2905782865613353e-07,1.2905782865613353e-07,7748464.470640034
0.8258839226150767,47582.12215104692,1185.9113419529072,-2147.3772832370396,-5266.150275849959,-57370.59588829602,-512.1089168956603,398.9239517915677,1.6463100188071716e-07,1.6463100188071716e-07,6074190.089206568
0.8265510340226817,47620.555546679134,1182.3981107619115,-2185.649768215429,-5266.52929735996,-57370.3062346039,-624.1975700831209,469.4578171820581,2.0020535432164824e-07,2.0020535432164824e-07,4994871.407851602
0.8272181454302868,47658.988759653985,1178.8846017795079,-2223.9220442674314,-5266.983094489165,-57369.96952696555,-736.2862232706002,539.9916825725602,2.3578110839107332e-07,2.3578110839107332e-07,4241221.897817917
0.8278852568378918,47697.421763275684,1175.3707651220286,-2262.1940800028083,-5267.5116672375725,-57369.58576538098,-848.3748764580608,610.5255479630507,2.713584865042882e-07,2.713584865042882e-07,3685162.0632258994
0.8285523682454969,47735.8545308499,1171.8565509058042,-2300.4658440313483,-5268.115015605186,-57369.1549498502,-960.4635296455398,681.0594133535528,3.0693771107988127e-07,3.0693771107988127e-07,3257990.0217596516
0.829219479653102,47774.287035683934,1168.3419092471672,-2338.737304962821,-5268.793139592002,-57368.67708037318,-1072.552182833019,751.5932787440552,3.425190045397865e-07,3.425190045397865e-07,2919546.0302811945
0.8298865910607071,47812.719251086935,1164.8267902624484,-2377.0084314069954,-5269.546039198025,-57368.15215694993,-1184.6408360204794,822.1271441345455,3.7810258930939445e-07,3.7810258930939445e-07,2644784.850128911
0.8305537024683122,47851.151150370155,1161.3111440679793,-2415.279191973661,-5270.373714423251,-57367.58017958047,-1296.7294892079585,892.6610095250475,4.136886878176623e-07,4.136886878176623e-07,2417276.636872316
0.8312208138759172,47889.58270684711,1157.7949207800918,-2453.5495552725797,-5271.276165267681,-57366.961148264774,-1408.8181423954193,963.1948749155381,4.4927752249716484e-07,4.4927752249716484e-07,2225795.7496778853
0.8318879252835223,47928.01389383385,1154.2780705151165,-2491.8194899135406,-5272.253391731318,-57366.295063002864,-1520.9067955828984,1033.7287403060402,4.848693157842281e-07,4.848693157842281e-07,2062411.39095923
0.8325550366911274,47966.44468464912,1150.7605433893848,-2530.0889645063116,-5273.305393814157,-57365.58192379472,-1632.9954487703776,1104.2626056965423,5.204642901189794e-07,5.204642901189794e-07,1921361.4055469541
0.8332221480987324,48004.87505261461,1147.2422895192294,-2568.3579476606637,-5274.4321715162005,-57364.82173064035,-1745.0841019578384,1174.7964710870328,5.560626679454485e-07,5.560626679454485e-07,1798358.4542634736
0.8338892595063375,48043.30497105518,1143.7232590209803,-2606.6264079863854,-5275.633724837449,-57364.01448353977,-1857.1727551453175,1245.330336477535,5.916646717116693e-07,5.916646717116693e-07,1690146.5438303559
0.8345563709139425,48081.73441329903,1140.2034020109697,-2644.8943140932383,-5276.910053777902,-57363.16018249296,-1969.2614083327778,1315.8642018680255,6.272705238697225e-07,6.272705238697225e-07,1594208.4984814133
0.8352234823215476,48120.16335267799,1136.6826686055288,-2683.161634591012,-5278.26115833756,-57362.25882749993,-2081.350061520257,1386.3980672585276,6.628804468758605e-07,6.628804468758605e-07,1508567.653055654
0.8358905937291528,48158.59176252765,1133.1610089209883,-2721.428338089475,-5279.687038516421,-57361.31041856065,-2193.4387147077364,1456.9319326490297,6.984946631905448e-07,6.984946631905448e-07,1431650.1652743572
0.8365577051367578,48197.019616187616,1129.6383730736811,-2759.694393198397,-5281.187694314488,-57360.31495567516,-2305.5273678951967,1527.4657980395202,7.341133952785355e-07,7.341133952785355e-07,1362187.376543623
0.8372248165443629,48235.44688700176,1126.1147111799376,-2797.9597685275667,-5282.763125731759,-57359.27243884346,-2417.616021082676,1597.9996634300223,7.697368656089853e-07,7.697368656089853e-07,1299145.2594762233
0.8378919279519679,48273.87354831837,1122.5899733560898,-2836.2244326867467,-5284.413332768234,-57358.18286806553,-2529.7046742701364,1668.5335288205126,8.053652966554644e-07,8.053652966554644e-07,1241672.5728719851
0.838559039359573,48312.29957349043,1119.064109718468,-2874.488354285725,-5286.138315423914,-57357.04624334136,-2641.7933274576158,1739.067394211015,8.409989108960763e-07,8.409989108960763e-07,1189062.1819408892
0.8392261507671781,48350.72493839281,1115.5370641406528,-2912.7515038865163,-5287.995489702672,-57355.8805199006,-3105.9273348920287,1699.509042304938,9.792556040371619e-07,9.792556040371619e-07,1021183.84196865
0.8398932621747831,48389.14967992051,1112.0086291803598,-2951.013899370885,-5290.345037256937,-57354.798334357445,-3938.0162327927674,1544.883216086589,1.2247752118958895e-06,1.2247752118958895e-06,816476.3544259286
0.8405603735823882,48427.57389779757,1108.478441654654,-2989.2756073240957,-5293.249680807132,-57353.819301466865,-4770.105130693644,1390.257389868215,1.470298467218798e-06,1.470298467218798e-06,680134.015164683
0.8412274849899932,48465.997694673046,1104.9461312526662,-3027.536696560445,-5296.709420353258,-57352.94342122887,-5602.194028594384,1235.6315636498662,1.7158194610863996e-06,1.7158194610863996e-06,582811.8998993248
0.8418945963975983,48504.42117325748,1101.4113276635235,-3065.797235894258,-5300.724255895317,-57352.17069364345,-6434.282926495261,1081.0057374314915,1.961332278352662e-06,1.961332278352662e-06,509857.514219828
0.8425617078052035,48542.84443633305,1097.8736605763554,-3104.057294139839,-5305.294187433306,-57351.501118710614,-7266.371824396138,926.3799112131172,2.2068309969779453e-06,2.2068309969779453e-06,453138.4602488406
0.8432288192128085,48581.267586763905,1094.3327596802912,-3142.3169401114933,-5310.419214967226,-57350.93469643036,-8098.460722296877,771.7540849947684,2.4523096873635854e-06,2.4523096873635854e-06,407778.84014929377
0.8438959306204136,48619.69072750638,1090.7882546644585,-3180.5762426235456,-5316.099338497078,-57350.47142680268,-8930.549620197755,617.1282587763936,2.6977624116879703e-06,2.6977624116879703e-06,370677.5643650203
0.8445630420280186,48658.11396161922,1087.2397752179877,-3218.835270490293,-5322.33455802286,-57350.11130982758,-9762.638518098493,462.50243255804514,2.9431832232439216e-06,2.9431832232439216e-06,339768.1775645006
0.8452301534356237,48696.53739227391,1083.6869510300064,-3257.0940925260606,-5329.124873544573,-57349.85434550507,-10594.72741599937,307.8766063396706,3.188566165778695e-06,3.188566165778695e-06,313620.5893208383
0.8458972648432288,48734.961122764806,1080.1294117896434,-3295.352777545154,-5336.470285062219,-57349.700533835145,-11426.816313900248,153.2507801212961,3.4339052728355873e-06,3.4339052728355873e-06,291213.62429844734
0.8465643762508338,48773.385256519454,1076.5667871860285,-3333.6113943618757,-5344.370792575794,-57349.64987481779,-12258.905211800986,-1.3750460970525182,3.6791945670984343e-06,3.6791945670984343e-06,271798.61835593043
0.8472314876584389,48811.809897108826,1072.9987069082893,-3371.870011790552,-5352.826396085303,-57349.70236845302,-13090.994109701864,-156.00087231542716,3.924428059738834e-06,3.924428059738834e-06,254814.20089187435
0.8478985990660439,48850.235148257496,1069.4248006455555,-3410.1286986454797,-5361.837095590741,-57349.858014740836,-13923.083007602603,-310.62669853377577,4.169599749765953e-06,4.169599749765953e-06,239831.17325736882
0.848565710473649,48888.66111385393,1065.844698086955,-3448.387523740983,-5371.402891092111,-57350.11681368121,-14755.171905503481,-465.25252475215063,4.414703623380173e-06,4.414703623380173e-06,226515.77213564733
0.8492328218812542,48927.087897960664,1062.2580289216169,-3486.6465558913674,-5381.523782589412,-57350.47876527418,-15587.260803404357,-619.8783509705248,4.659733653329589e-06,4.659733653329589e-06,214604.54060189796
0.8498999332888592,48965.51560482454,1058.6644228386713,-3524.9058639109394,-5392.199770082642,-57350.94386951973,-16419.349701305095,-774.5041771888737,4.904683798270683e-06,4.904683798270683e-06,203886.74196542188
0.8505670446964643,49003.94433888692,1055.063509527245,-3563.16551661402,-5403.430853571806,-57351.51212641786,-17251.438599205972,-929.1300034072481,5.149548002132955e-06,5.149548002132955e-06,194191.80083102392
0.8512341561040693,49042.37420479385,1051.4549186764684,-3601.425582814909,-5415.2170330569,-57352.183535968565,-18083.527497106712,-1083.755829625597,5.394320193487392e-06,5.394320193487392e-06,185380.1710190115
0.8519012675116744,49080.80530740633,1047.838279975469,-3639.6861313279314,-5427.558308537926,-57352.95809817187,-18915.61639500759,-1238.3816558439717,5.63899428492003e-06,5.63899428492003e-06,177336.5868935584
0.8525683789192795,49119.237751810426,1044.2132231133762,-3677.947230967391,-5440.454680014885,-57353.83581302775,-19747.705292908468,-1393.0074820623458,5.883564172409672e-06,5.883564172409672e-06,169965.00262364608
0.8532354903268845,49157.67164332749,1040.5793777793194,-3716.2089505475915,-5453.90614748777,-57354.81668053618,-20579.794190809207,-1547.6333082806948,6.128023734710975e-06,6.128023734710975e-06,163184.74654980502
0.8539026017344896,49196.10708752436,1036.9363736624261,-3754.471358882859,-5467.912710956589,-57355.90070069722,-21411.883088710085,-1702.2591344990692,6.372366832742793e-06,6.372366832742793e-06,156927.56337594273
0.8545697131420946,49234.544190223445,1033.2838404518266,-3792.7345247874914,-5482.474370421338,-57357.08787351083,-22243.97198661082,-1856.884960717418,6.616587308981642e-06,6.616587308981642e-06,151135.3139166707
0.8552368245496997,49272.98305751297,1029.6214078366481,-3830.9985170758123,-5497.59112588202,-57358.37819897703,-23076.060884511695,-2011.5107869357926,6.860678986861503e-06,6.860678986861503e-06,145758.1679473771
0.8559039359573049,49311.423795757044,1025.9487055060206,-3869.263404562127,-5513.262977338634,-57359.771677095814,-23908.14978241258,-2166.136613154167,7.10463567017903e-06,7.10463567017903e-06,140753.1710876317
0.8565710473649099,49349.866511605855,1022.2653631490728,-3907.5292560607404,-5529.489924791177,-57361.26830786717,-24740.238680313316,-2320.762439372516,7.3484511425054475e-06,7.3484511425054475e-06,136083.09841181728
0.857238158772515,49388.311312005775,1018.5710104549325,-3945.7961403859767,-5546.271968239652,-57362.8680912911,-25572.327578214194,-2475.38826559089,7.59211916660494e-06,7.59211916660494e-06,131715.53001942436
0.85790527018012,49426.75830420945,1014.8652771127302,-3984.064126352134,-5563.609107684057,-57364.57102736762,-26404.416476114933,-2630.0140918092393,7.835633483859431e-06,7.835633483859431e-06,127622.09999483683
0.8585723815877251,49465.207587691184,1011.1477004769735,-4022.333265671123,-5582.696933562181,-57366.155666334635,-37557.202801891675,-873.018749456041,1.122684428833437e-05,1.122684428833437e-05,89072.2249563115
0.8592394929953302,49503.658824079146,1007.412796572178,-4060.6026799935953,-5617.941573526692,-57364.95367509062,-68106.22781170894,4476.588499039421,2.0533453914766344e-05,2.0533453914766344e-05,48701.01270594637
0.8599066044029352,49542.111033723675,1003.647582833159,-4098.870102065724,-5673.565816566456,-57360.18289982492,-98655.25282152115,9826.195747533995,2.984107031952252e-05,2.984107031952252e-05,33510.86235488623
0.8605737158105403,49580.56321584762,999.8384637942207,-4137.133151110989,-5749.569662681491,-57351.84334053753,-129204.27783133843,15175.802996029455,3.9151791547546494e-05,3.9151791547546494e-05,25541.615350745462
0.8612408272181453,49619.01441705571,995.9718439896714,-4175.389446352848,-5845.953111871771,-57339.93499722848,-159753.3028411506,20525.410244524028,4.846754460551639e-05,4.846754460551639e-05,20632.36353603487
0.8619079386257504,49657.463746130205,992.034127953815,-4213.63660701478,-5962.716164137329,-57324.45786989774,-190302.32785096788,25875.01749301949,5.779003247288962e-05,5.779003247288962e-05,17304.022116082364
0.8625750500333556,49695.91038884312,988.0117202209585,-4251.872252320245,-6099.8588194781505,-57305.41195854534,-220851.35286078518,31224.624741514952,6.712068067335399e-05,6.712068067335399e-05,14898.537827209291
0.8632421614409606,49734.353622789095,983.8910253254087,-4290.094001492709,-6257.381077894206,-57282.79726317125,-251400.37787059732,36574.231990009524,7.646058332512796e-05,7.646058332512796e-05,13078.634199634214
0.8639092728485657,49772.792832241554,979.6584478014702,-4328.299473755647,-6435.28293938555,-57256.61378377548,-281949.4028804146,41923.839238504996,8.581044862158917e-05,8.581044862158917e-05,11653.592494427405
0.8645763842561707,49811.227523033835,975.30039218345,-4366.486288332519,-6633.564403952121,-57226.86152035803,-312498.4278902268,47273.446486999565,9.517054373356765e-05,9.517054373356765e-05,10507.452839604714
0.8652434956637758,49849.65733746544,970.8032630056535,-4404.652064446802,-6852.225471593987,-57193.5404729189,-343047.4529000441,52623.05373549502,0.00010454063917153681,0.00010454063917153681,9565.657986451924
0.8659106070713809,49888.08206923188,966.1534648023867,-4442.794421321959,-7091.266142311117,-57156.650641458094,-373596.47790986137,57972.660983990485,0.00011391995269986358,0.00011391995269986358,8778.09353234745
0.8665777184789859,49926.501678374865,961.337402107957,-4480.910978181452,-7350.686416103464,-57116.19202597562,-404145.50291967357,63322.268232485054,0.00012330709295668623,0.00012330709295668623,8109.83355475964
0.867244829886591,49964.91630624736,956.3414794566684,-4518.999354248759,-7630.486292971114,-57072.16462647145,-434694.52792949084,68671.87548098051,0.00013270000300161046,0.00013270000300161046,7535.794855919211
0.867911941294196,50003.32629048586,951.1521013828288,-4557.05716874734,-7930.665772913978,-57024.56844294563,-465243.55293930304,74021.48272947509,0.00014209590408934995,0.00014209590408934995,7037.500527609857
0.8685790527018011,50041.73217997979,945.7556724207426,-4595.082040900672,-8251.224855932152,-56973.40347539811,-495792.5779491203,79371.08997797057,0.00015149124005042723,0.00015149124005042723,6601.041747807515
0.8692461641094062,50080.13474982513,940.1385971047165,-4633.071589932217,-8592.163542025592,-56918.66972382892,-526341.6029589376,84720.69722646601,0.00016088162274939706,0.00016088162274939706,6215.750331892694
0.8699132755170113,50118.53501624657,934.2872799690574,-4671.023435065436,-8953.481831194229,-56860.367188238044,-556890.6279687498,90070.3044749606,0.00017026177918629822,0.00017026177918629822,5873.30876476871
0.8705803869246164,50156.93425146948,928.1881255480698,-4708.935195523812,-9335.179723438188,-56798.4958686255,-587439.652978567,95419.91172345605,0.00017962550090674362,0.00017962550090674362,5567.138267963251
0.8712474983322214,50195.33399851941,921.8275383760613,-4746.804490530797,-9737.257218757342,-56733.05576499128,-617988.6779883793,100769.51897195063,0.0001889655964889185,0.0001889655964889185,5291.968583596871
0.8719146097398265,50233.73608592398,915.1919229873362,-4784.628939309872,-10159.714317151826,-56664.04687733537,-648537.7029981966,106119.1262204461,0.00019827384797979722,0.00019827384797979722,5043.529493117485
0.8725817211474316,50272.142642287756,908.2676839162016,-4822.406161084503,-10602.551018621574,-56591.46920565779,-679086.7280080139,111468.73346894156,0.00020754097225548438,0.00020754097225548438,4818.325697968655
0.8732488325550366,50310.55611070767,901.0412256969641,-4860.133775078146,-11065.767323166503,-56515.32274995855,-709635.753017826,116818.34071743613,0.00021675658837904687,0.00021675658837904687,4613.469917930608
0.8739159439626417,50348.979262992354,893.498952863928,-4897.809400514283,-11549.36323078677,-56435.6075102376,-740184.7780276432,122167.9479659316,0.0002259091921196939,0.0002259091921196939,4426.5573729738635
0.8745830553702467,50387.41521364502,885.6272699514016,-4935.4306566163705,-12053.338741482217,-56352.323486494985,-770733.8030374554,127517.55521442616,0.00023498613887579695,0.00023498613887579695,4255.570157389388
0.8752501667778518,50425.86743356591,877.4125814936884,-4972.995162607889,-12577.693855253012,-56265.4706787307,-801282.8280472727,132867.1624629216,0.00024397363630642327,0.00024397363630642327,4098.803522951272
0.875917278185457,50464.33664213609,868.8266241852349,-5010.493980524107,-13197.934733110145,-56141.29441604607,-1090955.6870071536,254056.84977713955,0.00033678119391888597,0.00033678119391888597,2969.2869377998904
0.876584389593062,50502.80722162868,859.7551060994359,-5047.8797137135825,-14034.85287362501,-55925.795432327795,-1418124.8982566646,392009.1034102887,0.00044241706261104104,0.00044241706261104104,2260.3106537036256
0.8772515010006671,50541.26265176337,850.052469069649,-5085.090988100681,-15090.029327181754,-55618.266926505996,-1745294.1095062299,529961.3570434607,0.0005489651794255222,0.0005489651794255222,1821.6091611611396
0.8779186124082721,50579.694393355996,839.5731104854424,-5122.066409741364,-16363.464093780014,-55218.70889858073,-2072463.320755741,667913.6106766098,0.000656288374724114,0.000656288374724114,1523.7204230843995
0.8785857238158772,50618.10385686684,828.1714277363776,-5158.744584691603,-17855.157173420223,-54727.121348551875,-2399632.532005307,805865.8643097819,0.0007638334983133133,0.0007638334983133133,1309.185839856705
0.8792528352234823,50656.504374241005,815.7018182120221,-5195.064119007368,-19565.108566102183,-54143.5042764195,-2726801.743254872,943818.117942954,0.0008705450002478297,0.0008705450002478297,1148.7056955301755
0.8799199466310873,50694.93248468002,802.1308787449169,-5231.016160310938,-20903.69425373584,-53738.558281370955,-1495068.914947059,409947.24081448786,0.0004637820456693352,0.0004637820456693352,2156.1852368751993
0.8805870580386924,50733.424637129465,787.8291610480644,-5266.752789574351,-22008.74721111223,-53367.245475237825,-1817879.8512671287,703248.5519725789,0.0005847630416957873,0.0005847630416957873,1710.094394987829
0.8812541694462974,50771.936583744675,772.7184184102963,-5302.176446768774,-23329.15102660719,-52800.26801856571,-2140690.7875871444,996549.8631306209,0.0007085073287451006,0.0007085073287451006,1411.4180043432825
0.8819212808539025,50810.42872640501,756.6549878175196,-5337.156601773784,-24864.905700221152,-52037.62591135441,-2463501.7239072137,1289851.174288712,0.0008354594019466779,0.0008354594019466779,1196.946252169682
0.8825883922615076,50848.87660517829,739.4952062556475,-5371.562724468931,-26616.011231953922,-51079.319153603996,-2786312.6602272834,1583152.4854468028,0.0009653491787394289,0.0009653491787394289,1035.8945985801934
0.8832555036691127,50887.27383997956,721.0954107105949,-5405.264284733774,-28582.467621805146,-49925.3477453147,-3109123.596547299,1876453.796604845,0.001097002110788397,0.001097002110788397,911.575274254775
0.8839226150767178,50925.63515494445,701.3119381682675,-5438.1307524478825,-30764.274869775498,-48575.71168648614,-3431934.532867369,2169755.107762936,0.0012281446389472907,0.0012281446389472907,814.2363434140414
0.8845897264843228,50963.999391495585,680.0011256145829,-5470.031597490808,-33161.43297586424,-47030.41097711875,-3754745.4691873845,2463056.418920978,0.001355257098480081,0.001355257098480081,737.8673766929527
0.8852568378919279,51002.4218103662,657.035651633384,-5500.835319290098,-35674.89051441409,-45283.56341057068,-3677302.4049855964,2780126.966356518,0.0013868862608393546,0.0013868862608393546,721.0396614606248
0.885923949299533,51040.884757841515,632.4343275501466,-5530.401739124773,-38055.78818169368,-43320.39038229982,-3460628.80151813,3105465.7723991624,0.0013983754726351965,0.0013983754726351965,715.1155176624559
0.886591060707138,51079.326055038575,606.2928934262331,-5558.586109831559,-40292.140416372844,-41140.18012518165,-3243955.1980507,3430804.578441752,0.0014228520491244713,0.0014228520491244713,702.8137610058149
0.8872581721147431,51117.70172021604,578.7202428045217,-5585.277693064974,-42309.26110702091,-38946.93644248752,-2728967.3439094475,2941303.241634461,0.001213287580275178,0.001213287580275178,824.2069038349478
0.8879252835223481,51156.081568421185,549.9335564393814,-5610.661535098143,-43924.94374695476,-37238.353211054215,-2114849.2106127446,2181029.2862030747,0.0009140962951471683,0.0009140962951471683,1093.9766469997576
0.8885923949299532,51194.54909903852,520.2056825934064,-5635.074737026482,-45130.94117454947,-36036.957408194015,-1500731.0773159398,1420755.3307715612,0.0006136061455414624,0.0006136061455414624,1629.7098835566148
0.8892595063375583,51233.14228176917,489.8099269452798,-5658.85564936938,-45927.253389804726,-35342.74903390725,-886612.944019135,660481.375340048,0.00031685966994042606,0.00031685966994042606,3155.9712228066564
0.8899266177451634,51271.849127531976,458.9755113327006,-5682.253485225215,-46619.37568009509,-34538.0173479143,-1683856.5632803682,2753977.507385656,0.0009551413608946073,0.0009551413608946073,1046.9654450555643
0.8905937291527685,51310.43615134554,427.38473599193236,-5704.411583522619,-48263.3053861675,-31487.538253333718,-3244644.695524427,6391358.81816629,0.0021457963516825725,0.0021457963516825725,466.0274490707727
0.8912608405603735,51348.70251754561,394.3499716651726,-5723.725286638104,-50948.45466011409,-26010.520592522862,-4805432.827768226,10028740.12894632,0.0033973355869979065,0.0033973355869979065,294.3483133744998
0.8919279519679786,51386.87634113078,359.27931168169255,-5738.801413973567,-54009.840262089296,-19567.627908598628,-3495784.5045166016,7361087.519849849,0.0024581079712825754,0.0024581079712825754,406.816955025058
0.8925950633755837,51425.35427758598,322.6616334355721,-5750.62077240431,-55483.97968786784,-16471.73177428759,-923685.4939671931,1920409.0908140366,0.0006280611858611713,0.0006280611858611713,1592.2015601534774
0.8932621747831887,51463.973084015706,285.62927755862506,-5761.575991628925,-55314.44221649922,-16815.29953607007,683838.5676674388,-980904.8275955999,0.0003402884611760733,0.0003402884611760733,2938.68324698373
0.8939292861907938,51502.45554414176,248.75250564517185,-5772.576147564039,-55434.05711651526,-15509.915767926741,-1042444.0379154977,4894445.364489046,0.0015072648225968068,0.0015072648225968068,663.4534190727942
0.8945963975983988,51540.810580681195,211.50043477325008,-5781.708071988541,-56225.53061299682,-11963.020728575275,-1037339.5884630855,4714173.706566285,0.0014607203559978772,0.0014607203559978772,684.5937320541135
0.8952635090060039,51579.17438460866,173.78745066687318,-5788.744568387831,-56798.59520587583,-9286.32607325011,-694188.9816637408,3424717.8335509077,0.0010542026075770284,0.0010542026075770284,948.5842596219646
0.895930620413609,51617.59166045689,135.7555297535916,-5794.172282017458,-57200.807240913346,-6978.110213236622,-511642.69937869185,3495313.314769064,0.0010635187609950184,0.0010635187609950184,940.2749031567711
0.896597731821214,51656.0467289707,97.49590858589785,-5798.044449692828,-57481.24056862259,-4622.799302377529,-329096.41709367314,3565908.7959872084,0.001076786587923917,0.001076786587923917,928.6891304320903
0.8972648432288192,51694.52073643766,59.08982712864128,-5800.3296537682745,-57639.89518900362,-2220.3933406720407,-146550.13480862396,3636504.277205365,0.0010938189533905498,0.0010938189533905498,914.2280785136006
0.8979319546364242,51732.99781680356,20.6185253466967,-5800.9964765981385,-57676.77110205639,229.10767187904003,35996.14747639466,3707099.7584235095,0.0011143942590036773,0.0011143942590036773,897.3484849913428
0.8985990660440293,51771.465660082606,-17.836756795086607,-5800.013500536761,-57591.868307780926,2725.703735276529,218542.42976144372,3777695.239641666,0.001138241678918559,0.001138241678918559,878.5480434612954
0.8992661774516344,51809.916093306834,-56.19477933184014,-5797.349307938476,-57385.1868061772,5269.394849520023,401088.71204649284,3848290.7208598233,0.0011650246031468256,0.0011650246031468256,858.3509715579561
0.8999332888592394,51848.34643336482,-94.37549471077726,-5792.976207193559,-57067.37941698209,7826.893202674459,520187.9304162499,3720627.5265730317,0.0011322676465967086,0.0011322676465967086,883.1834089808452
0.9006004002668445,51886.7721326403,-132.3258520804234,-5786.950865682455,-56701.5099085627,10201.1378368763,576688.8558250663,3397357.8867636113,0.0010381617786530838,0.0010381617786530838,963.2410097946439
0.9012675116744495,51925.21204032541,-170.01956120832904,-5779.413572068631,-56297.94798826289,12359.725606628537,633189.7812338735,3074088.2469542455,0.0009446562889566137,0.0009446562889566137,1058.5860822506293
0.9019346230820546,51963.66925310494,-207.43147705656102,-5770.508193506488,-55856.69365608255,14302.656511931893,689690.7066426898,2750818.607144826,0.0008530289368322495,0.0008530289368322495,1172.2931741489713
0.9026017344896597,52002.13220128718,-244.53643583369308,-5760.378019913846,-55377.46640528661,16038.56461948121,748988.7680706515,2513645.5059213988,0.0007890681838059514,0.0007890681838059514,1267.3176038813917
0.9032688458972647,52040.58782992032,-281.30783038679965,-5749.1219141845395,-54855.85797043778,17703.137429894417,814793.3196062915,2476743.779697894,0.0007847199814036441,0.0007847199814036441,1274.339922135384
0.9039359573048699,52079.036862894085,-317.7166112518872,-5736.763564273008,-54290.35056858709,19343.09267778388,880597.8711419425,2439842.0534743834,0.0007809108101472174,0.0007809108101472174,1280.5559700364242
0.9046030687124749,52117.4811278922,-353.7334929272746,-5723.319392836046,-53680.944199734746,20958.43036314905,946402.4226775824,2402940.327250879,0.0007776760799674084,0.0007776760799674084,1285.8824204055613
0.90527018012008,52155.921957316066,-389.3291899113048,-5708.805822530432,-53027.638863880515,22549.15048599046,1012206.9742132332,2366038.6010273676,0.0007750448901430616,0.0007750448901430616,1290.2478459220795
0.9059372915276851,52194.360275914456,-424.4744167023029,-5693.239276012957,-52330.43456102454,24115.25304630785,1078011.525748884,2329136.874803857,0.0007730403190173828,0.0007730403190173828,1293.5935880693871
0.9066044029352901,52232.79668857676,-459.1398877985943,-5676.6361759404135,-51589.331291166905,25656.738044100966,1143816.0772845242,2292235.148580353,0.0007716796717429858,0.0007716796717429858,1295.8744886220848
0.9072715143428952,52271.23156822221,-493.2963176985213,-5659.012944969578,-50804.32905430738,27173.60547937031,1209620.6288201748,2255333.422356842,0.0007709746761079817,0.0007709746761079817,1297.0594638051916
0.9079386257505002,52309.665143743005,-526.9144209004038,-5640.3860057572465,-49975.42785044623,28665.85535211538,1275425.180355815,2218431.696133337,0.0007709316191443137,0.0007709316191443137,1297.1319053043096
0.9086057371581053,52348.09758797798,-559.964911902584,-5620.771780960201,-49102.627679583165,30133.487662336687,1341229.7318914658,2181529.9699098263,0.0007715514196587524,0.0007715514196587524,1296.0898969537086
0.9092728485657104,52386.52910570469,-592.4185052033873,-5600.18669323523,-48185.92854171833,31576.502410033958,1407034.2834271167,2144628.243686316,0.0007728296341126791,0.0007728296341126791,1293.9462410084022
0.9099399599733154,52424.96043977861,-624.248421204269,-5578.650122336456,-47237.674246969684,32980.33325084062,1432302.6449216884,2059891.6838252204,0.0007559001627080536,0.0007559001627080536,1322.9260282435255
0.9106070713809206,52463.39378445045,-655.4409108043039,-5556.196824689657,-46275.029954193255,34324.72439561106,1453704.9448218604,1970592.9681962985,0.0007376766644846201,0.0007376766644846201,1355.6074743107847
0.9112741827885256,52501.829861396924,-685.9864470007429,-5532.866539018292,-45298.1079430046,35609.54334850076,1475107.2447220287,1881294.2525673914,0.0007200839390764923,0.0007200839390764923,1388.726988248759
0.9119412941961307,52540.26715329721,-715.8755049647688,-5508.699006611133,-44306.90821340338,36834.790109510126,1496509.5446222005,1791995.5369384694,0.0007032392523496579,0.0007032392523496579,1421.991159706753
0.9126084056037358,52578.70203397754,-745.0985598675486,-5483.733968756962,-43301.430765389785,38000.464678638964,1517911.8445223724,1702696.8213095474,0.0006872420733803802,0.0006872420733803802,1455.0913553374837
0.9132755170113408,52617.12889752259,-773.6460868802506,-5458.011166744566,-42281.675598963964,39106.567055887084,1539314.1444225404,1613398.1056806399,0.0006721763694882289,0.0006721763694882289,1487.7047831380391
0.9139426284189459,52655.54149959116,-801.5159159793285,-5431.576329433421,-41321.06466020834,40093.324198001945,1072076.0731742366,1126295.6869620264,0.0004690586713240971,0.0004690586713240971,2131.9294602893033
0.9146097398265509,52693.961019455804,-828.9219825419115,-5404.6511177871425,-40960.549100648124,40520.34602677203,8749.574387441739,153915.75569080777,3.4815148343051355e-05,3.4815148343051355e-05,28723.12908583619
0.915276851234156,52732.42567944944,-856.3230381982057,-5377.656447621596,-41277.91787756897,40325.73702710174,-463392.8551565452,-310267.12247591856,0.00016389023561444482,0.00016389023561444482,6101.644776156895
0.9159439626417611,52770.92256698569,-883.7672513761556,-5350.659679055311,-40706.22357615558,40856.48555677748,2177332.3707937403,1901451.214443685,0.0008671900337643198,0.0008671900337643198,1153.149783858995
0.9166110740493661,52809.34414645985,-910.2508712731119,-5322.823809274705,-38491.007407577425,42762.63525512517,3710633.741012983,3175180.370434524,0.0014748860413900417,0.0014748860413900417,678.0184854536463
0.9172781854569713,52847.712909301736,-935.1639431493558,-5293.643322443503,-36289.77246134402,44640.279246498125,2888668.6277943165,2453996.3157012323,0.0011449459089966747,0.0011449459089966747,873.4037059238092
0.9179452968645763,52886.11459923325,-958.7914487851738,-5263.370714907551,-34636.879818792455,46036.8131279754,2066703.514575786,1732812.2609680607,0.0008114451629771823,0.0008114451629771823,1232.3691675368577
0.9186124082721814,52924.57701712955,-981.4991935866323,-5232.3269407094685,-33532.32947992216,46952.23689955746,1244738.4013571187,1011628.2062347687,0.0004808978859341702,0.0004808978859341702,2079.4435352059113
0.9192795196797865,52963.082362073554,-1003.6529829597852,-5200.832953891882,-32976.12144473348,47386.55056124402,422773.2881384514,290444.1515014769,0.00015389514516235008,0.00015389514516235008,6497.930775821813
0.9199466310873915,53001.58609989579,-1025.6159395599834,-5169.207546959147,-32927.74911834691,47372.390971593835,8544.961882687552,-102219.3775028765,1.542047140317363e-05,1.542047140317363e-05,64848.86057336703
0.9206137424949966,53040.05352212221,-1047.5399402624766,-5137.59930806574,-32739.583143186286,47431.56421686462,555576.6316488197,279620.7668246266,0.00018547300993850856,0.00018547300993850856,5391.620054753726
0.9212808539026016,53078.48325584462,-1069.216688457447,-5105.866627408926,-32186.486100803526,47745.46737829776,1102608.3014148609,661460.9111520662,0.0003872620331718912,0.0003872620331718912,2582.230929816291
0.9219479653102067,53116.88352718908,-1090.4027344669676,-5073.839571755767,-31268.457991198447,48314.10045589342,1649639.9711809931,1043301.0554795694,0.0005893054439390077,0.0005893054439390077,1696.912883267881
0.9226150767178118,53155.275073399505,-1110.8614044213923,-5041.35336477306,-30044.449640698884,49092.597437078795,1854749.341716343,1164912.6138516364,0.0006611072558410667,0.0006611072558410667,1512.6138628259205
0.9232821881254168,53193.67701852598,-1130.5001737312775,-5008.352938571416,-28845.30852721889,49829.15850786643,1740275.7164970315,1043297.476369909,0.0006120092541901992,0.0006120092541901992,1633.9622205928633
0.923949299533022,53232.09250298792,-1149.3644548604773,-4974.888205733336,-27722.534074992425,50484.58873310266,1625802.0912777013,921682.3388881614,0.0005633349681160017,0.0005633349681160017,1775.142777563349
0.924616410940627,53270.519008434894,-1167.505192879867,-4941.013289571404,-26676.126284019847,51058.88811278726,1511328.46605839,800067.2014064338,0.0005152766343793465,0.0005152766343793465,1940.7051150388477
0.9252835223482321,53308.949428581574,-1184.9733127429581,-4906.782280513839,-25705.598374101668,51552.85234943728,1404707.254145005,691287.8058916149,0.0004717745055364394,0.0004717745055364394,2119.656717912157
0.9259506337558372,53347.377785648576,-1201.8145937937786,-4872.240857852978,-24792.592254126306,51996.49001638349,1332485.0935409483,638737.9196130674,0.00044530675949703506,0.00044530675949703506,2245.6429835681806
0.9266177451634422,53385.80739379797,-1218.0628688363483,-4837.415172782086,-23927.766361371934,52405.071054724875,1260262.932936904,586188.0333345287,0.00041878802873899406,0.00041878802873899406,2387.8428497850905
0.9272848565710473,53424.241253880136,-1233.7502794498716,-4802.328611978009,-23111.12069583828,52778.59546446157,1188040.7723328474,533638.1470559812,0.0003923026096393887,0.0003923026096393887,2549.052632913192
0.9279519679786523,53462.68048271289,-1248.908967213544,-4767.004562117609,-22342.6552575256,53117.06324559343,1115818.6117288028,481088.2607774425,0.0003659150983633594,0.0003659150983633594,2732.8743866343125
0.9286190793862574,53501.12443713276,-1263.5710737065697,-4731.466409877729,-21622.370046433636,53420.474398120576,1043596.4511247461,428538.3744988949,0.0003396717314994535,0.0003396717314994535,2944.0189078601875
0.9292861907938625,53539.57083809646,-1277.768740508147,-4695.737541935232,-20950.265062562532,53688.82892204296,971374.2905206897,375988.48822034744,0.00031360184437584176,0.00031360184437584176,3188.756756167327
0.9299533022014675,53578.01590353473,-1291.5321115257834,-4659.840568876432,-20309.160213590138,53928.801241037734,997651.989755062,361705.55559815967,0.00031953862879749434,0.00031953862879749434,3129.5120836039637
0.9306204136090727,53616.45525026385,-1304.8499725418965,-4623.7820337575895,-19604.87307386886,54176.98099618067,1113800.8551291851,382337.35032028775,0.0003547031324698365,0.0003547031324698365,2819.259004105465
0.9312875250166777,53654.88604772711,-1317.672150264974,-4587.553344130448,-18823.10170107625,54438.924456942055,1229949.720503289,402969.14504241233,0.0003900376760512421,0.0003900376760512421,2563.8548822361013
0.9319546364242828,53693.30759337925,-1329.9469540792288,-4551.145318069962,-17963.84609521205,54714.63162332196,1346098.5858774122,423600.9397645404,0.00042548329414418676,0.00042548329414418676,2350.268538771636
0.9326217478318879,53731.721710405,-1341.6269434971484,-4514.54993264959,-17056.893177514266,54995.979682516634,1323073.5066640605,406280.3764696425,0.0004174465049582923,0.0004174465049582923,2395.516522769574
0.9332888592394929,53770.13400299341,-1352.7188557386557,-4477.773939056977,-16207.861709732619,55254.1666840523,1222322.833745561,367764.2541343862,0.0003849600896337307,0.0003849600896337307,2597.6718806135136
0.933955970647098,53808.55011353631,-1363.2667883229483,-4440.834276532241,-15426.042165178664,55486.65914100145,1121572.1608270453,329248.1317991236,0.00035238896853876923,0.00035238896853876923,2837.7732825934977
0.934623082054703,53846.97359215698,-1373.3155790907347,-4403.748086199202,-14711.434543852652,55693.457053364,1020821.4879085459,290732.00946386735,0.0003198189356320844,0.0003198189356320844,3126.7692077819534
0.9352901934623081,53885.40604393345,-1382.9100658827306,-4366.532509181653,-14064.03884575435,55874.56042114002,920070.81499003,252215.8871286047,0.00028731096219473907,0.00028731096219473907,3480.5494101620843
0.9359573048699132,53923.84731007936,-1392.0950865396471,-4329.20468660341,-13483.855070883887,56029.96924432948,819320.142071514,213699.764793342,0.0002549035099592423,0.0002549035099592423,3923.053080594671
0.9366244162775182,53962.29564928678,-1400.9154789021948,-4291.781759588283,-12970.883219241332,56159.68352293235,718569.469153015,175183.64245808576,0.0002226149595395652,0.0002226149595395652,4492.061099884308
0.9372915276851234,54000.74791379575,-1409.4154568509318,-4254.280732659163,-12517.061355391412,56265.46822171379,687262.1223036959,151870.4480886329,0.00021184222648140954,0.00021184222648140954,4720.49419329416
0.9379586390927284,54039.19976304996,-1417.6054763822158,-4216.71121987092,-12025.635322307455,56368.50531110826,786033.1248821567,157034.74591607746,0.0002412680103183977,0.0002412680103183977,4144.768295972248
0.9386257505003335,54077.647041066106,-1425.445681594379,-4179.0718207115,-11468.318026662724,56474.987562495735,884804.127460634,162199.04374352295,0.0002708219078398578,0.0002708219078398578,3692.4634641866537
0.9392928619079386,54116.08677228316,-1432.8921156745043,-4141.360236874037,-10845.109468457296,56584.914975876156,983575.1300391112,167363.3415709684,0.0003004987853548862,0.0003004987853548862,3327.800472867168
0.9399599733155436,54154.51734354607,-1439.9008218096747,-4103.574170051673,-10156.009647691297,56698.28755124954,1082346.132617572,172527.63939841298,0.0003302778076019195,0.0003302778076019195,3027.754142068455
0.9406270847231487,54192.938656321334,-1446.427843186976,-4065.711321937527,-9401.018564364485,56815.10528861587,1181117.1351960492,177691.93722585845,0.00036012051599877866,0.00036012051599877866,2776.848181577612
0.9412941961307537,54231.3526035669,-1452.4383744512247,-4027.7705146595213,-8624.601717718358,56929.924170968356,1135854.208573952,165221.8179545115,0.0003461989231594881,0.0003461989231594881,2888.5127396520425
0.9419613075383588,54269.76347746898,-1457.943412617705,-3989.756178038881,-7885.8238491821685,57035.51276129779,1079001.841297398,151332.7758531279,0.0003286524725716486,0.0003286524725716486,3042.7277548687625
0.9426284189459639,54308.175243862905,-1462.9682543617996,-3951.67449263831,-7184.972843405524,57131.83581320068,1022149.4740208441,137443.73375174435,0.00031104146601687794,0.00031104146601687794,3215.005422928843
0.943295530353569,54346.59088717409,-1467.538201126309,-3913.531639604197,-6522.048700388529,57218.893326677025,965297.1067442995,123554.69165036311,0.00029340210039686634,0.00029340210039686634,3408.291892414416
0.9439626417611741,54385.01246273971,-1471.6785543540366,-3875.333800082911,-5897.051420130969,57296.68530172685,908444.7394677454,109665.64954897955,0.0002757641756564833,0.0002757641756564833,3626.286835914793
0.9446297531687791,54423.441149888764,-1475.414615487782,-3837.087155220846,-5309.981002633046,57365.21173835011,851592.372191201,95776.60744759829,0.0002581514217033558,0.0002581514217033558,3873.6954977885393
0.9452968645763842,54461.87730535603,-1478.771685970349,-3798.7978861643724,-4760.83744789457,57424.47263654685,794740.0049146469,81887.56534621473,0.00024058186470668589,0.00024058186470668589,4156.589280822087
0.9459639759839893,54500.3205168165,-1481.7750672445377,-3760.472174059878,-4249.620755915636,57474.467996317064,737887.637638093,67998.52324483119,0.000223068217852147,0.000223068217852147,4482.9335600951235
0.9466310873915943,54538.76965636773,-1484.4500607531493,-3722.1162000537506,-3776.3309266963233,57515.1978176607,681035.2703615483,54109.48114344993,0.00020561828413353977,0.00020561828413353977,4863.380726154418
0.9472981987991994,54577.22293382474,-1486.8219679389867,-3683.7361452923587,-3340.967960236474,57546.662100577836,624182.9030849943,40220.43904206637,0.00018823536117761394,0.00018823536117761394,5312.498107390281
0.9479653102068044,54615.67794972713,-1488.91609024485,-3645.338190922099,-2943.5318565362318,57568.8608450684,567330.5358084496,26331.396940685117,0.00017091864035422003,0.00017091864035422003,5850.736923296089
0.9486324216144095,54654.13174799001,-1490.7577291135424,-3606.92851808934,-2584.0226155954656,57581.79405113244,510478.16853189573,12442.354839301555,0.00015366359447626586,0.00015366359447626586,6507.722296932571
0.9492995330220146,54692.58087285317,-1492.3721744855798,-3568.513302758907,-2262.1369522738282,57585.59834296582,458957.0253182465,954.9279300639661,0.00013809413945275954,0.00013809413945275954,7241.436920949775
0.9499666444296196,54731.02293479091,-1493.78104363501,-3530.0970664291376,-1964.4983940337538,57586.29956740689,433363.3722855877,1147.3429442106408,0.00013046541402735818,0.00013046541402735818,7664.866642666716
0.9506337558372248,54769.45892204805,-1494.997049776241,-3491.680319488575,-1683.9336536940045,57587.129154098875,407769.7192529246,1339.7579583573474,0.0001228143321838617,0.0001228143321838617,8142.372166327702
0.9513008672448298,54807.89019208107,-1496.0315830479663,-3453.262976305313,-1420.4427312546748,57588.08710304179,382176.06622026575,1532.1729725040223,0.00011514495477431872,0.00011514495477431872,8684.705308712617
0.9519679786524349,54846.31794148286,-1496.8960335888783,-3414.8449512474153,-1174.025626715676,57589.17341423563,356582.41318760265,1724.587986650729,0.00010746087335026395,0.00010746087335026395,9305.712570756283
0.95263509006004,54884.743215930706,-1497.6017915376694,-3376.4261586829675,-944.6823400770544,57590.38808768041,330988.76015493955,1917.0030007974356,9.976523536759526e-05,9.976523536759526e-05,10023.531707366772
0.953302201467645,54923.16692018313,-1498.1602470330329,-3338.0065129800532,-732.4128713388434,57591.73112337613,305395.1071222807,2109.41801494411,9.206077072914325e-05,9.206077072914325e-05,10862.390050395643
0.9539693128752501,54961.58982811591,-1498.582790213661,-3299.5859285067386,-537.2172205009724,57593.20252132278,279801.45408961765,2301.833029090817,8.434981941169476e-05,8.434981941169476e-05,11855.389934140796
0.9546364242828551,55000.01259278883,-1498.8808112182464,-3261.1643196311134,-359.09538756350634,57594.802281520344,254207.80105695876,2494.2480432374914,7.66343599553785e-05,7.66343599553785e-05,13048.976993900189
0.9553035356904602,55038.43575653619,-1499.0657001854822,-3222.7416007212446,-198.04737252638614,57596.53040396885,228614.1480242957,2686.6630573841985,6.891603862328136e-05,6.891603862328136e-05,14510.410348254954
0.9559706470980653,55076.859761074775,-1499.148847254061,-3184.317686145215,-54.07317538964267,57598.38688866828,203020.4949916326,2879.0780715309047,6.119619906771845e-05,6.119619906771845e-05,16340.884160034526
0.9566377585056703,55115.28495762432,-1499.1416425626758,-3145.8924902711096,72.82720384670435,57600.37173561866,177426.84195897376,3071.49308567758,5.347591236616804e-05,5.347591236616804e-05,18700.0082046783
0.9573048699132755,55153.711617036395,-1499.0554762500183,-3107.4659274669934,182.65376518269707,57602.48494481995,151833.18892631066,3263.908099824286,4.575600731452971e-05,4.575600731452971e-05,21855.053766512803
0.9579719813208805,55192.13993992279,-1498.9017382856318,-3069.0379121071132,275.42457594698743,57604.72585901386,127526.0736717308,3409.5210825327995,3.8424864783333034e-05,3.8424864783333034e-05,26024.81506802217
0.9586390927284856,55230.56998760516,-1498.6892542663297,-3030.6084518531534,362.1544336488183,57606.693778813125,132490.039718341,2490.3024756606164,3.99172176330133e-05,3.99172176330133e-05,25051.846278307632
0.9593062041360907,55269.00151478307,-1498.4178071937324,-2992.177883320882,452.19580972730733,57608.04847739365,137454.00576495117,1571.0838687884327,4.14106426556957e-05,4.14106426556957e-05,24148.381572205762
0.9599733155436957,55307.43422187527,-1498.0851879161542,-2953.746615597174,545.5487041824387,57608.78995475547,142417.9718115605,651.8652619164029,4.290521154290025e-05,4.290521154290025e-05,23307.191924694638
0.9606404269513008,55345.86781985427,-1497.6891872819092,-2915.31505776889,642.2131170142434,57608.91821089855,147381.9378581707,-267.3533449557808,4.440098992058515e-05,4.440098992058515e-05,22522.020382621715
0.9613075383589058,55384.30203063263,-1497.2275961393116,-2876.88361892291,742.1890482226892,57608.433245822904,152345.90390478008,-1186.571951827811,4.5898037124778397e-05,4.5898037124778397e-05,21787.42409574946
0.9619746497665109,55422.73658745013,-1496.6982053366758,-2838.4527081460938,845.4764978078097,57607.33505952853,157309.86995139025,-2105.790558699994,4.73964059741652e-05,4.73964059741652e-05,21098.646183111
0.962641761174116,55461.171235261594,-1496.098805722317,-2800.022734525317,952.0754657695882,57605.62365201544,162273.83599800043,-3025.0091655721776,4.889614253964641e-05,4.889614253964641e-05,20451.511061208377
0.963308872581721,55499.60573112556,-1495.4271881445493,-2761.5941071474576,1061.9859521080061,57603.2990232836,167237.8020446098,-3944.227772444208,5.039728591091843e-05,5.039728591091843e-05,19842.33837051437
0.9639759839893262,55538.039844593724,-1494.6811434516867,-2723.1672350993713,1175.2079568231002,57600.36117333304,172201.76809121997,-4863.446379316392,5.1899867960134964e-05,5.1899867960134964e-05,19267.87175582247
0.9646430953969312,55576.4733581011,-1493.8584624920443,-2684.7425274679435,1291.7414799148328,57596.81010216377,177165.73413782936,-5782.664986188422,5.3403913102735055e-05,5.3403913102735055e-05,18725.219593483038
0.9653102068045363,55614.90608545205,-1492.9571434782076,-2646.3203703750946,1410.2405315785593,57592.79487387325,176305.2042015636,-6056.83915507269,5.3150031526696616e-05,5.3150031526696616e-05,18814.66428665639
0.9659773182121414,55653.338039833296,-1491.977380090175,-2607.900906801725,1526.7072863546632,57588.758234938534,172862.12661717256,-6045.004371223592,5.211577294656113e-05,5.211577294656113e-05,19188.048904606818
0.9666444296197464,55691.7693431351,-1490.9206865509689,-2569.4841334827793,1640.8771247969316,57584.72949112313,169419.0490327821,-6033.169587374497,5.108099095998608e-05,5.108099095998608e-05,19576.75411550537
0.9673115410273515,55730.200109628306,-1489.7885951596772,-2531.070045151324,1752.750046905402,57580.708642427024,165975.97144839104,-6021.3348035253985,5.0045749918884856e-05,5.0045749918884856e-05,19981.71676157955
0.9679786524349565,55768.630444568604,-1488.5826382153898,-2492.658636540446,1862.3260526800384,57576.69568885025,162532.8938640005,-6009.500019676301,4.901011055629539e-05,4.901011055629539e-05,20403.953156795098
0.9686457638425616,55807.06044437855,-1487.3043480171946,-2454.249902383209,1969.6051421208763,57572.690630392775,159089.81627960945,-5997.665235827204,4.797413005330971e-05,4.797413005330971e-05,20844.567663630005
0.9693128752501667,55845.49019682972,-1485.9552568641793,-2415.843837412694,2074.5873152278973,57568.69346705461,155646.73869521837,-5985.830451978105,4.693786210711454e-05,4.693786210711454e-05,21304.76240519754
0.9699799866577717,55883.91978122519,-1484.5368970554348,-2377.4404363619856,2177.2725720010844,57564.70419883577,152203.6611108279,-5973.995668129009,4.590135700003647e-05,4.590135700003647e-05,21785.84829200595
0.9706470980653769,55922.34926858214,-1483.0508008900474,-2339.0396939641437,2277.6609124404717,57560.72282573623,148760.58352643685,-5962.1608842799105,4.4864661669494995e-05,4.4864661669494995e-05,22289.257575744385
0.9713142094729819,55960.77872181461,-1481.4985006671072,-2300.641604952261,2375.752336546027,57556.749347756006,145317.50594204635,-5950.326100430814,4.3827819778772425e-05,4.3827819778772425e-05,22816.558182625828
0.971981320880587,55999.20819591648,-1479.8815286857018,-2262.2461640593965,2471.5468443177815,57552.78376489509,141874.4283576553,-5938.491316581716,4.279087178850802e-05,4.279087178850802e-05,23369.47012770517
0.9726484322881921,56037.63773814446,-1478.2014172449203,-2223.8533660186354,2565.04443575572,57548.82607715349,138431.35077326425,-5926.656532732617,4.175385502883801e-05,4.175385502883801e-05,23949.88437137919
0.9733155436957971,56076.06738820129,-1476.4596986438519,-2185.463205563058,2656.245110859826,57544.87628453121,134988.27318887375,-5914.821748883522,4.071680377209857e-05,4.071680377209857e-05,24559.88455275696
0.9739826551034022,56114.49717841897,-1474.6579051815836,-2147.075677425729,2745.1488696301312,57540.93438702823,131545.19560448267,-5902.986965034423,3.967974930601902e-05,3.967974930601902e-05,25201.772125317086
0.9746497665110072,56152.92713394204,-1472.797569157206,-2108.6907763397353,2831.755712066605,57537.00038464457,128102.1180200922,-5891.152181185327,3.8642720007337626e-05,3.8642720007337626e-05,25878.0955328744
0.9753168779186123,56191.357272910966,-1470.8802228698057,-2070.308497038141,2916.0656381692766,57533.07427738022,124659.04043570114,-5879.317397336228,3.7605741415770266e-05,3.7605741415770266e-05,26591.684204386995
0.9759839893262174,56229.787606645514,-1468.907398618473,-2031.9288342540287,2998.0786479381322,57529.15606523519,121215.96285131008,-5867.48261348713,3.656883630827636e-05,3.656883630827636e-05,27345.68832242762
0.9766511007338224,56268.218139828154,-1466.8806287022953,-1993.5517827204797,3077.794741373157,57525.24574820946,117772.88526691959,-5855.647829638034,3.553202477356124e-05,3.553202477356124e-05,28143.625542670525
0.9773182121414276,56306.6488706875,-1464.801445420362,-1955.1773371705572,3155.213918474379,57521.343326303046,114329.80768252851,-5843.813045788935,3.449532428676386e-05,3.449532428676386e-05,28989.436124353477
0.9779853235490326,56345.07979118172,-1462.671381071761,-1916.8054923373502,3230.336179241772,57517.44879951594,110886.73009813804,-5831.978261939839,3.34587497842838e-05,3.34587497842838e-05,29887.548292964573
0.9786524349566377,56383.51088718195,-1460.4919679555815,-1878.436242953922,3303.161523675361,57513.562167848155,107443.65251374697,-5820.14347809074,3.242231373869809e-05,3.242231373869809e-05,30842.956121494703
0.9793195463642428,56421.94213865566,-1458.2647383709116,-1840.0695837533538,3373.689951775133,57509.68343129967,104000.5749293559,-5808.308694241643,3.1386026233732906e-05,3.1386026233732906e-05,31861.312819691248
0.9799866577718478,56460.373519850014,-1455.9912246168408,-1801.7055094687294,3441.921463541077,57505.812589870504,100557.49734496542,-5796.473910392546,3.034989503924876e-05,3.034989503924876e-05,32949.043108939615
0.9806537691794529,56498.80499947524,-1453.6729589924566,-1763.3440148331101,3507.8560589732165,57501.94964356066,97114.41976057437,-5784.639126543448,2.9313925686207383e-05,2.9313925686207383e-05,34113.47939899139
0.9813208805870579,56537.236540887796,-1451.3114737968488,-1724.9850945795858,3571.4937380715287,57498.09459237012,93671.34217618388,-5772.804342694352,2.827812154159276e-05,2.827812154159276e-05,35363.02786340154
0.981987991994663,56575.66810227371,-1448.9083013291045,-1686.6287434412193,3632.8345008360347,57494.2474362989,90228.26459179282,-5760.969558845253,2.7242483883254863e-05,2.7242483883254863e-05,36707.37236315922
0.9826551034022681,56614.09963683166,-1446.4649738883131,-1648.274956151092,3691.878347266723,57490.40817534698,86785.18700740175,-5749.134774996154,2.6207011974658778e-05,2.6207011974658778e-05,38157.726678911866
0.9833222148098731,56652.53109295613,-1443.9830237735634,-1609.9237274422871,3748.6252773635865,57486.57680951437,83342.10942301126,-5737.299991147059,2.5171703139514434e-05,2.5171703139514434e-05,39727.14895203909
0.9839893262174783,56690.962417949486,-1441.4639394793116,-1571.5750513886987,3803.3846522040603,57482.757994046086,81355.56387901114,-5703.547409655422,2.4574020900203245e-05,2.4574020900203245e-05,40693.38119557509
0.9846564376250833,56729.39360114794,-1438.9086407663835,-1533.228913505979,3857.2723952638325,57478.96852128463,80199.88981420084,-5657.291929193614,2.422588790456488e-05,2.422588790456488e-05,41278.156818828924
0.9853235490326884,56767.82466203406,-1436.3176500845527,-1494.8852933310468,3910.3891749715053,57475.20990608186,79044.21574939034,-5611.036448731799,2.387772140093734e-05,2.387772140093734e-05,41880.04304132404
0.9859906604402935,56806.25561930865,-1433.6914817522677,-1456.5441702784785,3962.734991327068,57471.482148437746,77888.54168457985,-5564.7809682699835,2.3529525592464297e-05,2.3529525592464297e-05,42499.79439960599
0.9866577718478985,56844.68649025631,-1431.0306500879753,-1418.2055237628504,4014.309844330516,57467.78524835234,76732.86761976955,-5518.525487808177,2.3181304490044632e-05,2.3181304490044632e-05,43138.21081248714
0.9873248832555036,56883.1172907661,-1428.335669410122,-1379.8693331987215,4065.1137339818633,57464.119205825606,75577.19355495904,-5472.270007346361,2.2833061915069236e-05,2.2833061915069236e-05,43796.141039674825
0.9879919946631086,56921.54803535214,-1425.607054037155,-1341.5355780006744,4115.146660281093,57460.48402085755,74421.51949014873,-5426.014526884554,2.248480150216878e-05,2.248480150216878e-05,44474.48646160139
0.9886591060707137,56959.97873717433,-1422.845318287521,-1303.2042375832668,4164.408623228223,57456.879693448165,73265.84542533824,-5379.759046422739,2.2136526701970784e-05,2.2136526701970784e-05,45174.20521580612
0.9893262174783188,56998.40940805896,-1420.0509764796677,-1264.8752913610765,4212.899622823245,57453.30622359747,72110.17136052775,-5333.503565960924,2.178824078386652e-05,2.178824078386652e-05,45896.3167297319
0.9899933288859238,57036.840058519396,-1417.2245429320428,-1226.54871874868,4260.61965906615,57449.763611305454,70954.49729571743,-5287.248085499115,2.1439946838785757e-05,2.1439946838785757e-05,46641.90669498109
0.990660440293529,57075.27069777678,-1414.3665319630916,-1188.2244991606349,4307.568731956956,57446.251856572126,69798.82323090694,-5240.9926050373015,2.109164778197908e-05,2.109164778197908e-05,47412.1325340171
0.991327551701134,57113.70133378065,-1411.4774578912622,-1149.902612011525,4353.746841495645,57442.77095939747,68643.14916609663,-5194.737124575493,2.0743346355807683e-05,2.0743346355807683e-05,48208.22941714136
0.9919946631087391,57152.131973229654,-1408.5578350350015,-1111.583036715908,4399.1539876822335,57439.320919781494,67487.47510128612,-5148.481644113678,2.0395045132538498e-05,2.0395045132538498e-05,49031.51689547321
0.9926617745163442,57190.56262159221,-1405.6081777127558,-1073.2657526883604,4443.790170516713,57435.9017377242,66331.80103647563,-5102.226163651863,2.004674651714574e-05,2.004674651714574e-05,49883.40622478127
0.9933288859239492,57228.993283127194,-1402.629000242974,-1034.95073934346,4487.655389999078,57432.513413225584,65176.12697166532,-5055.970683190056,1.9698452750116813e-05,1.9698452750116813e-05,50765.40846559992
0.9939959973315543,57267.423960904634,-1399.6208169441009,-996.6379760957641,4530.74964612934,57429.15594628565,64020.452906854815,-5009.715202728241,1.9350165910262582e-05,1.9350165910262582e-05,51679.14345735085
0.9946631087391593,57305.85465682637,-1396.5841421345856,-958.3274423598563,4573.072938907489,57425.82933690441,62864.778842044514,-4963.459722266433,1.9001887917531963e-05,1.9001887917531963e-05,52626.349778505784
0.9953302201467644,57344.285371646765,-1393.519490132873,-920.0191175502939,4614.625268333534,57422.53358508184,61709.104777234024,-4917.2042418046185,1.8653620535828887e-05,1.8653620535828887e-05,53608.89582155126
0.9959973315543695,57382.71610499336,-1390.4273752574113,-881.7129810816544,4655.406634407473,57419.268690817946,60553.43071242352,-4870.948761342803,1.8305365375832808e-05,1.8305365375832808e-05,54628.79213108876
0.9966644429619745,57421.14685538757,-1387.3083118266482,-843.4090123685149,4695.417037129295,57416.03465411274,59397.75664761322,-4824.693280880995,1.7957123897820972e-05,1.7957123897820972e-05,55688.205176406125
0.9973315543695797,57459.5776202654,-1384.1628141590295,-805.1071908254327,4734.656476499016,57412.831474966195,58242.08258280272,-4778.43780041918,1.760889741449234e-05,1.760889741449234e-05,56789.472756936375
0.9979986657771847,57498.00839599807,-1380.9913965730034,-766.8074958669918,4773.124952516622,57409.65915337835,57086.408517992415,-4732.182319957373,1.726068709379348e-05,1.726068709379348e-05,57935.12127101681
0.9986657771847898,57536.43917791275,-1377.7945733870156,-728.5099069077493,4810.822465182127,57406.51768934919,55930.73445318192,-4685.926839495558,1.6912493961744538e-05,1.6912493961744538e-05,59127.885116291225
0.9993328885923949,57574.8699603132,-1374.5728589195137,-690.2144033622825,4847.749014495523,57403.40708287868,54775.060388371414,-4639.671359033742,1.6564318905266594e-05,1.6564318905266594e-05,60370.72853518003
1.0,57613.30073650049,-1371.326767488945,-651.9209646451621,4883.90460045681,57400.32733396688,53619.38632356092,-4593.415878571927,1.62161626750085e-05,1.62161626750085e-05,61666.87027265382
