Driver,Team,LapNumber,LapTime,Sector1Time,Sector2Time,Sector3Time,Compound,TyreLife,FreshTyre,PitInTime,PitOutTime,Year,GrandPrix,Session,LapTime_s
VER,Red Bull Racing,1.0,0 days 00:01:27.905000,,0 days 00:00:29.666000,0 days 00:00:28.473000,MEDIUM,1.0,True,,,2023,Italian Grand Prix,R,87.905
VER,Red Bull Racing,2.0,0 days 00:01:26.163000,0 days 00:00:28.274000,0 days 00:00:29.543000,0 days 00:00:28.346000,MEDIUM,2.0,True,,,2023,Italian Grand Prix,R,86.163
VER,Red Bull Racing,3.0,0 days 00:01:25.702000,0 days 00:00:28.097000,0 days 00:00:29.320000,0 days 00:00:28.285000,MEDIUM,3.0,True,,,2023,Italian Grand Prix,R,85.702
VER,Red Bull Racing,4.0,0 days 00:01:26.050000,0 days 00:00:28.145000,0 days 00:00:29.474000,0 days 00:00:28.431000,MEDIUM,4.0,True,,,2023,Italian Grand Prix,R,86.05
VER,Red Bull Racing,5.0,0 days 00:01:26.176000,0 days 00:00:28.155000,0 days 00:00:29.514000,0 days 00:00:28.507000,MEDIUM,5.0,True,,,2023,Italian Grand Prix,R,86.176
VER,Red Bull Racing,6.0,0 days 00:01:26.837000,0 days 00:00:28.700000,0 days 00:00:29.662000,0 days 00:00:28.475000,MEDIUM,6.0,True,,,2023,Italian Grand Prix,R,86.837
VER,Red Bull Racing,7.0,0 days 00:01:26.368000,0 days 00:00:28.166000,0 days 00:00:29.751000,0 days 00:00:28.451000,MEDIUM,7.0,True,,,2023,Italian Grand Prix,R,86.368
VER,Red Bull Racing,8.0,0 days 00:01:25.990000,0 days 00:00:28.075000,0 days 00:00:29.432000,0 days 00:00:28.483000,MEDIUM,8.0,True,,,2023,Italian Grand Prix,R,85.99
VER,Red Bull Racing,9.0,0 days 00:01:26.605000,0 days 00:00:28.149000,0 days 00:00:29.927000,0 days 00:00:28.529000,MEDIUM,9.0,True,,,2023,Italian Grand Prix,R,86.605
VER,Red Bull Racing,10.0,0 days 00:01:26.603000,0 days 00:00:28.315000,0 days 00:00:29.780000,0 days 00:00:28.508000,MEDIUM,10.0,True,,,2023,Italian Grand Prix,R,86.603
VER,Red Bull Racing,11.0,0 days 00:01:26.643000,0 days 00:00:28.233000,0 days 00:00:29.893000,0 days 00:00:28.517000,MEDIUM,11.0,True,,,2023,Italian Grand Prix,R,86.643
VER,Red Bull Racing,12.0,0 days 00:01:26.442000,0 days 00:00:28.179000,0 days 00:00:29.813000,0 days 00:00:28.450000,MEDIUM,12.0,True,,,2023,Italian Grand Prix,R,86.442
VER,Red Bull Racing,13.0,0 days 00:01:26.666000,0 days 00:00:28.254000,0 days 00:00:29.907000,0 days 00:00:28.505000,MEDIUM,13.0,True,,,2023,Italian Grand Prix,R,86.666
VER,Red Bull Racing,14.0,0 days 00:01:27.028000,0 days 00:00:28.223000,0 days 00:00:30.280000,0 days 00:00:28.525000,MEDIUM,14.0,True,,,2023,Italian Grand Prix,R,87.028
VER,Red Bull Racing,15.0,0 days 00:01:26.782000,0 days 00:00:28.137000,0 days 00:00:30.444000,0 days 00:00:28.201000,MEDIUM,15.0,True,,,2023,Italian Grand Prix,R,86.782
VER,Red Bull Racing,16.0,0 days 00:01:26.718000,0 days 00:00:28.450000,0 days 00:00:29.910000,0 days 00:00:28.358000,MEDIUM,16.0,True,,,2023,Italian Grand Prix,R,86.718
VER,Red Bull Racing,17.0,0 days 00:01:26.733000,0 days 00:00:28.348000,0 days 00:00:29.889000,0 days 00:00:28.496000,MEDIUM,17.0,True,,,2023,Italian Grand Prix,R,86.733
VER,Red Bull Racing,18.0,0 days 00:01:26.273000,0 days 00:00:28.247000,0 days 00:00:29.668000,0 days 00:00:28.358000,MEDIUM,18.0,True,,,2023,Italian Grand Prix,R,86.273
VER,Red Bull Racing,19.0,0 days 00:01:26.438000,0 days 00:00:28.368000,0 days 00:00:29.832000,0 days 00:00:28.238000,MEDIUM,19.0,True,,,2023,Italian Grand Prix,R,86.438
VER,Red Bull Racing,22.0,0 days 00:01:25.885000,0 days 00:00:28.010000,0 days 00:00:29.546000,0 days 00:00:28.329000,HARD,2.0,True,,,2023,Italian Grand Prix,R,85.885
VER,Red Bull Racing,23.0,0 days 00:01:26.159000,0 days 00:00:28.131000,0 days 00:00:29.638000,0 days 00:00:28.390000,HARD,3.0,True,,,2023,Italian Grand Prix,R,86.159
VER,Red Bull Racing,24.0,0 days 00:01:26.327000,0 days 00:00:28.187000,0 days 00:00:29.358000,0 days 00:00:28.782000,HARD,4.0,True,,,2023,Italian Grand Prix,R,86.327
VER,Red Bull Racing,25.0,0 days 00:01:25.914000,0 days 00:00:28.052000,0 days 00:00:29.542000,0 days 00:00:28.320000,HARD,5.0,True,,,2023,Italian Grand Prix,R,85.914
VER,Red Bull Racing,26.0,0 days 00:01:25.786000,0 days 00:00:28.257000,0 days 00:00:29.382000,0 days 00:00:28.147000,HARD,6.0,True,,,2023,Italian Grand Prix,R,85.786
VER,Red Bull Racing,27.0,0 days 00:01:25.501000,0 days 00:00:28.117000,0 days 00:00:29.266000,0 days 00:00:28.118000,HARD,7.0,True,,,2023,Italian Grand Prix,R,85.501
VER,Red Bull Racing,28.0,0 days 00:01:25.434000,0 days 00:00:28.158000,0 days 00:00:29.202000,0 days 00:00:28.074000,HARD,8.0,True,,,2023,Italian Grand Prix,R,85.434
VER,Red Bull Racing,29.0,0 days 00:01:25.471000,0 days 00:00:28.149000,0 days 00:00:29.369000,0 days 00:00:27.953000,HARD,9.0,True,,,2023,Italian Grand Prix,R,85.471
VER,Red Bull Racing,30.0,0 days 00:01:25.398000,0 days 00:00:28.150000,0 days 00:00:29.213000,0 days 00:00:28.035000,HARD,10.0,True,,,2023,Italian Grand Prix,R,85.398
VER,Red Bull Racing,31.0,0 days 00:01:25.502000,0 days 00:00:28.161000,0 days 00:00:29.370000,0 days 00:00:27.971000,HARD,11.0,True,,,2023,Italian Grand Prix,R,85.502
VER,Red Bull Racing,32.0,0 days 00:01:25.410000,0 days 00:00:28.151000,0 days 00:00:29.284000,0 days 00:00:27.975000,HARD,12.0,True,,,2023,Italian Grand Prix,R,85.41
VER,Red Bull Racing,33.0,0 days 00:01:25.240000,0 days 00:00:28.057000,0 days 00:00:29.201000,0 days 00:00:27.982000,HARD,13.0,True,,,2023,Italian Grand Prix,R,85.24
VER,Red Bull Racing,34.0,0 days 00:01:25.683000,0 days 00:00:28.111000,0 days 00:00:29.501000,0 days 00:00:28.071000,HARD,14.0,True,,,2023,Italian Grand Prix,R,85.683
VER,Red Bull Racing,35.0,0 days 00:01:25.815000,0 days 00:00:28.179000,0 days 00:00:29.472000,0 days 00:00:28.164000,HARD,15.0,True,,,2023,Italian Grand Prix,R,85.815
VER,Red Bull Racing,36.0,0 days 00:01:25.598000,0 days 00:00:28.040000,0 days 00:00:29.439000,0 days 00:00:28.119000,HARD,16.0,True,,,2023,Italian Grand Prix,R,85.598
VER,Red Bull Racing,37.0,0 days 00:01:25.683000,0 days 00:00:28.074000,0 days 00:00:29.485000,0 days 00:00:28.124000,HARD,17.0,True,,,2023,Italian Grand Prix,R,85.683
VER,Red Bull Racing,38.0,0 days 00:01:25.585000,0 days 00:00:28.067000,0 days 00:00:29.469000,0 days 00:00:28.049000,HARD,18.0,True,,,2023,Italian Grand Prix,R,85.585
VER,Red Bull Racing,39.0,0 days 00:01:25.486000,0 days 00:00:28.053000,0 days 00:00:29.353000,0 days 00:00:28.080000,HARD,19.0,True,,,2023,Italian Grand Prix,R,85.486
VER,Red Bull Racing,40.0,0 days 00:01:25.901000,0 days 00:00:28.185000,0 days 00:00:29.481000,0 days 00:00:28.235000,HARD,20.0,True,,,2023,Italian Grand Prix,R,85.901
VER,Red Bull Racing,41.0,0 days 00:01:25.779000,0 days 00:00:28.079000,0 days 00:00:29.543000,0 days 00:00:28.157000,HARD,21.0,True,,,2023,Italian Grand Prix,R,85.779
VER,Red Bull Racing,42.0,0 days 00:01:25.912000,0 days 00:00:28.057000,0 days 00:00:29.562000,0 days 00:00:28.293000,HARD,22.0,True,,,2023,Italian Grand Prix,R,85.912
VER,Red Bull Racing,43.0,0 days 00:01:25.994000,0 days 00:00:28.178000,0 days 00:00:29.666000,0 days 00:00:28.150000,HARD,23.0,True,,,2023,Italian Grand Prix,R,85.994
VER,Red Bull Racing,44.0,0 days 00:01:25.751000,0 days 00:00:28.030000,0 days 00:00:29.503000,0 days 00:00:28.218000,HARD,24.0,True,,,2023,Italian Grand Prix,R,85.751
VER,Red Bull Racing,45.0,0 days 00:01:25.916000,0 days 00:00:28.045000,0 days 00:00:29.693000,0 days 00:00:28.178000,HARD,25.0,True,,,2023,Italian Grand Prix,R,85.916
VER,Red Bull Racing,46.0,0 days 00:01:26.185000,0 days 00:00:28.067000,0 days 00:00:29.921000,0 days 00:00:28.197000,HARD,26.0,True,,,2023,Italian Grand Prix,R,86.185
VER,Red Bull Racing,47.0,0 days 00:01:26.137000,0 days 00:00:28.058000,0 days 00:00:29.565000,0 days 00:00:28.514000,HARD,27.0,True,,,2023,Italian Grand Prix,R,86.137
VER,Red Bull Racing,48.0,0 days 00:01:27.235000,0 days 00:00:28.459000,0 days 00:00:30.060000,0 days 00:00:28.716000,HARD,28.0,True,,,2023,Italian Grand Prix,R,87.235
VER,Red Bull Racing,49.0,0 days 00:01:27.907000,0 days 00:00:28.567000,0 days 00:00:30.249000,0 days 00:00:29.091000,HARD,29.0,True,,,2023,Italian Grand Prix,R,87.907
VER,Red Bull Racing,50.0,0 days 00:01:28.393000,0 days 00:00:28.738000,0 days 00:00:30.474000,0 days 00:00:29.181000,HARD,30.0,True,,,2023,Italian Grand Prix,R,88.393
VER,Red Bull Racing,51.0,0 days 00:01:27.525000,0 days 00:00:28.415000,0 days 00:00:30.353000,0 days 00:00:28.757000,HARD,31.0,True,,,2023,Italian Grand Prix,R,87.525
GAS,Alpine,2.0,0 days 00:01:28.696000,0 days 00:00:28.782000,0 days 00:00:30.575000,0 days 00:00:29.339000,MEDIUM,2.0,True,,,2023,Italian Grand Prix,R,88.696
GAS,Alpine,3.0,0 days 00:01:27.916000,0 days 00:00:28.714000,0 days 00:00:30.060000,0 days 00:00:29.142000,MEDIUM,3.0,True,,,2023,Italian Grand Prix,R,87.916
GAS,Alpine,4.0,0 days 00:01:27.472000,0 days 00:00:28.432000,0 days 00:00:30.029000,0 days 00:00:29.011000,MEDIUM,4.0,True,,,2023,Italian Grand Prix,R,87.472
GAS,Alpine,5.0,0 days 00:01:27.694000,0 days 00:00:28.291000,0 days 00:00:30.155000,0 days 00:00:29.248000,MEDIUM,5.0,True,,,2023,Italian Grand Prix,R,87.694
GAS,Alpine,6.0,0 days 00:01:27.324000,0 days 00:00:28.241000,0 days 00:00:30.047000,0 days 00:00:29.036000,MEDIUM,6.0,True,,,2023,Italian Grand Prix,R,87.324
GAS,Alpine,7.0,0 days 00:01:27.210000,0 days 00:00:28.180000,0 days 00:00:29.932000,0 days 00:00:29.098000,MEDIUM,7.0,True,,,2023,Italian Grand Prix,R,87.21
GAS,Alpine,8.0,0 days 00:01:27.240000,0 days 00:00:28,0 days 00:00:30.157000,0 days 00:00:29.083000,MEDIUM,8.0,True,,,2023,Italian Grand Prix,R,87.24
GAS,Alpine,9.0,0 days 00:01:27.366000,0 days 00:00:28.124000,0 days 00:00:29.976000,0 days 00:00:29.266000,MEDIUM,9.0,True,,,2023,Italian Grand Prix,R,87.366
GAS,Alpine,12.0,0 days 00:01:27.431000,0 days 00:00:28.524000,0 days 00:00:29.851000,0 days 00:00:29.056000,HARD,5.0,False,,,2023,Italian Grand Prix,R,87.431
GAS,Alpine,13.0,0 days 00:01:27.368000,0 days 00:00:28.440000,0 days 00:00:29.892000,0 days 00:00:29.036000,HARD,6.0,False,,,2023,Italian Grand Prix,R,87.368
GAS,Alpine,14.0,0 days 00:01:27.348000,0 days 00:00:28.394000,0 days 00:00:30.051000,0 days 00:00:28.903000,HARD,7.0,False,,,2023,Italian Grand Prix,R,87.348
GAS,Alpine,15.0,0 days 00:01:27.363000,0 days 00:00:28.462000,0 days 00:00:30.093000,0 days 00:00:28.808000,HARD,8.0,False,,,2023,Italian Grand Prix,R,87.363
GAS,Alpine,16.0,0 days 00:01:27.088000,0 days 00:00:28.289000,0 days 00:00:30.067000,0 days 00:00:28.732000,HARD,9.0,False,,,2023,Italian Grand Prix,R,87.088
GAS,Alpine,17.0,0 days 00:01:27.076000,0 days 00:00:28.286000,0 days 00:00:29.953000,0 days 00:00:28.837000,HARD,10.0,False,,,2023,Italian Grand Prix,R,87.076
GAS,Alpine,18.0,0 days 00:01:27.053000,0 days 00:00:28.315000,0 days 00:00:30.045000,0 days 00:00:28.693000,HARD,11.0,False,,,2023,Italian Grand Prix,R,87.053
GAS,Alpine,19.0,0 days 00:01:27.136000,0 days 00:00:28.422000,0 days 00:00:30.088000,0 days 00:00:28.626000,HARD,12.0,False,,,2023,Italian Grand Prix,R,87.136
GAS,Alpine,20.0,0 days 00:01:27.035000,0 days 00:00:28.170000,0 days 00:00:30.107000,0 days 00:00:28.758000,HARD,13.0,False,,,2023,Italian Grand Prix,R,87.035
GAS,Alpine,21.0,0 days 00:01:27.706000,0 days 00:00:28.310000,0 days 00:00:30.354000,0 days 00:00:29.042000,HARD,14.0,False,,,2023,Italian Grand Prix,R,87.706
GAS,Alpine,22.0,0 days 00:01:27.219000,0 days 00:00:28.315000,0 days 00:00:30.023000,0 days 00:00:28.881000,HARD,15.0,False,,,2023,Italian Grand Prix,R,87.219
GAS,Alpine,23.0,0 days 00:01:27.454000,0 days 00:00:28.367000,0 days 00:00:30.178000,0 days 00:00:28.909000,HARD,16.0,False,,,2023,Italian Grand Prix,R,87.454
GAS,Alpine,24.0,0 days 00:01:27.060000,0 days 00:00:28.144000,0 days 00:00:30.160000,0 days 00:00:28.756000,HARD,17.0,False,,,2023,Italian Grand Prix,R,87.06
GAS,Alpine,25.0,0 days 00:01:27.223000,0 days 00:00:28.176000,0 days 00:00:30.119000,0 days 00:00:28.928000,HARD,18.0,False,,,2023,Italian Grand Prix,R,87.223
GAS,Alpine,26.0,0 days 00:01:27.590000,0 days 00:00:28.496000,0 days 00:00:30.150000,0 days 00:00:28.944000,HARD,19.0,False,,,2023,Italian Grand Prix,R,87.59
GAS,Alpine,27.0,0 days 00:01:27.189000,0 days 00:00:28.305000,0 days 00:00:30.124000,0 days 00:00:28.760000,HARD,20.0,False,,,2023,Italian Grand Prix,R,87.189
GAS,Alpine,28.0,0 days 00:01:27.521000,0 days 00:00:28.314000,0 days 00:00:30.209000,0 days 00:00:28.998000,HARD,21.0,False,,,2023,Italian Grand Prix,R,87.521
GAS,Alpine,29.0,0 days 00:01:27.383000,0 days 00:00:28.372000,0 days 00:00:30.150000,0 days 00:00:28.861000,HARD,22.0,False,,,2023,Italian Grand Prix,R,87.383
GAS,Alpine,30.0,0 days 00:01:27.658000,0 days 00:00:28.399000,0 days 00:00:30.299000,0 days 00:00:28.960000,HARD,23.0,False,,,2023,Italian Grand Prix,R,87.658
GAS,Alpine,33.0,0 days 00:01:26.439000,0 days 00:00:28.265000,0 days 00:00:29.682000,0 days 00:00:28.492000,MEDIUM,2.0,True,,,2023,Italian Grand Prix,R,86.439
GAS,Alpine,34.0,0 days 00:01:26.877000,0 days 00:00:28.208000,0 days 00:00:29.857000,0 days 00:00:28.812000,MEDIUM,3.0,True,,,2023,Italian Grand Prix,R,86.877
GAS,Alpine,35.0,0 days 00:01:26.903000,0 days 00:00:28.318000,0 days 00:00:29.750000,0 days 00:00:28.835000,MEDIUM,4.0,True,,,2023,Italian Grand Prix,R,86.903
GAS,Alpine,36.0,0 days 00:01:26.797000,0 days 00:00:28.373000,0 days 00:00:29.719000,0 days 00:00:28.705000,MEDIUM,5.0,True,,,2023,Italian Grand Prix,R,86.797
GAS,Alpine,37.0,0 days 00:01:26.499000,0 days 00:00:28.270000,0 days 00:00:29.768000,0 days 00:00:28.461000,MEDIUM,6.0,True,,,2023,Italian Grand Prix,R,86.499
GAS,Alpine,38.0,0 days 00:01:26.357000,0 days 00:00:28.251000,0 days 00:00:29.614000,0 days 00:00:28.492000,MEDIUM,7.0,True,,,2023,Italian Grand Prix,R,86.357
GAS,Alpine,39.0,0 days 00:01:26.736000,0 days 00:00:28.411000,0 days 00:00:29.667000,0 days 00:00:28.658000,MEDIUM,8.0,True,,,2023,Italian Grand Prix,R,86.736
GAS,Alpine,40.0,0 days 00:01:26.548000,0 days 00:00:28.220000,0 days 00:00:29.656000,0 days 00:00:28.672000,MEDIUM,9.0,True,,,2023,Italian Grand Prix,R,86.548
GAS,Alpine,41.0,0 days 00:01:26.346000,0 days 00:00:28.298000,0 days 00:00:29.528000,0 days 00:00:28.520000,MEDIUM,10.0,True,,,2023,Italian Grand Prix,R,86.346
GAS,Alpine,42.0,0 days 00:01:26.425000,0 days 00:00:28.346000,0 days 00:00:29.611000,0 days 00:00:28.468000,MEDIUM,11.0,True,,,2023,Italian Grand Prix,R,86.425
GAS,Alpine,43.0,0 days 00:01:25.921000,0 days 00:00:28.119000,0 days 00:00:29.491000,0 days 00:00:28.311000,MEDIUM,12.0,True,,,2023,Italian Grand Prix,R,85.921
GAS,Alpine,44.0,0 days 00:01:25.758000,0 days 00:00:28.058000,0 days 00:00:29.469000,0 days 00:00:28.231000,MEDIUM,13.0,True,,,2023,Italian Grand Prix,R,85.758
GAS,Alpine,45.0,0 days 00:01:26.297000,0 days 00:00:28.079000,0 days 00:00:29.770000,0 days 00:00:28.448000,MEDIUM,14.0,True,,,2023,Italian Grand Prix,R,86.297
GAS,Alpine,46.0,0 days 00:01:26.292000,0 days 00:00:28.121000,0 days 00:00:29.695000,0 days 00:00:28.476000,MEDIUM,15.0,True,,,2023,Italian Grand Prix,R,86.292
GAS,Alpine,47.0,0 days 00:01:26.144000,0 days 00:00:27.984000,0 days 00:00:29.639000,0 days 00:00:28.521000,MEDIUM,16.0,True,,,2023,Italian Grand Prix,R,86.144
GAS,Alpine,48.0,0 days 00:01:26.288000,0 days 00:00:28.078000,0 days 00:00:29.805000,0 days 00:00:28.405000,MEDIUM,17.0,True,,,2023,Italian Grand Prix,R,86.288
GAS,Alpine,49.0,0 days 00:01:27.913000,0 days 00:00:28.050000,0 days 00:00:30.784000,0 days 00:00:29.079000,MEDIUM,18.0,True,,,2023,Italian Grand Prix,R,87.913
GAS,Alpine,50.0,0 days 00:01:27.375000,0 days 00:00:28.252000,0 days 00:00:30.016000,0 days 00:00:29.107000,MEDIUM,19.0,True,,,2023,Italian Grand Prix,R,87.375
PER,Red Bull Racing,1.0,0 days 00:01:29.806000,,0 days 00:00:30.555000,0 days 00:00:28.768000,MEDIUM,1.0,True,,,2023,Italian Grand Prix,R,89.806
PER,Red Bull Racing,2.0,0 days 00:01:26.881000,0 days 00:00:28.473000,0 days 00:00:29.887000,0 days 00:00:28.521000,MEDIUM,2.0,True,,,2023,Italian Grand Prix,R,86.881
PER,Red Bull Racing,3.0,0 days 00:01:26.143000,0 days 00:00:28.372000,0 days 00:00:29.462000,0 days 00:00:28.309000,MEDIUM,3.0,True,,,2023,Italian Grand Prix,R,86.143
PER,Red Bull Racing,4.0,0 days 00:01:26.019000,0 days 00:00:28.308000,0 days 00:00:29.522000,0 days 00:00:28.189000,MEDIUM,4.0,True,,,2023,Italian Grand Prix,R,86.019
PER,Red Bull Racing,5.0,0 days 00:01:26.354000,0 days 00:00:28.330000,0 days 00:00:29.673000,0 days 00:00:28.351000,MEDIUM,5.0,True,,,2023,Italian Grand Prix,R,86.354
PER,Red Bull Racing,6.0,0 days 00:01:26.465000,0 days 00:00:28.327000,0 days 00:00:29.863000,0 days 00:00:28.275000,MEDIUM,6.0,True,,,2023,Italian Grand Prix,R,86.465
PER,Red Bull Racing,7.0,0 days 00:01:26.333000,0 days 00:00:28.288000,0 days 00:00:29.798000,0 days 00:00:28.247000,MEDIUM,7.0,True,,,2023,Italian Grand Prix,R,86.333
PER,Red Bull Racing,8.0,0 days 00:01:26.887000,0 days 00:00:28.038000,0 days 00:00:30.154000,0 days 00:00:28.695000,MEDIUM,8.0,True,,,2023,Italian Grand Prix,R,86.887
PER,Red Bull Racing,9.0,0 days 00:01:26.564000,0 days 00:00:28.437000,0 days 00:00:29.838000,0 days 00:00:28.289000,MEDIUM,9.0,True,,,2023,Italian Grand Prix,R,86.564
PER,Red Bull Racing,10.0,0 days 00:01:26.454000,0 days 00:00:28.302000,0 days 00:00:29.828000,0 days 00:00:28.324000,MEDIUM,10.0,True,,,2023,Italian Grand Prix,R,86.454
PER,Red Bull Racing,11.0,0 days 00:01:27.245000,0 days 00:00:28.223000,0 days 00:00:30.258000,0 days 00:00:28.764000,MEDIUM,11.0,True,,,2023,Italian Grand Prix,R,87.245
PER,Red Bull Racing,12.0,0 days 00:01:26.968000,0 days 00:00:28.362000,0 days 00:00:30.211000,0 days 00:00:28.395000,MEDIUM,12.0,True,,,2023,Italian Grand Prix,R,86.968
PER,Red Bull Racing,13.0,0 days 00:01:27.014000,0 days 00:00:28.520000,0 days 00:00:30.253000,0 days 00:00:28.241000,MEDIUM,13.0,True,,,2023,Italian Grand Prix,R,87.014
PER,Red Bull Racing,14.0,0 days 00:01:27.451000,0 days 00:00:28.229000,0 days 00:00:30.757000,0 days 00:00:28.465000,MEDIUM,14.0,True,,,2023,Italian Grand Prix,R,87.451
PER,Red Bull Racing,15.0,0 days 00:01:26.779000,0 days 00:00:28.425000,0 days 00:00:30.127000,0 days 00:00:28.227000,MEDIUM,15.0,True,,,2023,Italian Grand Prix,R,86.779
PER,Red Bull Racing,16.0,0 days 00:01:26.823000,0 days 00:00:28.121000,0 days 00:00:30.458000,0 days 00:00:28.244000,MEDIUM,16.0,True,,,2023,Italian Grand Prix,R,86.823
PER,Red Bull Racing,17.0,0 days 00:01:27.011000,0 days 00:00:28.691000,0 days 00:00:30.102000,0 days 00:00:28.218000,MEDIUM,17.0,True,,,2023,Italian Grand Prix,R,87.011
PER,Red Bull Racing,18.0,0 days 00:01:26.765000,0 days 00:00:28.397000,0 days 00:00:29.981000,0 days 00:00:28.387000,MEDIUM,18.0,True,,,2023,Italian Grand Prix,R,86.765
PER,Red Bull Racing,19.0,0 days 00:01:26.669000,0 days 00:00:28.381000,0 days 00:00:29.943000,0 days 00:00:28.345000,MEDIUM,19.0,True,,,2023,Italian Grand Prix,R,86.669
PER,Red Bull Racing,20.0,0 days 00:01:26.509000,0 days 00:00:28.174000,0 days 00:00:29.896000,0 days 00:00:28.439000,MEDIUM,20.0,True,,,2023,Italian Grand Prix,R,86.509
PER,Red Bull Racing,23.0,0 days 00:01:25.564000,0 days 00:00:28.146000,0 days 00:00:29.392000,0 days 00:00:28.026000,HARD,2.0,True,,,2023,Italian Grand Prix,R,85.564
PER,Red Bull Racing,24.0,0 days 00:01:25.759000,0 days 00:00:28.041000,0 days 00:00:29.399000,0 days 00:00:28.319000,HARD,3.0,True,,,2023,Italian Grand Prix,R,85.759
PER,Red Bull Racing,25.0,0 days 00:01:26.005000,0 days 00:00:28.403000,0 days 00:00:29.587000,0 days 00:00:28.015000,HARD,4.0,True,,,2023,Italian Grand Prix,R,86.005
PER,Red Bull Racing,26.0,0 days 00:01:25.884000,0 days 00:00:28.196000,0 days 00:00:29.713000,0 days 00:00:27.975000,HARD,5.0,True,,,2023,Italian Grand Prix,R,85.884
PER,Red Bull Racing,27.0,0 days 00:01:26.456000,0 days 00:00:28.286000,0 days 00:00:29.542000,0 days 00:00:28.628000,HARD,6.0,True,,,2023,Italian Grand Prix,R,86.456
PER,Red Bull Racing,28.0,0 days 00:01:25.584000,0 days 00:00:28.034000,0 days 00:00:29.580000,0 days 00:00:27.970000,HARD,7.0,True,,,2023,Italian Grand Prix,R,85.584
PER,Red Bull Racing,29.0,0 days 00:01:25.606000,0 days 00:00:28.122000,0 days 00:00:29.489000,0 days 00:00:27.995000,HARD,8.0,True,,,2023,Italian Grand Prix,R,85.606
PER,Red Bull Racing,30.0,0 days 00:01:25.757000,0 days 00:00:28.101000,0 days 00:00:29.752000,0 days 00:00:27.904000,HARD,9.0,True,,,2023,Italian Grand Prix,R,85.757
PER,Red Bull Racing,31.0,0 days 00:01:26.415000,0 days 00:00:27.825000,0 days 00:00:30.328000,0 days 00:00:28.262000,HARD,10.0,True,,,2023,Italian Grand Prix,R,86.415
PER,Red Bull Racing,32.0,0 days 00:01:25.880000,0 days 00:00:28.166000,0 days 00:00:29.868000,0 days 00:00:27.846000,HARD,11.0,True,,,2023,Italian Grand Prix,R,85.88
PER,Red Bull Racing,33.0,0 days 00:01:26.020000,0 days 00:00:28.422000,0 days 00:00:29.703000,0 days 00:00:27.895000,HARD,12.0,True,,,2023,Italian Grand Prix,R,86.02
PER,Red Bull Racing,34.0,0 days 00:01:25.948000,0 days 00:00:28.323000,0 days 00:00:29.676000,0 days 00:00:27.949000,HARD,13.0,True,,,2023,Italian Grand Prix,R,85.948
PER,Red Bull Racing,35.0,0 days 00:01:25.651000,0 days 00:00:28.180000,0 days 00:00:29.513000,0 days 00:00:27.958000,HARD,14.0,True,,,2023,Italian Grand Prix,R,85.651
PER,Red Bull Racing,36.0,0 days 00:01:25.627000,0 days 00:00:28.192000,0 days 00:00:29.540000,0 days 00:00:27.895000,HARD,15.0,True,,,2023,Italian Grand Prix,R,85.627
PER,Red Bull Racing,37.0,0 days 00:01:25.757000,0 days 00:00:28.168000,0 days 00:00:29.619000,0 days 00:00:27.970000,HARD,16.0,True,,,2023,Italian Grand Prix,R,85.757
PER,Red Bull Racing,38.0,0 days 00:01:25.584000,0 days 00:00:28.047000,0 days 00:00:29.518000,0 days 00:00:28.019000,HARD,17.0,True,,,2023,Italian Grand Prix,R,85.584
PER,Red Bull Racing,39.0,0 days 00:01:25.522000,0 days 00:00:28.005000,0 days 00:00:29.530000,0 days 00:00:27.987000,HARD,18.0,True,,,2023,Italian Grand Prix,R,85.522
PER,Red Bull Racing,40.0,0 days 00:01:25.626000,0 days 00:00:28.096000,0 days 00:00:29.591000,0 days 00:00:27.939000,HARD,19.0,True,,,2023,Italian Grand Prix,R,85.626
PER,Red Bull Racing,41.0,0 days 00:01:26.719000,0 days 00:00:28.078000,0 days 00:00:30.539000,0 days 00:00:28.102000,HARD,20.0,True,,,2023,Italian Grand Prix,R,86.719
PER,Red Bull Racing,42.0,0 days 00:01:26.539000,0 days 00:00:28.121000,0 days 00:00:30.276000,0 days 00:00:28.142000,HARD,21.0,True,,,2023,Italian Grand Prix,R,86.539
PER,Red Bull Racing,43.0,0 days 00:01:26.624000,0 days 00:00:28.249000,0 days 00:00:30.205000,0 days 00:00:28.170000,HARD,22.0,True,,,2023,Italian Grand Prix,R,86.624
PER,Red Bull Racing,44.0,0 days 00:01:26.329000,0 days 00:00:28.396000,0 days 00:00:29.943000,0 days 00:00:27.990000,HARD,23.0,True,,,2023,Italian Grand Prix,R,86.329
PER,Red Bull Racing,45.0,0 days 00:01:26.573000,0 days 00:00:28.094000,0 days 00:00:30.365000,0 days 00:00:28.114000,HARD,24.0,True,,,2023,Italian Grand Prix,R,86.573
PER,Red Bull Racing,46.0,0 days 00:01:25.598000,0 days 00:00:27.932000,0 days 00:00:29.663000,0 days 00:00:28.003000,HARD,25.0,True,,,2023,Italian Grand Prix,R,85.598
PER,Red Bull Racing,47.0,0 days 00:01:26.476000,0 days 00:00:28.289000,0 days 00:00:29.768000,0 days 00:00:28.419000,HARD,26.0,True,,,2023,Italian Grand Prix,R,86.476
PER,Red Bull Racing,48.0,0 days 00:01:26.108000,0 days 00:00:28.253000,0 days 00:00:29.659000,0 days 00:00:28.196000,HARD,27.0,True,,,2023,Italian Grand Prix,R,86.108
PER,Red Bull Racing,49.0,0 days 00:01:26.006000,0 days 00:00:28.272000,0 days 00:00:29.563000,0 days 00:00:28.171000,HARD,28.0,True,,,2023,Italian Grand Prix,R,86.006
PER,Red Bull Racing,50.0,0 days 00:01:26.385000,0 days 00:00:28.257000,0 days 00:00:29.905000,0 days 00:00:28.223000,HARD,29.0,True,,,2023,Italian Grand Prix,R,86.385
PER,Red Bull Racing,51.0,0 days 00:01:25.903000,0 days 00:00:28.247000,0 days 00:00:29.516000,0 days 00:00:28.140000,HARD,30.0,True,,,2023,Italian Grand Prix,R,85.903
ALO,Aston Martin,2.0,0 days 00:01:28.012000,0 days 00:00:28.525000,0 days 00:00:30.380000,0 days 00:00:29.107000,MEDIUM,2.0,True,,,2023,Italian Grand Prix,R,88.012
ALO,Aston Martin,3.0,0 days 00:01:27.546000,0 days 00:00:28.514000,0 days 00:00:30.136000,0 days 00:00:28.896000,MEDIUM,3.0,True,,,2023,Italian Grand Prix,R,87.546
ALO,Aston Martin,4.0,0 days 00:01:27.221000,0 days 00:00:28.200000,0 days 00:00:30.095000,0 days 00:00:28.926000,MEDIUM,4.0,True,,,2023,Italian Grand Prix,R,87.221
ALO,Aston Martin,5.0,0 days 00:01:27.033000,0 days 00:00:28.030000,0 days 00:00:30.158000,0 days 00:00:28.845000,MEDIUM,5.0,True,,,2023,Italian Grand Prix,R,87.033
ALO,Aston Martin,6.0,0 days 00:01:27.175000,0 days 00:00:28.048000,0 days 00:00:30.180000,0 days 00:00:28.947000,MEDIUM,6.0,True,,,2023,Italian Grand Prix,R,87.175
ALO,Aston Martin,7.0,0 days 00:01:26.929000,0 days 00:00:28.135000,0 days 00:00:29.944000,0 days 00:00:28.850000,MEDIUM,7.0,True,,,2023,Italian Grand Prix,R,86.929
ALO,Aston Martin,8.0,0 days 00:01:26.943000,0 days 00:00:27.890000,0 days 00:00:30.205000,0 days 00:00:28.848000,MEDIUM,8.0,True,,,2023,Italian Grand Prix,R,86.943
ALO,Aston Martin,9.0,0 days 00:01:27.383000,0 days 00:00:28.364000,0 days 00:00:30.033000,0 days 00:00:28.986000,MEDIUM,9.0,True,,,2023,Italian Grand Prix,R,87.383
ALO,Aston Martin,10.0,0 days 00:01:27.368000,0 days 00:00:28.289000,0 days 00:00:30.065000,0 days 00:00:29.014000,MEDIUM,10.0,True,,,2023,Italian Grand Prix,R,87.368
ALO,Aston Martin,11.0,0 days 00:01:27.343000,0 days 00:00:28.230000,0 days 00:00:30.106000,0 days 00:00:29.007000,MEDIUM,11.0,True,,,2023,Italian Grand Prix,R,87.343
ALO,Aston Martin,12.0,0 days 00:01:27.339000,0 days 00:00:28.344000,0 days 00:00:30.153000,0 days 00:00:28.842000,MEDIUM,12.0,True,,,2023,Italian Grand Prix,R,87.339
ALO,Aston Martin,13.0,0 days 00:01:27.158000,0 days 00:00:28.219000,0 days 00:00:30.160000,0 days 00:00:28.779000,MEDIUM,13.0,True,,,2023,Italian Grand Prix,R,87.158
ALO,Aston Martin,14.0,0 days 00:01:27.607000,0 days 00:00:28.743000,0 days 00:00:30.141000,0 days 00:00:28.723000,MEDIUM,14.0,True,,,2023,Italian Grand Prix,R,87.607
ALO,Aston Martin,15.0,0 days 00:01:26.929000,0 days 00:00:28.120000,0 days 00:00:30.043000,0 days 00:00:28.766000,MEDIUM,15.0,True,,,2023,Italian Grand Prix,R,86.929
ALO,Aston Martin,16.0,0 days 00:01:27.164000,0 days 00:00:28.235000,0 days 00:00:30.255000,0 days 00:00:28.674000,MEDIUM,16.0,True,,,2023,Italian Grand Prix,R,87.164
ALO,Aston Martin,17.0,0 days 00:01:27.156000,0 days 00:00:28.169000,0 days 00:00:30.151000,0 days 00:00:28.836000,MEDIUM,17.0,True,,,2023,Italian Grand Prix,R,87.156
ALO,Aston Martin,18.0,0 days 00:01:27.275000,0 days 00:00:28.210000,0 days 00:00:30.324000,0 days 00:00:28.741000,MEDIUM,18.0,True,,,2023,Italian Grand Prix,R,87.275
ALO,Aston Martin,19.0,0 days 00:01:27.318000,0 days 00:00:28.251000,0 days 00:00:30.267000,0 days 00:00:28.800000,MEDIUM,19.0,True,,,2023,Italian Grand Prix,R,87.318
ALO,Aston Martin,20.0,0 days 00:01:28.284000,0 days 00:00:28.303000,0 days 00:00:31.004000,0 days 00:00:28.977000,MEDIUM,20.0,True,,,2023,Italian Grand Prix,R,88.284
ALO,Aston Martin,23.0,0 days 00:01:26.849000,0 days 00:00:28.229000,0 days 00:00:29.832000,0 days 00:00:28.788000,HARD,5.0,False,,,2023,Italian Grand Prix,R,86.849
ALO,Aston Martin,24.0,0 days 00:01:26.949000,0 days 00:00:28.240000,0 days 00:00:30.006000,0 days 00:00:28.703000,HARD,6.0,False,,,2023,Italian Grand Prix,R,86.949
ALO,Aston Martin,25.0,0 days 00:01:26.899000,0 days 00:00:28.139000,0 days 00:00:30.044000,0 days 00:00:28.716000,HARD,7.0,False,,,2023,Italian Grand Prix,R,86.899
ALO,Aston Martin,26.0,0 days 00:01:26.792000,0 days 00:00:28.194000,0 days 00:00:29.885000,0 days 00:00:28.713000,HARD,8.0,False,,,2023,Italian Grand Prix,R,86.792
ALO,Aston Martin,27.0,0 days 00:01:26.666000,0 days 00:00:28.132000,0 days 00:00:29.838000,0 days 00:00:28.696000,HARD,9.0,False,,,2023,Italian Grand Prix,R,86.666
ALO,Aston Martin,28.0,0 days 00:01:26.723000,0 days 00:00:28.121000,0 days 00:00:29.958000,0 days 00:00:28.644000,HARD,10.0,False,,,2023,Italian Grand Prix,R,86.723
ALO,Aston Martin,29.0,0 days 00:01:26.997000,0 days 00:00:28.249000,0 days 00:00:30.040000,0 days 00:00:28.708000,HARD,11.0,False,,,2023,Italian Grand Prix,R,86.997
ALO,Aston Martin,30.0,0 days 00:01:26.915000,0 days 00:00:28.315000,0 days 00:00:29.961000,0 days 00:00:28.639000,HARD,12.0,False,,,2023,Italian Grand Prix,R,86.915
ALO,Aston Martin,31.0,0 days 00:01:26.848000,0 days 00:00:28.145000,0 days 00:00:30.095000,0 days 00:00:28.608000,HARD,13.0,False,,,2023,Italian Grand Prix,R,86.848
ALO,Aston Martin,32.0,0 days 00:01:26.747000,0 days 00:00:28.219000,0 days 00:00:29.930000,0 days 00:00:28.598000,HARD,14.0,False,,,2023,Italian Grand Prix,R,86.747
ALO,Aston Martin,33.0,0 days 00:01:26.769000,0 days 00:00:28.316000,0 days 00:00:29.842000,0 days 00:00:28.611000,HARD,15.0,False,,,2023,Italian Grand Prix,R,86.769
ALO,Aston Martin,34.0,0 days 00:01:26.563000,0 days 00:00:28.146000,0 days 00:00:29.905000,0 days 00:00:28.512000,HARD,16.0,False,,,2023,Italian Grand Prix,R,86.563
ALO,Aston Martin,35.0,0 days 00:01:26.517000,0 days 00:00:28.068000,0 days 00:00:29.929000,0 days 00:00:28.520000,HARD,17.0,False,,,2023,Italian Grand Prix,R,86.517
ALO,Aston Martin,36.0,0 days 00:01:26.457000,0 days 00:00:28.152000,0 days 00:00:29.967000,0 days 00:00:28.338000,HARD,18.0,False,,,2023,Italian Grand Prix,R,86.457
ALO,Aston Martin,37.0,0 days 00:01:26.380000,0 days 00:00:28.147000,0 days 00:00:29.835000,0 days 00:00:28.398000,HARD,19.0,False,,,2023,Italian Grand Prix,R,86.38
ALO,Aston Martin,38.0,0 days 00:01:26.574000,0 days 00:00:28.039000,0 days 00:00:29.984000,0 days 00:00:28.551000,HARD,20.0,False,,,2023,Italian Grand Prix,R,86.574
ALO,Aston Martin,39.0,0 days 00:01:26.707000,0 days 00:00:28.156000,0 days 00:00:30.082000,0 days 00:00:28.469000,HARD,21.0,False,,,2023,Italian Grand Prix,R,86.707
ALO,Aston Martin,40.0,0 days 00:01:26.610000,0 days 00:00:28.187000,0 days 00:00:29.957000,0 days 00:00:28.466000,HARD,22.0,False,,,2023,Italian Grand Prix,R,86.61
ALO,Aston Martin,41.0,0 days 00:01:26.815000,0 days 00:00:28.084000,0 days 00:00:30.125000,0 days 00:00:28.606000,HARD,23.0,False,,,2023,Italian Grand Prix,R,86.815
ALO,Aston Martin,42.0,0 days 00:01:26.403000,0 days 00:00:28.072000,0 days 00:00:29.934000,0 days 00:00:28.397000,HARD,24.0,False,,,2023,Italian Grand Prix,R,86.403
ALO,Aston Martin,43.0,0 days 00:01:26.105000,0 days 00:00:28.036000,0 days 00:00:29.833000,0 days 00:00:28.236000,HARD,25.0,False,,,2023,Italian Grand Prix,R,86.105
ALO,Aston Martin,44.0,0 days 00:01:26.155000,0 days 00:00:28.025000,0 days 00:00:29.868000,0 days 00:00:28.262000,HARD,26.0,False,,,2023,Italian Grand Prix,R,86.155
ALO,Aston Martin,45.0,0 days 00:01:26.277000,0 days 00:00:28.023000,0 days 00:00:29.920000,0 days 00:00:28.334000,HARD,27.0,False,,,2023,Italian Grand Prix,R,86.277
ALO,Aston Martin,46.0,0 days 00:01:26.453000,0 days 00:00:28.069000,0 days 00:00:30.096000,0 days 00:00:28.288000,HARD,28.0,False,,,2023,Italian Grand Prix,R,86.453
ALO,Aston Martin,47.0,0 days 00:01:26.912000,0 days 00:00:27.970000,0 days 00:00:30.321000,0 days 00:00:28.621000,HARD,29.0,False,,,2023,Italian Grand Prix,R,86.912
ALO,Aston Martin,48.0,0 days 00:01:27.183000,0 days 00:00:28.074000,0 days 00:00:30.358000,0 days 00:00:28.751000,HARD,30.0,False,,,2023,Italian Grand Prix,R,87.183
ALO,Aston Martin,49.0,0 days 00:01:27.245000,0 days 00:00:28.044000,0 days 00:00:30.608000,0 days 00:00:28.593000,HARD,31.0,False,,,2023,Italian Grand Prix,R,87.245
ALO,Aston Martin,50.0,0 days 00:01:27.360000,0 days 00:00:28.144000,0 days 00:00:30.732000,0 days 00:00:28.484000,HARD,32.0,False,,,2023,Italian Grand Prix,R,87.36
ALO,Aston Martin,51.0,0 days 00:01:27.395000,0 days 00:00:27.812000,0 days 00:00:30.849000,0 days 00:00:28.734000,HARD,33.0,False,,,2023,Italian Grand Prix,R,87.395
LEC,Ferrari,1.0,0 days 00:01:28.755000,,0 days 00:00:29.908000,0 days 00:00:28.623000,MEDIUM,1.0,True,,,2023,Italian Grand Prix,R,88.755
LEC,Ferrari,2.0,0 days 00:01:26.312000,0 days 00:00:28.155000,0 days 00:00:29.728000,0 days 00:00:28.429000,MEDIUM,2.0,True,,,2023,Italian Grand Prix,R,86.312
LEC,Ferrari,3.0,0 days 00:01:25.719000,0 days 00:00:27.933000,0 days 00:00:29.256000,0 days 00:00:28.530000,MEDIUM,3.0,True,,,2023,Italian Grand Prix,R,85.719
LEC,Ferrari,4.0,0 days 00:01:26.025000,0 days 00:00:28.073000,0 days 00:00:29.438000,0 days 00:00:28.514000,MEDIUM,4.0,True,,,2023,Italian Grand Prix,R,86.025
LEC,Ferrari,5.0,0 days 00:01:26.266000,0 days 00:00:28.042000,0 days 00:00:29.611000,0 days 00:00:28.613000,MEDIUM,5.0,True,,,2023,Italian Grand Prix,R,86.266
LEC,Ferrari,6.0,0 days 00:01:26.483000,0 days 00:00:28.204000,0 days 00:00:29.712000,0 days 00:00:28.567000,MEDIUM,6.0,True,,,2023,Italian Grand Prix,R,86.483
LEC,Ferrari,7.0,0 days 00:01:26.473000,0 days 00:00:28.130000,0 days 00:00:29.768000,0 days 00:00:28.575000,MEDIUM,7.0,True,,,2023,Italian Grand Prix,R,86.473
LEC,Ferrari,8.0,0 days 00:01:25.972000,0 days 00:00:28.002000,0 days 00:00:29.510000,0 days 00:00:28.460000,MEDIUM,8.0,True,,,2023,Italian Grand Prix,R,85.972
LEC,Ferrari,9.0,0 days 00:01:26.678000,0 days 00:00:28.037000,0 days 00:00:29.789000,0 days 00:00:28.852000,MEDIUM,9.0,True,,,2023,Italian Grand Prix,R,86.678
LEC,Ferrari,10.0,0 days 00:01:26.787000,0 days 00:00:28.308000,0 days 00:00:29.817000,0 days 00:00:28.662000,MEDIUM,10.0,True,,,2023,Italian Grand Prix,R,86.787
LEC,Ferrari,11.0,0 days 00:01:26.838000,0 days 00:00:28.279000,0 days 00:00:29.772000,0 days 00:00:28.787000,MEDIUM,11.0,True,,,2023,Italian Grand Prix,R,86.838
LEC,Ferrari,12.0,0 days 00:01:26.694000,0 days 00:00:28.237000,0 days 00:00:29.915000,0 days 00:00:28.542000,MEDIUM,12.0,True,,,2023,Italian Grand Prix,R,86.694
LEC,Ferrari,13.0,0 days 00:01:26.557000,0 days 00:00:28.136000,0 days 00:00:29.853000,0 days 00:00:28.568000,MEDIUM,13.0,True,,,2023,Italian Grand Prix,R,86.557
LEC,Ferrari,14.0,0 days 00:01:26.940000,0 days 00:00:28.276000,0 days 00:00:30.041000,0 days 00:00:28.623000,MEDIUM,14.0,True,,,2023,Italian Grand Prix,R,86.94
LEC,Ferrari,15.0,0 days 00:01:27.314000,0 days 00:00:28.401000,0 days 00:00:30.047000,0 days 00:00:28.866000,MEDIUM,15.0,True,,,2023,Italian Grand Prix,R,87.314
LEC,Ferrari,16.0,0 days 00:01:27.155000,0 days 00:00:28.242000,0 days 00:00:30.148000,0 days 00:00:28.765000,MEDIUM,16.0,True,,,2023,Italian Grand Prix,R,87.155
LEC,Ferrari,17.0,0 days 00:01:27.670000,0 days 00:00:28.308000,0 days 00:00:30.329000,0 days 00:00:29.033000,MEDIUM,17.0,True,,,2023,Italian Grand Prix,R,87.67
LEC,Ferrari,18.0,0 days 00:01:27.498000,0 days 00:00:28.199000,0 days 00:00:30.370000,0 days 00:00:28.929000,MEDIUM,18.0,True,,,2023,Italian Grand Prix,R,87.498
LEC,Ferrari,19.0,0 days 00:01:27.702000,0 days 00:00:28.304000,0 days 00:00:30.386000,0 days 00:00:29.012000,MEDIUM,19.0,True,,,2023,Italian Grand Prix,R,87.702
LEC,Ferrari,22.0,0 days 00:01:25.742000,0 days 00:00:28.116000,0 days 00:00:29.460000,0 days 00:00:28.166000,HARD,2.0,True,,,2023,Italian Grand Prix,R,85.742
LEC,Ferrari,23.0,0 days 00:01:25.807000,0 days 00:00:27.984000,0 days 00:00:29.553000,0 days 00:00:28.270000,HARD,3.0,True,,,2023,Italian Grand Prix,R,85.807
LEC,Ferrari,24.0,0 days 00:01:25.933000,0 days 00:00:27.945000,0 days 00:00:29.668000,0 days 00:00:28.320000,HARD,4.0,True,,,2023,Italian Grand Prix,R,85.933
LEC,Ferrari,25.0,0 days 00:01:26.061000,0 days 00:00:27.930000,0 days 00:00:29.720000,0 days 00:00:28.411000,HARD,5.0,True,,,2023,Italian Grand Prix,R,86.061
LEC,Ferrari,26.0,0 days 00:01:25.763000,0 days 00:00:28.034000,0 days 00:00:29.494000,0 days 00:00:28.235000,HARD,6.0,True,,,2023,Italian Grand Prix,R,85.763
LEC,Ferrari,27.0,0 days 00:01:26.234000,0 days 00:00:28.016000,0 days 00:00:29.562000,0 days 00:00:28.656000,HARD,7.0,True,,,2023,Italian Grand Prix,R,86.234
LEC,Ferrari,28.0,0 days 00:01:25.663000,0 days 00:00:28.012000,0 days 00:00:29.486000,0 days 00:00:28.165000,HARD,8.0,True,,,2023,Italian Grand Prix,R,85.663
LEC,Ferrari,29.0,0 days 00:01:25.814000,0 days 00:00:28.146000,0 days 00:00:29.642000,0 days 00:00:28.026000,HARD,9.0,True,,,2023,Italian Grand Prix,R,85.814
LEC,Ferrari,30.0,0 days 00:01:25.782000,0 days 00:00:28.142000,0 days 00:00:29.568000,0 days 00:00:28.072000,HARD,10.0,True,,,2023,Italian Grand Prix,R,85.782
LEC,Ferrari,31.0,0 days 00:01:26.496000,0 days 00:00:28.063000,0 days 00:00:30.061000,0 days 00:00:28.372000,HARD,11.0,True,,,2023,Italian Grand Prix,R,86.496
LEC,Ferrari,32.0,0 days 00:01:26.869000,0 days 00:00:28.786000,0 days 00:00:29.915000,0 days 00:00:28.168000,HARD,12.0,True,,,2023,Italian Grand Prix,R,86.869
LEC,Ferrari,33.0,0 days 00:01:25.962000,0 days 00:00:28.143000,0 days 00:00:29.653000,0 days 00:00:28.166000,HARD,13.0,True,,,2023,Italian Grand Prix,R,85.962
LEC,Ferrari,34.0,0 days 00:01:25.851000,0 days 00:00:28.130000,0 days 00:00:29.667000,0 days 00:00:28.054000,HARD,14.0,True,,,2023,Italian Grand Prix,R,85.851
LEC,Ferrari,35.0,0 days 00:01:25.850000,0 days 00:00:28.170000,0 days 00:00:29.626000,0 days 00:00:28.054000,HARD,15.0,True,,,2023,Italian Grand Prix,R,85.85
LEC,Ferrari,36.0,0 days 00:01:25.631000,0 days 00:00:27.916000,0 days 00:00:29.701000,0 days 00:00:28.014000,HARD,16.0,True,,,2023,Italian Grand Prix,R,85.631
LEC,Ferrari,37.0,0 days 00:01:25.671000,0 days 00:00:27.902000,0 days 00:00:29.633000,0 days 00:00:28.136000,HARD,17.0,True,,,2023,Italian Grand Prix,R,85.671
LEC,Ferrari,38.0,0 days 00:01:25.580000,0 days 00:00:27.994000,0 days 00:00:29.492000,0 days 00:00:28.094000,HARD,18.0,True,,,2023,Italian Grand Prix,R,85.58
LEC,Ferrari,39.0,0 days 00:01:25.629000,0 days 00:00:27.997000,0 days 00:00:29.531000,0 days 00:00:28.101000,HARD,19.0,True,,,2023,Italian Grand Prix,R,85.629
LEC,Ferrari,40.0,0 days 00:01:25.728000,0 days 00:00:27.941000,0 days 00:00:29.673000,0 days 00:00:28.114000,HARD,20.0,True,,,2023,Italian Grand Prix,R,85.728
LEC,Ferrari,41.0,0 days 00:01:26.511000,0 days 00:00:28.014000,0 days 00:00:30.072000,0 days 00:00:28.425000,HARD,21.0,True,,,2023,Italian Grand Prix,R,86.511
LEC,Ferrari,42.0,0 days 00:01:26.448000,0 days 00:00:28.005000,0 days 00:00:30.118000,0 days 00:00:28.325000,HARD,22.0,True,,,2023,Italian Grand Prix,R,86.448
LEC,Ferrari,43.0,0 days 00:01:26.597000,0 days 00:00:28.224000,0 days 00:00:30.135000,0 days 00:00:28.238000,HARD,23.0,True,,,2023,Italian Grand Prix,R,86.597
LEC,Ferrari,44.0,0 days 00:01:26.586000,0 days 00:00:28.282000,0 days 00:00:29.969000,0 days 00:00:28.335000,HARD,24.0,True,,,2023,Italian Grand Prix,R,86.586
LEC,Ferrari,45.0,0 days 00:01:26.321000,0 days 00:00:28.007000,0 days 00:00:30.103000,0 days 00:00:28.211000,HARD,25.0,True,,,2023,Italian Grand Prix,R,86.321
LEC,Ferrari,46.0,0 days 00:01:26.580000,0 days 00:00:27.912000,0 days 00:00:30.545000,0 days 00:00:28.123000,HARD,26.0,True,,,2023,Italian Grand Prix,R,86.58
LEC,Ferrari,47.0,0 days 00:01:27.371000,0 days 00:00:28.486000,0 days 00:00:30.781000,0 days 00:00:28.104000,HARD,27.0,True,,,2023,Italian Grand Prix,R,87.371
LEC,Ferrari,48.0,0 days 00:01:26.828000,0 days 00:00:28.441000,0 days 00:00:30.154000,0 days 00:00:28.233000,HARD,28.0,True,,,2023,Italian Grand Prix,R,86.828
LEC,Ferrari,49.0,0 days 00:01:26.633000,0 days 00:00:28.284000,0 days 00:00:30.207000,0 days 00:00:28.142000,HARD,29.0,True,,,2023,Italian Grand Prix,R,86.633
LEC,Ferrari,50.0,0 days 00:01:26.961000,0 days 00:00:28.367000,0 days 00:00:30.573000,0 days 00:00:28.021000,HARD,30.0,True,,,2023,Italian Grand Prix,R,86.961
LEC,Ferrari,51.0,0 days 00:01:26.783000,0 days 00:00:28.122000,0 days 00:00:30.349000,0 days 00:00:28.312000,HARD,31.0,True,,,2023,Italian Grand Prix,R,86.783
STR,Aston Martin,2.0,0 days 00:01:28.953000,0 days 00:00:28.810000,0 days 00:00:30.757000,0 days 00:00:29.386000,MEDIUM,2.0,True,,,2023,Italian Grand Prix,R,88.953
STR,Aston Martin,3.0,0 days 00:01:28.614000,0 days 00:00:28.490000,0 days 00:00:30.911000,0 days 00:00:29.213000,MEDIUM,3.0,True,,,2023,Italian Grand Prix,R,88.614
STR,Aston Martin,4.0,0 days 00:01:27.725000,0 days 00:00:28.152000,0 days 00:00:30.384000,0 days 00:00:29.189000,MEDIUM,4.0,True,,,2023,Italian Grand Prix,R,87.725
STR,Aston Martin,5.0,0 days 00:01:27.574000,0 days 00:00:28.256000,0 days 00:00:30.130000,0 days 00:00:29.188000,MEDIUM,5.0,True,,,2023,Italian Grand Prix,R,87.574
STR,Aston Martin,6.0,0 days 00:01:27.656000,0 days 00:00:28.333000,0 days 00:00:30.229000,0 days 00:00:29.094000,MEDIUM,6.0,True,,,2023,Italian Grand Prix,R,87.656
STR,Aston Martin,7.0,0 days 00:01:27.100000,0 days 00:00:28.016000,0 days 00:00:29.968000,0 days 00:00:29.116000,MEDIUM,7.0,True,,,2023,Italian Grand Prix,R,87.1
STR,Aston Martin,8.0,0 days 00:01:27.362000,0 days 00:00:28.218000,0 days 00:00:29.966000,0 days 00:00:29.178000,MEDIUM,8.0,True,,,2023,Italian Grand Prix,R,87.362
STR,Aston Martin,9.0,0 days 00:01:27.312000,0 days 00:00:28.012000,0 days 00:00:30.001000,0 days 00:00:29.299000,MEDIUM,9.0,True,,,2023,Italian Grand Prix,R,87.312
STR,Aston Martin,10.0,0 days 00:01:27.539000,0 days 00:00:28.062000,0 days 00:00:30.153000,0 days 00:00:29.324000,MEDIUM,10.0,True,,,2023,Italian Grand Prix,R,87.539
STR,Aston Martin,11.0,0 days 00:01:27.369000,0 days 00:00:28.139000,0 days 00:00:30.170000,0 days 00:00:29.060000,MEDIUM,11.0,True,,,2023,Italian Grand Prix,R,87.369
STR,Aston Martin,12.0,0 days 00:01:27.810000,0 days 00:00:28.188000,0 days 00:00:30.336000,0 days 00:00:29.286000,MEDIUM,12.0,True,,,2023,Italian Grand Prix,R,87.81
STR,Aston Martin,13.0,0 days 00:01:28.222000,0 days 00:00:28.177000,0 days 00:00:30.572000,0 days 00:00:29.473000,MEDIUM,13.0,True,,,2023,Italian Grand Prix,R,88.222
STR,Aston Martin,14.0,0 days 00:01:28.057000,0 days 00:00:28.293000,0 days 00:00:30.415000,0 days 00:00:29.349000,MEDIUM,14.0,True,,,2023,Italian Grand Prix,R,88.057
STR,Aston Martin,15.0,0 days 00:01:28.179000,0 days 00:00:28.321000,0 days 00:00:30.575000,0 days 00:00:29.283000,MEDIUM,15.0,True,,,2023,Italian Grand Prix,R,88.179
STR,Aston Martin,16.0,0 days 00:01:28.080000,0 days 00:00:28.251000,0 days 00:00:30.546000,0 days 00:00:29.283000,MEDIUM,16.0,True,,,2023,Italian Grand Prix,R,88.08
STR,Aston Martin,17.0,0 days 00:01:27.909000,0 days 00:00:28.149000,0 days 00:00:30.462000,0 days 00:00:29.298000,MEDIUM,17.0,True,,,2023,Italian Grand Prix,R,87.909
STR,Aston Martin,18.0,0 days 00:01:28.401000,0 days 00:00:28.279000,0 days 00:00:30.672000,0 days 00:00:29.450000,MEDIUM,18.0,True,,,2023,Italian Grand Prix,R,88.401
STR,Aston Martin,19.0,0 days 00:01:28.050000,0 days 00:00:28.245000,0 days 00:00:30.608000,0 days 00:00:29.197000,MEDIUM,19.0,True,,,2023,Italian Grand Prix,R,88.05
STR,Aston Martin,22.0,0 days 00:01:26.742000,0 days 00:00:28.099000,0 days 00:00:29.727000,0 days 00:00:28.916000,HARD,6.0,False,,,2023,Italian Grand Prix,R,86.742
STR,Aston Martin,23.0,0 days 00:01:26.968000,0 days 00:00:28.004000,0 days 00:00:29.927000,0 days 00:00:29.037000,HARD,7.0,False,,,2023,Italian Grand Prix,R,86.968
STR,Aston Martin,24.0,0 days 00:01:27.340000,0 days 00:00:28.054000,0 days 00:00:30.058000,0 days 00:00:29.228000,HARD,8.0,False,,,2023,Italian Grand Prix,R,87.34
STR,Aston Martin,25.0,0 days 00:01:27.176000,0 days 00:00:28.201000,0 days 00:00:29.928000,0 days 00:00:29.047000,HARD,9.0,False,,,2023,Italian Grand Prix,R,87.176
STR,Aston Martin,26.0,0 days 00:01:27.259000,0 days 00:00:28.225000,0 days 00:00:30.003000,0 days 00:00:29.031000,HARD,10.0,False,,,2023,Italian Grand Prix,R,87.259
STR,Aston Martin,27.0,0 days 00:01:26.675000,0 days 00:00:27.971000,0 days 00:00:29.841000,0 days 00:00:28.863000,HARD,11.0,False,,,2023,Italian Grand Prix,R,86.675
STR,Aston Martin,28.0,0 days 00:01:27.085000,0 days 00:00:28.050000,0 days 00:00:30.174000,0 days 00:00:28.861000,HARD,12.0,False,,,2023,Italian Grand Prix,R,87.085
STR,Aston Martin,29.0,0 days 00:01:26.809000,0 days 00:00:28.134000,0 days 00:00:29.979000,0 days 00:00:28.696000,HARD,13.0,False,,,2023,Italian Grand Prix,R,86.809
STR,Aston Martin,30.0,0 days 00:01:26.924000,0 days 00:00:28.197000,0 days 00:00:29.990000,0 days 00:00:28.737000,HARD,14.0,False,,,2023,Italian Grand Prix,R,86.924
STR,Aston Martin,31.0,0 days 00:01:26.617000,0 days 00:00:27.983000,0 days 00:00:29.980000,0 days 00:00:28.654000,HARD,15.0,False,,,2023,Italian Grand Prix,R,86.617
STR,Aston Martin,32.0,0 days 00:01:26.832000,0 days 00:00:28.103000,0 days 00:00:29.949000,0 days 00:00:28.780000,HARD,16.0,False,,,2023,Italian Grand Prix,R,86.832
STR,Aston Martin,33.0,0 days 00:01:27.121000,0 days 00:00:28.056000,0 days 00:00:30.120000,0 days 00:00:28.945000,HARD,17.0,False,,,2023,Italian Grand Prix,R,87.121
STR,Aston Martin,34.0,0 days 00:01:27.298000,0 days 00:00:28.160000,0 days 00:00:30.213000,0 days 00:00:28.925000,HARD,18.0,False,,,2023,Italian Grand Prix,R,87.298
STR,Aston Martin,35.0,0 days 00:01:26.970000,0 days 00:00:28.074000,0 days 00:00:30.105000,0 days 00:00:28.791000,HARD,19.0,False,,,2023,Italian Grand Prix,R,86.97
STR,Aston Martin,36.0,0 days 00:01:27.096000,0 days 00:00:28.004000,0 days 00:00:30.189000,0 days 00:00:28.903000,HARD,20.0,False,,,2023,Italian Grand Prix,R,87.096
STR,Aston Martin,37.0,0 days 00:01:27.373000,0 days 00:00:27.963000,0 days 00:00:30.309000,0 days 00:00:29.101000,HARD,21.0,False,,,2023,Italian Grand Prix,R,87.373
STR,Aston Martin,38.0,0 days 00:01:26.902000,0 days 00:00:27.996000,0 days 00:00:30.183000,0 days 00:00:28.723000,HARD,22.0,False,,,2023,Italian Grand Prix,R,86.902
STR,Aston Martin,39.0,0 days 00:01:26.904000,0 days 00:00:28.027000,0 days 00:00:30.044000,0 days 00:00:28.833000,HARD,23.0,False,,,2023,Italian Grand Prix,R,86.904
STR,Aston Martin,40.0,0 days 00:01:27.072000,0 days 00:00:28.030000,0 days 00:00:30.137000,0 days 00:00:28.905000,HARD,24.0,False,,,2023,Italian Grand Prix,R,87.072
STR,Aston Martin,41.0,0 days 00:01:26.916000,0 days 00:00:28.105000,0 days 00:00:29.987000,0 days 00:00:28.824000,HARD,25.0,False,,,2023,Italian Grand Prix,R,86.916
STR,Aston Martin,42.0,0 days 00:01:27.067000,0 days 00:00:28.139000,0 days 00:00:30.109000,0 days 00:00:28.819000,HARD,26.0,False,,,2023,Italian Grand Prix,R,87.067
STR,Aston Martin,43.0,0 days 00:01:31.134000,0 days 00:00:31.630000,0 days 00:00:30.601000,0 days 00:00:28.903000,HARD,27.0,False,,,2023,Italian Grand Prix,R,91.134
STR,Aston Martin,44.0,0 days 00:01:28.214000,0 days 00:00:28.234000,0 days 00:00:30.177000,0 days 00:00:29.803000,HARD,28.0,False,,,2023,Italian Grand Prix,R,88.214
STR,Aston Martin,45.0,0 days 00:01:28.336000,0 days 00:00:28.405000,0 days 00:00:31.024000,0 days 00:00:28.907000,HARD,29.0,False,,,2023,Italian Grand Prix,R,88.336
STR,Aston Martin,46.0,0 days 00:01:27.153000,0 days 00:00:28.138000,0 days 00:00:30.176000,0 days 00:00:28.839000,HARD,30.0,False,,,2023,Italian Grand Prix,R,87.153
STR,Aston Martin,47.0,0 days 00:01:27.267000,0 days 00:00:28.201000,0 days 00:00:30.145000,0 days 00:00:28.921000,HARD,31.0,False,,,2023,Italian Grand Prix,R,87.267
STR,Aston Martin,48.0,0 days 00:01:27.590000,0 days 00:00:28.229000,0 days 00:00:30.398000,0 days 00:00:28.963000,HARD,32.0,False,,,2023,Italian Grand Prix,R,87.59
STR,Aston Martin,49.0,0 days 00:01:29.467000,0 days 00:00:28.428000,0 days 00:00:31.827000,0 days 00:00:29.212000,HARD,33.0,False,,,2023,Italian Grand Prix,R,89.467
STR,Aston Martin,50.0,0 days 00:01:30.865000,0 days 00:00:28.705000,0 days 00:00:31.401000,0 days 00:00:30.759000,HARD,34.0,False,,,2023,Italian Grand Prix,R,90.865
SAR,Williams,2.0,0 days 00:01:28.080000,0 days 00:00:28.252000,0 days 00:00:30.443000,0 days 00:00:29.385000,MEDIUM,5.0,False,,,2023,Italian Grand Prix,R,88.08
SAR,Williams,3.0,0 days 00:01:27.647000,0 days 00:00:28.124000,0 days 00:00:30.425000,0 days 00:00:29.098000,MEDIUM,6.0,False,,,2023,Italian Grand Prix,R,87.647
SAR,Williams,4.0,0 days 00:01:27.389000,0 days 00:00:27.934000,0 days 00:00:30.315000,0 days 00:00:29.140000,MEDIUM,7.0,False,,,2023,Italian Grand Prix,R,87.389
SAR,Williams,5.0,0 days 00:01:27.170000,0 days 00:00:28.002000,0 days 00:00:30.133000,0 days 00:00:29.035000,MEDIUM,8.0,False,,,2023,Italian Grand Prix,R,87.17
SAR,Williams,6.0,0 days 00:01:27.135000,0 days 00:00:28.010000,0 days 00:00:29.938000,0 days 00:00:29.187000,MEDIUM,9.0,False,,,2023,Italian Grand Prix,R,87.135
SAR,Williams,7.0,0 days 00:01:27.251000,0 days 00:00:28.240000,0 days 00:00:30.056000,0 days 00:00:28.955000,MEDIUM,10.0,False,,,2023,Italian Grand Prix,R,87.251
SAR,Williams,8.0,0 days 00:01:27.233000,0 days 00:00:28.118000,0 days 00:00:29.957000,0 days 00:00:29.158000,MEDIUM,11.0,False,,,2023,Italian Grand Prix,R,87.233
SAR,Williams,9.0,0 days 00:01:27.459000,0 days 00:00:28.149000,0 days 00:00:30.120000,0 days 00:00:29.190000,MEDIUM,12.0,False,,,2023,Italian Grand Prix,R,87.459
SAR,Williams,10.0,0 days 00:01:27.685000,0 days 00:00:28.385000,0 days 00:00:30.052000,0 days 00:00:29.248000,MEDIUM,13.0,False,,,2023,Italian Grand Prix,R,87.685
SAR,Williams,11.0,0 days 00:01:27.804000,0 days 00:00:28.334000,0 days 00:00:30.151000,0 days 00:00:29.319000,MEDIUM,14.0,False,,,2023,Italian Grand Prix,R,87.804
SAR,Williams,12.0,0 days 00:01:28.694000,0 days 00:00:28.212000,0 days 00:00:31.278000,0 days 00:00:29.204000,MEDIUM,15.0,False,,,2023,Italian Grand Prix,R,88.694
SAR,Williams,13.0,0 days 00:01:27.799000,0 days 00:00:28.374000,0 days 00:00:30.365000,0 days 00:00:29.060000,MEDIUM,16.0,False,,,2023,Italian Grand Prix,R,87.799
SAR,Williams,16.0,0 days 00:01:26.840000,0 days 00:00:28.303000,0 days 00:00:29.751000,0 days 00:00:28.786000,HARD,5.0,False,,,2023,Italian Grand Prix,R,86.84
SAR,Williams,17.0,0 days 00:01:27,0 days 00:00:28.198000,0 days 00:00:29.880000,0 days 00:00:28.922000,HARD,6.0,False,,,2023,Italian Grand Prix,R,87.0
SAR,Williams,18.0,0 days 00:01:26.906000,0 days 00:00:28.160000,0 days 00:00:29.981000,0 days 00:00:28.765000,HARD,7.0,False,,,2023,Italian Grand Prix,R,86.906
SAR,Williams,19.0,0 days 00:01:27.165000,0 days 00:00:28.315000,0 days 00:00:29.982000,0 days 00:00:28.868000,HARD,8.0,False,,,2023,Italian Grand Prix,R,87.165
SAR,Williams,20.0,0 days 00:01:27.280000,0 days 00:00:28.361000,0 days 00:00:30.032000,0 days 00:00:28.887000,HARD,9.0,False,,,2023,Italian Grand Prix,R,87.28
SAR,Williams,21.0,0 days 00:01:27.363000,0 days 00:00:28.375000,0 days 00:00:29.999000,0 days 00:00:28.989000,HARD,10.0,False,,,2023,Italian Grand Prix,R,87.363
SAR,Williams,22.0,0 days 00:01:27.465000,0 days 00:00:28.445000,0 days 00:00:30.055000,0 days 00:00:28.965000,HARD,11.0,False,,,2023,Italian Grand Prix,R,87.465
SAR,Williams,23.0,0 days 00:01:27.149000,0 days 00:00:28.327000,0 days 00:00:29.900000,0 days 00:00:28.922000,HARD,12.0,False,,,2023,Italian Grand Prix,R,87.149
SAR,Williams,24.0,0 days 00:01:27.104000,0 days 00:00:28.242000,0 days 00:00:29.963000,0 days 00:00:28.899000,HARD,13.0,False,,,2023,Italian Grand Prix,R,87.104
SAR,Williams,25.0,0 days 00:01:27.165000,0 days 00:00:28.187000,0 days 00:00:30.065000,0 days 00:00:28.913000,HARD,14.0,False,,,2023,Italian Grand Prix,R,87.165
SAR,Williams,26.0,0 days 00:01:27.021000,0 days 00:00:28.298000,0 days 00:00:29.830000,0 days 00:00:28.893000,HARD,15.0,False,,,2023,Italian Grand Prix,R,87.021
SAR,Williams,27.0,0 days 00:01:27.253000,0 days 00:00:28.261000,0 days 00:00:30.079000,0 days 00:00:28.913000,HARD,16.0,False,,,2023,Italian Grand Prix,R,87.253
SAR,Williams,28.0,0 days 00:01:27.546000,0 days 00:00:28.373000,0 days 00:00:30.188000,0 days 00:00:28.985000,HARD,17.0,False,,,2023,Italian Grand Prix,R,87.546
SAR,Williams,29.0,0 days 00:01:27.545000,0 days 00:00:28.388000,0 days 00:00:30.221000,0 days 00:00:28.936000,HARD,18.0,False,,,2023,Italian Grand Prix,R,87.545
SAR,Williams,30.0,0 days 00:01:27.121000,0 days 00:00:28.336000,0 days 00:00:30.021000,0 days 00:00:28.764000,HARD,19.0,False,,,2023,Italian Grand Prix,R,87.121
SAR,Williams,31.0,0 days 00:01:27.461000,0 days 00:00:28.284000,0 days 00:00:30.277000,0 days 00:00:28.900000,HARD,20.0,False,,,2023,Italian Grand Prix,R,87.461
SAR,Williams,32.0,0 days 00:01:27.522000,0 days 00:00:28.261000,0 days 00:00:30.315000,0 days 00:00:28.946000,HARD,21.0,False,,,2023,Italian Grand Prix,R,87.522
SAR,Williams,33.0,0 days 00:01:27.293000,0 days 00:00:28.247000,0 days 00:00:30.149000,0 days 00:00:28.897000,HARD,22.0,False,,,2023,Italian Grand Prix,R,87.293
SAR,Williams,34.0,0 days 00:01:27.219000,0 days 00:00:28.213000,0 days 00:00:30.129000,0 days 00:00:28.877000,HARD,23.0,False,,,2023,Italian Grand Prix,R,87.219
SAR,Williams,35.0,0 days 00:01:27.233000,0 days 00:00:28.272000,0 days 00:00:30.197000,0 days 00:00:28.764000,HARD,24.0,False,,,2023,Italian Grand Prix,R,87.233
SAR,Williams,36.0,0 days 00:01:27.142000,0 days 00:00:28.312000,0 days 00:00:30.153000,0 days 00:00:28.677000,HARD,25.0,False,,,2023,Italian Grand Prix,R,87.142
SAR,Williams,37.0,0 days 00:01:27.292000,0 days 00:00:28.557000,0 days 00:00:30.104000,0 days 00:00:28.631000,HARD,26.0,False,,,2023,Italian Grand Prix,R,87.292
SAR,Williams,38.0,0 days 00:01:27.103000,0 days 00:00:28.403000,0 days 00:00:30.155000,0 days 00:00:28.545000,HARD,27.0,False,,,2023,Italian Grand Prix,R,87.103
SAR,Williams,39.0,0 days 00:01:27.137000,0 days 00:00:28.367000,0 days 00:00:30.179000,0 days 00:00:28.591000,HARD,28.0,False,,,2023,Italian Grand Prix,R,87.137
SAR,Williams,40.0,0 days 00:01:27.640000,0 days 00:00:28.480000,0 days 00:00:30.485000,0 days 00:00:28.675000,HARD,29.0,False,,,2023,Italian Grand Prix,R,87.64
SAR,Williams,41.0,0 days 00:01:27.180000,0 days 00:00:28.346000,0 days 00:00:30.289000,0 days 00:00:28.545000,HARD,30.0,False,,,2023,Italian Grand Prix,R,87.18
SAR,Williams,42.0,0 days 00:01:27.176000,0 days 00:00:28.509000,0 days 00:00:30.206000,0 days 00:00:28.461000,HARD,31.0,False,,,2023,Italian Grand Prix,R,87.176
SAR,Williams,43.0,0 days 00:01:29.385000,0 days 00:00:28.493000,0 days 00:00:31.774000,0 days 00:00:29.118000,HARD,32.0,False,,,2023,Italian Grand Prix,R,89.385
SAR,Williams,44.0,0 days 00:01:27.686000,0 days 00:00:28.590000,0 days 00:00:30.403000,0 days 00:00:28.693000,HARD,33.0,False,,,2023,Italian Grand Prix,R,87.686
SAR,Williams,45.0,0 days 00:01:27.502000,0 days 00:00:28.487000,0 days 00:00:30.348000,0 days 00:00:28.667000,HARD,34.0,False,,,2023,Italian Grand Prix,R,87.502
SAR,Williams,46.0,0 days 00:01:27.709000,0 days 00:00:28.456000,0 days 00:00:30.541000,0 days 00:00:28.712000,HARD,35.0,False,,,2023,Italian Grand Prix,R,87.709
SAR,Williams,47.0,0 days 00:01:27.622000,0 days 00:00:28.463000,0 days 00:00:30.392000,0 days 00:00:28.767000,HARD,36.0,False,,,2023,Italian Grand Prix,R,87.622
SAR,Williams,48.0,0 days 00:01:27.440000,0 days 00:00:28.202000,0 days 00:00:30.516000,0 days 00:00:28.722000,HARD,37.0,False,,,2023,Italian Grand Prix,R,87.44
SAR,Williams,49.0,0 days 00:01:27.742000,0 days 00:00:28.431000,0 days 00:00:30.625000,0 days 00:00:28.686000,HARD,38.0,False,,,2023,Italian Grand Prix,R,87.742
SAR,Williams,50.0,0 days 00:01:29.626000,0 days 00:00:28.572000,0 days 00:00:31.644000,0 days 00:00:29.410000,HARD,39.0,False,,,2023,Italian Grand Prix,R,89.626
MAG,Haas F1 Team,2.0,0 days 00:01:28.923000,0 days 00:00:28.604000,0 days 00:00:30.826000,0 days 00:00:29.493000,HARD,6.0,False,,,2023,Italian Grand Prix,R,88.923
MAG,Haas F1 Team,3.0,0 days 00:01:28.538000,0 days 00:00:28.770000,0 days 00:00:30.580000,0 days 00:00:29.188000,HARD,7.0,False,,,2023,Italian Grand Prix,R,88.538
MAG,Haas F1 Team,4.0,0 days 00:01:29.252000,0 days 00:00:29.200000,0 days 00:00:30.783000,0 days 00:00:29.269000,HARD,8.0,False,,,2023,Italian Grand Prix,R,89.252
MAG,Haas F1 Team,5.0,0 days 00:01:28.276000,0 days 00:00:28.669000,0 days 00:00:30.299000,0 days 00:00:29.308000,HARD,9.0,False,,,2023,Italian Grand Prix,R,88.276
MAG,Haas F1 Team,6.0,0 days 00:01:27.949000,0 days 00:00:28.510000,0 days 00:00:30.238000,0 days 00:00:29.201000,HARD,10.0,False,,,2023,Italian Grand Prix,R,87.949
MAG,Haas F1 Team,7.0,0 days 00:01:27.691000,0 days 00:00:28.537000,0 days 00:00:30,0 days 00:00:29.154000,HARD,11.0,False,,,2023,Italian Grand Prix,R,87.691
MAG,Haas F1 Team,8.0,0 days 00:01:27.935000,0 days 00:00:28.448000,0 days 00:00:30.059000,0 days 00:00:29.428000,HARD,12.0,False,,,2023,Italian Grand Prix,R,87.935
MAG,Haas F1 Team,9.0,0 days 00:01:28.218000,0 days 00:00:28.659000,0 days 00:00:30.166000,0 days 00:00:29.393000,HARD,13.0,False,,,2023,Italian Grand Prix,R,88.218
MAG,Haas F1 Team,10.0,0 days 00:01:28.511000,0 days 00:00:28.608000,0 days 00:00:30.291000,0 days 00:00:29.612000,HARD,14.0,False,,,2023,Italian Grand Prix,R,88.511
MAG,Haas F1 Team,11.0,0 days 00:01:28.792000,0 days 00:00:28.764000,0 days 00:00:30.474000,0 days 00:00:29.554000,HARD,15.0,False,,,2023,Italian Grand Prix,R,88.792
MAG,Haas F1 Team,14.0,0 days 00:01:28.080000,0 days 00:00:28.551000,0 days 00:00:30.069000,0 days 00:00:29.460000,MEDIUM,2.0,True,,,2023,Italian Grand Prix,R,88.08
MAG,Haas F1 Team,15.0,0 days 00:01:27.848000,0 days 00:00:28.526000,0 days 00:00:30.121000,0 days 00:00:29.201000,MEDIUM,3.0,True,,,2023,Italian Grand Prix,R,87.848
MAG,Haas F1 Team,16.0,0 days 00:01:27.649000,0 days 00:00:28.491000,0 days 00:00:29.955000,0 days 00:00:29.203000,MEDIUM,4.0,True,,,2023,Italian Grand Prix,R,87.649
MAG,Haas F1 Team,17.0,0 days 00:01:27.589000,0 days 00:00:28.591000,0 days 00:00:29.881000,0 days 00:00:29.117000,MEDIUM,5.0,True,,,2023,Italian Grand Prix,R,87.589
MAG,Haas F1 Team,18.0,0 days 00:01:27.898000,0 days 00:00:28.639000,0 days 00:00:30.033000,0 days 00:00:29.226000,MEDIUM,6.0,True,,,2023,Italian Grand Prix,R,87.898
MAG,Haas F1 Team,19.0,0 days 00:01:27.159000,0 days 00:00:28.481000,0 days 00:00:29.765000,0 days 00:00:28.913000,MEDIUM,7.0,True,,,2023,Italian Grand Prix,R,87.159
MAG,Haas F1 Team,20.0,0 days 00:01:27.011000,0 days 00:00:28.444000,0 days 00:00:29.712000,0 days 00:00:28.855000,MEDIUM,8.0,True,,,2023,Italian Grand Prix,R,87.011
MAG,Haas F1 Team,21.0,0 days 00:01:27.128000,0 days 00:00:28.511000,0 days 00:00:29.794000,0 days 00:00:28.823000,MEDIUM,9.0,True,,,2023,Italian Grand Prix,R,87.128
MAG,Haas F1 Team,22.0,0 days 00:01:27.244000,0 days 00:00:28.549000,0 days 00:00:29.853000,0 days 00:00:28.842000,MEDIUM,10.0,True,,,2023,Italian Grand Prix,R,87.244
MAG,Haas F1 Team,23.0,0 days 00:01:27.492000,0 days 00:00:28.449000,0 days 00:00:29.994000,0 days 00:00:29.049000,MEDIUM,11.0,True,,,2023,Italian Grand Prix,R,87.492
MAG,Haas F1 Team,24.0,0 days 00:01:27.536000,0 days 00:00:28.445000,0 days 00:00:30.082000,0 days 00:00:29.009000,MEDIUM,12.0,True,,,2023,Italian Grand Prix,R,87.536
MAG,Haas F1 Team,25.0,0 days 00:01:27.502000,0 days 00:00:28.508000,0 days 00:00:29.965000,0 days 00:00:29.029000,MEDIUM,13.0,True,,,2023,Italian Grand Prix,R,87.502
MAG,Haas F1 Team,26.0,0 days 00:01:27.418000,0 days 00:00:28.528000,0 days 00:00:29.900000,0 days 00:00:28.990000,MEDIUM,14.0,True,,,2023,Italian Grand Prix,R,87.418
MAG,Haas F1 Team,27.0,0 days 00:01:27.220000,0 days 00:00:28.433000,0 days 00:00:29.916000,0 days 00:00:28.871000,MEDIUM,15.0,True,,,2023,Italian Grand Prix,R,87.22
MAG,Haas F1 Team,28.0,0 days 00:01:27.154000,0 days 00:00:28.416000,0 days 00:00:29.896000,0 days 00:00:28.842000,MEDIUM,16.0,True,,,2023,Italian Grand Prix,R,87.154
MAG,Haas F1 Team,29.0,0 days 00:01:27.344000,0 days 00:00:28.451000,0 days 00:00:30.035000,0 days 00:00:28.858000,MEDIUM,17.0,True,,,2023,Italian Grand Prix,R,87.344
MAG,Haas F1 Team,30.0,0 days 00:01:27.384000,0 days 00:00:28.644000,0 days 00:00:29.980000,0 days 00:00:28.760000,MEDIUM,18.0,True,,,2023,Italian Grand Prix,R,87.384
MAG,Haas F1 Team,31.0,0 days 00:01:27.486000,0 days 00:00:28.622000,0 days 00:00:30.072000,0 days 00:00:28.792000,MEDIUM,19.0,True,,,2023,Italian Grand Prix,R,87.486
MAG,Haas F1 Team,32.0,0 days 00:01:27.556000,0 days 00:00:28.572000,0 days 00:00:30.012000,0 days 00:00:28.972000,MEDIUM,20.0,True,,,2023,Italian Grand Prix,R,87.556
MAG,Haas F1 Team,35.0,0 days 00:01:26.300000,0 days 00:00:28.268000,0 days 00:00:29.624000,0 days 00:00:28.408000,MEDIUM,2.0,True,,,2023,Italian Grand Prix,R,86.3
MAG,Haas F1 Team,36.0,0 days 00:01:26.385000,0 days 00:00:28.249000,0 days 00:00:29.562000,0 days 00:00:28.574000,MEDIUM,3.0,True,,,2023,Italian Grand Prix,R,86.385
MAG,Haas F1 Team,37.0,0 days 00:01:26.454000,0 days 00:00:28.246000,0 days 00:00:29.622000,0 days 00:00:28.586000,MEDIUM,4.0,True,,,2023,Italian Grand Prix,R,86.454
MAG,Haas F1 Team,38.0,0 days 00:01:26.394000,0 days 00:00:28.310000,0 days 00:00:29.553000,0 days 00:00:28.531000,MEDIUM,5.0,True,,,2023,Italian Grand Prix,R,86.394
MAG,Haas F1 Team,39.0,0 days 00:01:30.343000,0 days 00:00:29.520000,0 days 00:00:32.259000,0 days 00:00:28.564000,MEDIUM,6.0,True,,,2023,Italian Grand Prix,R,90.343
MAG,Haas F1 Team,40.0,0 days 00:01:26.696000,0 days 00:00:28.356000,0 days 00:00:29.608000,0 days 00:00:28.732000,MEDIUM,7.0,True,,,2023,Italian Grand Prix,R,86.696
MAG,Haas F1 Team,41.0,0 days 00:01:26.328000,0 days 00:00:28.205000,0 days 00:00:29.630000,0 days 00:00:28.493000,MEDIUM,8.0,True,,,2023,Italian Grand Prix,R,86.328
MAG,Haas F1 Team,42.0,0 days 00:01:26.278000,0 days 00:00:28.185000,0 days 00:00:29.475000,0 days 00:00:28.618000,MEDIUM,9.0,True,,,2023,Italian Grand Prix,R,86.278
MAG,Haas F1 Team,43.0,0 days 00:01:26.511000,0 days 00:00:28.315000,0 days 00:00:29.607000,0 days 00:00:28.589000,MEDIUM,10.0,True,,,2023,Italian Grand Prix,R,86.511
MAG,Haas F1 Team,44.0,0 days 00:01:26.514000,0 days 00:00:28.262000,0 days 00:00:29.531000,0 days 00:00:28.721000,MEDIUM,11.0,True,,,2023,Italian Grand Prix,R,86.514
MAG,Haas F1 Team,45.0,0 days 00:01:26.787000,0 days 00:00:28.339000,0 days 00:00:29.920000,0 days 00:00:28.528000,MEDIUM,12.0,True,,,2023,Italian Grand Prix,R,86.787
MAG,Haas F1 Team,46.0,0 days 00:01:26.983000,0 days 00:00:28.337000,0 days 00:00:29.813000,0 days 00:00:28.833000,MEDIUM,13.0,True,,,2023,Italian Grand Prix,R,86.983
MAG,Haas F1 Team,47.0,0 days 00:01:26.660000,0 days 00:00:28.360000,0 days 00:00:29.534000,0 days 00:00:28.766000,MEDIUM,14.0,True,,,2023,Italian Grand Prix,R,86.66
MAG,Haas F1 Team,48.0,0 days 00:01:26.739000,0 days 00:00:28.156000,0 days 00:00:29.660000,0 days 00:00:28.923000,MEDIUM,15.0,True,,,2023,Italian Grand Prix,R,86.739
MAG,Haas F1 Team,49.0,0 days 00:01:27.054000,0 days 00:00:28.211000,0 days 00:00:29.897000,0 days 00:00:28.946000,MEDIUM,16.0,True,,,2023,Italian Grand Prix,R,87.054
MAG,Haas F1 Team,50.0,0 days 00:01:26.904000,0 days 00:00:28.345000,0 days 00:00:29.456000,0 days 00:00:29.103000,MEDIUM,17.0,True,,,2023,Italian Grand Prix,R,86.904
ALB,Williams,1.0,0 days 00:01:30.785000,,0 days 00:00:30.961000,0 days 00:00:28.839000,MEDIUM,4.0,False,,,2023,Italian Grand Prix,R,90.785
ALB,Williams,2.0,0 days 00:01:27.067000,0 days 00:00:28.248000,0 days 00:00:30.336000,0 days 00:00:28.483000,MEDIUM,5.0,False,,,2023,Italian Grand Prix,R,87.067
ALB,Williams,3.0,0 days 00:01:26.578000,0 days 00:00:28.241000,0 days 00:00:29.807000,0 days 00:00:28.530000,MEDIUM,6.0,False,,,2023,Italian Grand Prix,R,86.578
ALB,Williams,4.0,0 days 00:01:26.684000,0 days 00:00:28.184000,0 days 00:00:29.904000,0 days 00:00:28.596000,MEDIUM,7.0,False,,,2023,Italian Grand Prix,R,86.684
ALB,Williams,5.0,0 days 00:01:26.868000,0 days 00:00:28.009000,0 days 00:00:29.945000,0 days 00:00:28.914000,MEDIUM,8.0,False,,,2023,Italian Grand Prix,R,86.868
ALB,Williams,6.0,0 days 00:01:26.661000,0 days 00:00:28.084000,0 days 00:00:29.831000,0 days 00:00:28.746000,MEDIUM,9.0,False,,,2023,Italian Grand Prix,R,86.661
ALB,Williams,7.0,0 days 00:01:26.773000,0 days 00:00:28.140000,0 days 00:00:29.880000,0 days 00:00:28.753000,MEDIUM,10.0,False,,,2023,Italian Grand Prix,R,86.773
ALB,Williams,8.0,0 days 00:01:26.676000,0 days 00:00:28.164000,0 days 00:00:29.789000,0 days 00:00:28.723000,MEDIUM,11.0,False,,,2023,Italian Grand Prix,R,86.676
ALB,Williams,9.0,0 days 00:01:26.838000,0 days 00:00:28.130000,0 days 00:00:29.905000,0 days 00:00:28.803000,MEDIUM,12.0,False,,,2023,Italian Grand Prix,R,86.838
ALB,Williams,10.0,0 days 00:01:27.305000,0 days 00:00:28.217000,0 days 00:00:30.202000,0 days 00:00:28.886000,MEDIUM,13.0,False,,,2023,Italian Grand Prix,R,87.305
ALB,Williams,11.0,0 days 00:01:27.389000,0 days 00:00:28.210000,0 days 00:00:30.253000,0 days 00:00:28.926000,MEDIUM,14.0,False,,,2023,Italian Grand Prix,R,87.389
ALB,Williams,12.0,0 days 00:01:27.533000,0 days 00:00:28.244000,0 days 00:00:30.301000,0 days 00:00:28.988000,MEDIUM,15.0,False,,,2023,Italian Grand Prix,R,87.533
ALB,Williams,13.0,0 days 00:01:27.676000,0 days 00:00:28.382000,0 days 00:00:30.287000,0 days 00:00:29.007000,MEDIUM,16.0,False,,,2023,Italian Grand Prix,R,87.676
ALB,Williams,14.0,0 days 00:01:27.723000,0 days 00:00:28.419000,0 days 00:00:30.381000,0 days 00:00:28.923000,MEDIUM,17.0,False,,,2023,Italian Grand Prix,R,87.723
ALB,Williams,17.0,0 days 00:01:27.087000,0 days 00:00:28.112000,0 days 00:00:29.907000,0 days 00:00:29.068000,HARD,5.0,False,,,2023,Italian Grand Prix,R,87.087
ALB,Williams,18.0,0 days 00:01:26.893000,0 days 00:00:28.215000,0 days 00:00:29.832000,0 days 00:00:28.846000,HARD,6.0,False,,,2023,Italian Grand Prix,R,86.893
ALB,Williams,19.0,0 days 00:01:27.308000,0 days 00:00:28.421000,0 days 00:00:30.061000,0 days 00:00:28.826000,HARD,7.0,False,,,2023,Italian Grand Prix,R,87.308
ALB,Williams,20.0,0 days 00:01:26.853000,0 days 00:00:28.207000,0 days 00:00:29.964000,0 days 00:00:28.682000,HARD,8.0,False,,,2023,Italian Grand Prix,R,86.853
ALB,Williams,21.0,0 days 00:01:26.601000,0 days 00:00:28.063000,0 days 00:00:29.888000,0 days 00:00:28.650000,HARD,9.0,False,,,2023,Italian Grand Prix,R,86.601
ALB,Williams,22.0,0 days 00:01:26.833000,0 days 00:00:28.065000,0 days 00:00:30.017000,0 days 00:00:28.751000,HARD,10.0,False,,,2023,Italian Grand Prix,R,86.833
ALB,Williams,23.0,0 days 00:01:26.913000,0 days 00:00:28.072000,0 days 00:00:30.021000,0 days 00:00:28.820000,HARD,11.0,False,,,2023,Italian Grand Prix,R,86.913
ALB,Williams,24.0,0 days 00:01:26.748000,0 days 00:00:28.141000,0 days 00:00:29.930000,0 days 00:00:28.677000,HARD,12.0,False,,,2023,Italian Grand Prix,R,86.748
ALB,Williams,25.0,0 days 00:01:26.898000,0 days 00:00:28.176000,0 days 00:00:29.914000,0 days 00:00:28.808000,HARD,13.0,False,,,2023,Italian Grand Prix,R,86.898
ALB,Williams,26.0,0 days 00:01:27.049000,0 days 00:00:28.190000,0 days 00:00:29.944000,0 days 00:00:28.915000,HARD,14.0,False,,,2023,Italian Grand Prix,R,87.049
ALB,Williams,27.0,0 days 00:01:26.735000,0 days 00:00:28.082000,0 days 00:00:29.815000,0 days 00:00:28.838000,HARD,15.0,False,,,2023,Italian Grand Prix,R,86.735
ALB,Williams,28.0,0 days 00:01:27.024000,0 days 00:00:28.288000,0 days 00:00:29.896000,0 days 00:00:28.840000,HARD,16.0,False,,,2023,Italian Grand Prix,R,87.024
ALB,Williams,29.0,0 days 00:01:26.977000,0 days 00:00:28.186000,0 days 00:00:29.957000,0 days 00:00:28.834000,HARD,17.0,False,,,2023,Italian Grand Prix,R,86.977
ALB,Williams,30.0,0 days 00:01:26.940000,0 days 00:00:28.382000,0 days 00:00:29.892000,0 days 00:00:28.666000,HARD,18.0,False,,,2023,Italian Grand Prix,R,86.94
ALB,Williams,31.0,0 days 00:01:26.735000,0 days 00:00:28.290000,0 days 00:00:29.916000,0 days 00:00:28.529000,HARD,19.0,False,,,2023,Italian Grand Prix,R,86.735
ALB,Williams,32.0,0 days 00:01:26.432000,0 days 00:00:28.117000,0 days 00:00:29.915000,0 days 00:00:28.400000,HARD,20.0,False,,,2023,Italian Grand Prix,R,86.432
ALB,Williams,33.0,0 days 00:01:26.389000,0 days 00:00:28.232000,0 days 00:00:29.706000,0 days 00:00:28.451000,HARD,21.0,False,,,2023,Italian Grand Prix,R,86.389
ALB,Williams,34.0,0 days 00:01:26.579000,0 days 00:00:28.181000,0 days 00:00:29.900000,0 days 00:00:28.498000,HARD,22.0,False,,,2023,Italian Grand Prix,R,86.579
ALB,Williams,35.0,0 days 00:01:26.545000,0 days 00:00:28.217000,0 days 00:00:29.901000,0 days 00:00:28.427000,HARD,23.0,False,,,2023,Italian Grand Prix,R,86.545
ALB,Williams,36.0,0 days 00:01:26.981000,0 days 00:00:28.478000,0 days 00:00:30.039000,0 days 00:00:28.464000,HARD,24.0,False,,,2023,Italian Grand Prix,R,86.981
ALB,Williams,37.0,0 days 00:01:26.831000,0 days 00:00:28.361000,0 days 00:00:29.997000,0 days 00:00:28.473000,HARD,25.0,False,,,2023,Italian Grand Prix,R,86.831
ALB,Williams,38.0,0 days 00:01:27.370000,0 days 00:00:28.615000,0 days 00:00:30.113000,0 days 00:00:28.642000,HARD,26.0,False,,,2023,Italian Grand Prix,R,87.37
ALB,Williams,39.0,0 days 00:01:26.802000,0 days 00:00:28.267000,0 days 00:00:30.116000,0 days 00:00:28.419000,HARD,27.0,False,,,2023,Italian Grand Prix,R,86.802
ALB,Williams,40.0,0 days 00:01:26.572000,0 days 00:00:28.148000,0 days 00:00:30.040000,0 days 00:00:28.384000,HARD,28.0,False,,,2023,Italian Grand Prix,R,86.572
ALB,Williams,41.0,0 days 00:01:26.675000,0 days 00:00:28.205000,0 days 00:00:30.008000,0 days 00:00:28.462000,HARD,29.0,False,,,2023,Italian Grand Prix,R,86.675
ALB,Williams,42.0,0 days 00:01:26.708000,0 days 00:00:28.164000,0 days 00:00:30.191000,0 days 00:00:28.353000,HARD,30.0,False,,,2023,Italian Grand Prix,R,86.708
ALB,Williams,43.0,0 days 00:01:26.913000,0 days 00:00:28.435000,0 days 00:00:30.083000,0 days 00:00:28.395000,HARD,31.0,False,,,2023,Italian Grand Prix,R,86.913
ALB,Williams,44.0,0 days 00:01:27.725000,0 days 00:00:28.419000,0 days 00:00:30.879000,0 days 00:00:28.427000,HARD,32.0,False,,,2023,Italian Grand Prix,R,87.725
ALB,Williams,45.0,0 days 00:01:26.907000,0 days 00:00:28.291000,0 days 00:00:30.171000,0 days 00:00:28.445000,HARD,33.0,False,,,2023,Italian Grand Prix,R,86.907
ALB,Williams,46.0,0 days 00:01:27.252000,0 days 00:00:28.431000,0 days 00:00:30.313000,0 days 00:00:28.508000,HARD,34.0,False,,,2023,Italian Grand Prix,R,87.252
ALB,Williams,47.0,0 days 00:01:28.491000,0 days 00:00:28.978000,0 days 00:00:31.009000,0 days 00:00:28.504000,HARD,35.0,False,,,2023,Italian Grand Prix,R,88.491
ALB,Williams,48.0,0 days 00:01:26.822000,0 days 00:00:28.118000,0 days 00:00:30.185000,0 days 00:00:28.519000,HARD,36.0,False,,,2023,Italian Grand Prix,R,86.822
ALB,Williams,49.0,0 days 00:01:27.569000,0 days 00:00:28.348000,0 days 00:00:30.647000,0 days 00:00:28.574000,HARD,37.0,False,,,2023,Italian Grand Prix,R,87.569
ALB,Williams,50.0,0 days 00:01:27.197000,0 days 00:00:28.281000,0 days 00:00:30.432000,0 days 00:00:28.484000,HARD,38.0,False,,,2023,Italian Grand Prix,R,87.197
ALB,Williams,51.0,0 days 00:01:27.433000,0 days 00:00:28.523000,0 days 00:00:30.280000,0 days 00:00:28.630000,HARD,39.0,False,,,2023,Italian Grand Prix,R,87.433
ZHO,Alfa Romeo,2.0,0 days 00:01:28.167000,0 days 00:00:28.482000,0 days 00:00:30.515000,0 days 00:00:29.170000,MEDIUM,2.0,True,,,2023,Italian Grand Prix,R,88.167
ZHO,Alfa Romeo,3.0,0 days 00:01:27.871000,0 days 00:00:28.482000,0 days 00:00:30.136000,0 days 00:00:29.253000,MEDIUM,3.0,True,,,2023,Italian Grand Prix,R,87.871
ZHO,Alfa Romeo,4.0,0 days 00:01:27.615000,0 days 00:00:28.252000,0 days 00:00:30.256000,0 days 00:00:29.107000,MEDIUM,4.0,True,,,2023,Italian Grand Prix,R,87.615
ZHO,Alfa Romeo,5.0,0 days 00:01:27.535000,0 days 00:00:28.265000,0 days 00:00:30.158000,0 days 00:00:29.112000,MEDIUM,5.0,True,,,2023,Italian Grand Prix,R,87.535
ZHO,Alfa Romeo,6.0,0 days 00:01:27.066000,0 days 00:00:28.146000,0 days 00:00:29.921000,0 days 00:00:28.999000,MEDIUM,6.0,True,,,2023,Italian Grand Prix,R,87.066
ZHO,Alfa Romeo,7.0,0 days 00:01:27.185000,0 days 00:00:28.067000,0 days 00:00:30.070000,0 days 00:00:29.048000,MEDIUM,7.0,True,,,2023,Italian Grand Prix,R,87.185
ZHO,Alfa Romeo,8.0,0 days 00:01:27.253000,0 days 00:00:27.989000,0 days 00:00:30.129000,0 days 00:00:29.135000,MEDIUM,8.0,True,,,2023,Italian Grand Prix,R,87.253
ZHO,Alfa Romeo,9.0,0 days 00:01:27.416000,0 days 00:00:28.063000,0 days 00:00:30.105000,0 days 00:00:29.248000,MEDIUM,9.0,True,,,2023,Italian Grand Prix,R,87.416
ZHO,Alfa Romeo,10.0,0 days 00:01:27.544000,0 days 00:00:28.204000,0 days 00:00:30.149000,0 days 00:00:29.191000,MEDIUM,10.0,True,,,2023,Italian Grand Prix,R,87.544
ZHO,Alfa Romeo,13.0,0 days 00:01:26.253000,0 days 00:00:28.148000,0 days 00:00:29.593000,0 days 00:00:28.512000,HARD,5.0,False,,,2023,Italian Grand Prix,R,86.253
ZHO,Alfa Romeo,14.0,0 days 00:01:27.775000,0 days 00:00:28.460000,0 days 00:00:30.365000,0 days 00:00:28.950000,HARD,6.0,False,,,2023,Italian Grand Prix,R,87.775
ZHO,Alfa Romeo,15.0,0 days 00:01:27.645000,0 days 00:00:28.406000,0 days 00:00:30.302000,0 days 00:00:28.937000,HARD,7.0,False,,,2023,Italian Grand Prix,R,87.645
ZHO,Alfa Romeo,16.0,0 days 00:01:27.153000,0 days 00:00:28.446000,0 days 00:00:30.051000,0 days 00:00:28.656000,HARD,8.0,False,,,2023,Italian Grand Prix,R,87.153
ZHO,Alfa Romeo,17.0,0 days 00:01:26.866000,0 days 00:00:28.172000,0 days 00:00:29.873000,0 days 00:00:28.821000,HARD,9.0,False,,,2023,Italian Grand Prix,R,86.866
ZHO,Alfa Romeo,18.0,0 days 00:01:27.055000,0 days 00:00:28.160000,0 days 00:00:30.123000,0 days 00:00:28.772000,HARD,10.0,False,,,2023,Italian Grand Prix,R,87.055
ZHO,Alfa Romeo,19.0,0 days 00:01:27.347000,0 days 00:00:28.441000,0 days 00:00:30.125000,0 days 00:00:28.781000,HARD,11.0,False,,,2023,Italian Grand Prix,R,87.347
ZHO,Alfa Romeo,20.0,0 days 00:01:27.075000,0 days 00:00:28.351000,0 days 00:00:29.988000,0 days 00:00:28.736000,HARD,12.0,False,,,2023,Italian Grand Prix,R,87.075
ZHO,Alfa Romeo,21.0,0 days 00:01:27.170000,0 days 00:00:28.288000,0 days 00:00:30.072000,0 days 00:00:28.810000,HARD,13.0,False,,,2023,Italian Grand Prix,R,87.17
ZHO,Alfa Romeo,22.0,0 days 00:01:27.333000,0 days 00:00:28.194000,0 days 00:00:30.055000,0 days 00:00:29.084000,HARD,14.0,False,,,2023,Italian Grand Prix,R,87.333
ZHO,Alfa Romeo,23.0,0 days 00:01:27.285000,0 days 00:00:28.295000,0 days 00:00:30.100000,0 days 00:00:28.890000,HARD,15.0,False,,,2023,Italian Grand Prix,R,87.285
ZHO,Alfa Romeo,24.0,0 days 00:01:27.153000,0 days 00:00:28.236000,0 days 00:00:30.034000,0 days 00:00:28.883000,HARD,16.0,False,,,2023,Italian Grand Prix,R,87.153
ZHO,Alfa Romeo,25.0,0 days 00:01:27.028000,0 days 00:00:28.099000,0 days 00:00:29.997000,0 days 00:00:28.932000,HARD,17.0,False,,,2023,Italian Grand Prix,R,87.028
ZHO,Alfa Romeo,26.0,0 days 00:01:27.164000,0 days 00:00:28.167000,0 days 00:00:30.017000,0 days 00:00:28.980000,HARD,18.0,False,,,2023,Italian Grand Prix,R,87.164
ZHO,Alfa Romeo,27.0,0 days 00:01:27.348000,0 days 00:00:28.220000,0 days 00:00:30.206000,0 days 00:00:28.922000,HARD,19.0,False,,,2023,Italian Grand Prix,R,87.348
ZHO,Alfa Romeo,28.0,0 days 00:01:27.858000,0 days 00:00:28.358000,0 days 00:00:30.492000,0 days 00:00:29.008000,HARD,20.0,False,,,2023,Italian Grand Prix,R,87.858
ZHO,Alfa Romeo,29.0,0 days 00:01:27.356000,0 days 00:00:28.267000,0 days 00:00:30.155000,0 days 00:00:28.934000,HARD,21.0,False,,,2023,Italian Grand Prix,R,87.356
ZHO,Alfa Romeo,30.0,0 days 00:01:27.442000,0 days 00:00:28.302000,0 days 00:00:30.279000,0 days 00:00:28.861000,HARD,22.0,False,,,2023,Italian Grand Prix,R,87.442
ZHO,Alfa Romeo,31.0,0 days 00:01:27.683000,0 days 00:00:28.211000,0 days 00:00:30.480000,0 days 00:00:28.992000,HARD,23.0,False,,,2023,Italian Grand Prix,R,87.683
ZHO,Alfa Romeo,32.0,0 days 00:01:27.820000,0 days 00:00:28.341000,0 days 00:00:30.496000,0 days 00:00:28.983000,HARD,24.0,False,,,2023,Italian Grand Prix,R,87.82
ZHO,Alfa Romeo,35.0,0 days 00:01:25.983000,0 days 00:00:27.928000,0 days 00:00:29.600000,0 days 00:00:28.455000,MEDIUM,2.0,True,,,2023,Italian Grand Prix,R,85.983
ZHO,Alfa Romeo,36.0,0 days 00:01:26.935000,0 days 00:00:28.198000,0 days 00:00:30.010000,0 days 00:00:28.727000,MEDIUM,3.0,True,,,2023,Italian Grand Prix,R,86.935
ZHO,Alfa Romeo,37.0,0 days 00:01:26.700000,0 days 00:00:28.234000,0 days 00:00:29.862000,0 days 00:00:28.604000,MEDIUM,4.0,True,,,2023,Italian Grand Prix,R,86.7
ZHO,Alfa Romeo,38.0,0 days 00:01:26.503000,0 days 00:00:28.223000,0 days 00:00:29.783000,0 days 00:00:28.497000,MEDIUM,5.0,True,,,2023,Italian Grand Prix,R,86.503
ZHO,Alfa Romeo,39.0,0 days 00:01:26.473000,0 days 00:00:28.152000,0 days 00:00:29.831000,0 days 00:00:28.490000,MEDIUM,6.0,True,,,2023,Italian Grand Prix,R,86.473
ZHO,Alfa Romeo,40.0,0 days 00:01:26.406000,0 days 00:00:28.171000,0 days 00:00:29.731000,0 days 00:00:28.504000,MEDIUM,7.0,True,,,2023,Italian Grand Prix,R,86.406
ZHO,Alfa Romeo,41.0,0 days 00:01:26.600000,0 days 00:00:28.255000,0 days 00:00:29.765000,0 days 00:00:28.580000,MEDIUM,8.0,True,,,2023,Italian Grand Prix,R,86.6
ZHO,Alfa Romeo,42.0,0 days 00:01:26.671000,0 days 00:00:28.220000,0 days 00:00:29.943000,0 days 00:00:28.508000,MEDIUM,9.0,True,,,2023,Italian Grand Prix,R,86.671
ZHO,Alfa Romeo,43.0,0 days 00:01:26.288000,0 days 00:00:28.075000,0 days 00:00:29.782000,0 days 00:00:28.431000,MEDIUM,10.0,True,,,2023,Italian Grand Prix,R,86.288
ZHO,Alfa Romeo,44.0,0 days 00:01:26.313000,0 days 00:00:28.194000,0 days 00:00:29.769000,0 days 00:00:28.350000,MEDIUM,11.0,True,,,2023,Italian Grand Prix,R,86.313
ZHO,Alfa Romeo,45.0,0 days 00:01:26.461000,0 days 00:00:28.195000,0 days 00:00:29.845000,0 days 00:00:28.421000,MEDIUM,12.0,True,,,2023,Italian Grand Prix,R,86.461
ZHO,Alfa Romeo,46.0,0 days 00:01:26.134000,0 days 00:00:28.096000,0 days 00:00:29.697000,0 days 00:00:28.341000,MEDIUM,13.0,True,,,2023,Italian Grand Prix,R,86.134
ZHO,Alfa Romeo,47.0,0 days 00:01:26.305000,0 days 00:00:28.082000,0 days 00:00:29.760000,0 days 00:00:28.463000,MEDIUM,14.0,True,,,2023,Italian Grand Prix,R,86.305
ZHO,Alfa Romeo,48.0,0 days 00:01:26.448000,0 days 00:00:28.102000,0 days 00:00:29.781000,0 days 00:00:28.565000,MEDIUM,15.0,True,,,2023,Italian Grand Prix,R,86.448
ZHO,Alfa Romeo,49.0,0 days 00:01:28.825000,0 days 00:00:27.755000,0 days 00:00:31.747000,0 days 00:00:29.323000,MEDIUM,16.0,True,,,2023,Italian Grand Prix,R,88.825
ZHO,Alfa Romeo,50.0,0 days 00:01:26.768000,0 days 00:00:28.313000,0 days 00:00:29.952000,0 days 00:00:28.503000,MEDIUM,17.0,True,,,2023,Italian Grand Prix,R,86.768
HUL,Haas F1 Team,1.0,0 days 00:01:32.720000,,0 days 00:00:31.435000,0 days 00:00:29.179000,MEDIUM,4.0,False,,,2023,Italian Grand Prix,R,92.72
HUL,Haas F1 Team,2.0,0 days 00:01:27.920000,0 days 00:00:28.659000,0 days 00:00:30.195000,0 days 00:00:29.066000,MEDIUM,5.0,False,,,2023,Italian Grand Prix,R,87.92
HUL,Haas F1 Team,3.0,0 days 00:01:27.360000,0 days 00:00:28.522000,0 days 00:00:30.018000,0 days 00:00:28.820000,MEDIUM,6.0,False,,,2023,Italian Grand Prix,R,87.36
HUL,Haas F1 Team,4.0,0 days 00:01:27.200000,0 days 00:00:28.353000,0 days 00:00:30.179000,0 days 00:00:28.668000,MEDIUM,7.0,False,,,2023,Italian Grand Prix,R,87.2
HUL,Haas F1 Team,5.0,0 days 00:01:27.035000,0 days 00:00:28.304000,0 days 00:00:29.951000,0 days 00:00:28.780000,MEDIUM,8.0,False,,,2023,Italian Grand Prix,R,87.035
HUL,Haas F1 Team,6.0,0 days 00:01:27.169000,0 days 00:00:28.369000,0 days 00:00:29.990000,0 days 00:00:28.810000,MEDIUM,9.0,False,,,2023,Italian Grand Prix,R,87.169
HUL,Haas F1 Team,7.0,0 days 00:01:27.465000,0 days 00:00:28.474000,0 days 00:00:30.088000,0 days 00:00:28.903000,MEDIUM,10.0,False,,,2023,Italian Grand Prix,R,87.465
HUL,Haas F1 Team,8.0,0 days 00:01:28.059000,0 days 00:00:28.665000,0 days 00:00:30.421000,0 days 00:00:28.973000,MEDIUM,11.0,False,,,2023,Italian Grand Prix,R,88.059
HUL,Haas F1 Team,9.0,0 days 00:01:27.481000,0 days 00:00:28.412000,0 days 00:00:30.067000,0 days 00:00:29.002000,MEDIUM,12.0,False,,,2023,Italian Grand Prix,R,87.481
HUL,Haas F1 Team,10.0,0 days 00:01:27.563000,0 days 00:00:28.453000,0 days 00:00:30.170000,0 days 00:00:28.940000,MEDIUM,13.0,False,,,2023,Italian Grand Prix,R,87.563
HUL,Haas F1 Team,11.0,0 days 00:01:28.055000,0 days 00:00:28.668000,0 days 00:00:30.428000,0 days 00:00:28.959000,MEDIUM,14.0,False,,,2023,Italian Grand Prix,R,88.055
HUL,Haas F1 Team,12.0,0 days 00:01:29.091000,0 days 00:00:29.194000,0 days 00:00:30.785000,0 days 00:00:29.112000,MEDIUM,15.0,False,,,2023,Italian Grand Prix,R,89.091
HUL,Haas F1 Team,13.0,0 days 00:01:28.009000,0 days 00:00:28.418000,0 days 00:00:30.638000,0 days 00:00:28.953000,MEDIUM,16.0,False,,,2023,Italian Grand Prix,R,88.009
HUL,Haas F1 Team,16.0,0 days 00:01:26.990000,0 days 00:00:28.381000,0 days 00:00:29.965000,0 days 00:00:28.644000,HARD,7.0,False,,,2023,Italian Grand Prix,R,86.99
HUL,Haas F1 Team,17.0,0 days 00:01:26.988000,0 days 00:00:28.315000,0 days 00:00:29.968000,0 days 00:00:28.705000,HARD,8.0,False,,,2023,Italian Grand Prix,R,86.988
HUL,Haas F1 Team,18.0,0 days 00:01:27.294000,0 days 00:00:28.432000,0 days 00:00:30.085000,0 days 00:00:28.777000,HARD,9.0,False,,,2023,Italian Grand Prix,R,87.294
HUL,Haas F1 Team,19.0,0 days 00:01:27.312000,0 days 00:00:28.491000,0 days 00:00:30.078000,0 days 00:00:28.743000,HARD,10.0,False,,,2023,Italian Grand Prix,R,87.312
HUL,Haas F1 Team,20.0,0 days 00:01:27.078000,0 days 00:00:28.437000,0 days 00:00:29.930000,0 days 00:00:28.711000,HARD,11.0,False,,,2023,Italian Grand Prix,R,87.078
HUL,Haas F1 Team,21.0,0 days 00:01:27.161000,0 days 00:00:28.445000,0 days 00:00:29.983000,0 days 00:00:28.733000,HARD,12.0,False,,,2023,Italian Grand Prix,R,87.161
HUL,Haas F1 Team,22.0,0 days 00:01:27.074000,0 days 00:00:28.383000,0 days 00:00:30.088000,0 days 00:00:28.603000,HARD,13.0,False,,,2023,Italian Grand Prix,R,87.074
HUL,Haas F1 Team,23.0,0 days 00:01:27.290000,0 days 00:00:28.497000,0 days 00:00:30.184000,0 days 00:00:28.609000,HARD,14.0,False,,,2023,Italian Grand Prix,R,87.29
HUL,Haas F1 Team,24.0,0 days 00:01:27.143000,0 days 00:00:28.320000,0 days 00:00:30.111000,0 days 00:00:28.712000,HARD,15.0,False,,,2023,Italian Grand Prix,R,87.143
HUL,Haas F1 Team,25.0,0 days 00:01:27.229000,0 days 00:00:28.362000,0 days 00:00:30.216000,0 days 00:00:28.651000,HARD,16.0,False,,,2023,Italian Grand Prix,R,87.229
HUL,Haas F1 Team,26.0,0 days 00:01:27.344000,0 days 00:00:28.518000,0 days 00:00:30.161000,0 days 00:00:28.665000,HARD,17.0,False,,,2023,Italian Grand Prix,R,87.344
HUL,Haas F1 Team,27.0,0 days 00:01:27.080000,0 days 00:00:28.425000,0 days 00:00:29.874000,0 days 00:00:28.781000,HARD,18.0,False,,,2023,Italian Grand Prix,R,87.08
HUL,Haas F1 Team,28.0,0 days 00:01:27.600000,0 days 00:00:28.478000,0 days 00:00:30.261000,0 days 00:00:28.861000,HARD,19.0,False,,,2023,Italian Grand Prix,R,87.6
HUL,Haas F1 Team,29.0,0 days 00:01:27.466000,0 days 00:00:28.456000,0 days 00:00:30.060000,0 days 00:00:28.950000,HARD,20.0,False,,,2023,Italian Grand Prix,R,87.466
HUL,Haas F1 Team,30.0,0 days 00:01:27.775000,0 days 00:00:28.736000,0 days 00:00:30.201000,0 days 00:00:28.838000,HARD,21.0,False,,,2023,Italian Grand Prix,R,87.775
HUL,Haas F1 Team,31.0,0 days 00:01:27.547000,0 days 00:00:28.462000,0 days 00:00:30.232000,0 days 00:00:28.853000,HARD,22.0,False,,,2023,Italian Grand Prix,R,87.547
HUL,Haas F1 Team,32.0,0 days 00:01:27.976000,0 days 00:00:28.523000,0 days 00:00:30.448000,0 days 00:00:29.005000,HARD,23.0,False,,,2023,Italian Grand Prix,R,87.976
HUL,Haas F1 Team,33.0,0 days 00:01:28.575000,0 days 00:00:28.554000,0 days 00:00:30.436000,0 days 00:00:29.585000,HARD,24.0,False,,,2023,Italian Grand Prix,R,88.575
HUL,Haas F1 Team,34.0,0 days 00:01:27.991000,0 days 00:00:28.409000,0 days 00:00:30.641000,0 days 00:00:28.941000,HARD,25.0,False,,,2023,Italian Grand Prix,R,87.991
HUL,Haas F1 Team,35.0,0 days 00:01:27.945000,0 days 00:00:28.476000,0 days 00:00:30.448000,0 days 00:00:29.021000,HARD,26.0,False,,,2023,Italian Grand Prix,R,87.945
HUL,Haas F1 Team,36.0,0 days 00:01:28.084000,0 days 00:00:28.527000,0 days 00:00:30.275000,0 days 00:00:29.282000,HARD,27.0,False,,,2023,Italian Grand Prix,R,88.084
HUL,Haas F1 Team,37.0,0 days 00:01:28.006000,0 days 00:00:28.515000,0 days 00:00:30.466000,0 days 00:00:29.025000,HARD,28.0,False,,,2023,Italian Grand Prix,R,88.006
HUL,Haas F1 Team,38.0,0 days 00:01:28.969000,0 days 00:00:29.096000,0 days 00:00:30.844000,0 days 00:00:29.029000,HARD,29.0,False,,,2023,Italian Grand Prix,R,88.969
HUL,Haas F1 Team,41.0,0 days 00:01:26.395000,0 days 00:00:28.215000,0 days 00:00:29.637000,0 days 00:00:28.543000,MEDIUM,5.0,False,,,2023,Italian Grand Prix,R,86.395
HUL,Haas F1 Team,42.0,0 days 00:01:26.102000,0 days 00:00:28.299000,0 days 00:00:29.405000,0 days 00:00:28.398000,MEDIUM,6.0,False,,,2023,Italian Grand Prix,R,86.102
HUL,Haas F1 Team,43.0,0 days 00:01:26.234000,0 days 00:00:28.341000,0 days 00:00:29.487000,0 days 00:00:28.406000,MEDIUM,7.0,False,,,2023,Italian Grand Prix,R,86.234
HUL,Haas F1 Team,44.0,0 days 00:01:26.459000,0 days 00:00:28.307000,0 days 00:00:29.626000,0 days 00:00:28.526000,MEDIUM,8.0,False,,,2023,Italian Grand Prix,R,86.459
HUL,Haas F1 Team,45.0,0 days 00:01:26.723000,0 days 00:00:28.329000,0 days 00:00:29.675000,0 days 00:00:28.719000,MEDIUM,9.0,False,,,2023,Italian Grand Prix,R,86.723
HUL,Haas F1 Team,46.0,0 days 00:01:26.645000,0 days 00:00:28.345000,0 days 00:00:29.762000,0 days 00:00:28.538000,MEDIUM,10.0,False,,,2023,Italian Grand Prix,R,86.645
HUL,Haas F1 Team,47.0,0 days 00:01:26.251000,0 days 00:00:28.251000,0 days 00:00:29.531000,0 days 00:00:28.469000,MEDIUM,11.0,False,,,2023,Italian Grand Prix,R,86.251
HUL,Haas F1 Team,48.0,0 days 00:01:26.359000,0 days 00:00:28.286000,0 days 00:00:29.718000,0 days 00:00:28.355000,MEDIUM,12.0,False,,,2023,Italian Grand Prix,R,86.359
HUL,Haas F1 Team,49.0,0 days 00:01:25.981000,0 days 00:00:28.367000,0 days 00:00:29.430000,0 days 00:00:28.184000,MEDIUM,13.0,False,,,2023,Italian Grand Prix,R,85.981
HUL,Haas F1 Team,50.0,0 days 00:01:25.894000,0 days 00:00:28.274000,0 days 00:00:29.497000,0 days 00:00:28.123000,MEDIUM,14.0,False,,,2023,Italian Grand Prix,R,85.894
OCO,Alpine,2.0,0 days 00:01:28.667000,0 days 00:00:28.747000,0 days 00:00:30.479000,0 days 00:00:29.441000,MEDIUM,2.0,True,,,2023,Italian Grand Prix,R,88.667
OCO,Alpine,3.0,0 days 00:01:27.822000,0 days 00:00:28.679000,0 days 00:00:29.905000,0 days 00:00:29.238000,MEDIUM,3.0,True,,,2023,Italian Grand Prix,R,87.822
OCO,Alpine,4.0,0 days 00:01:27.582000,0 days 00:00:28.339000,0 days 00:00:30.071000,0 days 00:00:29.172000,MEDIUM,4.0,True,,,2023,Italian Grand Prix,R,87.582
OCO,Alpine,5.0,0 days 00:01:27.385000,0 days 00:00:28.234000,0 days 00:00:30.001000,0 days 00:00:29.150000,MEDIUM,5.0,True,,,2023,Italian Grand Prix,R,87.385
OCO,Alpine,6.0,0 days 00:01:27.306000,0 days 00:00:28.228000,0 days 00:00:30.062000,0 days 00:00:29.016000,MEDIUM,6.0,True,,,2023,Italian Grand Prix,R,87.306
OCO,Alpine,7.0,0 days 00:01:27.117000,0 days 00:00:28.258000,0 days 00:00:29.794000,0 days 00:00:29.065000,MEDIUM,7.0,True,,,2023,Italian Grand Prix,R,87.117
OCO,Alpine,8.0,0 days 00:01:27.309000,0 days 00:00:28.190000,0 days 00:00:29.948000,0 days 00:00:29.171000,MEDIUM,8.0,True,,,2023,Italian Grand Prix,R,87.309
OCO,Alpine,9.0,0 days 00:01:27.396000,0 days 00:00:28.202000,0 days 00:00:30.053000,0 days 00:00:29.141000,MEDIUM,9.0,True,,,2023,Italian Grand Prix,R,87.396
OCO,Alpine,10.0,0 days 00:01:27.607000,0 days 00:00:28.372000,0 days 00:00:30.045000,0 days 00:00:29.190000,MEDIUM,10.0,True,,,2023,Italian Grand Prix,R,87.607
OCO,Alpine,11.0,0 days 00:01:27.738000,0 days 00:00:28.301000,0 days 00:00:30.405000,0 days 00:00:29.032000,MEDIUM,11.0,True,,,2023,Italian Grand Prix,R,87.738
OCO,Alpine,12.0,0 days 00:01:28.232000,0 days 00:00:28.571000,0 days 00:00:30.347000,0 days 00:00:29.314000,MEDIUM,12.0,True,,,2023,Italian Grand Prix,R,88.232
OCO,Alpine,13.0,0 days 00:01:27.855000,0 days 00:00:28.362000,0 days 00:00:30.343000,0 days 00:00:29.150000,MEDIUM,13.0,True,,,2023,Italian Grand Prix,R,87.855
OCO,Alpine,14.0,0 days 00:01:28.091000,0 days 00:00:28.417000,0 days 00:00:30.356000,0 days 00:00:29.318000,MEDIUM,14.0,True,,,2023,Italian Grand Prix,R,88.091
OCO,Alpine,15.0,0 days 00:01:28.197000,0 days 00:00:28.460000,0 days 00:00:30.513000,0 days 00:00:29.224000,MEDIUM,15.0,True,,,2023,Italian Grand Prix,R,88.197
OCO,Alpine,16.0,0 days 00:01:28.249000,0 days 00:00:28.678000,0 days 00:00:30.517000,0 days 00:00:29.054000,MEDIUM,16.0,True,,,2023,Italian Grand Prix,R,88.249
OCO,Alpine,17.0,0 days 00:01:28.111000,0 days 00:00:28.605000,0 days 00:00:30.381000,0 days 00:00:29.125000,MEDIUM,17.0,True,,,2023,Italian Grand Prix,R,88.111
OCO,Alpine,18.0,0 days 00:01:28.261000,0 days 00:00:28.629000,0 days 00:00:30.459000,0 days 00:00:29.173000,MEDIUM,18.0,True,,,2023,Italian Grand Prix,R,88.261
OCO,Alpine,19.0,0 days 00:01:28.216000,0 days 00:00:28.699000,0 days 00:00:30.382000,0 days 00:00:29.135000,MEDIUM,19.0,True,,,2023,Italian Grand Prix,R,88.216
OCO,Alpine,20.0,0 days 00:01:29.387000,0 days 00:00:29.677000,0 days 00:00:30.625000,0 days 00:00:29.085000,MEDIUM,20.0,True,,,2023,Italian Grand Prix,R,89.387
OCO,Alpine,21.0,0 days 00:01:28.489000,0 days 00:00:28.711000,0 days 00:00:30.436000,0 days 00:00:29.342000,MEDIUM,21.0,True,,,2023,Italian Grand Prix,R,88.489
OCO,Alpine,22.0,0 days 00:01:28.884000,0 days 00:00:28.762000,0 days 00:00:30.700000,0 days 00:00:29.422000,MEDIUM,22.0,True,,,2023,Italian Grand Prix,R,88.884
OCO,Alpine,23.0,0 days 00:01:29.474000,0 days 00:00:29.428000,0 days 00:00:30.719000,0 days 00:00:29.327000,MEDIUM,23.0,True,,,2023,Italian Grand Prix,R,89.474
OCO,Alpine,26.0,0 days 00:01:27.158000,0 days 00:00:28.335000,0 days 00:00:29.913000,0 days 00:00:28.910000,HARD,5.0,False,,,2023,Italian Grand Prix,R,87.158
OCO,Alpine,27.0,0 days 00:01:27.119000,0 days 00:00:28.322000,0 days 00:00:29.933000,0 days 00:00:28.864000,HARD,6.0,False,,,2023,Italian Grand Prix,R,87.119
OCO,Alpine,28.0,0 days 00:01:27.190000,0 days 00:00:28.381000,0 days 00:00:30.046000,0 days 00:00:28.763000,HARD,7.0,False,,,2023,Italian Grand Prix,R,87.19
OCO,Alpine,29.0,0 days 00:01:27.350000,0 days 00:00:28.439000,0 days 00:00:30.125000,0 days 00:00:28.786000,HARD,8.0,False,,,2023,Italian Grand Prix,R,87.35
OCO,Alpine,30.0,0 days 00:01:27.308000,0 days 00:00:28.472000,0 days 00:00:30.064000,0 days 00:00:28.772000,HARD,9.0,False,,,2023,Italian Grand Prix,R,87.308
OCO,Alpine,31.0,0 days 00:01:27.208000,0 days 00:00:28.424000,0 days 00:00:29.972000,0 days 00:00:28.812000,HARD,10.0,False,,,2023,Italian Grand Prix,R,87.208
OCO,Alpine,32.0,0 days 00:01:27.119000,0 days 00:00:28.426000,0 days 00:00:29.892000,0 days 00:00:28.801000,HARD,11.0,False,,,2023,Italian Grand Prix,R,87.119
OCO,Alpine,33.0,0 days 00:01:26.963000,0 days 00:00:28.305000,0 days 00:00:29.946000,0 days 00:00:28.712000,HARD,12.0,False,,,2023,Italian Grand Prix,R,86.963
OCO,Alpine,34.0,0 days 00:01:27.626000,0 days 00:00:28.494000,0 days 00:00:30.238000,0 days 00:00:28.894000,HARD,13.0,False,,,2023,Italian Grand Prix,R,87.626
OCO,Alpine,35.0,0 days 00:01:27.441000,0 days 00:00:28.604000,0 days 00:00:30.054000,0 days 00:00:28.783000,HARD,14.0,False,,,2023,Italian Grand Prix,R,87.441
OCO,Alpine,36.0,0 days 00:01:27.476000,0 days 00:00:28.527000,0 days 00:00:30.087000,0 days 00:00:28.862000,HARD,15.0,False,,,2023,Italian Grand Prix,R,87.476
OCO,Alpine,37.0,0 days 00:01:27.429000,0 days 00:00:28.474000,0 days 00:00:30.165000,0 days 00:00:28.790000,HARD,16.0,False,,,2023,Italian Grand Prix,R,87.429
OCO,Alpine,38.0,0 days 00:01:27.079000,0 days 00:00:28.461000,0 days 00:00:29.890000,0 days 00:00:28.728000,HARD,17.0,False,,,2023,Italian Grand Prix,R,87.079
NOR,McLaren,1.0,0 days 00:01:31.513000,,0 days 00:00:31.119000,0 days 00:00:28.885000,MEDIUM,1.0,True,,,2023,Italian Grand Prix,R,91.513
NOR,McLaren,2.0,0 days 00:01:27.575000,0 days 00:00:28.537000,0 days 00:00:30.360000,0 days 00:00:28.678000,MEDIUM,2.0,True,,,2023,Italian Grand Prix,R,87.575
NOR,McLaren,3.0,0 days 00:01:27.105000,0 days 00:00:28.693000,0 days 00:00:29.848000,0 days 00:00:28.564000,MEDIUM,3.0,True,,,2023,Italian Grand Prix,R,87.105
NOR,McLaren,4.0,0 days 00:01:27.069000,0 days 00:00:28.445000,0 days 00:00:29.988000,0 days 00:00:28.636000,MEDIUM,4.0,True,,,2023,Italian Grand Prix,R,87.069
NOR,McLaren,5.0,0 days 00:01:27.142000,0 days 00:00:28.562000,0 days 00:00:29.982000,0 days 00:00:28.598000,MEDIUM,5.0,True,,,2023,Italian Grand Prix,R,87.142
NOR,McLaren,6.0,0 days 00:01:26.796000,0 days 00:00:28.380000,0 days 00:00:29.732000,0 days 00:00:28.684000,MEDIUM,6.0,True,,,2023,Italian Grand Prix,R,86.796
NOR,McLaren,7.0,0 days 00:01:26.864000,0 days 00:00:28.360000,0 days 00:00:29.946000,0 days 00:00:28.558000,MEDIUM,7.0,True,,,2023,Italian Grand Prix,R,86.864
NOR,McLaren,8.0,0 days 00:01:26.628000,0 days 00:00:28.271000,0 days 00:00:29.746000,0 days 00:00:28.611000,MEDIUM,8.0,True,,,2023,Italian Grand Prix,R,86.628
NOR,McLaren,9.0,0 days 00:01:26.893000,0 days 00:00:28.208000,0 days 00:00:29.983000,0 days 00:00:28.702000,MEDIUM,9.0,True,,,2023,Italian Grand Prix,R,86.893
NOR,McLaren,10.0,0 days 00:01:26.965000,0 days 00:00:28.292000,0 days 00:00:29.893000,0 days 00:00:28.780000,MEDIUM,10.0,True,,,2023,Italian Grand Prix,R,86.965
NOR,McLaren,11.0,0 days 00:01:27.066000,0 days 00:00:28.224000,0 days 00:00:30.155000,0 days 00:00:28.687000,MEDIUM,11.0,True,,,2023,Italian Grand Prix,R,87.066
NOR,McLaren,12.0,0 days 00:01:27.438000,0 days 00:00:28.308000,0 days 00:00:30.281000,0 days 00:00:28.849000,MEDIUM,12.0,True,,,2023,Italian Grand Prix,R,87.438
NOR,McLaren,13.0,0 days 00:01:27.359000,0 days 00:00:28.176000,0 days 00:00:30.425000,0 days 00:00:28.758000,MEDIUM,13.0,True,,,2023,Italian Grand Prix,R,87.359
NOR,McLaren,14.0,0 days 00:01:27.478000,0 days 00:00:28.138000,0 days 00:00:30.447000,0 days 00:00:28.893000,MEDIUM,14.0,True,,,2023,Italian Grand Prix,R,87.478
NOR,McLaren,15.0,0 days 00:01:27.796000,0 days 00:00:28.418000,0 days 00:00:30.509000,0 days 00:00:28.869000,MEDIUM,15.0,True,,,2023,Italian Grand Prix,R,87.796
NOR,McLaren,16.0,0 days 00:01:27.199000,0 days 00:00:28.356000,0 days 00:00:30.068000,0 days 00:00:28.775000,MEDIUM,16.0,True,,,2023,Italian Grand Prix,R,87.199
NOR,McLaren,17.0,0 days 00:01:27.597000,0 days 00:00:28.582000,0 days 00:00:30.325000,0 days 00:00:28.690000,MEDIUM,17.0,True,,,2023,Italian Grand Prix,R,87.597
NOR,McLaren,18.0,0 days 00:01:27.272000,0 days 00:00:28.430000,0 days 00:00:30.043000,0 days 00:00:28.799000,MEDIUM,18.0,True,,,2023,Italian Grand Prix,R,87.272
NOR,McLaren,19.0,0 days 00:01:27.280000,0 days 00:00:28.451000,0 days 00:00:30.143000,0 days 00:00:28.686000,MEDIUM,19.0,True,,,2023,Italian Grand Prix,R,87.28
NOR,McLaren,20.0,0 days 00:01:27.716000,0 days 00:00:28.365000,0 days 00:00:30.534000,0 days 00:00:28.817000,MEDIUM,20.0,True,,,2023,Italian Grand Prix,R,87.716
NOR,McLaren,21.0,0 days 00:01:27.718000,0 days 00:00:28.489000,0 days 00:00:30.385000,0 days 00:00:28.844000,MEDIUM,21.0,True,,,2023,Italian Grand Prix,R,87.718
NOR,McLaren,24.0,0 days 00:01:26.144000,0 days 00:00:28.370000,0 days 00:00:29.458000,0 days 00:00:28.316000,HARD,6.0,False,,,2023,Italian Grand Prix,R,86.144
NOR,McLaren,25.0,0 days 00:01:26.424000,0 days 00:00:28.304000,0 days 00:00:29.752000,0 days 00:00:28.368000,HARD,7.0,False,,,2023,Italian Grand Prix,R,86.424
NOR,McLaren,26.0,0 days 00:01:26.402000,0 days 00:00:28.289000,0 days 00:00:29.728000,0 days 00:00:28.385000,HARD,8.0,False,,,2023,Italian Grand Prix,R,86.402
NOR,McLaren,27.0,0 days 00:01:26.485000,0 days 00:00:28.346000,0 days 00:00:29.745000,0 days 00:00:28.394000,HARD,9.0,False,,,2023,Italian Grand Prix,R,86.485
NOR,McLaren,28.0,0 days 00:01:26.396000,0 days 00:00:28.273000,0 days 00:00:29.743000,0 days 00:00:28.380000,HARD,10.0,False,,,2023,Italian Grand Prix,R,86.396
NOR,McLaren,29.0,0 days 00:01:26.472000,0 days 00:00:28.197000,0 days 00:00:29.731000,0 days 00:00:28.544000,HARD,11.0,False,,,2023,Italian Grand Prix,R,86.472
NOR,McLaren,30.0,0 days 00:01:26.968000,0 days 00:00:28.657000,0 days 00:00:29.952000,0 days 00:00:28.359000,HARD,12.0,False,,,2023,Italian Grand Prix,R,86.968
NOR,McLaren,31.0,0 days 00:01:26.909000,0 days 00:00:28.548000,0 days 00:00:30.010000,0 days 00:00:28.351000,HARD,13.0,False,,,2023,Italian Grand Prix,R,86.909
NOR,McLaren,32.0,0 days 00:01:26.586000,0 days 00:00:28.175000,0 days 00:00:29.858000,0 days 00:00:28.553000,HARD,14.0,False,,,2023,Italian Grand Prix,R,86.586
NOR,McLaren,33.0,0 days 00:01:26.455000,0 days 00:00:28.159000,0 days 00:00:29.844000,0 days 00:00:28.452000,HARD,15.0,False,,,2023,Italian Grand Prix,R,86.455
NOR,McLaren,34.0,0 days 00:01:26.366000,0 days 00:00:28.262000,0 days 00:00:29.737000,0 days 00:00:28.367000,HARD,16.0,False,,,2023,Italian Grand Prix,R,86.366
NOR,McLaren,35.0,0 days 00:01:26.464000,0 days 00:00:28.200000,0 days 00:00:29.851000,0 days 00:00:28.413000,HARD,17.0,False,,,2023,Italian Grand Prix,R,86.464
NOR,McLaren,36.0,0 days 00:01:27.060000,0 days 00:00:28.365000,0 days 00:00:30.238000,0 days 00:00:28.457000,HARD,18.0,False,,,2023,Italian Grand Prix,R,87.06
NOR,McLaren,37.0,0 days 00:01:26.595000,0 days 00:00:28.348000,0 days 00:00:29.924000,0 days 00:00:28.323000,HARD,19.0,False,,,2023,Italian Grand Prix,R,86.595
NOR,McLaren,38.0,0 days 00:01:27.567000,0 days 00:00:28.683000,0 days 00:00:30.384000,0 days 00:00:28.500000,HARD,20.0,False,,,2023,Italian Grand Prix,R,87.567
NOR,McLaren,39.0,0 days 00:01:26.792000,0 days 00:00:28.202000,0 days 00:00:30.031000,0 days 00:00:28.559000,HARD,21.0,False,,,2023,Italian Grand Prix,R,86.792
NOR,McLaren,40.0,0 days 00:01:26.761000,0 days 00:00:28.184000,0 days 00:00:30.016000,0 days 00:00:28.561000,HARD,22.0,False,,,2023,Italian Grand Prix,R,86.761
NOR,McLaren,41.0,0 days 00:01:26.562000,0 days 00:00:28.269000,0 days 00:00:29.960000,0 days 00:00:28.333000,HARD,23.0,False,,,2023,Italian Grand Prix,R,86.562
NOR,McLaren,42.0,0 days 00:01:26.623000,0 days 00:00:28.311000,0 days 00:00:29.995000,0 days 00:00:28.317000,HARD,24.0,False,,,2023,Italian Grand Prix,R,86.623
NOR,McLaren,43.0,0 days 00:01:26.810000,0 days 00:00:28.312000,0 days 00:00:30.079000,0 days 00:00:28.419000,HARD,25.0,False,,,2023,Italian Grand Prix,R,86.81
NOR,McLaren,44.0,0 days 00:01:27.991000,0 days 00:00:28.037000,0 days 00:00:31.196000,0 days 00:00:28.758000,HARD,26.0,False,,,2023,Italian Grand Prix,R,87.991
NOR,McLaren,45.0,0 days 00:01:27.466000,0 days 00:00:28.726000,0 days 00:00:30.340000,0 days 00:00:28.400000,HARD,27.0,False,,,2023,Italian Grand Prix,R,87.466
NOR,McLaren,46.0,0 days 00:01:27.017000,0 days 00:00:28.325000,0 days 00:00:30.218000,0 days 00:00:28.474000,HARD,28.0,False,,,2023,Italian Grand Prix,R,87.017
NOR,McLaren,47.0,0 days 00:01:27.886000,0 days 00:00:28.079000,0 days 00:00:31.244000,0 days 00:00:28.563000,HARD,29.0,False,,,2023,Italian Grand Prix,R,87.886
NOR,McLaren,48.0,0 days 00:01:26.733000,0 days 00:00:28.415000,0 days 00:00:30.090000,0 days 00:00:28.228000,HARD,30.0,False,,,2023,Italian Grand Prix,R,86.733
NOR,McLaren,49.0,0 days 00:01:27.661000,0 days 00:00:28.211000,0 days 00:00:30.897000,0 days 00:00:28.553000,HARD,31.0,False,,,2023,Italian Grand Prix,R,87.661
NOR,McLaren,50.0,0 days 00:01:27.174000,0 days 00:00:28.328000,0 days 00:00:30.461000,0 days 00:00:28.385000,HARD,32.0,False,,,2023,Italian Grand Prix,R,87.174
NOR,McLaren,51.0,0 days 00:01:27.425000,0 days 00:00:28.597000,0 days 00:00:30.414000,0 days 00:00:28.414000,HARD,33.0,False,,,2023,Italian Grand Prix,R,87.425
LAW,AlphaTauri,2.0,0 days 00:01:28.018000,0 days 00:00:28.272000,0 days 00:00:30.618000,0 days 00:00:29.128000,MEDIUM,5.0,False,,,2023,Italian Grand Prix,R,88.018
LAW,AlphaTauri,3.0,0 days 00:01:27.657000,0 days 00:00:28.456000,0 days 00:00:30.165000,0 days 00:00:29.036000,MEDIUM,6.0,False,,,2023,Italian Grand Prix,R,87.657
LAW,AlphaTauri,4.0,0 days 00:01:27.130000,0 days 00:00:28.037000,0 days 00:00:30.226000,0 days 00:00:28.867000,MEDIUM,7.0,False,,,2023,Italian Grand Prix,R,87.13
LAW,AlphaTauri,5.0,0 days 00:01:27.205000,0 days 00:00:28.039000,0 days 00:00:30.113000,0 days 00:00:29.053000,MEDIUM,8.0,False,,,2023,Italian Grand Prix,R,87.205
LAW,AlphaTauri,6.0,0 days 00:01:27.263000,0 days 00:00:28.028000,0 days 00:00:30.065000,0 days 00:00:29.170000,MEDIUM,9.0,False,,,2023,Italian Grand Prix,R,87.263
LAW,AlphaTauri,7.0,0 days 00:01:27.154000,0 days 00:00:28.085000,0 days 00:00:30.053000,0 days 00:00:29.016000,MEDIUM,10.0,False,,,2023,Italian Grand Prix,R,87.154
LAW,AlphaTauri,8.0,0 days 00:01:27.331000,0 days 00:00:28.178000,0 days 00:00:29.982000,0 days 00:00:29.171000,MEDIUM,11.0,False,,,2023,Italian Grand Prix,R,87.331
LAW,AlphaTauri,9.0,0 days 00:01:27.506000,0 days 00:00:28.063000,0 days 00:00:30.134000,0 days 00:00:29.309000,MEDIUM,12.0,False,,,2023,Italian Grand Prix,R,87.506
LAW,AlphaTauri,10.0,0 days 00:01:27.648000,0 days 00:00:28.176000,0 days 00:00:30.205000,0 days 00:00:29.267000,MEDIUM,13.0,False,,,2023,Italian Grand Prix,R,87.648
LAW,AlphaTauri,11.0,0 days 00:01:27.892000,0 days 00:00:28.114000,0 days 00:00:30.496000,0 days 00:00:29.282000,MEDIUM,14.0,False,,,2023,Italian Grand Prix,R,87.892
LAW,AlphaTauri,12.0,0 days 00:01:27.631000,0 days 00:00:28.180000,0 days 00:00:30.397000,0 days 00:00:29.054000,MEDIUM,15.0,False,,,2023,Italian Grand Prix,R,87.631
LAW,AlphaTauri,15.0,0 days 00:01:27.030000,0 days 00:00:28.278000,0 days 00:00:29.812000,0 days 00:00:28.940000,HARD,5.0,False,,,2023,Italian Grand Prix,R,87.03
LAW,AlphaTauri,16.0,0 days 00:01:27.412000,0 days 00:00:28.441000,0 days 00:00:30.034000,0 days 00:00:28.937000,HARD,6.0,False,,,2023,Italian Grand Prix,R,87.412
LAW,AlphaTauri,17.0,0 days 00:01:27.045000,0 days 00:00:28.399000,0 days 00:00:29.851000,0 days 00:00:28.795000,HARD,7.0,False,,,2023,Italian Grand Prix,R,87.045
LAW,AlphaTauri,18.0,0 days 00:01:26.815000,0 days 00:00:28.197000,0 days 00:00:29.801000,0 days 00:00:28.817000,HARD,8.0,False,,,2023,Italian Grand Prix,R,86.815
LAW,AlphaTauri,19.0,0 days 00:01:27.047000,0 days 00:00:28.377000,0 days 00:00:29.912000,0 days 00:00:28.758000,HARD,9.0,False,,,2023,Italian Grand Prix,R,87.047
LAW,AlphaTauri,20.0,0 days 00:01:26.890000,0 days 00:00:28.280000,0 days 00:00:29.809000,0 days 00:00:28.801000,HARD,10.0,False,,,2023,Italian Grand Prix,R,86.89
LAW,AlphaTauri,21.0,0 days 00:01:27.171000,0 days 00:00:28.353000,0 days 00:00:29.969000,0 days 00:00:28.849000,HARD,11.0,False,,,2023,Italian Grand Prix,R,87.171
LAW,AlphaTauri,22.0,0 days 00:01:28.059000,0 days 00:00:28.367000,0 days 00:00:30.596000,0 days 00:00:29.096000,HARD,12.0,False,,,2023,Italian Grand Prix,R,88.059
LAW,AlphaTauri,23.0,0 days 00:01:27.215000,0 days 00:00:28.321000,0 days 00:00:30.091000,0 days 00:00:28.803000,HARD,13.0,False,,,2023,Italian Grand Prix,R,87.215
LAW,AlphaTauri,24.0,0 days 00:01:27.049000,0 days 00:00:28.280000,0 days 00:00:30.021000,0 days 00:00:28.748000,HARD,14.0,False,,,2023,Italian Grand Prix,R,87.049
LAW,AlphaTauri,25.0,0 days 00:01:27.204000,0 days 00:00:28.168000,0 days 00:00:30.125000,0 days 00:00:28.911000,HARD,15.0,False,,,2023,Italian Grand Prix,R,87.204
LAW,AlphaTauri,26.0,0 days 00:01:27.089000,0 days 00:00:28.242000,0 days 00:00:30.054000,0 days 00:00:28.793000,HARD,16.0,False,,,2023,Italian Grand Prix,R,87.089
LAW,AlphaTauri,27.0,0 days 00:01:27.025000,0 days 00:00:28.165000,0 days 00:00:30.030000,0 days 00:00:28.830000,HARD,17.0,False,,,2023,Italian Grand Prix,R,87.025
LAW,AlphaTauri,28.0,0 days 00:01:27.376000,0 days 00:00:28.176000,0 days 00:00:30.315000,0 days 00:00:28.885000,HARD,18.0,False,,,2023,Italian Grand Prix,R,87.376
LAW,AlphaTauri,29.0,0 days 00:01:27.108000,0 days 00:00:28.090000,0 days 00:00:30.240000,0 days 00:00:28.778000,HARD,19.0,False,,,2023,Italian Grand Prix,R,87.108
LAW,AlphaTauri,30.0,0 days 00:01:27.487000,0 days 00:00:28.267000,0 days 00:00:30.304000,0 days 00:00:28.916000,HARD,20.0,False,,,2023,Italian Grand Prix,R,87.487
LAW,AlphaTauri,31.0,0 days 00:01:27.515000,0 days 00:00:28.187000,0 days 00:00:30.406000,0 days 00:00:28.922000,HARD,21.0,False,,,2023,Italian Grand Prix,R,87.515
LAW,AlphaTauri,32.0,0 days 00:01:27.496000,0 days 00:00:28.219000,0 days 00:00:30.364000,0 days 00:00:28.913000,HARD,22.0,False,,,2023,Italian Grand Prix,R,87.496
LAW,AlphaTauri,35.0,0 days 00:01:26.260000,0 days 00:00:28.105000,0 days 00:00:29.568000,0 days 00:00:28.587000,MEDIUM,5.0,False,,,2023,Italian Grand Prix,R,86.26
LAW,AlphaTauri,36.0,0 days 00:01:26.384000,0 days 00:00:28.046000,0 days 00:00:29.721000,0 days 00:00:28.617000,MEDIUM,6.0,False,,,2023,Italian Grand Prix,R,86.384
LAW,AlphaTauri,37.0,0 days 00:01:26.253000,0 days 00:00:28.028000,0 days 00:00:29.648000,0 days 00:00:28.577000,MEDIUM,7.0,False,,,2023,Italian Grand Prix,R,86.253
LAW,AlphaTauri,38.0,0 days 00:01:26.103000,0 days 00:00:28,0 days 00:00:29.541000,0 days 00:00:28.562000,MEDIUM,8.0,False,,,2023,Italian Grand Prix,R,86.103
LAW,AlphaTauri,39.0,0 days 00:01:26.245000,0 days 00:00:27.782000,0 days 00:00:29.912000,0 days 00:00:28.551000,MEDIUM,9.0,False,,,2023,Italian Grand Prix,R,86.245
LAW,AlphaTauri,40.0,0 days 00:01:26.273000,0 days 00:00:28.062000,0 days 00:00:29.588000,0 days 00:00:28.623000,MEDIUM,10.0,False,,,2023,Italian Grand Prix,R,86.273
LAW,AlphaTauri,41.0,0 days 00:01:26.417000,0 days 00:00:28.202000,0 days 00:00:29.637000,0 days 00:00:28.578000,MEDIUM,11.0,False,,,2023,Italian Grand Prix,R,86.417
LAW,AlphaTauri,42.0,0 days 00:01:26.121000,0 days 00:00:28.088000,0 days 00:00:29.519000,0 days 00:00:28.514000,MEDIUM,12.0,False,,,2023,Italian Grand Prix,R,86.121
LAW,AlphaTauri,43.0,0 days 00:01:26.143000,0 days 00:00:28.053000,0 days 00:00:29.632000,0 days 00:00:28.458000,MEDIUM,13.0,False,,,2023,Italian Grand Prix,R,86.143
LAW,AlphaTauri,44.0,0 days 00:01:25.842000,0 days 00:00:27.952000,0 days 00:00:29.416000,0 days 00:00:28.474000,MEDIUM,14.0,False,,,2023,Italian Grand Prix,R,85.842
LAW,AlphaTauri,45.0,0 days 00:01:26.134000,0 days 00:00:28.056000,0 days 00:00:29.694000,0 days 00:00:28.384000,MEDIUM,15.0,False,,,2023,Italian Grand Prix,R,86.134
LAW,AlphaTauri,46.0,0 days 00:01:26.018000,0 days 00:00:27.968000,0 days 00:00:29.598000,0 days 00:00:28.452000,MEDIUM,16.0,False,,,2023,Italian Grand Prix,R,86.018
LAW,AlphaTauri,47.0,0 days 00:01:26.656000,0 days 00:00:28.444000,0 days 00:00:29.780000,0 days 00:00:28.432000,MEDIUM,17.0,False,,,2023,Italian Grand Prix,R,86.656
LAW,AlphaTauri,48.0,0 days 00:01:26.098000,0 days 00:00:28.004000,0 days 00:00:29.678000,0 days 00:00:28.416000,MEDIUM,18.0,False,,,2023,Italian Grand Prix,R,86.098
LAW,AlphaTauri,49.0,0 days 00:01:27.235000,0 days 00:00:28.069000,0 days 00:00:30.529000,0 days 00:00:28.637000,MEDIUM,19.0,False,,,2023,Italian Grand Prix,R,87.235
LAW,AlphaTauri,50.0,0 days 00:01:26.436000,0 days 00:00:27.879000,0 days 00:00:29.876000,0 days 00:00:28.681000,MEDIUM,20.0,False,,,2023,Italian Grand Prix,R,86.436
HAM,Mercedes,1.0,0 days 00:01:32.011000,,0 days 00:00:31.059000,0 days 00:00:29.053000,HARD,4.0,False,,,2023,Italian Grand Prix,R,92.011
HAM,Mercedes,2.0,0 days 00:01:27.837000,0 days 00:00:28.509000,0 days 00:00:30.313000,0 days 00:00:29.015000,HARD,5.0,False,,,2023,Italian Grand Prix,R,87.837
HAM,Mercedes,3.0,0 days 00:01:27.289000,0 days 00:00:28.474000,0 days 00:00:30.067000,0 days 00:00:28.748000,HARD,6.0,False,,,2023,Italian Grand Prix,R,87.289
HAM,Mercedes,4.0,0 days 00:01:27.233000,0 days 00:00:28.233000,0 days 00:00:30.219000,0 days 00:00:28.781000,HARD,7.0,False,,,2023,Italian Grand Prix,R,87.233
HAM,Mercedes,5.0,0 days 00:01:27.015000,0 days 00:00:28.213000,0 days 00:00:29.930000,0 days 00:00:28.872000,HARD,8.0,False,,,2023,Italian Grand Prix,R,87.015
HAM,Mercedes,6.0,0 days 00:01:26.711000,0 days 00:00:28.083000,0 days 00:00:29.977000,0 days 00:00:28.651000,HARD,9.0,False,,,2023,Italian Grand Prix,R,86.711
HAM,Mercedes,7.0,0 days 00:01:26.700000,0 days 00:00:28.219000,0 days 00:00:29.869000,0 days 00:00:28.612000,HARD,10.0,False,,,2023,Italian Grand Prix,R,86.7
HAM,Mercedes,8.0,0 days 00:01:26.643000,0 days 00:00:28.054000,0 days 00:00:29.813000,0 days 00:00:28.776000,HARD,11.0,False,,,2023,Italian Grand Prix,R,86.643
HAM,Mercedes,9.0,0 days 00:01:26.756000,0 days 00:00:28.167000,0 days 00:00:29.727000,0 days 00:00:28.862000,HARD,12.0,False,,,2023,Italian Grand Prix,R,86.756
HAM,Mercedes,10.0,0 days 00:01:26.995000,0 days 00:00:28.143000,0 days 00:00:29.905000,0 days 00:00:28.947000,HARD,13.0,False,,,2023,Italian Grand Prix,R,86.995
HAM,Mercedes,11.0,0 days 00:01:27.119000,0 days 00:00:28.214000,0 days 00:00:30.146000,0 days 00:00:28.759000,HARD,14.0,False,,,2023,Italian Grand Prix,R,87.119
HAM,Mercedes,12.0,0 days 00:01:27.194000,0 days 00:00:28.227000,0 days 00:00:30.281000,0 days 00:00:28.686000,HARD,15.0,False,,,2023,Italian Grand Prix,R,87.194
HAM,Mercedes,13.0,0 days 00:01:27.292000,0 days 00:00:28.176000,0 days 00:00:30.296000,0 days 00:00:28.820000,HARD,16.0,False,,,2023,Italian Grand Prix,R,87.292
HAM,Mercedes,14.0,0 days 00:01:27.526000,0 days 00:00:28.360000,0 days 00:00:30.268000,0 days 00:00:28.898000,HARD,17.0,False,,,2023,Italian Grand Prix,R,87.526
HAM,Mercedes,15.0,0 days 00:01:28.085000,0 days 00:00:28.254000,0 days 00:00:30.620000,0 days 00:00:29.211000,HARD,18.0,False,,,2023,Italian Grand Prix,R,88.085
HAM,Mercedes,16.0,0 days 00:01:27.240000,0 days 00:00:28.283000,0 days 00:00:29.987000,0 days 00:00:28.970000,HARD,19.0,False,,,2023,Italian Grand Prix,R,87.24
HAM,Mercedes,17.0,0 days 00:01:27.585000,0 days 00:00:28.335000,0 days 00:00:30.308000,0 days 00:00:28.942000,HARD,20.0,False,,,2023,Italian Grand Prix,R,87.585
HAM,Mercedes,18.0,0 days 00:01:27.279000,0 days 00:00:28.332000,0 days 00:00:30.182000,0 days 00:00:28.765000,HARD,21.0,False,,,2023,Italian Grand Prix,R,87.279
HAM,Mercedes,19.0,0 days 00:01:27.449000,0 days 00:00:28.210000,0 days 00:00:30.319000,0 days 00:00:28.920000,HARD,22.0,False,,,2023,Italian Grand Prix,R,87.449
HAM,Mercedes,20.0,0 days 00:01:27.830000,0 days 00:00:28.466000,0 days 00:00:30.411000,0 days 00:00:28.953000,HARD,23.0,False,,,2023,Italian Grand Prix,R,87.83
HAM,Mercedes,21.0,0 days 00:01:27.399000,0 days 00:00:28.291000,0 days 00:00:30.390000,0 days 00:00:28.718000,HARD,24.0,False,,,2023,Italian Grand Prix,R,87.399
HAM,Mercedes,22.0,0 days 00:01:27.154000,0 days 00:00:28.241000,0 days 00:00:30.338000,0 days 00:00:28.575000,HARD,25.0,False,,,2023,Italian Grand Prix,R,87.154
HAM,Mercedes,23.0,0 days 00:01:27.267000,0 days 00:00:28.414000,0 days 00:00:30.195000,0 days 00:00:28.658000,HARD,26.0,False,,,2023,Italian Grand Prix,R,87.267
HAM,Mercedes,24.0,0 days 00:01:27.311000,0 days 00:00:28.338000,0 days 00:00:30.116000,0 days 00:00:28.857000,HARD,27.0,False,,,2023,Italian Grand Prix,R,87.311
HAM,Mercedes,25.0,0 days 00:01:27.791000,0 days 00:00:28.762000,0 days 00:00:30.462000,0 days 00:00:28.567000,HARD,28.0,False,,,2023,Italian Grand Prix,R,87.791
HAM,Mercedes,26.0,0 days 00:01:27.407000,0 days 00:00:28.411000,0 days 00:00:30.213000,0 days 00:00:28.783000,HARD,29.0,False,,,2023,Italian Grand Prix,R,87.407
HAM,Mercedes,29.0,0 days 00:01:25.582000,0 days 00:00:27.731000,0 days 00:00:29.450000,0 days 00:00:28.401000,MEDIUM,2.0,True,,,2023,Italian Grand Prix,R,85.582
HAM,Mercedes,30.0,0 days 00:01:26.340000,0 days 00:00:28.242000,0 days 00:00:29.728000,0 days 00:00:28.370000,MEDIUM,3.0,True,,,2023,Italian Grand Prix,R,86.34
HAM,Mercedes,31.0,0 days 00:01:26.404000,0 days 00:00:28.280000,0 days 00:00:29.678000,0 days 00:00:28.446000,MEDIUM,4.0,True,,,2023,Italian Grand Prix,R,86.404
HAM,Mercedes,32.0,0 days 00:01:26.620000,0 days 00:00:28.268000,0 days 00:00:29.827000,0 days 00:00:28.525000,MEDIUM,5.0,True,,,2023,Italian Grand Prix,R,86.62
HAM,Mercedes,33.0,0 days 00:01:26.584000,0 days 00:00:28.317000,0 days 00:00:29.769000,0 days 00:00:28.498000,MEDIUM,6.0,True,,,2023,Italian Grand Prix,R,86.584
HAM,Mercedes,34.0,0 days 00:01:26.236000,0 days 00:00:28.231000,0 days 00:00:29.565000,0 days 00:00:28.440000,MEDIUM,7.0,True,,,2023,Italian Grand Prix,R,86.236
HAM,Mercedes,35.0,0 days 00:01:26.016000,0 days 00:00:28.200000,0 days 00:00:29.528000,0 days 00:00:28.288000,MEDIUM,8.0,True,,,2023,Italian Grand Prix,R,86.016
HAM,Mercedes,36.0,0 days 00:01:26.205000,0 days 00:00:28.237000,0 days 00:00:29.691000,0 days 00:00:28.277000,MEDIUM,9.0,True,,,2023,Italian Grand Prix,R,86.205
HAM,Mercedes,37.0,0 days 00:01:25.999000,0 days 00:00:28.165000,0 days 00:00:29.626000,0 days 00:00:28.208000,MEDIUM,10.0,True,,,2023,Italian Grand Prix,R,85.999
HAM,Mercedes,38.0,0 days 00:01:26.274000,0 days 00:00:28.191000,0 days 00:00:29.810000,0 days 00:00:28.273000,MEDIUM,11.0,True,,,2023,Italian Grand Prix,R,86.274
HAM,Mercedes,39.0,0 days 00:01:26.249000,0 days 00:00:28.200000,0 days 00:00:29.837000,0 days 00:00:28.212000,MEDIUM,12.0,True,,,2023,Italian Grand Prix,R,86.249
HAM,Mercedes,40.0,0 days 00:01:26.658000,0 days 00:00:27.835000,0 days 00:00:30.525000,0 days 00:00:28.298000,MEDIUM,13.0,True,,,2023,Italian Grand Prix,R,86.658
HAM,Mercedes,41.0,0 days 00:01:27.501000,0 days 00:00:28.084000,0 days 00:00:31.028000,0 days 00:00:28.389000,MEDIUM,14.0,True,,,2023,Italian Grand Prix,R,87.501
HAM,Mercedes,42.0,0 days 00:01:26.216000,0 days 00:00:28.303000,0 days 00:00:29.700000,0 days 00:00:28.213000,MEDIUM,15.0,True,,,2023,Italian Grand Prix,R,86.216
HAM,Mercedes,43.0,0 days 00:01:26.093000,0 days 00:00:28.191000,0 days 00:00:29.702000,0 days 00:00:28.200000,MEDIUM,16.0,True,,,2023,Italian Grand Prix,R,86.093
HAM,Mercedes,44.0,0 days 00:01:27.152000,0 days 00:00:28.286000,0 days 00:00:29.995000,0 days 00:00:28.871000,MEDIUM,17.0,True,,,2023,Italian Grand Prix,R,87.152
HAM,Mercedes,45.0,0 days 00:01:26.333000,0 days 00:00:28.007000,0 days 00:00:29.815000,0 days 00:00:28.511000,MEDIUM,18.0,True,,,2023,Italian Grand Prix,R,86.333
HAM,Mercedes,46.0,0 days 00:01:27.193000,0 days 00:00:28.313000,0 days 00:00:30.328000,0 days 00:00:28.552000,MEDIUM,19.0,True,,,2023,Italian Grand Prix,R,87.193
HAM,Mercedes,47.0,0 days 00:01:26.120000,0 days 00:00:28.422000,0 days 00:00:29.673000,0 days 00:00:28.025000,MEDIUM,20.0,True,,,2023,Italian Grand Prix,R,86.12
HAM,Mercedes,48.0,0 days 00:01:25.815000,0 days 00:00:28.115000,0 days 00:00:29.489000,0 days 00:00:28.211000,MEDIUM,21.0,True,,,2023,Italian Grand Prix,R,85.815
HAM,Mercedes,49.0,0 days 00:01:25.888000,0 days 00:00:28.298000,0 days 00:00:29.417000,0 days 00:00:28.173000,MEDIUM,22.0,True,,,2023,Italian Grand Prix,R,85.888
HAM,Mercedes,50.0,0 days 00:01:25.927000,0 days 00:00:28.164000,0 days 00:00:29.526000,0 days 00:00:28.237000,MEDIUM,23.0,True,,,2023,Italian Grand Prix,R,85.927
HAM,Mercedes,51.0,0 days 00:01:26.093000,0 days 00:00:28.147000,0 days 00:00:29.595000,0 days 00:00:28.351000,MEDIUM,24.0,True,,,2023,Italian Grand Prix,R,86.093
SAI,Ferrari,1.0,0 days 00:01:27.117000,,0 days 00:00:29.288000,0 days 00:00:28.470000,MEDIUM,1.0,True,,,2023,Italian Grand Prix,R,87.117
SAI,Ferrari,2.0,0 days 00:01:26.006000,0 days 00:00:28.266000,0 days 00:00:29.312000,0 days 00:00:28.428000,MEDIUM,2.0,True,,,2023,Italian Grand Prix,R,86.006
SAI,Ferrari,3.0,0 days 00:01:25.976000,0 days 00:00:28.262000,0 days 00:00:29.365000,0 days 00:00:28.349000,MEDIUM,3.0,True,,,2023,Italian Grand Prix,R,85.976
SAI,Ferrari,4.0,0 days 00:01:26.067000,0 days 00:00:28.388000,0 days 00:00:29.335000,0 days 00:00:28.344000,MEDIUM,4.0,True,,,2023,Italian Grand Prix,R,86.067
SAI,Ferrari,5.0,0 days 00:01:26.423000,0 days 00:00:28.308000,0 days 00:00:29.622000,0 days 00:00:28.493000,MEDIUM,5.0,True,,,2023,Italian Grand Prix,R,86.423
SAI,Ferrari,6.0,0 days 00:01:26.615000,0 days 00:00:28.554000,0 days 00:00:29.662000,0 days 00:00:28.399000,MEDIUM,6.0,True,,,2023,Italian Grand Prix,R,86.615
SAI,Ferrari,7.0,0 days 00:01:26.358000,0 days 00:00:28.328000,0 days 00:00:29.672000,0 days 00:00:28.358000,MEDIUM,7.0,True,,,2023,Italian Grand Prix,R,86.358
SAI,Ferrari,8.0,0 days 00:01:26.224000,0 days 00:00:28.208000,0 days 00:00:29.541000,0 days 00:00:28.475000,MEDIUM,8.0,True,,,2023,Italian Grand Prix,R,86.224
SAI,Ferrari,9.0,0 days 00:01:26.476000,0 days 00:00:28.244000,0 days 00:00:29.820000,0 days 00:00:28.412000,MEDIUM,9.0,True,,,2023,Italian Grand Prix,R,86.476
SAI,Ferrari,10.0,0 days 00:01:26.511000,0 days 00:00:28.397000,0 days 00:00:29.672000,0 days 00:00:28.442000,MEDIUM,10.0,True,,,2023,Italian Grand Prix,R,86.511
SAI,Ferrari,11.0,0 days 00:01:26.691000,0 days 00:00:28.401000,0 days 00:00:29.892000,0 days 00:00:28.398000,MEDIUM,11.0,True,,,2023,Italian Grand Prix,R,86.691
SAI,Ferrari,12.0,0 days 00:01:26.408000,0 days 00:00:28.240000,0 days 00:00:29.744000,0 days 00:00:28.424000,MEDIUM,12.0,True,,,2023,Italian Grand Prix,R,86.408
SAI,Ferrari,13.0,0 days 00:01:26.887000,0 days 00:00:28.437000,0 days 00:00:29.961000,0 days 00:00:28.489000,MEDIUM,13.0,True,,,2023,Italian Grand Prix,R,86.887
SAI,Ferrari,14.0,0 days 00:01:26.972000,0 days 00:00:28.356000,0 days 00:00:30.156000,0 days 00:00:28.460000,MEDIUM,14.0,True,,,2023,Italian Grand Prix,R,86.972
SAI,Ferrari,15.0,0 days 00:01:28.219000,0 days 00:00:28.562000,0 days 00:00:31.139000,0 days 00:00:28.518000,MEDIUM,15.0,True,,,2023,Italian Grand Prix,R,88.219
SAI,Ferrari,16.0,0 days 00:01:27.323000,0 days 00:00:28.387000,0 days 00:00:30.360000,0 days 00:00:28.576000,MEDIUM,16.0,True,,,2023,Italian Grand Prix,R,87.323
SAI,Ferrari,17.0,0 days 00:01:27.721000,0 days 00:00:28.460000,0 days 00:00:30.585000,0 days 00:00:28.676000,MEDIUM,17.0,True,,,2023,Italian Grand Prix,R,87.721
SAI,Ferrari,18.0,0 days 00:01:27.512000,0 days 00:00:28.306000,0 days 00:00:30.501000,0 days 00:00:28.705000,MEDIUM,18.0,True,,,2023,Italian Grand Prix,R,87.512
SAI,Ferrari,21.0,0 days 00:01:26.146000,0 days 00:00:28.249000,0 days 00:00:29.705000,0 days 00:00:28.192000,HARD,2.0,True,,,2023,Italian Grand Prix,R,86.146
SAI,Ferrari,22.0,0 days 00:01:25.558000,0 days 00:00:28.190000,0 days 00:00:29.222000,0 days 00:00:28.146000,HARD,3.0,True,,,2023,Italian Grand Prix,R,85.558
SAI,Ferrari,23.0,0 days 00:01:25.793000,0 days 00:00:28.140000,0 days 00:00:29.449000,0 days 00:00:28.204000,HARD,4.0,True,,,2023,Italian Grand Prix,R,85.793
SAI,Ferrari,24.0,0 days 00:01:25.902000,0 days 00:00:28.144000,0 days 00:00:29.514000,0 days 00:00:28.244000,HARD,5.0,True,,,2023,Italian Grand Prix,R,85.902
SAI,Ferrari,25.0,0 days 00:01:26.005000,0 days 00:00:28.139000,0 days 00:00:29.643000,0 days 00:00:28.223000,HARD,6.0,True,,,2023,Italian Grand Prix,R,86.005
SAI,Ferrari,26.0,0 days 00:01:25.836000,0 days 00:00:28.117000,0 days 00:00:29.485000,0 days 00:00:28.234000,HARD,7.0,True,,,2023,Italian Grand Prix,R,85.836
SAI,Ferrari,27.0,0 days 00:01:26.165000,0 days 00:00:28.108000,0 days 00:00:29.483000,0 days 00:00:28.574000,HARD,8.0,True,,,2023,Italian Grand Prix,R,86.165
SAI,Ferrari,28.0,0 days 00:01:25.770000,0 days 00:00:28.081000,0 days 00:00:29.476000,0 days 00:00:28.213000,HARD,9.0,True,,,2023,Italian Grand Prix,R,85.77
SAI,Ferrari,29.0,0 days 00:01:25.720000,0 days 00:00:28.136000,0 days 00:00:29.455000,0 days 00:00:28.129000,HARD,10.0,True,,,2023,Italian Grand Prix,R,85.72
SAI,Ferrari,30.0,0 days 00:01:25.501000,0 days 00:00:28.096000,0 days 00:00:29.328000,0 days 00:00:28.077000,HARD,11.0,True,,,2023,Italian Grand Prix,R,85.501
SAI,Ferrari,31.0,0 days 00:01:25.718000,0 days 00:00:28.057000,0 days 00:00:29.589000,0 days 00:00:28.072000,HARD,12.0,True,,,2023,Italian Grand Prix,R,85.718
SAI,Ferrari,32.0,0 days 00:01:25.896000,0 days 00:00:28.076000,0 days 00:00:29.523000,0 days 00:00:28.297000,HARD,13.0,True,,,2023,Italian Grand Prix,R,85.896
SAI,Ferrari,33.0,0 days 00:01:25.926000,0 days 00:00:28.054000,0 days 00:00:29.676000,0 days 00:00:28.196000,HARD,14.0,True,,,2023,Italian Grand Prix,R,85.926
SAI,Ferrari,34.0,0 days 00:01:26.126000,0 days 00:00:28.149000,0 days 00:00:29.656000,0 days 00:00:28.321000,HARD,15.0,True,,,2023,Italian Grand Prix,R,86.126
SAI,Ferrari,35.0,0 days 00:01:25.789000,0 days 00:00:28.037000,0 days 00:00:29.620000,0 days 00:00:28.132000,HARD,16.0,True,,,2023,Italian Grand Prix,R,85.789
SAI,Ferrari,36.0,0 days 00:01:26.011000,0 days 00:00:28.106000,0 days 00:00:29.731000,0 days 00:00:28.174000,HARD,17.0,True,,,2023,Italian Grand Prix,R,86.011
SAI,Ferrari,37.0,0 days 00:01:25.886000,0 days 00:00:27.998000,0 days 00:00:29.719000,0 days 00:00:28.169000,HARD,18.0,True,,,2023,Italian Grand Prix,R,85.886
SAI,Ferrari,38.0,0 days 00:01:25.705000,0 days 00:00:27.936000,0 days 00:00:29.713000,0 days 00:00:28.056000,HARD,19.0,True,,,2023,Italian Grand Prix,R,85.705
SAI,Ferrari,39.0,0 days 00:01:25.924000,0 days 00:00:28.052000,0 days 00:00:29.689000,0 days 00:00:28.183000,HARD,20.0,True,,,2023,Italian Grand Prix,R,85.924
SAI,Ferrari,40.0,0 days 00:01:26.122000,0 days 00:00:28.028000,0 days 00:00:29.753000,0 days 00:00:28.341000,HARD,21.0,True,,,2023,Italian Grand Prix,R,86.122
SAI,Ferrari,41.0,0 days 00:01:26.738000,0 days 00:00:28.166000,0 days 00:00:30.232000,0 days 00:00:28.340000,HARD,22.0,True,,,2023,Italian Grand Prix,R,86.738
SAI,Ferrari,42.0,0 days 00:01:26.479000,0 days 00:00:28.098000,0 days 00:00:30.098000,0 days 00:00:28.283000,HARD,23.0,True,,,2023,Italian Grand Prix,R,86.479
SAI,Ferrari,43.0,0 days 00:01:26.589000,0 days 00:00:28.243000,0 days 00:00:30.069000,0 days 00:00:28.277000,HARD,24.0,True,,,2023,Italian Grand Prix,R,86.589
SAI,Ferrari,44.0,0 days 00:01:26.430000,0 days 00:00:28.333000,0 days 00:00:29.839000,0 days 00:00:28.258000,HARD,25.0,True,,,2023,Italian Grand Prix,R,86.43
SAI,Ferrari,45.0,0 days 00:01:26.632000,0 days 00:00:28.283000,0 days 00:00:30.144000,0 days 00:00:28.205000,HARD,26.0,True,,,2023,Italian Grand Prix,R,86.632
SAI,Ferrari,46.0,0 days 00:01:27.303000,0 days 00:00:28.538000,0 days 00:00:30.435000,0 days 00:00:28.330000,HARD,27.0,True,,,2023,Italian Grand Prix,R,87.303
SAI,Ferrari,47.0,0 days 00:01:27.096000,0 days 00:00:28.583000,0 days 00:00:30.233000,0 days 00:00:28.280000,HARD,28.0,True,,,2023,Italian Grand Prix,R,87.096
SAI,Ferrari,48.0,0 days 00:01:26.800000,0 days 00:00:28.366000,0 days 00:00:30.083000,0 days 00:00:28.351000,HARD,29.0,True,,,2023,Italian Grand Prix,R,86.8
SAI,Ferrari,49.0,0 days 00:01:26.770000,0 days 00:00:28.303000,0 days 00:00:30.127000,0 days 00:00:28.340000,HARD,30.0,True,,,2023,Italian Grand Prix,R,86.77
SAI,Ferrari,50.0,0 days 00:01:26.776000,0 days 00:00:28.355000,0 days 00:00:30.212000,0 days 00:00:28.209000,HARD,31.0,True,,,2023,Italian Grand Prix,R,86.776
SAI,Ferrari,51.0,0 days 00:01:27.044000,0 days 00:00:28.180000,0 days 00:00:30.383000,0 days 00:00:28.481000,HARD,32.0,True,,,2023,Italian Grand Prix,R,87.044
RUS,Mercedes,1.0,0 days 00:01:29.339000,,0 days 00:00:30.358000,0 days 00:00:28.700000,MEDIUM,1.0,True,,,2023,Italian Grand Prix,R,89.339
RUS,Mercedes,2.0,0 days 00:01:26.686000,0 days 00:00:28.274000,0 days 00:00:29.786000,0 days 00:00:28.626000,MEDIUM,2.0,True,,,2023,Italian Grand Prix,R,86.686
RUS,Mercedes,3.0,0 days 00:01:26.176000,0 days 00:00:28.187000,0 days 00:00:29.427000,0 days 00:00:28.562000,MEDIUM,3.0,True,,,2023,Italian Grand Prix,R,86.176
RUS,Mercedes,4.0,0 days 00:01:26.178000,0 days 00:00:28.205000,0 days 00:00:29.617000,0 days 00:00:28.356000,MEDIUM,4.0,True,,,2023,Italian Grand Prix,R,86.178
RUS,Mercedes,5.0,0 days 00:01:26.249000,0 days 00:00:28.172000,0 days 00:00:29.656000,0 days 00:00:28.421000,MEDIUM,5.0,True,,,2023,Italian Grand Prix,R,86.249
RUS,Mercedes,6.0,0 days 00:01:26.515000,0 days 00:00:28.302000,0 days 00:00:29.707000,0 days 00:00:28.506000,MEDIUM,6.0,True,,,2023,Italian Grand Prix,R,86.515
RUS,Mercedes,7.0,0 days 00:01:26.515000,0 days 00:00:28.234000,0 days 00:00:29.826000,0 days 00:00:28.455000,MEDIUM,7.0,True,,,2023,Italian Grand Prix,R,86.515
RUS,Mercedes,8.0,0 days 00:01:26.594000,0 days 00:00:28.119000,0 days 00:00:29.915000,0 days 00:00:28.560000,MEDIUM,8.0,True,,,2023,Italian Grand Prix,R,86.594
RUS,Mercedes,9.0,0 days 00:01:26.710000,0 days 00:00:28.433000,0 days 00:00:29.741000,0 days 00:00:28.536000,MEDIUM,9.0,True,,,2023,Italian Grand Prix,R,86.71
RUS,Mercedes,10.0,0 days 00:01:26.655000,0 days 00:00:28.267000,0 days 00:00:29.753000,0 days 00:00:28.635000,MEDIUM,10.0,True,,,2023,Italian Grand Prix,R,86.655
RUS,Mercedes,11.0,0 days 00:01:27.186000,0 days 00:00:28.330000,0 days 00:00:30.182000,0 days 00:00:28.674000,MEDIUM,11.0,True,,,2023,Italian Grand Prix,R,87.186
RUS,Mercedes,12.0,0 days 00:01:27.044000,0 days 00:00:28.310000,0 days 00:00:30.143000,0 days 00:00:28.591000,MEDIUM,12.0,True,,,2023,Italian Grand Prix,R,87.044
RUS,Mercedes,13.0,0 days 00:01:26.962000,0 days 00:00:28.313000,0 days 00:00:30.160000,0 days 00:00:28.489000,MEDIUM,13.0,True,,,2023,Italian Grand Prix,R,86.962
RUS,Mercedes,14.0,0 days 00:01:27.285000,0 days 00:00:28.618000,0 days 00:00:30.244000,0 days 00:00:28.423000,MEDIUM,14.0,True,,,2023,Italian Grand Prix,R,87.285
RUS,Mercedes,15.0,0 days 00:01:27.005000,0 days 00:00:28.352000,0 days 00:00:30.155000,0 days 00:00:28.498000,MEDIUM,15.0,True,,,2023,Italian Grand Prix,R,87.005
RUS,Mercedes,16.0,0 days 00:01:27.976000,0 days 00:00:28.483000,0 days 00:00:30.822000,0 days 00:00:28.671000,MEDIUM,16.0,True,,,2023,Italian Grand Prix,R,87.976
RUS,Mercedes,17.0,0 days 00:01:27.055000,0 days 00:00:28.502000,0 days 00:00:30.069000,0 days 00:00:28.484000,MEDIUM,17.0,True,,,2023,Italian Grand Prix,R,87.055
RUS,Mercedes,18.0,0 days 00:01:27.383000,0 days 00:00:28.386000,0 days 00:00:30.340000,0 days 00:00:28.657000,MEDIUM,18.0,True,,,2023,Italian Grand Prix,R,87.383
RUS,Mercedes,21.0,0 days 00:01:26.456000,0 days 00:00:28.308000,0 days 00:00:29.601000,0 days 00:00:28.547000,HARD,5.0,False,,,2023,Italian Grand Prix,R,86.456
RUS,Mercedes,22.0,0 days 00:01:26.715000,0 days 00:00:28.253000,0 days 00:00:29.891000,0 days 00:00:28.571000,HARD,6.0,False,,,2023,Italian Grand Prix,R,86.715
RUS,Mercedes,23.0,0 days 00:01:26.605000,0 days 00:00:28.145000,0 days 00:00:29.888000,0 days 00:00:28.572000,HARD,7.0,False,,,2023,Italian Grand Prix,R,86.605
RUS,Mercedes,24.0,0 days 00:01:26.671000,0 days 00:00:28.215000,0 days 00:00:29.873000,0 days 00:00:28.583000,HARD,8.0,False,,,2023,Italian Grand Prix,R,86.671
RUS,Mercedes,25.0,0 days 00:01:26.320000,0 days 00:00:28.213000,0 days 00:00:29.640000,0 days 00:00:28.467000,HARD,9.0,False,,,2023,Italian Grand Prix,R,86.32
RUS,Mercedes,26.0,0 days 00:01:26.410000,0 days 00:00:28.264000,0 days 00:00:29.755000,0 days 00:00:28.391000,HARD,10.0,False,,,2023,Italian Grand Prix,R,86.41
RUS,Mercedes,27.0,0 days 00:01:26.184000,0 days 00:00:28.172000,0 days 00:00:29.571000,0 days 00:00:28.441000,HARD,11.0,False,,,2023,Italian Grand Prix,R,86.184
RUS,Mercedes,28.0,0 days 00:01:26.284000,0 days 00:00:28.272000,0 days 00:00:29.674000,0 days 00:00:28.338000,HARD,12.0,False,,,2023,Italian Grand Prix,R,86.284
RUS,Mercedes,29.0,0 days 00:01:26.140000,0 days 00:00:28.321000,0 days 00:00:29.540000,0 days 00:00:28.279000,HARD,13.0,False,,,2023,Italian Grand Prix,R,86.14
RUS,Mercedes,30.0,0 days 00:01:25.966000,0 days 00:00:28.299000,0 days 00:00:29.436000,0 days 00:00:28.231000,HARD,14.0,False,,,2023,Italian Grand Prix,R,85.966
RUS,Mercedes,31.0,0 days 00:01:26.148000,0 days 00:00:28.212000,0 days 00:00:29.697000,0 days 00:00:28.239000,HARD,15.0,False,,,2023,Italian Grand Prix,R,86.148
RUS,Mercedes,32.0,0 days 00:01:26.059000,0 days 00:00:28.168000,0 days 00:00:29.632000,0 days 00:00:28.259000,HARD,16.0,False,,,2023,Italian Grand Prix,R,86.059
RUS,Mercedes,33.0,0 days 00:01:26.161000,0 days 00:00:28.213000,0 days 00:00:29.716000,0 days 00:00:28.232000,HARD,17.0,False,,,2023,Italian Grand Prix,R,86.161
RUS,Mercedes,34.0,0 days 00:01:26.119000,0 days 00:00:28.165000,0 days 00:00:29.718000,0 days 00:00:28.236000,HARD,18.0,False,,,2023,Italian Grand Prix,R,86.119
RUS,Mercedes,35.0,0 days 00:01:26.189000,0 days 00:00:28.084000,0 days 00:00:29.754000,0 days 00:00:28.351000,HARD,19.0,False,,,2023,Italian Grand Prix,R,86.189
RUS,Mercedes,36.0,0 days 00:01:26.371000,0 days 00:00:28.235000,0 days 00:00:29.902000,0 days 00:00:28.234000,HARD,20.0,False,,,2023,Italian Grand Prix,R,86.371
RUS,Mercedes,37.0,0 days 00:01:25.997000,0 days 00:00:28.056000,0 days 00:00:29.721000,0 days 00:00:28.220000,HARD,21.0,False,,,2023,Italian Grand Prix,R,85.997
RUS,Mercedes,38.0,0 days 00:01:25.847000,0 days 00:00:28.065000,0 days 00:00:29.545000,0 days 00:00:28.237000,HARD,22.0,False,,,2023,Italian Grand Prix,R,85.847
RUS,Mercedes,39.0,0 days 00:01:26.210000,0 days 00:00:28.155000,0 days 00:00:29.808000,0 days 00:00:28.247000,HARD,23.0,False,,,2023,Italian Grand Prix,R,86.21
RUS,Mercedes,40.0,0 days 00:01:26.244000,0 days 00:00:28.212000,0 days 00:00:29.804000,0 days 00:00:28.228000,HARD,24.0,False,,,2023,Italian Grand Prix,R,86.244
RUS,Mercedes,41.0,0 days 00:01:26.614000,0 days 00:00:28.244000,0 days 00:00:29.955000,0 days 00:00:28.415000,HARD,25.0,False,,,2023,Italian Grand Prix,R,86.614
RUS,Mercedes,42.0,0 days 00:01:26.335000,0 days 00:00:28.230000,0 days 00:00:29.751000,0 days 00:00:28.354000,HARD,26.0,False,,,2023,Italian Grand Prix,R,86.335
RUS,Mercedes,43.0,0 days 00:01:26.426000,0 days 00:00:28.248000,0 days 00:00:29.841000,0 days 00:00:28.337000,HARD,27.0,False,,,2023,Italian Grand Prix,R,86.426
RUS,Mercedes,44.0,0 days 00:01:26.336000,0 days 00:00:28.274000,0 days 00:00:29.817000,0 days 00:00:28.245000,HARD,28.0,False,,,2023,Italian Grand Prix,R,86.336
RUS,Mercedes,45.0,0 days 00:01:26.394000,0 days 00:00:28.146000,0 days 00:00:29.972000,0 days 00:00:28.276000,HARD,29.0,False,,,2023,Italian Grand Prix,R,86.394
RUS,Mercedes,46.0,0 days 00:01:26.458000,0 days 00:00:28.181000,0 days 00:00:29.940000,0 days 00:00:28.337000,HARD,30.0,False,,,2023,Italian Grand Prix,R,86.458
RUS,Mercedes,47.0,0 days 00:01:26.640000,0 days 00:00:28.178000,0 days 00:00:30.067000,0 days 00:00:28.395000,HARD,31.0,False,,,2023,Italian Grand Prix,R,86.64
RUS,Mercedes,48.0,0 days 00:01:26.287000,0 days 00:00:28.130000,0 days 00:00:29.770000,0 days 00:00:28.387000,HARD,32.0,False,,,2023,Italian Grand Prix,R,86.287
RUS,Mercedes,49.0,0 days 00:01:26.375000,0 days 00:00:28.077000,0 days 00:00:29.921000,0 days 00:00:28.377000,HARD,33.0,False,,,2023,Italian Grand Prix,R,86.375
RUS,Mercedes,50.0,0 days 00:01:26.874000,0 days 00:00:28.240000,0 days 00:00:30.159000,0 days 00:00:28.475000,HARD,34.0,False,,,2023,Italian Grand Prix,R,86.874
RUS,Mercedes,51.0,0 days 00:01:26.628000,0 days 00:00:28.119000,0 days 00:00:29.918000,0 days 00:00:28.591000,HARD,35.0,False,,,2023,Italian Grand Prix,R,86.628
BOT,Alfa Romeo,2.0,0 days 00:01:28.032000,0 days 00:00:28.453000,0 days 00:00:30.353000,0 days 00:00:29.226000,HARD,5.0,False,,,2023,Italian Grand Prix,R,88.032
BOT,Alfa Romeo,3.0,0 days 00:01:27.950000,0 days 00:00:28.475000,0 days 00:00:30.099000,0 days 00:00:29.376000,HARD,6.0,False,,,2023,Italian Grand Prix,R,87.95
BOT,Alfa Romeo,4.0,0 days 00:01:27.119000,0 days 00:00:28.114000,0 days 00:00:30.047000,0 days 00:00:28.958000,HARD,7.0,False,,,2023,Italian Grand Prix,R,87.119
BOT,Alfa Romeo,5.0,0 days 00:01:27.575000,0 days 00:00:28.257000,0 days 00:00:30.336000,0 days 00:00:28.982000,HARD,8.0,False,,,2023,Italian Grand Prix,R,87.575
BOT,Alfa Romeo,6.0,0 days 00:01:27.150000,0 days 00:00:28.133000,0 days 00:00:30.012000,0 days 00:00:29.005000,HARD,9.0,False,,,2023,Italian Grand Prix,R,87.15
BOT,Alfa Romeo,7.0,0 days 00:01:27.360000,0 days 00:00:28.142000,0 days 00:00:30.162000,0 days 00:00:29.056000,HARD,10.0,False,,,2023,Italian Grand Prix,R,87.36
BOT,Alfa Romeo,8.0,0 days 00:01:27.227000,0 days 00:00:28.135000,0 days 00:00:30.326000,0 days 00:00:28.766000,HARD,11.0,False,,,2023,Italian Grand Prix,R,87.227
BOT,Alfa Romeo,9.0,0 days 00:01:27.265000,0 days 00:00:28.082000,0 days 00:00:30.005000,0 days 00:00:29.178000,HARD,12.0,False,,,2023,Italian Grand Prix,R,87.265
BOT,Alfa Romeo,10.0,0 days 00:01:27.863000,0 days 00:00:28.393000,0 days 00:00:30.325000,0 days 00:00:29.145000,HARD,13.0,False,,,2023,Italian Grand Prix,R,87.863
BOT,Alfa Romeo,11.0,0 days 00:01:27.693000,0 days 00:00:28.155000,0 days 00:00:30.255000,0 days 00:00:29.283000,HARD,14.0,False,,,2023,Italian Grand Prix,R,87.693
BOT,Alfa Romeo,12.0,0 days 00:01:28.716000,0 days 00:00:28.237000,0 days 00:00:31.261000,0 days 00:00:29.218000,HARD,15.0,False,,,2023,Italian Grand Prix,R,88.716
BOT,Alfa Romeo,13.0,0 days 00:01:28.007000,0 days 00:00:28.151000,0 days 00:00:30.690000,0 days 00:00:29.166000,HARD,16.0,False,,,2023,Italian Grand Prix,R,88.007
BOT,Alfa Romeo,14.0,0 days 00:01:27.991000,0 days 00:00:28.208000,0 days 00:00:30.592000,0 days 00:00:29.191000,HARD,17.0,False,,,2023,Italian Grand Prix,R,87.991
BOT,Alfa Romeo,15.0,0 days 00:01:27.427000,0 days 00:00:28.316000,0 days 00:00:30.294000,0 days 00:00:28.817000,HARD,18.0,False,,,2023,Italian Grand Prix,R,87.427
BOT,Alfa Romeo,16.0,0 days 00:01:27.824000,0 days 00:00:28.558000,0 days 00:00:30.380000,0 days 00:00:28.886000,HARD,19.0,False,,,2023,Italian Grand Prix,R,87.824
BOT,Alfa Romeo,17.0,0 days 00:01:27.470000,0 days 00:00:28.419000,0 days 00:00:30.267000,0 days 00:00:28.784000,HARD,20.0,False,,,2023,Italian Grand Prix,R,87.47
BOT,Alfa Romeo,18.0,0 days 00:01:27.634000,0 days 00:00:28.440000,0 days 00:00:30.291000,0 days 00:00:28.903000,HARD,21.0,False,,,2023,Italian Grand Prix,R,87.634
BOT,Alfa Romeo,19.0,0 days 00:01:27.725000,0 days 00:00:28.600000,0 days 00:00:30.253000,0 days 00:00:28.872000,HARD,22.0,False,,,2023,Italian Grand Prix,R,87.725
BOT,Alfa Romeo,20.0,0 days 00:01:28.438000,0 days 00:00:28.426000,0 days 00:00:30.550000,0 days 00:00:29.462000,HARD,23.0,False,,,2023,Italian Grand Prix,R,88.438
BOT,Alfa Romeo,21.0,0 days 00:01:29.044000,0 days 00:00:28.534000,0 days 00:00:30.814000,0 days 00:00:29.696000,HARD,24.0,False,,,2023,Italian Grand Prix,R,89.044
BOT,Alfa Romeo,22.0,0 days 00:01:28.116000,0 days 00:00:28.579000,0 days 00:00:30.455000,0 days 00:00:29.082000,HARD,25.0,False,,,2023,Italian Grand Prix,R,88.116
BOT,Alfa Romeo,23.0,0 days 00:01:28.123000,0 days 00:00:28.491000,0 days 00:00:30.642000,0 days 00:00:28.990000,HARD,26.0,False,,,2023,Italian Grand Prix,R,88.123
BOT,Alfa Romeo,24.0,0 days 00:01:28.022000,0 days 00:00:28.438000,0 days 00:00:30.518000,0 days 00:00:29.066000,HARD,27.0,False,,,2023,Italian Grand Prix,R,88.022
BOT,Alfa Romeo,27.0,0 days 00:01:25.988000,0 days 00:00:28.023000,0 days 00:00:29.536000,0 days 00:00:28.429000,MEDIUM,5.0,False,,,2023,Italian Grand Prix,R,85.988
BOT,Alfa Romeo,28.0,0 days 00:01:26.486000,0 days 00:00:28.215000,0 days 00:00:29.742000,0 days 00:00:28.529000,MEDIUM,6.0,False,,,2023,Italian Grand Prix,R,86.486
BOT,Alfa Romeo,29.0,0 days 00:01:26.201000,0 days 00:00:28.081000,0 days 00:00:29.576000,0 days 00:00:28.544000,MEDIUM,7.0,False,,,2023,Italian Grand Prix,R,86.201
BOT,Alfa Romeo,30.0,0 days 00:01:26.643000,0 days 00:00:28.119000,0 days 00:00:29.908000,0 days 00:00:28.616000,MEDIUM,8.0,False,,,2023,Italian Grand Prix,R,86.643
BOT,Alfa Romeo,31.0,0 days 00:01:26.648000,0 days 00:00:28.039000,0 days 00:00:29.891000,0 days 00:00:28.718000,MEDIUM,9.0,False,,,2023,Italian Grand Prix,R,86.648
BOT,Alfa Romeo,32.0,0 days 00:01:26.606000,0 days 00:00:28.088000,0 days 00:00:30.033000,0 days 00:00:28.485000,MEDIUM,10.0,False,,,2023,Italian Grand Prix,R,86.606
BOT,Alfa Romeo,33.0,0 days 00:01:26.873000,0 days 00:00:28.047000,0 days 00:00:30.118000,0 days 00:00:28.708000,MEDIUM,11.0,False,,,2023,Italian Grand Prix,R,86.873
BOT,Alfa Romeo,34.0,0 days 00:01:26.621000,0 days 00:00:28.110000,0 days 00:00:29.945000,0 days 00:00:28.566000,MEDIUM,12.0,False,,,2023,Italian Grand Prix,R,86.621
BOT,Alfa Romeo,35.0,0 days 00:01:26.523000,0 days 00:00:28.193000,0 days 00:00:29.831000,0 days 00:00:28.499000,MEDIUM,13.0,False,,,2023,Italian Grand Prix,R,86.523
BOT,Alfa Romeo,36.0,0 days 00:01:26.782000,0 days 00:00:28.073000,0 days 00:00:29.992000,0 days 00:00:28.717000,MEDIUM,14.0,False,,,2023,Italian Grand Prix,R,86.782
BOT,Alfa Romeo,37.0,0 days 00:01:26.545000,0 days 00:00:28.162000,0 days 00:00:29.802000,0 days 00:00:28.581000,MEDIUM,15.0,False,,,2023,Italian Grand Prix,R,86.545
BOT,Alfa Romeo,38.0,0 days 00:01:27.093000,0 days 00:00:28.157000,0 days 00:00:30.219000,0 days 00:00:28.717000,MEDIUM,16.0,False,,,2023,Italian Grand Prix,R,87.093
BOT,Alfa Romeo,39.0,0 days 00:01:26.981000,0 days 00:00:28.377000,0 days 00:00:29.982000,0 days 00:00:28.622000,MEDIUM,17.0,False,,,2023,Italian Grand Prix,R,86.981
BOT,Alfa Romeo,40.0,0 days 00:01:27.862000,0 days 00:00:28.208000,0 days 00:00:30.572000,0 days 00:00:29.082000,MEDIUM,18.0,False,,,2023,Italian Grand Prix,R,87.862
BOT,Alfa Romeo,41.0,0 days 00:01:27.203000,0 days 00:00:28.364000,0 days 00:00:30.082000,0 days 00:00:28.757000,MEDIUM,19.0,False,,,2023,Italian Grand Prix,R,87.203
BOT,Alfa Romeo,42.0,0 days 00:01:26.864000,0 days 00:00:28.094000,0 days 00:00:30.159000,0 days 00:00:28.611000,MEDIUM,20.0,False,,,2023,Italian Grand Prix,R,86.864
BOT,Alfa Romeo,43.0,0 days 00:01:27.753000,0 days 00:00:28.092000,0 days 00:00:31.189000,0 days 00:00:28.472000,MEDIUM,21.0,False,,,2023,Italian Grand Prix,R,87.753
BOT,Alfa Romeo,44.0,0 days 00:01:26.962000,0 days 00:00:28.245000,0 days 00:00:30.007000,0 days 00:00:28.710000,MEDIUM,22.0,False,,,2023,Italian Grand Prix,R,86.962
BOT,Alfa Romeo,45.0,0 days 00:01:26.889000,0 days 00:00:28.447000,0 days 00:00:29.949000,0 days 00:00:28.493000,MEDIUM,23.0,False,,,2023,Italian Grand Prix,R,86.889
BOT,Alfa Romeo,46.0,0 days 00:01:26.806000,0 days 00:00:28.351000,0 days 00:00:29.887000,0 days 00:00:28.568000,MEDIUM,24.0,False,,,2023,Italian Grand Prix,R,86.806
BOT,Alfa Romeo,47.0,0 days 00:01:26.736000,0 days 00:00:28.211000,0 days 00:00:29.981000,0 days 00:00:28.544000,MEDIUM,25.0,False,,,2023,Italian Grand Prix,R,86.736
BOT,Alfa Romeo,48.0,0 days 00:01:27.005000,0 days 00:00:28.241000,0 days 00:00:30.015000,0 days 00:00:28.749000,MEDIUM,26.0,False,,,2023,Italian Grand Prix,R,87.005
BOT,Alfa Romeo,49.0,0 days 00:01:27.134000,0 days 00:00:28.218000,0 days 00:00:30.128000,0 days 00:00:28.788000,MEDIUM,27.0,False,,,2023,Italian Grand Prix,R,87.134
BOT,Alfa Romeo,50.0,0 days 00:01:26.950000,0 days 00:00:28.210000,0 days 00:00:30.034000,0 days 00:00:28.706000,MEDIUM,28.0,False,,,2023,Italian Grand Prix,R,86.95
PIA,McLaren,1.0,0 days 00:01:30.315000,,0 days 00:00:30.703000,0 days 00:00:28.748000,MEDIUM,1.0,True,,,2023,Italian Grand Prix,R,90.315
PIA,McLaren,2.0,0 days 00:01:28.053000,0 days 00:00:28.711000,0 days 00:00:30.778000,0 days 00:00:28.564000,MEDIUM,2.0,True,,,2023,Italian Grand Prix,R,88.053
PIA,McLaren,3.0,0 days 00:01:26.982000,0 days 00:00:28.568000,0 days 00:00:29.883000,0 days 00:00:28.531000,MEDIUM,3.0,True,,,2023,Italian Grand Prix,R,86.982
PIA,McLaren,4.0,0 days 00:01:27.004000,0 days 00:00:28.438000,0 days 00:00:29.981000,0 days 00:00:28.585000,MEDIUM,4.0,True,,,2023,Italian Grand Prix,R,87.004
PIA,McLaren,5.0,0 days 00:01:26.909000,0 days 00:00:28.354000,0 days 00:00:29.846000,0 days 00:00:28.709000,MEDIUM,5.0,True,,,2023,Italian Grand Prix,R,86.909
PIA,McLaren,6.0,0 days 00:01:26.878000,0 days 00:00:28.525000,0 days 00:00:29.832000,0 days 00:00:28.521000,MEDIUM,6.0,True,,,2023,Italian Grand Prix,R,86.878
PIA,McLaren,7.0,0 days 00:01:26.940000,0 days 00:00:28.419000,0 days 00:00:29.823000,0 days 00:00:28.698000,MEDIUM,7.0,True,,,2023,Italian Grand Prix,R,86.94
PIA,McLaren,8.0,0 days 00:01:26.850000,0 days 00:00:28.308000,0 days 00:00:29.845000,0 days 00:00:28.697000,MEDIUM,8.0,True,,,2023,Italian Grand Prix,R,86.85
PIA,McLaren,9.0,0 days 00:01:26.864000,0 days 00:00:28.350000,0 days 00:00:29.742000,0 days 00:00:28.772000,MEDIUM,9.0,True,,,2023,Italian Grand Prix,R,86.864
PIA,McLaren,10.0,0 days 00:01:26.823000,0 days 00:00:28.343000,0 days 00:00:29.853000,0 days 00:00:28.627000,MEDIUM,10.0,True,,,2023,Italian Grand Prix,R,86.823
PIA,McLaren,11.0,0 days 00:01:27.217000,0 days 00:00:28.342000,0 days 00:00:30.116000,0 days 00:00:28.759000,MEDIUM,11.0,True,,,2023,Italian Grand Prix,R,87.217
PIA,McLaren,12.0,0 days 00:01:27.454000,0 days 00:00:28.376000,0 days 00:00:30.184000,0 days 00:00:28.894000,MEDIUM,12.0,True,,,2023,Italian Grand Prix,R,87.454
PIA,McLaren,13.0,0 days 00:01:27.518000,0 days 00:00:28.468000,0 days 00:00:30.156000,0 days 00:00:28.894000,MEDIUM,13.0,True,,,2023,Italian Grand Prix,R,87.518
PIA,McLaren,14.0,0 days 00:01:27.371000,0 days 00:00:28.431000,0 days 00:00:29.990000,0 days 00:00:28.950000,MEDIUM,14.0,True,,,2023,Italian Grand Prix,R,87.371
PIA,McLaren,15.0,0 days 00:01:27.738000,0 days 00:00:28.471000,0 days 00:00:30.157000,0 days 00:00:29.110000,MEDIUM,15.0,True,,,2023,Italian Grand Prix,R,87.738
PIA,McLaren,16.0,0 days 00:01:27.201000,0 days 00:00:28.376000,0 days 00:00:29.995000,0 days 00:00:28.830000,MEDIUM,16.0,True,,,2023,Italian Grand Prix,R,87.201
PIA,McLaren,17.0,0 days 00:01:27.440000,0 days 00:00:28.578000,0 days 00:00:30.037000,0 days 00:00:28.825000,MEDIUM,17.0,True,,,2023,Italian Grand Prix,R,87.44
PIA,McLaren,18.0,0 days 00:01:27.398000,0 days 00:00:28.507000,0 days 00:00:30.094000,0 days 00:00:28.797000,MEDIUM,18.0,True,,,2023,Italian Grand Prix,R,87.398
PIA,McLaren,19.0,0 days 00:01:27.352000,0 days 00:00:28.545000,0 days 00:00:30.104000,0 days 00:00:28.703000,MEDIUM,19.0,True,,,2023,Italian Grand Prix,R,87.352
PIA,McLaren,20.0,0 days 00:01:27.746000,0 days 00:00:28.590000,0 days 00:00:30.255000,0 days 00:00:28.901000,MEDIUM,20.0,True,,,2023,Italian Grand Prix,R,87.746
PIA,McLaren,21.0,0 days 00:01:27.587000,0 days 00:00:28.664000,0 days 00:00:30.251000,0 days 00:00:28.672000,MEDIUM,21.0,True,,,2023,Italian Grand Prix,R,87.587
PIA,McLaren,22.0,0 days 00:01:27.419000,0 days 00:00:28.512000,0 days 00:00:30.088000,0 days 00:00:28.819000,MEDIUM,22.0,True,,,2023,Italian Grand Prix,R,87.419
PIA,McLaren,25.0,0 days 00:01:26.411000,0 days 00:00:28.241000,0 days 00:00:29.759000,0 days 00:00:28.411000,HARD,7.0,False,,,2023,Italian Grand Prix,R,86.411
PIA,McLaren,26.0,0 days 00:01:26.287000,0 days 00:00:28.284000,0 days 00:00:29.601000,0 days 00:00:28.402000,HARD,8.0,False,,,2023,Italian Grand Prix,R,86.287
PIA,McLaren,27.0,0 days 00:01:26.248000,0 days 00:00:28.187000,0 days 00:00:29.582000,0 days 00:00:28.479000,HARD,9.0,False,,,2023,Italian Grand Prix,R,86.248
PIA,McLaren,28.0,0 days 00:01:26.611000,0 days 00:00:28.193000,0 days 00:00:30.034000,0 days 00:00:28.384000,HARD,10.0,False,,,2023,Italian Grand Prix,R,86.611
PIA,McLaren,29.0,0 days 00:01:26.132000,0 days 00:00:28.109000,0 days 00:00:29.736000,0 days 00:00:28.287000,HARD,11.0,False,,,2023,Italian Grand Prix,R,86.132
PIA,McLaren,30.0,0 days 00:01:27.074000,0 days 00:00:28.311000,0 days 00:00:30.133000,0 days 00:00:28.630000,HARD,12.0,False,,,2023,Italian Grand Prix,R,87.074
PIA,McLaren,31.0,0 days 00:01:26.860000,0 days 00:00:28.271000,0 days 00:00:30.047000,0 days 00:00:28.542000,HARD,13.0,False,,,2023,Italian Grand Prix,R,86.86
PIA,McLaren,32.0,0 days 00:01:26.746000,0 days 00:00:28.188000,0 days 00:00:29.943000,0 days 00:00:28.615000,HARD,14.0,False,,,2023,Italian Grand Prix,R,86.746
PIA,McLaren,33.0,0 days 00:01:26.445000,0 days 00:00:28.189000,0 days 00:00:29.772000,0 days 00:00:28.484000,HARD,15.0,False,,,2023,Italian Grand Prix,R,86.445
PIA,McLaren,34.0,0 days 00:01:26.717000,0 days 00:00:28.214000,0 days 00:00:30.026000,0 days 00:00:28.477000,HARD,16.0,False,,,2023,Italian Grand Prix,R,86.717
PIA,McLaren,35.0,0 days 00:01:26.277000,0 days 00:00:28.203000,0 days 00:00:29.717000,0 days 00:00:28.357000,HARD,17.0,False,,,2023,Italian Grand Prix,R,86.277
PIA,McLaren,36.0,0 days 00:01:26.639000,0 days 00:00:28.242000,0 days 00:00:29.899000,0 days 00:00:28.498000,HARD,18.0,False,,,2023,Italian Grand Prix,R,86.639
PIA,McLaren,37.0,0 days 00:01:26.806000,0 days 00:00:28.265000,0 days 00:00:30.111000,0 days 00:00:28.430000,HARD,19.0,False,,,2023,Italian Grand Prix,R,86.806
PIA,McLaren,38.0,0 days 00:01:27.146000,0 days 00:00:28.206000,0 days 00:00:30.212000,0 days 00:00:28.728000,HARD,20.0,False,,,2023,Italian Grand Prix,R,87.146
PIA,McLaren,39.0,0 days 00:01:27.166000,0 days 00:00:28.568000,0 days 00:00:29.927000,0 days 00:00:28.671000,HARD,21.0,False,,,2023,Italian Grand Prix,R,87.166
PIA,McLaren,40.0,0 days 00:01:26.853000,0 days 00:00:28.312000,0 days 00:00:30.216000,0 days 00:00:28.325000,HARD,22.0,False,,,2023,Italian Grand Prix,R,86.853
PIA,McLaren,43.0,0 days 00:01:25.072000,0 days 00:00:28.060000,0 days 00:00:29.174000,0 days 00:00:27.838000,MEDIUM,5.0,False,,,2023,Italian Grand Prix,R,85.072
PIA,McLaren,44.0,0 days 00:01:25.690000,0 days 00:00:27.968000,0 days 00:00:29.130000,0 days 00:00:28.592000,MEDIUM,6.0,False,,,2023,Italian Grand Prix,R,85.69
PIA,McLaren,45.0,0 days 00:01:26.139000,0 days 00:00:28.568000,0 days 00:00:29.596000,0 days 00:00:27.975000,MEDIUM,7.0,False,,,2023,Italian Grand Prix,R,86.139
PIA,McLaren,46.0,0 days 00:01:25.732000,0 days 00:00:28.103000,0 days 00:00:29.596000,0 days 00:00:28.033000,MEDIUM,8.0,False,,,2023,Italian Grand Prix,R,85.732
PIA,McLaren,47.0,0 days 00:01:26.614000,0 days 00:00:28.276000,0 days 00:00:29.795000,0 days 00:00:28.543000,MEDIUM,9.0,False,,,2023,Italian Grand Prix,R,86.614
PIA,McLaren,48.0,0 days 00:01:26.067000,0 days 00:00:28.089000,0 days 00:00:29.668000,0 days 00:00:28.310000,MEDIUM,10.0,False,,,2023,Italian Grand Prix,R,86.067
PIA,McLaren,49.0,0 days 00:01:25.841000,0 days 00:00:27.763000,0 days 00:00:29.762000,0 days 00:00:28.316000,MEDIUM,11.0,False,,,2023,Italian Grand Prix,R,85.841
PIA,McLaren,50.0,0 days 00:01:25.593000,0 days 00:00:28.181000,0 days 00:00:29.335000,0 days 00:00:28.077000,MEDIUM,12.0,False,,,2023,Italian Grand Prix,R,85.593
