Time,Distance,X,Y,Speed,Throttle,Brake,RPM,nGear,DRS,LapID,PointIndex,Year,GrandPrix,Session,Driver,LapNumber,LapTime_s,Time_s
0 days 00:00:00,0.0068264549751961,-1371.716357796453,-651.8874576710479,315.2124992,100.0,False,11615.8062432,8,8,1,0,2023,Italian Grand Prix,R,HAM,29.0,85.582,0.0
0 days 00:00:00.143000,12.601388888888886,-1365.7072935893666,-584.414745512386,317.0,100.0,False,11631.0,8,8,1,1,2023,Italian Grand Prix,R,HAM,29.0,85.582,0.143
0 days 00:00:00.257000,22.67326266947985,-1359.0,-508.0,317.6333326222222,100.0,False,11657.916636444445,8,8,1,2,2023,Italian Grand Prix,R,HAM,29.0,85.582,0.257
0 days 00:00:00.477000,42.18837199853512,-1342.0,-314.0,318.85555484444444,100.0,False,11709.86108088889,8,8,1,3,2023,Italian Grand Prix,R,HAM,29.0,85.582,0.477
0 days 00:00:00.503000,44.50138888888888,-1339.8808322625011,-290.324519579253,319.0,100.0,False,11716.0,8,8,1,4,2023,Italian Grand Prix,R,HAM,29.0,85.582,0.503
0 days 00:00:00.676000,59.925832196503016,-1326.0,-137.0,320.2357138285714,100.0,False,11762.957125485715,8,8,1,5,2023,Italian Grand Prix,R,HAM,29.0,85.582,0.676
0 days 00:00:00.783000,69.46805555555555,-1318.21356117695,-48.991480717970404,321.0,100.0,False,11792.0,8,8,1,6,2023,Italian Grand Prix,R,HAM,29.0,85.582,0.783
0 days 00:00:00.896000,79.53088245570207,-1309.0,57.0,321.0,100.0,False,11840.0249728,8,8,1,7,2023,Italian Grand Prix,R,HAM,29.0,85.582,0.896
0 days 00:00:01.023000,90.86805555555554,-1295.1732697989482,216.92409416665615,321.0,100.0,False,11894.0,8,8,1,8,2023,Italian Grand Prix,R,HAM,29.0,85.582,1.023
0 days 00:00:01.236000,110.0674288543803,-1272.0,486.0,323.12999936,100.0,False,11931.80748864,8,8,1,9,2023,Italian Grand Prix,R,HAM,29.0,85.582,1.236
0 days 00:00:01.423000,126.97916666666666,-1264.0522893381187,579.1949752226693,325.0,100.0,False,11965.0,8,14,1,10,2023,Italian Grand Prix,R,HAM,29.0,85.582,1.423
0 days 00:00:01.583000,141.4236111111111,-1256.2022811088132,671.0196468925166,325.0,100.0,False,11978.0,8,14,1,11,2023,Italian Grand Prix,R,HAM,29.0,85.582,1.583
0 days 00:00:01.597000,142.69194833860976,-1255.0,685.0,325.14999862857144,100.0,False,11984.049944685714,8,14,1,12,2023,Italian Grand Prix,R,HAM,29.0,85.582,1.597
0 days 00:00:01.817000,162.7352923534703,-1230.0,975.0,327.50714148571427,100.0,False,12079.121373257143,8,14,1,13,2023,Italian Grand Prix,R,HAM,29.0,85.582,1.817
0 days 00:00:01.863000,166.9347222222222,-1226.0224426908253,1021.1061876758992,328.0,100.0,False,12099.0,8,12,1,14,2023,Italian Grand Prix,R,HAM,29.0,85.582,1.863
0 days 00:00:02.023000,181.55694444444444,-1217.880326084799,1115.387169437706,329.0,100.0,False,12087.0,8,12,1,15,2023,Italian Grand Prix,R,HAM,29.0,85.582,2.023
0 days 00:00:02.156000,193.796565769032,-1211.0,1194.0,330.2468744,100.0,False,12127.7312304,8,12,1,16,2023,Italian Grand Prix,R,HAM,29.0,85.582,2.156
0 days 00:00:02.343000,211.06805555555553,-1196.1382438187306,1362.6551448207906,332.0,100.0,False,12185.0,8,12,1,17,2023,Italian Grand Prix,R,HAM,29.0,85.582,2.343
0 days 00:00:02.416000,217.79348418607776,-1190.0,1433.0,332.0,100.0,False,12204.8468576,8,12,1,18,2023,Italian Grand Prix,R,HAM,29.0,85.582,2.416
0 days 00:00:02.656000,239.9290271125476,-1171.0,1654.0,332.0,100.0,False,12270.0968576,8,12,1,19,2023,Italian Grand Prix,R,HAM,29.0,85.582,2.656
0 days 00:00:02.663000,240.57916666666662,-1170.439205220524,1660.4764911513016,332.0,100.0,False,12272.0,8,12,1,20,2023,Italian Grand Prix,R,HAM,29.0,85.582,2.663
0 days 00:00:02.756000,249.24576519415348,-1163.0,1746.0,333.85999872,100.0,False,12278.50999552,8,12,1,21,2023,Italian Grand Prix,R,HAM,29.0,85.582,2.756
0 days 00:00:02.863000,259.2458333333333,-1155.1428837065948,1836.1589168598389,336.0,100.0,False,12286.0,8,12,1,22,2023,Italian Grand Prix,R,HAM,29.0,85.582,2.863
0 days 00:00:03.063000,277.91249999999997,-1139.7207331560883,2014.1978685800577,336.0,100.0,False,12349.0,8,12,1,23,2023,Italian Grand Prix,R,HAM,29.0,85.582,3.063
0 days 00:00:03.115000,282.7745325612424,-1134.0,2081.0,336.26,100.0,False,12358.1,8,12,1,24,2023,Italian Grand Prix,R,HAM,29.0,85.582,3.115
0 days 00:00:03.263000,296.63472222222214,-1113.8870716182123,2317.06446522191,337.0,100.0,False,12384.0,8,12,1,25,2023,Italian Grand Prix,R,HAM,29.0,85.582,3.263
0 days 00:00:03.316000,301.6014687555693,-1107.0,2398.0,337.06309516190476,100.0,False,12385.3249984,8,12,1,26,2023,Italian Grand Prix,R,HAM,29.0,85.582,3.316
0 days 00:00:04.056000,371.0820885284986,-1059.0,2960.0,337.94404754285716,100.0,False,12403.8249984,8,12,1,27,2023,Italian Grand Prix,R,HAM,29.0,85.582,4.056
0 days 00:00:04.103000,375.50138888888875,-1055.617540906937,2999.3634939480567,338.0,100.0,False,12405.0,8,12,1,28,2023,Italian Grand Prix,R,HAM,29.0,85.582,4.103
0 days 00:00:04.376000,401.1973339225108,-1033.0,3260.0,338.8531248,100.0,False,12468.98436,8,12,1,29,2023,Italian Grand Prix,R,HAM,29.0,85.582,4.376
0 days 00:00:04.423000,405.63472222222214,-1029.0350551586616,3304.4841332362885,339.0,100.0,False,12480.0,8,12,1,30,2023,Italian Grand Prix,R,HAM,29.0,85.582,4.423
0 days 00:00:04.556000,418.22047907789187,-1018.0,3429.0,340.1083328,100.0,False,12528.2124768,8,12,1,31,2023,Italian Grand Prix,R,HAM,29.0,85.582,4.556
0 days 00:00:04.663000,428.3680555555555,-1009.541377820819,3530.832609117573,341.0,100.0,False,12567.0,8,12,1,32,2023,Italian Grand Prix,R,HAM,29.0,85.582,4.663
0 days 00:00:04.736000,435.29874457844556,-1004.0,3598.0,341.36499968,100.0,False,12567.36499968,8,12,1,33,2023,Italian Grand Prix,R,HAM,29.0,85.582,4.736
0 days 00:00:04.863000,447.3680555555555,-994.8089182474218,3705.6501883151263,342.0,100.0,False,12568.0,8,12,1,34,2023,Italian Grand Prix,R,HAM,29.0,85.582,4.863
0 days 00:00:05.016000,461.9209247551669,-981.0,3864.0,342.47663540967187,100.0,False,12587.065416386875,8,12,1,35,2023,Italian Grand Prix,R,HAM,29.0,85.582,5.016
0 days 00:00:05.184000,477.95222222222213,-959.3403536951038,4114.510857864696,343.0,100.0,False,12608.0,8,12,1,36,2023,Italian Grand Prix,R,HAM,29.0,85.582,5.184
0 days 00:00:05.196000,479.1009561130222,-958.0,4130.0,343.10027853365506,100.0,False,12611.910862812549,8,12,1,37,2023,Italian Grand Prix,R,HAM,29.0,85.582,5.196
0 days 00:00:05.543000,512.456111111111,-936.6582418919005,4374.252278049279,346.0,100.0,False,12725.0,8,12,1,38,2023,Italian Grand Prix,R,HAM,29.0,85.582,5.543
0 days 00:00:05.597000,517.6443502148347,-933.0,4416.0,346.0,100.0,False,12735.7999744,8,12,1,39,2023,Italian Grand Prix,R,HAM,29.0,85.582,5.597
0 days 00:00:05.703000,527.8338888888887,-924.1845087076607,4516.870278118153,346.0,100.0,False,12757.0,8,12,1,40,2023,Italian Grand Prix,R,HAM,29.0,85.582,5.703
0 days 00:00:05.776000,534.8729631390613,-918.0,4589.0,346.4055552,100.0,False,12765.111104,8,12,1,41,2023,Italian Grand Prix,R,HAM,29.0,85.582,5.776
0 days 00:00:05.976000,554.2285014945235,-902.0,4781.0,347.5166663111111,100.0,False,12787.333326222222,8,12,1,42,2023,Italian Grand Prix,R,HAM,29.0,85.582,5.976
0 days 00:00:06.063000,562.6338888888887,-891.9737277859505,4895.1233746538865,348.0,100.0,False,12797.0,8,12,1,43,2023,Italian Grand Prix,R,HAM,29.0,85.582,6.063
0 days 00:00:06.217000,577.4758334532175,-873.0,5108.0,347.23000064,100.0,False,12749.26003968,8,12,1,44,2023,Italian Grand Prix,R,HAM,29.0,85.582,6.217
0 days 00:00:06.263000,581.9116666666665,-868.7478282904417,5156.8776130936,347.0,100.0,False,12735.0,8,12,1,45,2023,Italian Grand Prix,R,HAM,29.0,85.582,6.263
0 days 00:00:06.616000,616.0357520229226,-849.0,5396.0,347.98055537777776,100.0,False,12798.736099555555,8,12,1,46,2023,Italian Grand Prix,R,HAM,29.0,85.582,6.616
0 days 00:00:06.623000,616.7116666666666,-848.4865286492941,5401.886323639653,348.0,100.0,False,12800.0,8,12,1,47,2023,Italian Grand Prix,R,HAM,29.0,85.582,6.623
0 days 00:00:06.816000,635.3200541794548,-832.0,5588.0,347.1958336,100.0,False,12734.0583552,8,12,1,48,2023,Italian Grand Prix,R,HAM,29.0,85.582,6.816
0 days 00:00:06.863000,639.8449999999999,-828.1909730928965,5632.2793507207225,347.0,100.0,False,12718.0,8,12,1,49,2023,Italian Grand Prix,R,HAM,29.0,85.582,6.863
0 days 00:00:07.077000,660.4194454140217,-811.0,5838.0,346.4055559111111,100.0,False,12697.788900977777,8,12,1,50,2023,Italian Grand Prix,R,HAM,29.0,85.582,7.077
0 days 00:00:07.223000,674.4449999999998,-795.0854668221095,6023.907277704924,346.0,100.0,False,12684.0,8,12,1,51,2023,Italian Grand Prix,R,HAM,29.0,85.582,7.223
0 days 00:00:07.337000,685.3966991248251,-783.0,6164.0,346.0,100.0,False,12693.499989333333,8,12,1,52,2023,Italian Grand Prix,R,HAM,29.0,85.582,7.337
0 days 00:00:07.463000,697.5116666666665,-772.5267905102492,6285.3208314377025,346.0,100.0,False,12704.0,8,12,1,53,2023,Italian Grand Prix,R,HAM,29.0,85.582,7.463
0 days 00:00:07.743000,724.2672222222221,-754.9212056182121,6496.338984716619,344.0,92.0,False,12688.0,8,12,1,54,2023,Italian Grand Prix,R,HAM,29.0,85.582,7.743
0 days 00:00:07.756000,725.4755143535002,-754.0,6508.0,343.28500352,89.0750144,False,12662.71512448,8,12,1,55,2023,Italian Grand Prix,R,HAM,29.0,85.582,7.756
0 days 00:00:07.797000,729.2598897350096,-751.0,6546.0,341.03000704,79.8500288,False,12582.97024896,8,12,1,56,2023,Italian Grand Prix,R,HAM,29.0,85.582,7.797
0 days 00:00:08.016000,748.8543034286107,-733.0,6752.0,328.98500352,30.5750144,False,12157.01512448,8,12,1,57,2023,Italian Grand Prix,R,HAM,29.0,85.582,8.016
0 days 00:00:08.143000,760.045,-724.2568734574561,6852.934484705945,322.0,2.0,True,11910.0,8,0,1,58,2023,Italian Grand Prix,R,HAM,29.0,85.582,8.143
0 days 00:00:08.303000,773.9561111111111,-713.2075920817165,6986.341909474831,313.0,0.0,True,11226.0,8,0,1,59,2023,Italian Grand Prix,R,HAM,29.0,85.582,8.303
0 days 00:00:08.357000,778.419933207912,-708.0,7050.0,304.56252,0.0,True,10994.813048,8,0,1,60,2023,Italian Grand Prix,R,HAM,29.0,85.582,8.357
0 days 00:00:08.463000,786.756111111111,-695.5278070349401,7203.162644969975,288.0,0.0,True,10541.0,8,0,1,61,2023,Italian Grand Prix,R,HAM,29.0,85.582,8.463
0 days 00:00:08.536000,792.1543519186836,-688.0,7296.0,278.0928658285714,0.0,True,10159.314620342857,8,0,1,62,2023,Italian Grand Prix,R,HAM,29.0,85.582,8.536
0 days 00:00:08.743000,806.2005555555555,-680.2090846742715,7394.145762989749,250.0,0.0,True,9077.0,8,0,1,63,2023,Italian Grand Prix,R,HAM,29.0,85.582,8.743
0 days 00:00:08.876000,814.6040570268115,-677.0,7432.0,239.02750528,0.0,True,9125.87747648,8,0,1,64,2023,Italian Grand Prix,R,HAM,29.0,85.582,8.876
0 days 00:00:09.136000,829.9142155456645,-663.0,7594.0,217.57750528,0.0,True,9221.42747648,8,0,1,65,2023,Italian Grand Prix,R,HAM,29.0,85.582,9.136
0 days 00:00:09.143000,830.3116666666666,-662.6524780116576,7598.338734035596,217.0,0.0,True,9224.0,7,0,1,66,2023,Italian Grand Prix,R,HAM,29.0,85.582,9.143
0 days 00:00:09.303000,839.1116666666666,-655.6039382812924,7689.046258551893,198.0,0.0,True,8995.0,7,0,1,67,2023,Italian Grand Prix,R,HAM,29.0,85.582,9.303
0 days 00:00:09.316000,839.787301429009,-655.0,7696.0,196.65357805714285,0.0,True,8989.103600457143,7,0,1,68,2023,Italian Grand Prix,R,HAM,29.0,85.582,9.316
0 days 00:00:09.476000,847.5424320291127,-647.0,7778.0,180.0821494857143,0.0,True,8916.532171885714,7,0,1,69,2023,Italian Grand Prix,R,HAM,29.0,85.582,9.476
0 days 00:00:09.583000,852.256111111111,-642.2466786117124,7828.658972916867,169.0,0.0,True,8868.0,6,0,1,70,2023,Italian Grand Prix,R,HAM,29.0,85.582,9.583
0 days 00:00:09.655000,855.2456639026599,-639.0,7861.0,163.06,0.0,True,8967.72,6,0,1,71,2023,Italian Grand Prix,R,HAM,29.0,85.582,9.655
0 days 00:00:09.915000,864.9764311071208,-625.0,7966.0,141.61,0.0,True,9327.82,6,0,1,72,2023,Italian Grand Prix,R,HAM,29.0,85.582,9.915
0 days 00:00:09.983000,867.367222222222,-620.9475403438838,7989.599270187782,136.0,0.0,True,9422.0,5,0,1,73,2023,Italian Grand Prix,R,HAM,29.0,85.582,9.983
0 days 00:00:10.136000,872.5594774277848,-609.0,8042.0,122.6125056,0.0,True,8721.0690432,5,0,1,74,2023,Italian Grand Prix,R,HAM,29.0,85.582,10.136
0 days 00:00:10.143000,872.7894444444443,-608.2386371782436,8044.6626648611245,122.0,0.0,True,8689.0,3,0,1,75,2023,Italian Grand Prix,R,HAM,29.0,85.582,10.143
0 days 00:00:10.376000,880.0488622546615,-577.0,8135.0,112.29166933333333,0.0,True,7937.5752064,3,0,1,76,2023,Italian Grand Prix,R,HAM,29.0,85.582,10.376
0 days 00:00:10.383000,880.2561111111108,-576.2210957864623,8136.960859132538,112.0,0.0,True,7915.0,3,0,1,77,2023,Italian Grand Prix,R,HAM,29.0,85.582,10.383
0 days 00:00:10.636000,887.3453078402129,-554.0,8179.0,103.14500224,0.0,True,7070.6127136,3,0,1,78,2023,Italian Grand Prix,R,HAM,29.0,85.582,10.636
0 days 00:00:10.783000,891.1449999999998,-533.6378397083868,8207.907137026412,98.0,0.0,True,6580.0,3,0,1,79,2023,Italian Grand Prix,R,HAM,29.0,85.582,10.783
0 days 00:00:10.936000,894.872127417449,-508.0,8239.0,92.64500224,0.0,True,6225.80514816,3,0,1,80,2023,Italian Grand Prix,R,HAM,29.0,85.582,10.936
0 days 00:00:11.176000,900.3245804927883,-466.0,8273.0,84.24500224,0.0,True,5670.20514816,3,0,1,81,2023,Italian Grand Prix,R,HAM,29.0,85.582,11.176
0 days 00:00:11.183000,900.4783333333331,-464.6742820437104,8273.807248118159,84.0,0.0,True,5654.0,3,0,1,82,2023,Italian Grand Prix,R,HAM,29.0,85.582,11.183
0 days 00:00:11.356000,904.1897972878842,-430.0,8291.0,77.94500224,0.0,True,5406.61009152,3,0,1,83,2023,Italian Grand Prix,R,HAM,29.0,85.582,11.356
0 days 00:00:11.383000,904.7561111111108,-424.39984169387037,8293.182709045836,77.0,0.0,False,5368.0,3,0,1,84,2023,Italian Grand Prix,R,HAM,29.0,85.582,11.383
0 days 00:00:11.576000,908.7113163410385,-384.0,8305.0,74.25266932445138,0.0,False,5115.932410518414,3,0,1,85,2023,Italian Grand Prix,R,HAM,29.0,85.582,11.576
0 days 00:00:11.664000,910.4541666666664,-366.2056743673361,8308.442968157126,73.0,0.0,False,5001.0,3,0,1,86,2023,Italian Grand Prix,R,HAM,29.0,85.582,11.664
0 days 00:00:11.857000,914.1367475491529,-328.0,8315.0,69.984376,1.2062496,False,4937.0687712,3,0,1,87,2023,Italian Grand Prix,R,HAM,29.0,85.582,11.857
0 days 00:00:11.897000,914.8831753196044,-320.0,8317.0,69.359376,1.4562496,False,4923.8187712,3,0,1,88,2023,Italian Grand Prix,R,HAM,29.0,85.582,11.897
0 days 00:00:11.984000,916.4986111111109,-303.3325293702156,8321.181263068542,68.0,2.0,False,4895.0,3,0,1,89,2023,Italian Grand Prix,R,HAM,29.0,85.582,11.984
0 days 00:00:12.177000,920.0556206167225,-270.0,8330.0,67.3082441156716,9.609314727612393,False,5067.9389710821,3,0,1,90,2023,Italian Grand Prix,R,HAM,29.0,85.582,12.177
0 days 00:00:12.263000,921.6911111111109,-256.5363015266971,8334.316201767957,67.0,13.0,False,5145.0,3,0,1,91,2023,Italian Grand Prix,R,HAM,29.0,85.582,12.263
0 days 00:00:12.457000,925.5818737031983,-225.0,8352.0,69.42499839999999,7.18000384,False,4999.98509568,3,0,1,92,2023,Italian Grand Prix,R,HAM,29.0,85.582,12.457
0 days 00:00:12.663000,929.6911111111109,-183.55701768336567,8394.535673010878,72.0,1.0,True,4846.0,3,0,1,93,2023,Italian Grand Prix,R,HAM,29.0,85.582,12.663
0 days 00:00:12.697000,930.3327814476198,-179.0,8400.0,71.1500032,0.8785718857142857,True,4820.985808457142,3,0,1,94,2023,Italian Grand Prix,R,HAM,29.0,85.582,12.697
0 days 00:00:12.936000,934.6230382894043,-169.0,8420.0,65.1750016,0.025000228571428584,True,4645.1500470857145,3,0,1,95,2023,Italian Grand Prix,R,HAM,29.0,85.582,12.936
0 days 00:00:12.943000,934.7466666666664,-168.76759391847375,8420.69360193004,65.0,0.0,True,4640.0,3,0,1,96,2023,Italian Grand Prix,R,HAM,29.0,85.582,12.943
0 days 00:00:13.183000,938.9466666666665,-156.0079208979094,8458.176139971956,63.0,0.0,False,4500.0,3,0,1,97,2023,Italian Grand Prix,R,HAM,29.0,85.582,13.183
0 days 00:00:13.237000,939.8720928457161,-153.0,8471.0,62.46000128,1.07999744,False,4476.24005632,3,0,1,98,2023,Italian Grand Prix,R,HAM,29.0,85.582,13.237
0 days 00:00:13.383000,942.3355555555554,-145.8617278926578,8512.834578305426,61.0,4.0,False,4412.0,3,0,1,99,2023,Italian Grand Prix,R,HAM,29.0,85.582,13.383
0 days 00:00:13.436000,943.2181137823899,-144.0,8526.0,60.779166933333336,5.3249984,False,4461.908273066667,3,0,1,100,2023,Italian Grand Prix,R,HAM,29.0,85.582,13.436
0 days 00:00:13.623000,946.3355555555554,-141.45352648628378,8552.433479579871,60.0,10.0,False,4638.0,3,0,1,101,2023,Italian Grand Prix,R,HAM,29.0,85.582,13.623
0 days 00:00:13.817000,949.7287386819331,-142.0,8571.0,62.90999808,14.8499968,False,5015.32975104,3,0,1,102,2023,Italian Grand Prix,R,HAM,29.0,85.582,13.817
0 days 00:00:13.823000,949.8355555555554,-142.01086393104669,8571.836047141634,63.0,15.0,False,5027.0,3,0,1,103,2023,Italian Grand Prix,R,HAM,29.0,85.582,13.823
0 days 00:00:13.983000,952.7244444444443,-142.23235470087727,8599.650494886311,65.0,23.0,False,4994.0,3,0,1,104,2023,Italian Grand Prix,R,HAM,29.0,85.582,13.983
0 days 00:00:14.077000,954.4762940182975,-143.0,8618.0,66.40999808,26.75999488,False,5096.92985984,3,0,1,105,2023,Italian Grand Prix,R,HAM,29.0,85.582,14.077
0 days 00:00:14.183000,956.502222222222,-144.82484286813838,8638.728185842132,68.0,31.0,False,5213.0,3,0,1,106,2023,Italian Grand Prix,R,HAM,29.0,85.582,14.183
0 days 00:00:14.236000,957.5342069392244,-146.0,8649.0,69.05999872,33.11999744,False,5303.0998912,3,0,1,107,2023,Italian Grand Prix,R,HAM,29.0,85.582,14.236
0 days 00:00:14.383000,960.502222222222,-149.93103984587034,8677.214432132103,72.0,39.0,False,5553.0,3,0,1,108,2023,Italian Grand Prix,R,HAM,29.0,85.582,14.383
0 days 00:00:14.417000,961.2247992452296,-151.0,8684.0,73.09285302857143,40.33570925714286,False,5633.749696,3,0,1,109,2023,Italian Grand Prix,R,HAM,29.0,85.582,14.417
0 days 00:00:14.577000,964.8059138704443,-157.0,8718.0,78.23571017142856,46.621423542857144,False,6013.749696,3,0,1,110,2023,Italian Grand Prix,R,HAM,29.0,85.582,14.577
0 days 00:00:14.663000,966.8022222222221,-161.12137882530732,8737.502433342725,81.0,50.0,False,6218.0,3,0,1,111,2023,Italian Grand Prix,R,HAM,29.0,85.582,14.663
0 days 00:00:14.776000,969.4759319501503,-167.0,8763.0,83.8249984,54.2374976,False,6619.620605866667,3,0,1,112,2023,Italian Grand Prix,R,HAM,29.0,85.582,14.776
0 days 00:00:14.903000,972.602222222222,-173.29188166795473,8789.129775017358,87.0,59.0,False,7071.0,3,0,1,113,2023,Italian Grand Prix,R,HAM,29.0,85.582,14.903
0 days 00:00:15.063000,976.8244444444442,-183.75599973513377,8829.753648771539,95.0,64.0,False,7591.0,3,0,1,114,2023,Italian Grand Prix,R,HAM,29.0,85.582,15.063
0 days 00:00:15.096000,977.742738617666,-187.0,8842.0,96.41428297142858,64.8249984,False,7688.939095771429,3,0,1,115,2023,Italian Grand Prix,R,HAM,29.0,85.582,15.096
0 days 00:00:15.335000,984.8928394651563,-216.0,8950.0,106.65714285714286,70.8,False,8398.257142857143,3,0,1,116,2023,Italian Grand Prix,R,HAM,29.0,85.582,15.335
0 days 00:00:15.343000,985.1466666666664,-216.69047112507664,8952.576741808287,107.0,71.0,False,8422.0,3,0,1,117,2023,Italian Grand Prix,R,HAM,29.0,85.582,15.343
0 days 00:00:15.635000,995.0186897962617,-229.0,9000.0,118.28181818181818,76.30909090909091,False,9205.754545454545,3,0,1,118,2023,Italian Grand Prix,R,HAM,29.0,85.582,15.635
0 days 00:00:15.783000,1000.302222222222,-239.983931721173,9043.278875403743,124.0,79.0,False,9603.0,3,0,1,119,2023,Italian Grand Prix,R,HAM,29.0,85.582,15.783
0 days 00:00:15.956000,1006.6577463114343,-257.0,9108.0,131.78499712,85.05499776,False,10269.0497536,3,0,1,120,2023,Italian Grand Prix,R,HAM,29.0,85.582,15.956
0 days 00:00:15.983000,1007.6911111111109,-259.71180650843576,9117.849842081125,133.0,86.0,False,10373.0,3,0,1,121,2023,Italian Grand Prix,R,HAM,29.0,85.582,15.983
0 days 00:00:16.036000,1009.7609711115915,-265.0,9137.0,135.4607113142857,87.89285485714285,False,10524.996245028571,3,0,1,122,2023,Italian Grand Prix,R,HAM,29.0,85.582,16.036
0 days 00:00:16.263000,1019.0466666666665,-285.7256466441065,9218.48120793781,146.0,96.0,False,11176.0,3,0,1,123,2023,Italian Grand Prix,R,HAM,29.0,85.582,16.263
0 days 00:00:16.376000,1023.6901074100806,-298.0,9270.0,147.88333226666666,97.25555484444445,False,11459.755394844444,3,0,1,124,2023,Italian Grand Prix,R,HAM,29.0,85.582,16.376
0 days 00:00:16.616000,1033.9268241711802,-328.0,9398.0,151.88333226666666,99.9222215111111,False,12062.422061511112,3,0,1,125,2023,Italian Grand Prix,R,HAM,29.0,85.582,16.616
0 days 00:00:16.623000,1034.2466666666664,-328.6097842202708,9400.576213198661,152.0,100.0,False,12080.0,3,0,1,126,2023,Italian Grand Prix,R,HAM,29.0,85.582,16.623
0 days 00:00:16.856000,1045.6120052654717,-342.0,9460.0,169.4749952,100.0,False,11580.344581688889,3,0,1,127,2023,Italian Grand Prix,R,HAM,29.0,85.582,16.856
0 days 00:00:16.983000,1052.1466666666663,-355.4464440822708,9530.192098844036,179.0,100.0,False,11308.0,4,0,1,128,2023,Italian Grand Prix,R,HAM,29.0,85.582,16.983
0 days 00:00:17.216000,1064.4579775834493,-385.0,9692.0,188.98571154285713,100.0,False,11282.203578514285,4,0,1,129,2023,Italian Grand Prix,R,HAM,29.0,85.582,17.216
0 days 00:00:17.263000,1067.002222222222,-388.95178345829856,9714.895364925796,191.0,100.0,False,11277.0,4,0,1,130,2023,Italian Grand Prix,R,HAM,29.0,85.582,17.263
0 days 00:00:17.536000,1082.1962493180138,-402.0,9811.0,199.531248,100.0,False,11058.6000512,4,0,1,131,2023,Italian Grand Prix,R,HAM,29.0,85.582,17.536
0 days 00:00:17.583000,1084.8688888888885,-404.1308208061971,9832.818073275232,201.0,100.0,False,11021.0,5,0,1,132,2023,Italian Grand Prix,R,HAM,29.0,85.582,17.583
0 days 00:00:17.783000,1096.4244444444441,-413.801825229835,9948.118291329607,208.0,100.0,False,11348.0,5,0,1,133,2023,Italian Grand Prix,R,HAM,29.0,85.582,17.783
0 days 00:00:17.857000,1100.8016100649525,-417.0,9992.0,210.11428205714284,100.0,False,11473.7997824,5,0,1,134,2023,Italian Grand Prix,R,HAM,29.0,85.582,17.857
0 days 00:00:17.936000,1105.5391960780094,-420.0,10038.0,212.37142674285715,100.0,False,11608.0998912,5,0,1,135,2023,Italian Grand Prix,R,HAM,29.0,85.582,17.936
0 days 00:00:18.063000,1113.224444444444,-423.35081286615787,10113.394712425255,216.0,100.0,False,11824.0,5,0,1,136,2023,Italian Grand Prix,R,HAM,29.0,85.582,18.063
0 days 00:00:18.224000,1123.063333333333,-425.4905179692498,10211.788005887553,220.0,100.0,False,10844.0,5,0,1,137,2023,Italian Grand Prix,R,HAM,29.0,85.582,18.224
0 days 00:00:18.276000,1126.287516197307,-426.0,10244.0,221.625,100.0,False,10805.325,5,0,1,138,2023,Italian Grand Prix,R,HAM,29.0,85.582,18.276
0 days 00:00:18.384000,1133.063333333333,-426.8095607556381,10311.543460898392,225.0,100.0,False,10725.0,6,0,1,139,2023,Italian Grand Prix,R,HAM,29.0,85.582,18.384
0 days 00:00:18.456000,1137.6362465275536,-427.0,10357.0,227.25,100.0,False,10815.45,6,0,1,140,2023,Italian Grand Prix,R,HAM,29.0,85.582,18.456
0 days 00:00:18.544000,1143.2855555555552,-426.7227595168372,10412.97948780835,230.0,100.0,False,10926.0,6,0,1,141,2023,Italian Grand Prix,R,HAM,29.0,85.582,18.544
0 days 00:00:18.636000,1149.2623982216255,-426.0,10472.0,232.05013891028165,100.0,False,11048.239532525544,6,0,1,142,2023,Italian Grand Prix,R,HAM,29.0,85.582,18.636
0 days 00:00:18.796000,1159.8294382585766,-424.0,10576.0,235.6155978846845,100.0,False,11260.830023874314,6,0,1,143,2023,Italian Grand Prix,R,HAM,29.0,85.582,18.796
0 days 00:00:18.903000,1167.019444444444,-421.7864652236264,10646.957551548436,238.0,100.0,False,11403.0,6,0,1,144,2023,Italian Grand Prix,R,HAM,29.0,85.582,18.903
0 days 00:00:19.036000,1176.0946041210534,-418.0,10736.0,241.3249984,100.0,False,11482.195416436363,6,0,1,145,2023,Italian Grand Prix,R,HAM,29.0,85.582,19.036
0 days 00:00:19.237000,1190.0533388450272,-410.0,10871.0,246.34999679999999,100.0,False,11601.881741963636,6,0,1,146,2023,Italian Grand Prix,R,HAM,29.0,85.582,19.237
0 days 00:00:19.343000,1197.4527777777773,-404.30463544254064,10944.12268565517,249.0,100.0,False,11665.0,6,0,1,147,2023,Italian Grand Prix,R,HAM,29.0,85.582,19.343
0 days 00:00:19.416000,1202.5581454938745,-400.0,10995.0,250.04285622857142,100.0,False,11385.253816685714,6,0,1,148,2023,Italian Grand Prix,R,HAM,29.0,85.582,19.416
0 days 00:00:19.616000,1216.6333531678913,-387.0,11135.0,252.89999908571428,100.0,False,10618.825245257143,6,0,1,149,2023,Italian Grand Prix,R,HAM,29.0,85.582,19.616
0 days 00:00:19.623000,1217.1305555555552,-386.4817898681833,11139.895142704425,253.0,100.0,False,10592.0,7,0,1,150,2023,Italian Grand Prix,R,HAM,29.0,85.582,19.623
0 days 00:00:19.797000,1229.5967702016007,-372.0,11262.0,256.72856868571427,100.0,False,10747.357028571429,7,0,1,151,2023,Italian Grand Prix,R,HAM,29.0,85.582,19.797
0 days 00:00:19.903000,1237.2749999999994,-361.79398961863535,11338.357853094289,259.0,100.0,False,10842.0,7,0,1,152,2023,Italian Grand Prix,R,HAM,29.0,85.582,19.903
0 days 00:00:20.063000,1248.9638888888883,-343.6830245581118,11458.655631341157,263.0,100.0,False,10932.0,7,0,1,153,2023,Italian Grand Prix,R,HAM,29.0,85.582,20.063
0 days 00:00:20.156000,1255.804303322808,-330.0,11535.0,264.1624992,100.0,False,11007.174948266667,7,0,1,154,2023,Italian Grand Prix,R,HAM,29.0,85.582,20.156
0 days 00:00:20.303000,1266.6972222222219,-303.6522410170367,11664.236750681872,266.0,100.0,False,11126.0,7,0,1,155,2023,Italian Grand Prix,R,HAM,29.0,85.582,20.303
0 days 00:00:20.357000,1270.7295775880048,-294.0,11708.0,267.3499968,100.0,False,11126.0,7,0,1,156,2023,Italian Grand Prix,R,HAM,29.0,85.582,20.357
0 days 00:00:20.463000,1278.6972222222219,-276.41748443862735,11782.427861727576,270.0,100.0,False,11126.0,7,0,1,157,2023,Italian Grand Prix,R,HAM,29.0,85.582,20.463
0 days 00:00:20.677000,1295.008312870519,-240.0,11912.0,273.343748,100.0,False,11288.5061528,7,0,1,158,2023,Italian Grand Prix,R,HAM,29.0,85.582,20.677
0 days 00:00:20.783000,1303.1416666666664,-216.53296791861527,11985.773500100138,275.0,100.0,False,11369.0,7,0,1,159,2023,Italian Grand Prix,R,HAM,29.0,85.582,20.783
0 days 00:00:20.943000,1315.4527777777776,-175.71288001760024,12104.72029305473,277.0,100.0,False,11526.0,7,0,1,160,2023,Italian Grand Prix,R,HAM,29.0,85.582,20.943
0 days 00:00:20.957000,1316.5350844607121,-172.0,12115.0,277.1749984,100.0,False,11532.999936,7,0,1,161,2023,Italian Grand Prix,R,HAM,29.0,85.582,20.957
0 days 00:00:21.056000,1324.2173364085404,-145.0,12187.0,278.4124992,100.0,False,11582.499968,7,0,1,162,2023,Italian Grand Prix,R,HAM,29.0,85.582,21.056
0 days 00:00:21.183000,1334.119444444444,-107.26774259090575,12278.201785962796,280.0,100.0,False,11646.0,7,0,1,163,2023,Italian Grand Prix,R,HAM,29.0,85.582,21.183
0 days 00:00:21.376000,1349.2342440815016,-44.0,12415.0,281.92999936,100.0,False,10970.500224,7,0,1,164,2023,Italian Grand Prix,R,HAM,29.0,85.582,21.376
0 days 00:00:21.383000,1349.7861111111106,-41.60603065792609,12419.935600130275,282.0,100.0,False,10946.0,7,0,1,165,2023,Italian Grand Prix,R,HAM,29.0,85.582,21.383
0 days 00:00:21.556000,1363.5269055465715,20.0,12541.0,284.40277688888887,100.0,False,10794.625056,7,0,1,166,2023,Italian Grand Prix,R,HAM,29.0,85.582,21.556
0 days 00:00:21.743000,1378.4861111111106,93.2413128753307,12668.502024383055,287.0,100.0,False,10631.0,8,0,1,167,2023,Italian Grand Prix,R,HAM,29.0,85.582,21.743
0 days 00:00:21.757000,1379.6053705254183,99.0,12678.0,287.0874992,100.0,False,10631.2624976,8,0,1,168,2023,Italian Grand Prix,R,HAM,29.0,85.582,21.757
0 days 00:00:21.903000,1391.2861111111106,161.28986155499166,12776.98459525273,288.0,100.0,False,10634.0,8,0,1,169,2023,Italian Grand Prix,R,HAM,29.0,85.582,21.903
0 days 00:00:21.996000,1398.7638698637902,203.0,12839.0,289.1624992,100.0,False,10661.3187312,8,0,1,170,2023,Italian Grand Prix,R,HAM,29.0,85.582,21.996
0 days 00:00:22.063000,1404.1749999999995,233.9955032749042,12882.835393057554,290.0,100.0,False,10681.0,8,0,1,171,2023,Italian Grand Prix,R,HAM,29.0,85.582,22.063
0 days 00:00:22.116000,1408.470988138529,259.0,12917.0,290.4112064,100.0,False,10700.3723904,8,0,1,172,2023,Italian Grand Prix,R,HAM,29.0,85.582,22.116
0 days 00:00:23.216000,1499.9330576643715,909.0,13552.0,298.94568915862067,100.0,False,11102.44135591724,8,0,1,173,2023,Italian Grand Prix,R,HAM,29.0,85.582,23.216
0 days 00:00:23.223000,1500.519444444444,914.5483304538244,13555.978409651329,299.0,100.0,False,11105.0,8,0,1,174,2023,Italian Grand Prix,R,HAM,29.0,85.582,23.223
0 days 00:00:23.456000,1520.052502227354,1103.0,13684.0,301.4964278857143,100.0,False,11112.489283657143,8,0,1,175,2023,Italian Grand Prix,R,HAM,29.0,85.582,23.456
0 days 00:00:23.503000,1524.008333333333,1137.6287948309778,13706.133530486224,302.0,100.0,False,11114.0,8,0,1,176,2023,Italian Grand Prix,R,HAM,29.0,85.582,23.503
0 days 00:00:23.863000,1554.508333333333,1385.1627751987926,13844.639467452142,305.0,100.0,False,11190.0,8,0,1,177,2023,Italian Grand Prix,R,HAM,29.0,85.582,23.863
0 days 00:00:23.876000,1555.6123801264034,1396.0,13850.0,305.04642834285715,100.0,False,11195.478544457143,8,0,1,178,2023,Italian Grand Prix,R,HAM,29.0,85.582,23.876
0 days 00:00:24.143000,1578.3083333333332,1653.1442022016606,13969.034817276848,306.0,100.0,False,11308.0,8,0,1,179,2023,Italian Grand Prix,R,HAM,29.0,85.582,24.143
0 days 00:00:24.216000,1584.5251429895195,1722.0,13998.0,306.2281248,100.0,False,11326.9343584,8,0,1,180,2023,Italian Grand Prix,R,HAM,29.0,85.582,24.216
0 days 00:00:24.463000,1605.5972222222222,1926.8334978080418,14072.713371508367,307.0,100.0,False,11391.0,8,0,1,181,2023,Italian Grand Prix,R,HAM,29.0,85.582,24.463
0 days 00:00:24.677000,1623.8896459348657,2078.0,14118.0,307.48526055114894,100.0,False,11371.104317402895,8,0,1,182,2023,Italian Grand Prix,R,HAM,29.0,85.582,24.677
0 days 00:00:24.904000,1643.3272222222222,2220.5081713303025,14155.134419915668,308.0,100.0,False,11350.0,8,0,1,183,2023,Italian Grand Prix,R,HAM,29.0,85.582,24.904
0 days 00:00:25.056000,1656.3615391944104,2328.0,14179.0,308.38,100.0,False,11365.58,8,0,1,184,2023,Italian Grand Prix,R,HAM,29.0,85.582,25.056
0 days 00:00:25.217000,1670.184121451758,2463.0,14206.0,308.78249984,100.0,False,11382.08249344,8,0,1,185,2023,Italian Grand Prix,R,HAM,29.0,85.582,25.217
0 days 00:00:25.304000,1677.6605555555554,2536.1343250657014,14219.458271782172,309.0,100.0,False,11391.0,8,0,1,186,2023,Italian Grand Prix,R,HAM,29.0,85.582,25.304
0 days 00:00:25.536000,1697.6247482557771,2734.0,14252.0,309.72727258136223,100.0,False,11441.909080695357,8,0,1,187,2023,Italian Grand Prix,R,HAM,29.0,85.582,25.536
0 days 00:00:25.623000,1705.13,2815.121162592232,14264.226431180638,310.0,100.0,False,11461.0,8,0,1,188,2023,Italian Grand Prix,R,HAM,29.0,85.582,25.623
0 days 00:00:25.757000,1716.7150661094051,2940.0,14282.0,310.95714194285716,100.0,False,11480.142838857142,8,0,1,189,2023,Italian Grand Prix,R,HAM,29.0,85.582,25.757
0 days 00:00:25.903000,1729.3966666666665,3060.2213310697753,14297.51027230195,312.0,100.0,False,11501.0,8,0,1,190,2023,Italian Grand Prix,R,HAM,29.0,85.582,25.903
0 days 00:00:26.077000,1744.6183963764379,3199.0,14313.0,314.1749984,100.0,False,11552.474962133334,8,0,1,191,2023,Italian Grand Prix,R,HAM,29.0,85.582,26.077
0 days 00:00:26.143000,1750.3966666666668,3256.201952450626,14318.798544848425,315.0,100.0,False,11572.0,8,0,1,192,2023,Italian Grand Prix,R,HAM,29.0,85.582,26.143
0 days 00:00:26.216000,1756.7810216265925,3321.0,14325.0,315.0,100.0,False,11588.4249856,8,0,1,193,2023,Italian Grand Prix,R,HAM,29.0,85.582,26.216
0 days 00:00:26.303000,1764.3966666666668,3398.175040196442,14331.847945238107,315.0,100.0,False,11608.0,8,0,1,194,2023,Italian Grand Prix,R,HAM,29.0,85.582,26.303
0 days 00:00:26.476000,1779.6196172058235,3548.0,14344.0,316.44166613333334,100.0,False,11650.529150933333,8,0,1,195,2023,Italian Grand Prix,R,HAM,29.0,85.582,26.476
0 days 00:00:26.543000,1785.53,3602.814615729639,14348.342838159362,317.0,100.0,False,11667.0,8,0,1,196,2023,Italian Grand Prix,R,HAM,29.0,85.582,26.543
0 days 00:00:26.676000,1797.2738871460365,3723.0,14358.0,317.66499968,100.0,False,11684.95499136,8,0,1,197,2023,Italian Grand Prix,R,HAM,29.0,85.582,26.676
0 days 00:00:26.743000,1803.1966666666665,3802.5013710112707,14364.650585502615,318.0,100.0,False,11694.0,8,0,1,198,2023,Italian Grand Prix,R,HAM,29.0,85.582,26.743
0 days 00:00:26.956000,1822.0582757964764,4075.0,14388.0,318.6656248,100.0,False,11721.2906168,8,0,1,199,2023,Italian Grand Prix,R,HAM,29.0,85.582,26.956
0 days 00:00:27.063000,1831.552222222222,4151.990316073498,14394.637944236247,319.0,100.0,False,11735.0,8,0,1,200,2023,Italian Grand Prix,R,HAM,29.0,85.582,27.063
0 days 00:00:27.256000,1848.7072185340571,4243.0,14402.0,319.96499968,100.0,False,11768.7749888,8,0,1,201,2023,Italian Grand Prix,R,HAM,29.0,85.582,27.256
0 days 00:00:27.263000,1849.3300000000002,4247.573705278133,14402.34542420025,320.0,100.0,False,11770.0,8,0,1,202,2023,Italian Grand Prix,R,HAM,29.0,85.582,27.263
0 days 00:00:27.616000,1880.8035716172606,4569.0,14425.0,320.98055537777776,100.0,False,11826.872211911112,8,0,1,203,2023,Italian Grand Prix,R,HAM,29.0,85.582,27.616
0 days 00:00:27.623000,1881.43,4575.450231412895,14425.420438975289,321.0,100.0,False,11828.0,8,0,1,204,2023,Italian Grand Prix,R,HAM,29.0,85.582,27.623
0 days 00:00:27.797000,1897.0357889590475,4730.0,14435.0,321.7909085090909,100.0,False,11834.722722327273,8,0,1,205,2023,Italian Grand Prix,R,HAM,29.0,85.582,27.797
0 days 00:00:28.037000,1918.5817714011241,4944.0,14447.0,322.8818176,100.0,False,11843.9954496,8,0,1,206,2023,Italian Grand Prix,R,HAM,29.0,85.582,28.037
0 days 00:00:28.063000,1920.9077777777777,4965.669421905972,14448.099371031672,323.0,100.0,False,11845.0,8,0,1,207,2023,Italian Grand Prix,R,HAM,29.0,85.582,28.063
0 days 00:00:28.197000,1932.8686342165302,5088.0,14454.0,322.5812504,84.0875152,False,11928.74992,8,0,1,208,2023,Italian Grand Prix,R,HAM,29.0,85.582,28.197
0 days 00:00:28.375000,1948.8078832448775,5337.0,14466.0,322.025,62.95,False,12040.0,8,0,1,209,2023,Italian Grand Prix,R,HAM,29.0,85.582,28.375
0 days 00:00:28.383000,1949.53,5346.566690804332,14466.437684268072,322.0,62.0,True,12045.0,8,0,1,210,2023,Italian Grand Prix,R,HAM,29.0,85.582,28.383
0 days 00:00:28.703000,1977.7966666666666,5546.510028903557,14473.434790284038,318.0,3.0,True,10891.0,8,0,1,211,2023,Italian Grand Prix,R,HAM,29.0,85.582,28.703
0 days 00:00:28.776000,1983.4354753952646,5588.0,14475.0,304.819456,2.3916672,True,10528.8392064,8,0,1,212,2023,Italian Grand Prix,R,HAM,29.0,85.582,28.776
0 days 00:00:29.056000,2002.6233178264931,5796.0,14484.0,254.26390044444446,0.05833386666666662,True,9139.728095288889,8,0,1,213,2023,Italian Grand Prix,R,HAM,29.0,85.582,29.056
0 days 00:00:29.063000,2003.0966666666666,5800.96710221312,14484.163691555503,253.0,0.0,True,9105.0,8,0,1,214,2023,Italian Grand Prix,R,HAM,29.0,85.582,29.063
0 days 00:00:29.156000,2009.4028767757604,5864.0,14486.0,246.0250048,0.0,True,9349.124832,8,0,1,215,2023,Italian Grand Prix,R,HAM,29.0,85.582,29.156
0 days 00:00:29.223000,2013.8077777777778,5907.568278449351,14487.434503378357,241.0,0.0,True,9525.0,8,0,1,216,2023,Italian Grand Prix,R,HAM,29.0,85.582,29.223
0 days 00:00:29.416000,2025.2709435189622,6027.0,14492.0,222.13864261818182,0.0,True,9375.4250496,8,0,1,217,2023,Italian Grand Prix,R,HAM,29.0,85.582,29.416
0 days 00:00:29.663000,2038.0077777777778,6169.920436843669,14496.754050236772,198.0,0.0,True,9184.0,6,0,1,218,2023,Italian Grand Prix,R,HAM,29.0,85.582,29.663
0 days 00:00:29.676000,2038.6453403234318,6177.0,14497.0,196.89500544,0.0,True,9188.874976,6,0,1,219,2023,Italian Grand Prix,R,HAM,29.0,85.582,29.676
0 days 00:00:29.876000,2048.048265416597,6280.0,14501.0,179.89500544,0.0,True,9263.874976,6,0,1,220,2023,Italian Grand Prix,R,HAM,29.0,85.582,29.876
0 days 00:00:30.063000,2056.23,6367.743465923893,14505.638476724043,164.0,0.0,True,9334.0,5,0,1,221,2023,Italian Grand Prix,R,HAM,29.0,85.582,30.063
0 days 00:00:30.075000,2056.737075467466,6373.0,14506.0,163.3,0.0,True,9309.033333333333,5,0,1,222,2023,Italian Grand Prix,R,HAM,29.0,85.582,30.075
0 days 00:00:30.136000,2059.281224213818,6399.0,14508.0,159.7416704,0.0,True,9182.1195776,5,0,1,223,2023,Italian Grand Prix,R,HAM,29.0,85.582,30.136
0 days 00:00:30.423000,2070.53,6510.877533022047,14522.680085908283,143.0,0.0,True,8585.0,4,0,1,224,2023,Italian Grand Prix,R,HAM,29.0,85.582,30.423
0 days 00:00:30.456000,2071.7524886120077,6523.0,14525.0,141.2321462857143,0.0,True,8452.1752576,4,0,1,225,2023,Italian Grand Prix,R,HAM,29.0,85.582,30.456
0 days 00:00:30.616000,2077.4815141508057,6580.0,14538.0,132.6607177142857,0.0,True,7808.1752576,4,0,1,226,2023,Italian Grand Prix,R,HAM,29.0,85.582,30.616
0 days 00:00:30.703000,2080.485555555556,6609.560313217437,14545.881582989085,128.0,0.0,True,7458.0,4,0,1,227,2023,Italian Grand Prix,R,HAM,29.0,85.582,30.703
0 days 00:00:30.936000,2088.1944462626957,6684.0,14570.0,119.2625024,0.0,True,7126.945924266666,4,0,1,228,2023,Italian Grand Prix,R,HAM,29.0,85.582,30.936
0 days 00:00:30.943000,2088.4188888888893,6686.145441327184,14570.812757328886,119.0,0.0,True,7117.0,4,0,1,229,2023,Italian Grand Prix,R,HAM,29.0,85.582,30.943
0 days 00:00:31.143000,2094.696666666667,6743.739487784908,14595.43727057364,113.0,0.0,True,6903.0,4,0,1,230,2023,Italian Grand Prix,R,HAM,29.0,85.582,31.143
0 days 00:00:31.156000,2095.1010491900443,6747.0,14597.0,112.8375008,0.0,True,6891.625056,4,0,1,231,2023,Italian Grand Prix,R,HAM,29.0,85.582,31.156
0 days 00:00:31.197000,2096.375394298544,6757.0,14602.0,112.3250016,0.0,True,6855.750112,4,0,1,232,2023,Italian Grand Prix,R,HAM,29.0,85.582,31.197
0 days 00:00:31.303000,2099.6300000000006,6786.147351311211,14619.594623470615,111.0,0.0,True,6763.0,4,0,1,233,2023,Italian Grand Prix,R,HAM,29.0,85.582,31.303
0 days 00:00:31.536000,2106.364408318068,6853.0,14671.0,105.83656559983434,3.2271465001035344,True,6495.792269791427,4,0,1,234,2023,Italian Grand Prix,R,HAM,29.0,85.582,31.536
0 days 00:00:31.664000,2109.9586111111116,6875.802286687978,14694.462646649165,103.0,5.0,False,6349.0,4,0,1,235,2023,Italian Grand Prix,R,HAM,29.0,85.582,31.664
0 days 00:00:31.936000,2117.58541925392,6902.0,14743.0,101.3,18.6,False,6500.3,4,0,1,236,2023,Italian Grand Prix,R,HAM,29.0,85.582,31.936
0 days 00:00:31.984000,2118.9363888888893,6906.452686411894,14754.078419483125,101.0,21.0,False,6527.0,4,0,1,237,2023,Italian Grand Prix,R,HAM,29.0,85.582,31.984
0 days 00:00:32.136000,2123.236459910407,6926.0,14799.0,102.27196618658645,24.179915466466152,False,6668.824229804391,4,0,1,238,2023,Italian Grand Prix,R,HAM,29.0,85.582,32.136
0 days 00:00:32.223000,2125.7744444444447,6947.331273353364,14836.789722774703,103.0,26.0,False,6750.0,4,0,1,239,2023,Italian Grand Prix,R,HAM,29.0,85.582,32.223
0 days 00:00:32.356000,2129.822021387236,6982.0,14893.0,106.3249984,37.30499456,False,6894.96993024,4,0,1,240,2023,Italian Grand Prix,R,HAM,29.0,85.582,32.356
0 days 00:00:32.623000,2138.3300000000004,7008.031706702278,14924.234674717247,113.0,60.0,False,7186.0,4,0,1,241,2023,Italian Grand Prix,R,HAM,29.0,85.582,32.623
0 days 00:00:32.636000,2138.7454613059126,7010.0,14926.0,113.12999936,57.66001152,False,7189.70498176,4,0,1,242,2023,Italian Grand Prix,R,HAM,29.0,85.582,32.636
0 days 00:00:32.823000,2144.7188888888895,7053.073265510331,14964.679876227388,115.0,24.0,False,7243.0,4,0,1,243,2023,Italian Grand Prix,R,HAM,29.0,85.582,32.823
0 days 00:00:32.857000,2145.8033686648496,7062.0,14972.0,115.0,24.2124992,False,7265.7374144,4,0,1,244,2023,Italian Grand Prix,R,HAM,29.0,85.582,32.857
0 days 00:00:32.983000,2149.8300000000004,7095.3152949514115,14996.453841692943,115.0,25.0,False,7350.0,4,0,1,245,2023,Italian Grand Prix,R,HAM,29.0,85.582,32.983
0 days 00:00:33.117000,2154.168726290881,7132.0,15019.0,116.2562488,35.0499904,False,7520.8498368,4,0,1,246,2023,Italian Grand Prix,R,HAM,29.0,85.582,33.117
0 days 00:00:33.256000,2158.747519021539,7172.0,15040.0,117.5593744,45.474995199999995,False,7698.0749184,4,0,1,247,2023,Italian Grand Prix,R,HAM,29.0,85.582,33.256
0 days 00:00:33.303000,2160.3188888888894,7185.474775177855,15046.601493321517,118.0,49.0,False,7758.0,4,0,1,248,2023,Italian Grand Prix,R,HAM,29.0,85.582,33.303
0 days 00:00:33.623000,2171.341111111112,7286.286836998588,15087.217210396522,124.0,62.0,False,8360.0,4,0,1,249,2023,Italian Grand Prix,R,HAM,29.0,85.582,33.623
0 days 00:00:33.637000,2171.8371830442175,7292.0,15089.0,124.41999616,62.6999936,False,8397.23965952,4,0,1,250,2023,Italian Grand Prix,R,HAM,29.0,85.582,33.637
0 days 00:00:33.823000,2178.563333333334,7376.909014414007,15112.434403353307,130.0,72.0,False,8892.0,4,0,1,251,2023,Italian Grand Prix,R,HAM,29.0,85.582,33.823
0 days 00:00:33.856000,2179.7916399148003,7391.0,15116.0,131.4437472,73.8562464,False,8920.874944,4,0,1,252,2023,Italian Grand Prix,R,HAM,29.0,85.582,33.856
0 days 00:00:33.983000,2184.652222222223,7438.382122542772,15127.237376059244,137.0,81.0,False,9032.0,4,0,1,253,2023,Italian Grand Prix,R,HAM,29.0,85.582,33.983
0 days 00:00:34.263000,2196.241111111112,7525.9156068089,15144.076087799223,149.0,83.0,False,9480.0,4,0,1,254,2023,Italian Grand Prix,R,HAM,29.0,85.582,34.263
0 days 00:00:34.277000,2196.8297825044433,7531.0,15145.0,149.3499968,83.2624976,False,9536.5244832,4,0,1,255,2023,Italian Grand Prix,R,HAM,29.0,85.582,34.277
0 days 00:00:34.396000,2201.865169716397,7581.0,15154.0,152.3249984,85.4937488,False,10016.9872416,4,0,1,256,2023,Italian Grand Prix,R,HAM,29.0,85.582,34.396
0 days 00:00:34.423000,2203.041111111112,7596.147443905676,15156.724898256856,153.0,86.0,False,10126.0,4,0,1,257,2023,Italian Grand Prix,R,HAM,29.0,85.582,34.423
0 days 00:00:34.676000,2214.855044064652,7769.0,15188.0,164.4999970909091,94.04999796363636,False,10777.4748352,4,0,1,258,2023,Italian Grand Prix,R,HAM,29.0,85.582,34.676
0 days 00:00:34.863000,2224.185555555556,7809.782167947249,15196.076262550365,173.0,100.0,False,11259.0,4,0,1,259,2023,Italian Grand Prix,R,HAM,29.0,85.582,34.863
0 days 00:00:34.936000,2227.906738807368,7826.0,15200.0,175.7374976,100.0,False,11395.50988032,4,0,1,260,2023,Italian Grand Prix,R,HAM,29.0,85.582,34.936
0 days 00:00:35.195000,2241.4470379658637,7953.0,15233.0,185.45,100.0,False,11879.84,4,0,1,261,2023,Italian Grand Prix,R,HAM,29.0,85.582,35.195
0 days 00:00:35.263000,2245.074444444445,8005.319667071433,15248.289911234913,188.0,100.0,False,12007.0,4,0,1,262,2023,Italian Grand Prix,R,HAM,29.0,85.582,35.263
0 days 00:00:35.475000,2256.587101436892,8171.0,15299.0,195.06666666666666,100.0,False,11141.333333333334,4,0,1,263,2023,Italian Grand Prix,R,HAM,29.0,85.582,35.475
0 days 00:00:35.503000,2258.1411111111115,8183.6366394221795,15302.903029664309,196.0,100.0,False,11027.0,4,0,1,264,2023,Italian Grand Prix,R,HAM,29.0,85.582,35.503
0 days 00:00:35.736000,2271.403546143262,8236.0,15319.0,203.281248,100.0,False,11382.3249024,4,0,1,265,2023,Italian Grand Prix,R,HAM,29.0,85.582,35.736
0 days 00:00:35.823000,2276.4522222222226,8275.267959560844,15330.766426286964,206.0,100.0,False,11515.0,5,0,1,266,2023,Italian Grand Prix,R,HAM,29.0,85.582,35.823
0 days 00:00:35.996000,2286.6158213201065,8381.0,15363.0,211.18999808,100.0,False,11746.81991424,5,0,1,267,2023,Italian Grand Prix,R,HAM,29.0,85.582,35.996
0 days 00:00:36.023000,2288.2300000000005,8396.906414804314,15368.056307058952,212.0,100.0,False,11783.0,5,0,1,268,2023,Italian Grand Prix,R,HAM,29.0,85.582,36.023
0 days 00:00:36.176000,2297.533437335431,8484.0,15397.0,218.6937472,100.0,False,11825.0749824,5,0,1,269,2023,Italian Grand Prix,R,HAM,29.0,85.582,36.176
0 days 00:00:36.183000,2297.9633333333336,8488.000948540344,15398.385325219611,219.0,100.0,False,11827.0,5,0,1,270,2023,Italian Grand Prix,R,HAM,29.0,85.582,36.183
0 days 00:00:36.423000,2312.896666666667,8627.923180477239,15449.565655825914,224.0,100.0,False,10843.0,6,0,1,271,2023,Italian Grand Prix,R,HAM,29.0,85.582,36.423
0 days 00:00:36.496000,2317.5346297923197,8671.0,15466.0,226.7374976,100.0,False,10896.3812032,6,0,1,272,2023,Italian Grand Prix,R,HAM,29.0,85.582,36.496
0 days 00:00:36.583000,2323.118888888889,8722.471531805526,15485.92765932089,230.0,100.0,False,10960.0,6,0,1,273,2023,Italian Grand Prix,R,HAM,29.0,85.582,36.583
0 days 00:00:36.656000,2327.8464835988166,8766.0,15503.0,231.8249984,100.0,False,11032.63493632,6,0,1,274,2023,Italian Grand Prix,R,HAM,29.0,85.582,36.656
0 days 00:00:36.783000,2336.174444444445,8842.88799319019,15533.569818567219,235.0,100.0,False,11159.0,6,0,1,275,2023,Italian Grand Prix,R,HAM,29.0,85.582,36.783
0 days 00:00:36.876000,2342.370338737669,8900.0,15556.0,237.06666524444444,100.0,False,11220.224957866667,6,0,1,276,2023,Italian Grand Prix,R,HAM,29.0,85.582,36.876
0 days 00:00:37.116000,2358.638200681619,9050.0,15612.0,242.39999857777778,100.0,False,11378.224957866667,6,0,1,277,2023,Italian Grand Prix,R,HAM,29.0,85.582,37.116
0 days 00:00:37.143000,2360.474444444445,9067.063640934075,15618.11131819168,243.0,100.0,False,11396.0,6,0,1,278,2023,Italian Grand Prix,R,HAM,29.0,85.582,37.143
0 days 00:00:37.336000,2373.613508689538,9190.0,15661.0,244.07222186666667,94.10277973333334,False,11423.877768533333,6,0,1,279,2023,Italian Grand Prix,R,HAM,29.0,85.582,37.336
0 days 00:00:37.476000,2383.1396481403863,9280.0,15692.0,244.84999964444444,89.82500195555555,False,11444.099990755556,6,0,1,280,2023,Italian Grand Prix,R,HAM,29.0,85.582,37.476
0 days 00:00:37.503000,2384.974444444445,9297.350285720371,15697.935591875193,245.0,89.0,False,11448.0,6,0,1,281,2023,Italian Grand Prix,R,HAM,29.0,85.582,37.503
0 days 00:00:37.663000,2395.8188888888894,9400.407708514427,15732.815370060931,244.0,37.0,False,11323.0,6,0,1,282,2023,Italian Grand Prix,R,HAM,29.0,85.582,37.663
0 days 00:00:37.696000,2398.042292287443,9422.0,15740.0,243.3153538430815,31.933618438803236,False,11263.024996653941,6,0,1,283,2023,Italian Grand Prix,R,HAM,29.0,85.582,37.696
0 days 00:00:37.876000,2410.0079001653976,9537.0,15778.0,239.5809130173379,4.298756328300435,False,10935.8879803188,6,0,1,284,2023,Italian Grand Prix,R,HAM,29.0,85.582,37.876
0 days 00:00:37.904000,2411.818611111112,9552.217705225139,15783.21336661014,239.0,0.0,True,10885.0,6,0,1,285,2023,Italian Grand Prix,R,HAM,29.0,85.582,37.904
0 days 00:00:38.144000,2426.6852777777785,9694.326390742795,15827.804940095753,223.0,0.0,True,10286.0,6,0,1,286,2023,Italian Grand Prix,R,HAM,29.0,85.582,38.144
0 days 00:00:38.156000,2427.398748869417,9707.0,15831.0,222.42727272727274,0.0,True,10283.054545454546,6,0,1,287,2023,Italian Grand Prix,R,HAM,29.0,85.582,38.156
0 days 00:00:38.297000,2435.5717484619954,9882.0,15872.0,215.69773032727272,0.0,True,10248.445470254546,6,0,1,288,2023,Italian Grand Prix,R,HAM,29.0,85.582,38.297
0 days 00:00:38.584000,2451.374166666668,9977.295670825875,15883.262067510546,202.0,0.0,True,10178.0,6,0,1,289,2023,Italian Grand Prix,R,HAM,29.0,85.582,38.584
0 days 00:00:38.636000,2454.191924971522,9992.0,15882.0,199.4,0.0,True,10259.9,6,0,1,290,2023,Italian Grand Prix,R,HAM,29.0,85.582,38.636
0 days 00:00:38.744000,2459.99638888889,10040.99321690033,15880.460972088324,194.0,0.0,True,10430.0,5,0,1,291,2023,Italian Grand Prix,R,HAM,29.0,85.582,38.744
0 days 00:00:38.896000,2468.021761296726,10130.0,15877.0,191.45961048073795,0.0,True,10227.192236712248,5,0,1,292,2023,Italian Grand Prix,R,HAM,29.0,85.582,38.896
0 days 00:00:39.103000,2478.744166666668,10236.07923821899,15860.587631117074,188.0,0.0,False,9951.0,5,0,1,293,2023,Italian Grand Prix,R,HAM,29.0,85.582,39.103
0 days 00:00:39.117000,2479.464253116449,10243.0,15859.0,187.7500022857143,0.0,False,9940.050100114286,5,0,1,294,2023,Italian Grand Prix,R,HAM,29.0,85.582,39.117
0 days 00:00:39.256000,2486.579049712047,10311.0,15840.0,185.26785828571428,0.0,False,9831.332192914286,5,0,1,295,2023,Italian Grand Prix,R,HAM,29.0,85.582,39.256
0 days 00:00:39.383000,2492.977500000002,10371.026534492725,15817.494425832345,183.0,0.0,False,9732.0,5,0,1,296,2023,Italian Grand Prix,R,HAM,29.0,85.582,39.383
0 days 00:00:39.516000,2499.5369899060875,10431.0,15789.0,180.04444586666668,0.0,False,9598.261175466667,5,0,1,297,2023,Italian Grand Prix,R,HAM,29.0,85.582,39.516
0 days 00:00:39.697000,2508.2753292632856,10507.0,15743.0,176.02222506666666,0.0,False,9416.255684266667,5,0,1,298,2023,Italian Grand Prix,R,HAM,29.0,85.582,39.697
0 days 00:00:39.743000,2510.477500000002,10525.32349053962,15730.22089173392,175.0,0.0,False,9370.0,5,0,1,299,2023,Italian Grand Prix,R,HAM,29.0,85.582,39.743
0 days 00:00:39.937000,2519.697003488988,10598.0,15672.0,171.7666688,28.291648,False,9462.958272,5,0,1,300,2023,Italian Grand Prix,R,HAM,29.0,85.582,39.937
0 days 00:00:39.983000,2521.8775000000014,10614.038601068949,15657.258780215394,171.0,35.0,False,9485.0,5,0,1,301,2023,Italian Grand Prix,R,HAM,29.0,85.582,39.983
0 days 00:00:40.183000,2531.3775000000014,10678.731474639495,15588.236713282533,171.0,56.0,False,9488.0,5,0,1,302,2023,Italian Grand Prix,R,HAM,29.0,85.582,40.183
0 days 00:00:40.197000,2532.0469231249017,10683.0,15583.0,171.1749984,57.0499904,False,9489.8374832,5,0,1,303,2023,Italian Grand Prix,R,HAM,29.0,85.582,40.197
0 days 00:00:40.296000,2536.8011528493553,10712.0,15545.0,172.4124992,64.4749952,False,9502.8312416,5,0,1,304,2023,Italian Grand Prix,R,HAM,29.0,85.582,40.296
0 days 00:00:40.343000,2539.0663888888903,10724.585829747213,15527.494906695572,173.0,68.0,False,9509.0,5,0,1,305,2023,Italian Grand Prix,R,HAM,29.0,85.582,40.343
0 days 00:00:40.537000,2548.4723165911746,10773.0,15446.0,174.6166656,70.42499839999999,False,9667.4332288,5,0,1,306,2023,Italian Grand Prix,R,HAM,29.0,85.582,40.537
0 days 00:00:40.583000,2550.733055555557,10785.988743235634,15417.945872032391,175.0,71.0,False,9705.0,5,0,1,307,2023,Italian Grand Prix,R,HAM,29.0,85.582,40.583
0 days 00:00:40.783000,2560.733055555557,10844.993020715123,15270.560152254737,180.0,81.0,False,9941.0,5,0,1,308,2023,Italian Grand Prix,R,HAM,29.0,85.582,40.783
0 days 00:00:40.837000,2563.475267646939,10856.0,15241.0,181.0124976,82.0124976,False,10031.281036,5,0,1,309,2023,Italian Grand Prix,R,HAM,29.0,85.582,40.837
0 days 00:00:41.103000,2577.26638888889,10875.900445370822,15171.565016181676,186.0,87.0,False,10476.0,5,0,1,310,2023,Italian Grand Prix,R,HAM,29.0,85.582,41.103
0 days 00:00:41.137000,2579.070227289114,10878.0,15161.0,187.09285302857143,88.57856548571428,False,10527.121236114286,5,0,1,311,2023,Italian Grand Prix,R,HAM,29.0,85.582,41.137
0 days 00:00:41.383000,2592.4330555555566,10901.433768965837,15038.690807629207,195.0,100.0,False,10897.0,5,0,1,312,2023,Italian Grand Prix,R,HAM,29.0,85.582,41.383
0 days 00:00:41.456000,2596.518675976854,10909.0,14991.0,197.60714057142857,100.0,False,10991.378488685714,5,0,1,313,2023,Italian Grand Prix,R,HAM,29.0,85.582,41.456
0 days 00:00:41.663000,2608.3775000000005,10928.700687933624,14836.692803332719,205.0,100.0,False,11259.0,5,0,1,314,2023,Italian Grand Prix,R,HAM,29.0,85.582,41.663
0 days 00:00:41.715000,2611.4061913347077,10933.0,14798.0,206.56,100.0,False,11328.94,5,0,1,315,2023,Italian Grand Prix,R,HAM,29.0,85.582,41.715
0 days 00:00:41.863000,2620.0997222222227,10943.5235898054,14693.333173942123,211.0,100.0,False,11528.0,5,0,1,316,2023,Italian Grand Prix,R,HAM,29.0,85.582,41.863
0 days 00:00:42.023000,2629.5663888888894,10952.417778365078,14592.824193526953,213.0,100.0,False,11689.0,5,0,1,317,2023,Italian Grand Prix,R,HAM,29.0,85.582,42.023
0 days 00:00:42.035000,2630.2872338631983,10953.0,14586.0,213.27692307692308,100.0,False,11665.576923076924,5,0,1,318,2023,Italian Grand Prix,R,HAM,29.0,85.582,42.035
0 days 00:00:42.536000,2661.6250737087694,10970.0,14353.0,224.83846006153846,100.0,False,10687.663586461538,5,0,1,319,2023,Italian Grand Prix,R,HAM,29.0,85.582,42.536
0 days 00:00:42.543000,2662.066388888889,10970.229764507352,14349.388647872827,225.0,100.0,False,10674.0,6,0,1,320,2023,Italian Grand Prix,R,HAM,29.0,85.582,42.543
0 days 00:00:42.703000,2672.155277777778,10976.321990702987,14251.137048079425,227.0,100.0,False,10717.0,6,0,1,321,2023,Italian Grand Prix,R,HAM,29.0,85.582,42.703
0 days 00:00:42.716000,2672.97975266553,10977.0,14240.0,227.14772654545453,100.0,False,10726.45449890909,6,0,1,322,2023,Italian Grand Prix,R,HAM,29.0,85.582,42.716
0 days 00:00:42.875000,2683.146084901879,10987.0,14076.0,228.95454545454547,100.0,False,10842.09090909091,6,0,1,323,2023,Italian Grand Prix,R,HAM,29.0,85.582,42.875
0 days 00:00:43.143000,2700.5108333333333,10997.122315184295,13935.862697631219,232.0,100.0,False,11037.0,6,0,1,324,2023,Italian Grand Prix,R,HAM,29.0,85.582,43.143
0 days 00:00:43.316000,2711.778262558797,11004.0,13864.0,234.1624992,100.0,False,11061.508324266666,6,0,1,325,2023,Italian Grand Prix,R,HAM,29.0,85.582,43.316
0 days 00:00:43.383000,2716.1775000000002,11007.671198732412,13825.470588814525,235.0,100.0,False,11071.0,6,0,1,326,2023,Italian Grand Prix,R,HAM,29.0,85.582,43.383
0 days 00:00:43.516000,2724.9914854305557,11016.0,13738.0,235.99749952,82.71000832,False,11102.25498496,6,0,1,327,2023,Italian Grand Prix,R,HAM,29.0,85.582,43.516
0 days 00:00:43.736000,2739.57994502586,11030.0,13593.0,237.64749952,54.11000832,False,11153.95498496,6,0,1,328,2023,Italian Grand Prix,R,HAM,29.0,85.582,43.736
0 days 00:00:43.783000,2742.6219444444446,11033.07641485664,13562.467558228644,238.0,48.0,True,11165.0,6,0,1,329,2023,Italian Grand Prix,R,HAM,29.0,85.582,43.783
0 days 00:00:43.936000,2752.3190834399443,11043.0,13464.0,230.3500032,23.41072457142857,True,10893.971541942858,6,0,1,330,2023,Italian Grand Prix,R,HAM,29.0,85.582,43.936
0 days 00:00:44.063000,2760.044166666667,11050.368912154372,13382.48536723907,224.0,3.0,True,10669.0,6,0,1,331,2023,Italian Grand Prix,R,HAM,29.0,85.582,44.063
0 days 00:00:44.196000,2767.748241675732,11057.0,13304.0,214.8562544,1.7531256,True,10297.015804,6,0,1,332,2023,Italian Grand Prix,R,HAM,29.0,85.582,44.196
0 days 00:00:44.383000,2777.9997222222228,11064.078118628571,13204.798512391548,202.0,0.0,True,9774.0,6,0,1,333,2023,Italian Grand Prix,R,HAM,29.0,85.582,44.383
0 days 00:00:44.416000,2779.7520981838625,11065.0,13179.0,200.42857424813775,0.0,True,9727.680355218918,6,0,1,334,2023,Italian Grand Prix,R,HAM,29.0,85.582,44.416
0 days 00:00:44.537000,2786.033070011888,11067.0,13062.0,194.66667169765756,0.0,True,9557.841418135717,6,0,1,335,2023,Italian Grand Prix,R,HAM,29.0,85.582,44.537
0 days 00:00:44.824000,2800.1722222222224,11053.728416636222,12890.552616504827,181.0,0.0,True,9155.0,5,0,1,336,2023,Italian Grand Prix,R,HAM,29.0,85.582,44.824
0 days 00:00:44.936000,2805.475092368839,11047.0,12850.0,176.45,0.0,True,9097.25,5,0,1,337,2023,Italian Grand Prix,R,HAM,29.0,85.582,44.936
0 days 00:00:45.144000,2815.105555555556,11037.270389856083,12792.801459545486,168.0,0.0,False,8990.0,5,0,1,338,2023,Italian Grand Prix,R,HAM,29.0,85.582,45.144
0 days 00:00:45.344000,2824.272222222223,11017.454490918222,12737.54745100545,165.0,0.0,False,8777.0,5,0,1,339,2023,Italian Grand Prix,R,HAM,29.0,85.582,45.344
0 days 00:00:45.436000,2828.453898408086,10995.0,12696.0,163.85,0.575,False,8633.25,5,0,1,340,2023,Italian Grand Prix,R,HAM,29.0,85.582,45.436
0 days 00:00:45.504000,2831.516666666667,10972.818447434413,12658.462372335689,163.0,1.0,False,8527.0,5,0,1,341,2023,Italian Grand Prix,R,HAM,29.0,85.582,45.504
0 days 00:00:45.637000,2837.4129766885026,10925.0,12583.0,161.33228953834944,20.59559792439415,False,8619.97485823702,5,0,1,342,2023,Italian Grand Prix,R,HAM,29.0,85.582,45.637
0 days 00:00:45.823000,2845.6058333333335,10880.87485701852,12524.633573259172,159.0,48.0,False,8750.0,5,0,1,343,2023,Italian Grand Prix,R,HAM,29.0,85.582,45.823
0 days 00:00:46.036000,2855.204163569965,10834.0,12484.0,161.6624992,62.90999552,False,9083.87739968,5,0,1,344,2023,Italian Grand Prix,R,HAM,29.0,85.582,46.036
0 days 00:00:46.223000,2863.8280555555557,10767.443172647068,12430.048056843274,164.0,76.0,False,9377.0,5,0,1,345,2023,Italian Grand Prix,R,HAM,29.0,85.582,46.223
0 days 00:00:46.237000,2864.4811922457866,10762.0,12426.0,164.5249952,76.874992,False,9395.8998272,5,0,1,346,2023,Italian Grand Prix,R,HAM,29.0,85.582,46.237
0 days 00:00:46.383000,2871.3836111111113,10704.047098257974,12386.279082922949,170.0,86.0,False,9593.0,5,0,1,347,2023,Italian Grand Prix,R,HAM,29.0,85.582,46.383
0 days 00:00:46.396000,2872.011268002041,10699.0,12383.0,170.46428342857143,86.60356845714286,False,9623.410564571428,5,0,1,348,2023,Italian Grand Prix,R,HAM,29.0,85.582,46.396
0 days 00:00:46.663000,2885.383611111111,10590.623671386329,12318.629374366807,180.0,99.0,False,10248.0,5,0,1,349,2023,Italian Grand Prix,R,HAM,29.0,85.582,46.663
0 days 00:00:46.697000,2887.137082582555,10571.0,12308.0,181.062496,99.1062496,False,10311.1122624,5,0,1,350,2023,Italian Grand Prix,R,HAM,29.0,85.582,46.697
0 days 00:00:46.876000,2896.5342694311003,10451.0,12245.0,186.656248,99.6656248,False,10643.3811312,5,0,1,351,2023,Italian Grand Prix,R,HAM,29.0,85.582,46.876
0 days 00:00:46.983000,2902.2724999999996,10402.50678364477,12220.032932870203,190.0,100.0,False,10842.0,5,0,1,352,2023,Italian Grand Prix,R,HAM,29.0,85.582,46.983
0 days 00:00:47.143000,2911.0280555555555,10356.333110673897,12197.04035697108,197.0,100.0,False,10876.0,5,0,1,353,2023,Italian Grand Prix,R,HAM,29.0,85.582,47.143
0 days 00:00:47.196000,2913.991737477499,10336.0,12187.0,198.54583146666667,100.0,False,11050.2372896,5,0,1,354,2023,Italian Grand Prix,R,HAM,29.0,85.582,47.196
0 days 00:00:47.383000,2924.6280555555554,10242.246279073444,12140.649437232601,204.0,100.0,False,11665.0,5,0,1,355,2023,Italian Grand Prix,R,HAM,29.0,85.582,47.383
0 days 00:00:47.416000,2926.507686227338,10225.0,12132.0,204.4124992,100.0,False,11691.537448533334,5,0,1,356,2023,Italian Grand Prix,R,HAM,29.0,85.582,47.416
0 days 00:00:47.597000,2936.8941733113447,10133.0,12085.0,206.6749984,100.0,False,11837.091563733333,5,0,1,357,2023,Italian Grand Prix,R,HAM,29.0,85.582,47.597
0 days 00:00:47.623000,2938.428055555555,10119.589227044427,12078.085180997277,207.0,100.0,False,11858.0,5,0,1,358,2023,Italian Grand Prix,R,HAM,29.0,85.582,47.623
0 days 00:00:47.857000,2952.662787740653,9995.0,12013.0,218.6999936,100.0,False,12381.574713599999,5,0,1,359,2023,Italian Grand Prix,R,HAM,29.0,85.582,47.857
0 days 00:00:47.863000,2953.028055555555,9991.745812667075,12011.262208878248,219.0,100.0,False,12395.0,5,0,1,360,2023,Italian Grand Prix,R,HAM,29.0,85.582,47.863
0 days 00:00:48.023000,2962.7613888888886,9904.167821218465,11963.887108350153,219.0,100.0,False,12097.0,5,0,1,361,2023,Italian Grand Prix,R,HAM,29.0,85.582,48.023
0 days 00:00:48.036000,2963.565831421647,9897.0,11960.0,219.46944213333333,99.96388906666667,False,12055.580759466666,5,0,1,362,2023,Italian Grand Prix,R,HAM,29.0,85.582,48.036
0 days 00:00:48.295000,2980.167491574638,9753.0,11882.0,228.82222222222222,99.24444444444444,False,11230.377777777778,5,0,1,363,2023,Italian Grand Prix,R,HAM,29.0,85.582,48.295
0 days 00:00:48.383000,2985.9613888888885,9703.712220367845,11855.135855586761,232.0,99.0,False,10950.0,6,0,1,364,2023,Italian Grand Prix,R,HAM,29.0,85.582,48.383
0 days 00:00:48.416000,2988.1472949577983,9685.0,11845.0,232.9166648888889,98.54166755555555,False,11002.066565688889,6,0,1,365,2023,Italian Grand Prix,R,HAM,29.0,85.582,48.416
0 days 00:00:48.596000,3000.195984161581,9580.0,11789.0,237.91666488888887,96.04166755555556,False,11286.066565688889,6,0,1,366,2023,Italian Grand Prix,R,HAM,29.0,85.582,48.596
0 days 00:00:48.743000,3010.1613888888883,9491.630691357315,11742.10675615031,242.0,94.0,False,11518.0,6,0,1,367,2023,Italian Grand Prix,R,HAM,29.0,85.582,48.743
0 days 00:00:48.855000,3017.81825173779,9424.0,11706.0,244.1,96.1,False,11623.35,6,0,1,368,2023,Italian Grand Prix,R,HAM,29.0,85.582,48.855
0 days 00:00:49.063000,3032.2058333333325,9299.429114697487,11638.415546621382,248.0,100.0,False,11819.0,6,0,1,369,2023,Italian Grand Prix,R,HAM,29.0,85.582,49.063
0 days 00:00:49.115000,3035.842973715859,9268.0,11621.0,249.11428571428573,100.0,False,11598.557142857142,6,0,1,370,2023,Italian Grand Prix,R,HAM,29.0,85.582,49.115
0 days 00:00:49.343000,3051.961388888888,9129.617628295156,11542.404801519593,254.0,100.0,False,10632.0,6,0,1,371,2023,Italian Grand Prix,R,HAM,29.0,85.582,49.343
0 days 00:00:49.356000,3052.886931255876,9122.0,11538.0,254.2166656,100.0,False,10639.854128,6,0,1,372,2023,Italian Grand Prix,R,HAM,29.0,85.582,49.356
0 days 00:00:49.496000,3062.896232288004,9036.0,11488.0,256.5499989333333,100.0,False,10724.437461333333,6,0,1,373,2023,Italian Grand Prix,R,HAM,29.0,85.582,49.496
0 days 00:00:49.583000,3069.161388888888,8961.97346988243,11445.381522341977,258.0,100.0,False,10777.0,7,0,1,374,2023,Italian Grand Prix,R,HAM,29.0,85.582,49.583
0 days 00:00:49.796000,3084.6600172901544,8772.0,11337.0,261.328124,100.0,False,10954.7218216,7,0,1,375,2023,Italian Grand Prix,R,HAM,29.0,85.582,49.796
0 days 00:00:49.903000,3092.5391666666656,8736.090714701893,11316.9529616196,263.0,100.0,False,11044.0,7,0,1,376,2023,Italian Grand Prix,R,HAM,29.0,85.582,49.903
0 days 00:00:50.016000,3100.931645063736,8707.0,11301.0,265.1187488,100.0,False,11122.0405808,7,0,1,377,2023,Italian Grand Prix,R,HAM,29.0,85.582,50.016
0 days 00:00:50.223000,3116.4502777777766,8575.281211476678,11227.147940219304,269.0,100.0,False,11265.0,7,0,1,378,2023,Italian Grand Prix,R,HAM,29.0,85.582,50.223
0 days 00:00:50.296000,3121.946674211632,8525.0,11199.0,270.09499904,100.0,False,11314.63995648,7,0,1,379,2023,Italian Grand Prix,R,HAM,29.0,85.582,50.296
0 days 00:00:50.423000,3131.561388888888,8447.111186398228,11155.631488525796,272.0,100.0,False,11401.0,7,0,1,380,2023,Italian Grand Prix,R,HAM,29.0,85.582,50.423
0 days 00:00:50.536000,3140.211439118484,8366.0,11110.0,273.8833322666667,100.0,False,11447.455529244444,7,0,1,381,2023,Italian Grand Prix,R,HAM,29.0,85.582,50.536
0 days 00:00:50.783000,3159.3613888888876,8121.408204388817,10969.894897080187,278.0,100.0,False,11549.0,7,0,1,382,2023,Italian Grand Prix,R,HAM,29.0,85.582,50.783
0 days 00:00:50.816000,3161.932812857832,8099.0,10957.0,278.4112142377499,100.0,False,11569.457908328057,7,0,1,383,2023,Italian Grand Prix,R,HAM,29.0,85.582,50.816
0 days 00:00:51.036000,3179.1506906229815,8031.0,10918.0,281.1526478061354,100.0,False,11705.844228355236,7,0,1,384,2023,Italian Grand Prix,R,HAM,29.0,85.582,51.036
0 days 00:00:51.104000,3184.5063888888876,8009.307806012279,10905.994307249048,282.0,100.0,False,11748.0,7,0,1,385,2023,Italian Grand Prix,R,HAM,29.0,85.582,51.104
0 days 00:00:51.396000,3207.6857252356076,7789.0,10773.0,285.24444444444447,100.0,False,10347.211111111112,7,0,1,386,2023,Italian Grand Prix,R,HAM,29.0,85.582,51.396
0 days 00:00:51.464000,3213.1063888888875,7678.443439788942,10701.284983231886,286.0,100.0,False,10021.0,7,0,1,387,2023,Italian Grand Prix,R,HAM,29.0,85.582,51.464
0 days 00:00:51.496000,3215.6588894813663,7629.0,10669.0,286.26666666666665,100.0,False,10117.0,7,0,1,388,2023,Italian Grand Prix,R,HAM,29.0,85.582,51.496
0 days 00:00:51.704000,3232.306388888888,7451.538007957226,10550.670617291176,288.0,100.0,False,10741.0,8,0,1,389,2023,Italian Grand Prix,R,HAM,29.0,85.582,51.704
0 days 00:00:51.864000,3245.2397222222207,7431.46226226523,10532.124411540186,291.0,100.0,False,10785.0,8,0,1,390,2023,Italian Grand Prix,R,HAM,29.0,85.582,51.864
0 days 00:00:51.996000,3255.9255082908057,7384.0,10493.0,291.55,100.0,False,10820.2,8,0,1,391,2023,Italian Grand Prix,R,HAM,29.0,85.582,51.996
0 days 00:00:52.104000,3264.7063888888874,7320.640242251503,10442.474815677051,292.0,100.0,False,10849.0,8,0,1,392,2023,Italian Grand Prix,R,HAM,29.0,85.582,52.104
0 days 00:00:52.217000,3273.9581018674266,7244.0,10381.0,294.1187488,100.0,False,10880.781232,8,0,1,393,2023,Italian Grand Prix,R,HAM,29.0,85.582,52.217
0 days 00:00:52.264000,3277.8174999999987,7213.185420363059,10355.740260807997,295.0,100.0,False,10894.0,8,0,1,394,2023,Italian Grand Prix,R,HAM,29.0,85.582,52.264
0 days 00:00:52.396000,3288.6774219092745,7129.0,10286.0,295.82758604086047,100.0,False,10944.896541512919,8,0,1,395,2023,Italian Grand Prix,R,HAM,29.0,85.582,52.396
0 days 00:00:52.497000,3297.0118907785636,7065.0,10234.0,296.4608143526893,100.0,False,10983.84008269039,8,0,1,396,2023,Italian Grand Prix,R,HAM,29.0,85.582,52.497
0 days 00:00:52.583000,3304.1349999999984,7009.798915298015,10189.58059548085,297.0,100.0,False,11017.0,8,0,1,397,2023,Italian Grand Prix,R,HAM,29.0,85.582,52.583
0 days 00:00:52.676000,3311.865756244433,6950.0,10141.0,297.92999936,100.0,False,11028.85749184,8,0,1,398,2023,Italian Grand Prix,R,HAM,29.0,85.582,52.676
0 days 00:00:52.896000,3330.2651283483783,6811.0,10023.0,300.12999936,100.0,False,11056.90749184,8,0,1,399,2023,Italian Grand Prix,R,HAM,29.0,85.582,52.896
0 days 00:00:52.983000,3337.5794444444427,6756.112905359186,9975.215274680351,301.0,100.0,False,11068.0,8,0,1,400,2023,Italian Grand Prix,R,HAM,29.0,85.582,52.983
0 days 00:00:53.216000,3357.271244608404,6608.0,9845.0,302.94166613333334,100.0,False,11150.520810666667,8,0,1,401,2023,Italian Grand Prix,R,HAM,29.0,85.582,53.216
0 days 00:00:53.456000,3377.6512162998597,6455.0,9712.0,304.94166613333334,100.0,False,11235.520810666667,8,0,1,402,2023,Italian Grand Prix,R,HAM,29.0,85.582,53.456
0 days 00:00:53.463000,3378.2461111111097,6450.76000680983,9708.314154437214,305.0,100.0,False,11238.0,8,0,1,403,2023,Italian Grand Prix,R,HAM,29.0,85.582,53.463
0 days 00:00:53.577000,3387.9380637926115,6378.0,9645.0,305.56999936,100.0,False,11268.49496576,8,0,1,404,2023,Italian Grand Prix,R,HAM,29.0,85.582,53.577
0 days 00:00:53.863000,3412.3572222222206,6102.46702987712,9405.35194252322,307.0,100.0,False,11345.0,8,0,1,405,2023,Italian Grand Prix,R,HAM,29.0,85.582,53.863
0 days 00:00:53.877000,3413.560704302482,6094.0,9398.0,307.19999817142855,100.0,False,11351.099944228572,8,0,1,406,2023,Italian Grand Prix,R,HAM,29.0,85.582,53.877
0 days 00:00:54.117000,3434.2952193640713,6029.0,9342.0,310.6285696,100.0,False,11455.6713728,8,0,1,407,2023,Italian Grand Prix,R,HAM,29.0,85.582,54.117
0 days 00:00:54.143000,3436.5461111111094,6017.766207224358,9332.347604352077,311.0,100.0,False,11467.0,8,0,1,408,2023,Italian Grand Prix,R,HAM,29.0,85.582,54.143
0 days 00:00:54.317000,3451.6171602802647,5898.0,9229.0,311.6214281142857,100.0,False,11474.457137371428,8,0,1,409,2023,Italian Grand Prix,R,HAM,29.0,85.582,54.317
0 days 00:00:54.423000,3460.8127777777763,5795.070042334206,9139.41948226436,312.0,100.0,False,11479.0,8,0,1,410,2023,Italian Grand Prix,R,HAM,29.0,85.582,54.423
0 days 00:00:54.597000,3475.938443814324,5624.0,8990.0,312.72499946666665,100.0,False,11483.3499968,8,0,1,411,2023,Italian Grand Prix,R,HAM,29.0,85.582,54.597
0 days 00:00:54.663000,3481.6794444444427,5578.974411441683,8950.679909415037,313.0,100.0,False,11485.0,8,0,1,412,2023,Italian Grand Prix,R,HAM,29.0,85.582,54.663
0 days 00:00:54.823000,3495.590555555554,5516.867488272845,8896.489629510581,313.0,100.0,False,11491.0,8,0,1,413,2023,Italian Grand Prix,R,HAM,29.0,85.582,54.823
0 days 00:00:55.016000,3512.317766911666,5440.0,8830.0,312.03500032,100.0,False,11464.94500864,8,0,1,414,2023,Italian Grand Prix,R,HAM,29.0,85.582,55.016
0 days 00:00:55.023000,3512.9238888888876,5436.090968451794,8826.62725792106,312.0,100.0,False,11464.0,8,0,1,415,2023,Italian Grand Prix,R,HAM,29.0,85.582,55.023
0 days 00:00:55.196000,3527.910150260468,5322.0,8728.0,312.0,100.0,False,11496.86998784,8,0,1,416,2023,Italian Grand Prix,R,HAM,29.0,85.582,55.196
0 days 00:00:55.223000,3530.2572222222207,5303.848898616862,8712.160087788028,312.0,100.0,False,11502.0,8,0,1,417,2023,Italian Grand Prix,R,HAM,29.0,85.582,55.223
0 days 00:00:55.383000,3544.2127777777764,5198.848640888926,8619.87637255997,314.0,100.0,False,11492.0,8,0,1,418,2023,Italian Grand Prix,R,HAM,29.0,85.582,55.383
0 days 00:00:55.395000,3545.259274020628,5191.0,8613.0,313.9625,100.0,False,11492.45,8,0,1,419,2023,Italian Grand Prix,R,HAM,29.0,85.582,55.395
0 days 00:00:55.596000,3562.753949595528,5060.0,8499.0,313.3343752,100.0,False,11499.9874976,8,0,1,420,2023,Italian Grand Prix,R,HAM,29.0,85.582,55.596
0 days 00:00:55.703000,3572.0349999999985,4992.570933480705,8440.609074239645,313.0,100.0,False,11504.0,8,0,1,421,2023,Italian Grand Prix,R,HAM,29.0,85.582,55.703
0 days 00:00:55.856000,3585.263096494295,4889.0,8351.0,312.0437504,100.0,False,11482.9625088,8,0,1,422,2023,Italian Grand Prix,R,HAM,29.0,85.582,55.856
0 days 00:00:56.023000,3599.679444444443,4750.051473946196,8230.543494291704,311.0,100.0,False,11460.0,8,0,1,423,2023,Italian Grand Prix,R,HAM,29.0,85.582,56.023
0 days 00:00:56.096000,3605.986547452455,4693.0,8181.0,311.0,100.0,False,11427.1500288,8,0,1,424,2023,Italian Grand Prix,R,HAM,29.0,85.582,56.096
0 days 00:00:56.223000,3616.9572222222205,4609.7760864492575,8108.56510797053,311.0,100.0,False,11370.0,8,0,1,425,2023,Italian Grand Prix,R,HAM,29.0,85.582,56.223
0 days 00:00:56.503000,3641.068333333332,4466.147309279739,7983.217564397911,310.0,100.0,False,11385.0,8,0,1,426,2023,Italian Grand Prix,R,HAM,29.0,85.582,56.503
0 days 00:00:56.516000,3642.185016944817,4459.0,7977.0,309.9187504,100.0,False,11381.5062672,8,0,1,427,2023,Italian Grand Prix,R,HAM,29.0,85.582,56.516
0 days 00:00:56.556000,3645.619414623497,4436.0,7957.0,309.6687504,100.0,False,11370.7562672,8,0,1,428,2023,Italian Grand Prix,R,HAM,29.0,85.582,56.556
0 days 00:00:56.663000,3654.801666666665,4349.616915957839,7881.798098234106,309.0,100.0,False,11342.0,8,0,1,429,2023,Italian Grand Prix,R,HAM,29.0,85.582,56.663
0 days 00:00:56.823000,3668.5349999999985,4169.342133648169,7724.746678182522,309.0,100.0,False,11375.0,8,0,1,430,2023,Italian Grand Prix,R,HAM,29.0,85.582,56.823
0 days 00:00:56.936000,3678.204122732447,4081.0,7648.0,308.2937504,100.0,False,11317.7937824,8,0,1,431,2023,Italian Grand Prix,R,HAM,29.0,85.582,56.936
0 days 00:00:56.983000,3682.223888888887,4057.90402512486,7628.0360467914925,308.0,100.0,False,11294.0,8,0,1,432,2023,Italian Grand Prix,R,HAM,29.0,85.582,56.983
0 days 00:00:57.196000,3700.4494177807283,4003.0,7581.0,308.0,100.0,False,11309.9749952,8,0,1,433,2023,Italian Grand Prix,R,HAM,29.0,85.582,57.196
0 days 00:00:57.223000,3702.75722222222,3990.965716383642,7570.538455807192,308.0,100.0,False,11312.0,8,0,1,434,2023,Italian Grand Prix,R,HAM,29.0,85.582,57.223
0 days 00:00:57.423000,3719.812777777776,3859.074856981451,7455.364634047924,307.0,97.0,False,11142.0,8,0,1,435,2023,Italian Grand Prix,R,HAM,29.0,85.582,57.423
0 days 00:00:57.476000,3724.3132905933326,3823.0,7424.0,306.20895592722974,71.42290831376185,False,11076.34334196007,8,0,1,436,2023,Italian Grand Prix,R,HAM,29.0,85.582,57.476
0 days 00:00:57.616000,3736.1183022563528,3734.0,7347.0,304.1194030230935,3.860697746689823,False,10902.910450916761,8,0,1,437,2023,Italian Grand Prix,R,HAM,29.0,85.582,57.616
0 days 00:00:57.624000,3736.786111111109,3728.977419928528,7342.651915592621,304.0,0.0,False,10893.0,8,0,1,438,2023,Italian Grand Prix,R,HAM,29.0,85.582,57.624
0 days 00:00:57.897000,3759.2337810033614,3559.0,7195.0,296.20000182857143,0.0,False,10860.825007542857,8,0,1,439,2023,Italian Grand Prix,R,HAM,29.0,85.582,57.897
0 days 00:00:57.904000,3759.8083333333316,3554.826666247768,7191.372310298428,296.0,0.0,False,10860.0,8,0,1,440,2023,Italian Grand Prix,R,HAM,29.0,85.582,57.904
0 days 00:00:58.064000,3772.9194444444424,3461.78028696869,7110.519835726929,295.0,0.0,False,10388.0,8,0,1,441,2023,Italian Grand Prix,R,HAM,29.0,85.582,58.064
0 days 00:00:58.157000,3780.3893046345547,3399.0,7056.0,290.81500288,0.0,False,10394.9749952,8,0,1,442,2023,Italian Grand Prix,R,HAM,29.0,85.582,58.157
0 days 00:00:58.264000,3788.8083333333316,3312.8533337724634,6981.214728497098,286.0,0.0,False,10403.0,8,0,1,443,2023,Italian Grand Prix,R,HAM,29.0,85.582,58.264
0 days 00:00:58.336000,3794.3634417560265,3255.0,6931.0,282.65714285714284,0.0,False,10296.285714285714,8,0,1,444,2023,Italian Grand Prix,R,HAM,29.0,85.582,58.336
0 days 00:00:58.544000,3810.0416666666642,3116.6546747705634,6810.946709159908,273.0,0.0,True,9988.0,8,0,1,445,2023,Italian Grand Prix,R,HAM,29.0,85.582,58.544
0 days 00:00:58.704000,3821.774999999998,3027.806679845821,6732.876989270371,264.0,0.0,True,9352.0,8,0,1,446,2023,Italian Grand Prix,R,HAM,29.0,85.582,58.704
0 days 00:00:58.737000,3824.037031568764,3010.0,6717.0,259.32500906666667,0.0,True,9267.162664533333,8,0,1,447,2023,Italian Grand Prix,R,HAM,29.0,85.582,58.737
0 days 00:00:58.944000,3837.1083333333313,2902.376773580839,6619.194062263824,230.0,0.0,True,8735.0,8,0,1,448,2023,Italian Grand Prix,R,HAM,29.0,85.582,58.944
0 days 00:00:59.103000,3846.7808333333314,2839.9043188806286,6562.003339518496,219.0,0.0,True,8789.0,8,0,1,449,2023,Italian Grand Prix,R,HAM,29.0,85.582,59.103
0 days 00:00:59.136000,3848.718625259059,2831.0,6554.0,216.3187552,0.0,True,8879.749824,8,0,1,450,2023,Italian Grand Prix,R,HAM,29.0,85.582,59.136
0 days 00:00:59.263000,3855.936388888887,2809.7577525484776,6535.599059437988,206.0,0.0,True,9229.0,8,0,1,451,2023,Italian Grand Prix,R,HAM,29.0,85.582,59.263
0 days 00:00:59.396000,3863.1871903693736,2784.0,6509.0,200.1812528,0.0,True,9439.3061488,8,0,1,452,2023,Italian Grand Prix,R,HAM,29.0,85.582,59.396
0 days 00:00:59.583000,3873.0030555555536,2696.4415970763916,6408.8197171523025,192.0,0.0,True,9735.0,6,0,1,453,2023,Italian Grand Prix,R,HAM,29.0,85.582,59.583
0 days 00:00:59.716000,3879.841001662434,2637.0,6337.0,187.5666688,0.0,True,9718.9291744,6,0,1,454,2023,Italian Grand Prix,R,HAM,29.0,85.582,59.716
0 days 00:00:59.823000,3885.2697222222205,2609.031450242737,6299.204037864115,184.0,0.0,False,9706.0,6,0,1,455,2023,Italian Grand Prix,R,HAM,29.0,85.582,59.823
0 days 00:01:00.103000,3899.191944444443,2585.5889469119293,6235.22126472181,179.0,0.0,False,9563.0,5,0,1,456,2023,Italian Grand Prix,R,HAM,29.0,85.582,60.103
0 days 00:01:00.117000,3899.874694644171,2584.0,6230.0,178.6500032,0.41999615999999995,False,9563.48999552,5,0,1,457,2023,Italian Grand Prix,R,HAM,29.0,85.582,60.117
0 days 00:01:00.276000,3907.5556007748874,2563.0,6157.0,174.6750016,5.18999808,False,9569.05499776,5,0,1,458,2023,Italian Grand Prix,R,HAM,29.0,85.582,60.276
0 days 00:01:00.303000,3908.8586111111094,2560.083929444763,6143.854532583824,174.0,6.0,False,9570.0,5,0,1,459,2023,Italian Grand Prix,R,HAM,29.0,85.582,60.303
0 days 00:01:00.503000,3918.5252777777764,2547.5727764239873,6045.558954221552,174.0,36.0,False,9438.0,5,0,1,460,2023,Italian Grand Prix,R,HAM,29.0,85.582,60.503
0 days 00:01:00.556000,3921.073653414189,2546.0,6019.0,173.8107145142857,41.48927908571429,False,9446.896417828571,5,0,1,461,2023,Italian Grand Prix,R,HAM,29.0,85.582,60.556
0 days 00:01:00.783000,3931.980833333332,2544.81777349669,5904.572405280834,173.0,65.0,False,9485.0,5,0,1,462,2023,Italian Grand Prix,R,HAM,29.0,85.582,60.783
0 days 00:01:00.816000,3933.5861016193626,2545.0,5889.0,173.8249984,69.124992,False,9548.937376,5,0,1,463,2023,Italian Grand Prix,R,HAM,29.0,85.582,60.816
0 days 00:01:00.943000,3939.8474999999985,2545.997032914432,5831.8342033391655,177.0,85.0,False,9795.0,5,0,1,464,2023,Italian Grand Prix,R,HAM,29.0,85.582,60.943
0 days 00:01:01.016000,3943.541867970782,2546.0,5788.0,179.2305536,86.8249984,False,9912.2054528,5,0,1,465,2023,Italian Grand Prix,R,HAM,29.0,85.582,61.016
0 days 00:01:01.217000,3954.0575573386795,2543.0,5623.0,185.3722183111111,91.8499968,False,10234.92201671111,5,0,1,466,2023,Italian Grand Prix,R,HAM,29.0,85.582,61.217
0 days 00:01:01.303000,3958.6474999999987,2542.2181914046523,5580.894564056216,188.0,94.0,False,10373.0,5,0,1,467,2023,Italian Grand Prix,R,HAM,29.0,85.582,61.303
0 days 00:01:01.536000,3971.2994480451543,2534.0,5516.0,194.65714102857143,89.83928685714285,False,9966.914397257144,5,0,1,468,2023,Italian Grand Prix,R,HAM,29.0,85.582,61.536
0 days 00:01:01.583000,3973.891944444443,2528.5464901473742,5488.909796125658,196.0,89.0,False,9885.0,5,0,1,469,2023,Italian Grand Prix,R,HAM,29.0,85.582,61.583
0 days 00:01:01.743000,3982.8252777777766,2500.5931900850906,5360.085461284478,201.0,90.0,False,9688.0,5,0,1,470,2023,Italian Grand Prix,R,HAM,29.0,85.582,61.743
0 days 00:01:01.836000,3988.1027697937425,2483.0,5291.0,202.453124,88.546876,False,9770.5374432,5,0,1,471,2023,Italian Grand Prix,R,HAM,29.0,85.582,61.836
0 days 00:01:02.063000,4001.1363888888877,2442.4663349099537,5179.274346802871,206.0,85.0,False,9972.0,6,0,1,472,2023,Italian Grand Prix,R,HAM,29.0,85.582,62.063
0 days 00:01:02.216000,4009.9051716568965,2413.0,5121.0,206.76499968,89.58999808,False,10039.31997184,6,0,1,473,2023,Italian Grand Prix,R,HAM,29.0,85.582,62.216
0 days 00:01:02.263000,4012.6363888888873,2403.11124962574,5102.422988803774,207.0,91.0,False,10060.0,6,0,1,474,2023,Italian Grand Prix,R,HAM,29.0,85.582,62.263
0 days 00:01:02.536000,4028.9378551159334,2337.0,4990.0,214.79999817142857,89.05000045714286,False,10236.47495862857,6,0,1,475,2023,Italian Grand Prix,R,HAM,29.0,85.582,62.536
0 days 00:01:02.543000,4029.3586111111094,2335.073299564413,4987.0887681649165,215.0,89.0,False,10241.0,6,0,1,476,2023,Italian Grand Prix,R,HAM,29.0,85.582,62.543
0 days 00:01:02.743000,4041.414166666665,2268.8298340986908,4898.287563442345,217.0,90.0,False,10461.0,6,0,1,477,2023,Italian Grand Prix,R,HAM,29.0,85.582,62.743
0 days 00:01:02.796000,4044.65461659996,2240.0,4866.0,218.656248,92.9812464,False,10525.2624224,6,0,1,478,2023,Italian Grand Prix,R,HAM,29.0,85.582,62.796
0 days 00:01:02.903000,4051.2808333333314,2162.257614024485,4784.96494829253,222.0,99.0,False,10655.0,6,0,1,479,2023,Italian Grand Prix,R,HAM,29.0,85.582,62.903
0 days 00:01:02.996000,4057.148993559011,2092.0,4712.0,224.71249813333333,97.45000106666667,False,10730.949947733334,6,0,1,480,2023,Italian Grand Prix,R,HAM,29.0,85.582,62.996
0 days 00:01:03.143000,4066.5474999999983,2006.865479873203,4616.434898469074,229.0,95.0,False,10851.0,6,0,1,481,2023,Italian Grand Prix,R,HAM,29.0,85.582,63.143
0 days 00:01:03.343000,4079.380833333332,1936.7657594531333,4522.2158007053495,231.0,89.0,False,11113.0,6,0,1,482,2023,Italian Grand Prix,R,HAM,29.0,85.582,63.343
0 days 00:01:03.476000,4088.072930469882,1905.0,4474.0,233.4937488,89.8312496,False,11149.1593576,6,0,1,483,2023,Italian Grand Prix,R,HAM,29.0,85.582,63.476
0 days 00:01:03.663000,4100.447499999998,1876.449910249576,4422.737799815452,237.0,91.0,False,11200.0,6,0,1,484,2023,Italian Grand Prix,R,HAM,29.0,85.582,63.663
0 days 00:01:03.796000,4109.266437180337,1855.0,4369.0,237.99749952,93.99249856,False,11305.40244928,6,0,1,485,2023,Italian Grand Prix,R,HAM,29.0,85.582,63.796
0 days 00:01:03.956000,4119.915553318197,1820.0,4267.0,239.19749952,97.59249856,False,11432.20244928,6,0,1,486,2023,Italian Grand Prix,R,HAM,29.0,85.582,63.956
0 days 00:01:04.063000,4127.114166666665,1799.4989688187466,4195.4947686231935,240.0,100.0,False,11517.0,6,0,1,487,2023,Italian Grand Prix,R,HAM,29.0,85.582,64.063
0 days 00:01:04.236000,4138.897912113116,1773.0,4080.0,244.30705349232954,100.0,False,11553.609954684802,6,0,1,488,2023,Italian Grand Prix,R,HAM,29.0,85.582,64.236
0 days 00:01:04.304000,4143.582499999999,1764.2110723620456,4034.0567488338597,246.0,100.0,False,11568.0,6,0,1,489,2023,Italian Grand Prix,R,HAM,29.0,85.582,64.304
0 days 00:01:04.456000,4154.166274708896,1748.0,3930.0,248.95555555555555,100.0,False,11175.333333333334,6,0,1,490,2023,Italian Grand Prix,R,HAM,29.0,85.582,64.456
0 days 00:01:04.556000,4161.211001220996,1740.0,3861.0,250.9,100.0,False,10917.0,6,0,1,491,2023,Italian Grand Prix,R,HAM,29.0,85.582,64.556
0 days 00:01:04.664000,4168.882499999999,1732.7786434730972,3790.908872960327,253.0,100.0,False,10638.0,7,0,1,492,2023,Italian Grand Prix,R,HAM,29.0,85.582,64.664
0 days 00:01:04.756000,4175.468848229577,1726.0,3719.0,254.7888888888889,100.0,False,10689.111111111111,7,0,1,493,2023,Italian Grand Prix,R,HAM,29.0,85.582,64.756
0 days 00:01:05.024000,4194.882499999999,1699.869211994543,3425.6478702482245,260.0,100.0,False,10838.0,7,0,1,494,2023,Italian Grand Prix,R,HAM,29.0,85.582,65.024
0 days 00:01:05.036000,4195.757240928305,1699.0,3416.0,260.2,100.0,False,10846.0,7,0,1,495,2023,Italian Grand Prix,R,HAM,29.0,85.582,65.036
0 days 00:01:05.264000,4212.482499999998,1690.0441663456465,3323.4837633786797,264.0,100.0,False,10998.0,7,0,1,496,2023,Italian Grand Prix,R,HAM,29.0,85.582,65.264
0 days 00:01:05.356000,4219.315448352133,1686.0,3285.0,265.64285714285717,100.0,False,11113.657142857142,7,0,1,497,2023,Italian Grand Prix,R,HAM,29.0,85.582,65.356
0 days 00:01:05.544000,4233.404722222221,1672.2886340071993,3151.459524973586,269.0,100.0,False,11350.0,7,0,1,498,2023,Italian Grand Prix,R,HAM,29.0,85.582,65.544
0 days 00:01:05.636000,4240.332231409038,1665.0,3077.0,269.9892470849039,100.0,False,11344.394266518879,7,0,1,499,2023,Italian Grand Prix,R,HAM,29.0,85.582,65.636
0 days 00:01:05.823000,4254.484722222221,1651.6107129134525,2930.2585430244108,272.0,100.0,False,11333.0,7,0,1,500,2023,Italian Grand Prix,R,HAM,29.0,85.582,65.823
0 days 00:01:05.876000,4258.516930521168,1648.0,2890.0,272.79499904,100.0,False,11379.90494336,7,0,1,501,2023,Italian Grand Prix,R,HAM,29.0,85.582,65.876
0 days 00:01:06.023000,4269.762499999999,1638.0080846079786,2779.2089551405206,275.0,100.0,False,11510.0,7,0,1,502,2023,Italian Grand Prix,R,HAM,29.0,85.582,66.023
0 days 00:01:06.037000,4270.83982669898,1637.0,2768.0,275.2333312,100.0,False,11438.0173248,7,0,1,503,2023,Italian Grand Prix,R,HAM,29.0,85.582,66.037
0 days 00:01:06.263000,4288.362499999999,1619.0469634918295,2567.3191613656086,279.0,100.0,False,10276.0,7,0,1,504,2023,Italian Grand Prix,R,HAM,29.0,85.582,66.263
0 days 00:01:06.357000,4295.69071012383,1612.0,2490.0,280.1749984,100.0,False,10373.5248672,7,0,1,505,2023,Italian Grand Prix,R,HAM,29.0,85.582,66.357
0 days 00:01:06.423000,4300.851388888888,1607.4965533609006,2441.6259094815823,281.0,100.0,False,10442.0,7,0,1,506,2023,Italian Grand Prix,R,HAM,29.0,85.582,66.423
0 days 00:01:06.583000,4313.429166666666,1597.7199460985157,2338.847826278577,283.0,100.0,False,10469.0,8,0,1,507,2023,Italian Grand Prix,R,HAM,29.0,85.582,66.583
0 days 00:01:06.657000,4319.284451634057,1593.0,2287.0,283.8222208,100.0,False,10507.8499328,8,0,1,508,2023,Italian Grand Prix,R,HAM,29.0,85.582,66.657
0 days 00:01:06.857000,4335.229309544079,1579.0,2128.0,286.0444430222222,100.0,False,10612.8499328,8,0,1,509,2023,Italian Grand Prix,R,HAM,29.0,85.582,66.857
0 days 00:01:06.943000,4342.129166666666,1572.526500226123,2059.1801019522477,287.0,100.0,False,10658.0,8,0,1,510,2023,Italian Grand Prix,R,HAM,29.0,85.582,66.943
0 days 00:01:07.016000,4348.005093874252,1567.0,2001.0,288.2166656,100.0,False,10688.41664,8,0,1,511,2023,Italian Grand Prix,R,HAM,29.0,85.582,67.016
0 days 00:01:07.183000,4361.529166666666,1554.7468042592864,1866.9854276785181,291.0,100.0,False,10758.0,8,0,1,512,2023,Italian Grand Prix,R,HAM,29.0,85.582,67.183
0 days 00:01:07.316000,4372.407712060947,1545.0,1759.0,292.6624992,100.0,False,10790.25248448,8,0,1,513,2023,Italian Grand Prix,R,HAM,29.0,85.582,67.316
0 days 00:01:07.583000,4394.418055555554,1524.95054685368,1540.400675584184,296.0,100.0,False,10855.0,8,0,1,514,2023,Italian Grand Prix,R,HAM,29.0,85.582,67.583
0 days 00:01:07.596000,4395.489252059631,1524.0,1530.0,296.0541664,100.0,False,10861.6083008,8,0,1,515,2023,Italian Grand Prix,R,HAM,29.0,85.582,67.596
0 days 00:01:07.757000,4408.755239652491,1512.0,1399.0,296.72499946666665,100.0,False,10943.449934933333,8,0,1,516,2023,Italian Grand Prix,R,HAM,29.0,85.582,67.757
0 days 00:01:07.823000,4414.218055555553,1506.179849592866,1337.1451117723163,297.0,100.0,False,10977.0,8,0,1,517,2023,Italian Grand Prix,R,HAM,29.0,85.582,67.823
0 days 00:01:07.996000,4428.641837532228,1490.0,1167.0,298.9222215111111,100.0,False,11019.288873244444,8,0,1,518,2023,Italian Grand Prix,R,HAM,29.0,85.582,67.996
0 days 00:01:08.183000,4444.318055555555,1477.2620553578467,1027.4320637494127,301.0,100.0,False,11065.0,8,0,1,519,2023,Italian Grand Prix,R,HAM,29.0,85.582,68.183
0 days 00:01:08.316000,4455.465459639088,1469.0,934.0,301.66499968,100.0,False,11144.7999616,8,0,1,520,2023,Italian Grand Prix,R,HAM,29.0,85.582,68.316
0 days 00:01:08.383000,4461.095833333331,1464.4871172271432,882.7755689129518,302.0,100.0,False,11185.0,8,0,1,521,2023,Italian Grand Prix,R,HAM,29.0,85.582,68.383
0 days 00:01:08.516000,4472.319341203089,1454.0,766.0,303.32999936,100.0,False,11211.5999872,8,0,1,522,2023,Italian Grand Prix,R,HAM,29.0,85.582,68.516
0 days 00:01:08.583000,4477.98472222222,1447.2964930866854,694.2265856222901,304.0,100.0,False,11225.0,8,0,1,523,2023,Italian Grand Prix,R,HAM,29.0,85.582,68.583
0 days 00:01:08.776000,4494.333884323528,1427.0,480.0,304.96499968,100.0,False,11247.19499264,8,0,1,524,2023,Italian Grand Prix,R,HAM,29.0,85.582,68.776
0 days 00:01:08.783000,4494.929166666664,1426.4454235139026,473.99027008912685,305.0,100.0,False,11248.0,8,0,1,525,2023,Italian Grand Prix,R,HAM,29.0,85.582,68.783
0 days 00:01:09.056000,4518.283674650358,1412.0,309.0,307.92499931428574,100.0,False,11334.774979657142,8,0,1,526,2023,Italian Grand Prix,R,HAM,29.0,85.582,69.056
0 days 00:01:09.063000,4518.884722222219,1411.5666155059287,304.169815676493,308.0,100.0,False,11337.0,8,0,1,527,2023,Italian Grand Prix,R,HAM,29.0,85.582,69.063
0 days 00:01:09.336000,4542.391079390298,1390.0,70.0,309.94999954285714,100.0,False,11425.7249792,8,0,1,528,2023,Italian Grand Prix,R,HAM,29.0,85.582,69.336
0 days 00:01:09.343000,4542.995833333331,1389.437349301953,63.82045788618703,310.0,100.0,False,11428.0,8,0,1,529,2023,Italian Grand Prix,R,HAM,29.0,85.582,69.343
0 days 00:01:09.616000,4566.6546381171665,1368.0,-169.0,311.94999954285714,100.0,False,11467.97499062857,8,0,1,530,2023,Italian Grand Prix,R,HAM,29.0,85.582,69.616
0 days 00:01:09.623000,4567.262499999997,1367.4092484537807,-174.89300002218644,312.0,100.0,False,11469.0,8,0,1,531,2023,Italian Grand Prix,R,HAM,29.0,85.582,69.623
0 days 00:01:09.696000,4573.6042073234885,1361.0,-238.0,312.36499968,100.0,False,11482.86998784,8,0,1,532,2023,Italian Grand Prix,R,HAM,29.0,85.582,69.696
0 days 00:01:09.823000,4584.651388888885,1348.2151419347545,-372.575392638228,313.0,100.0,False,11507.0,8,0,1,533,2023,Italian Grand Prix,R,HAM,29.0,85.582,69.823
0 days 00:01:10.056000,4604.974409555037,1323.0,-654.0,313.7281248,100.0,False,11547.7749888,8,0,1,534,2023,Italian Grand Prix,R,HAM,29.0,85.582,70.056
0 days 00:01:10.143000,4612.562499999996,1314.9053361538797,-743.8205966597936,314.0,100.0,False,11563.0,8,0,1,535,2023,Italian Grand Prix,R,HAM,29.0,85.582,70.143
0 days 00:01:10.303000,4626.518055555552,1302.1095103616492,-884.5059819042594,314.0,100.0,False,11597.0,8,0,1,536,2023,Italian Grand Prix,R,HAM,29.0,85.582,70.303
0 days 00:01:10.456000,4639.9509134782975,1293.0,-984.0,315.27499946666666,100.0,False,11615.274992355555,8,0,1,537,2023,Italian Grand Prix,R,HAM,29.0,85.582,70.456
0 days 00:01:10.663000,4658.2180555555515,1285.868767976602,-1061.1549238203568,317.0,100.0,False,11640.0,8,0,1,538,2023,Italian Grand Prix,R,HAM,29.0,85.582,70.663
0 days 00:01:10.856000,4675.256384849249,1274.0,-1190.0,317.5346259562772,100.0,False,11670.473679507799,8,0,1,539,2023,Italian Grand Prix,R,HAM,29.0,85.582,70.856
0 days 00:01:11.024000,4690.106388888885,1254.2057472851827,-1405.855054237748,318.0,100.0,False,11697.0,8,0,1,540,2023,Italian Grand Prix,R,HAM,29.0,85.582,71.024
0 days 00:01:11.036000,4691.1682280966115,1253.0,-1419.0,318.05,100.0,False,11698.2,8,0,1,541,2023,Italian Grand Prix,R,HAM,29.0,85.582,71.036
0 days 00:01:11.264000,4711.373055555551,1239.3551628865157,-1566.9573517227286,319.0,100.0,False,11721.0,8,0,1,542,2023,Italian Grand Prix,R,HAM,29.0,85.582,71.264
0 days 00:01:11.336000,4717.766505408645,1235.0,-1613.0,319.3,100.0,False,11739.0,8,0,1,543,2023,Italian Grand Prix,R,HAM,29.0,85.582,71.336
0 days 00:01:11.504000,4732.706388888885,1221.0453181869916,-1759.3542577175654,320.0,100.0,False,11781.0,8,0,1,544,2023,Italian Grand Prix,R,HAM,29.0,85.582,71.504
0 days 00:01:11.576000,4739.116405257038,1215.0,-1825.0,320.18,100.0,False,11786.76,8,0,1,545,2023,Italian Grand Prix,R,HAM,29.0,85.582,71.576
0 days 00:01:11.716000,4751.592356755145,1204.0,-1950.0,320.53,100.0,False,11797.96,8,0,1,546,2023,Italian Grand Prix,R,HAM,29.0,85.582,71.716
0 days 00:01:11.904000,4768.373055555551,1183.7539361498316,-2174.172939600203,321.0,100.0,False,11813.0,8,0,1,547,2023,Italian Grand Prix,R,HAM,29.0,85.582,71.904
0 days 00:01:12.096000,4785.545547189542,1165.0,-2377.0,321.96,100.0,False,11854.28,8,0,1,548,2023,Italian Grand Prix,R,HAM,29.0,85.582,72.096
0 days 00:01:12.104000,4786.261944444441,1164.4761503324646,-2382.5621721666835,322.0,100.0,False,11856.0,8,0,1,549,2023,Italian Grand Prix,R,HAM,29.0,85.582,72.104
0 days 00:01:12.337000,4807.160216646111,1153.0,-2502.0,322.83214262857143,100.0,False,11876.803565714286,8,0,1,550,2023,Italian Grand Prix,R,HAM,29.0,85.582,72.337
0 days 00:01:12.384000,4811.384166666663,1148.96149218689,-2545.314044625601,323.0,100.0,False,11881.0,8,0,1,551,2023,Italian Grand Prix,R,HAM,29.0,85.582,72.384
0 days 00:01:12.657000,4835.954606118859,1117.0,-2894.0,323.9784941698078,100.0,False,11715.634485302484,8,0,1,552,2023,Italian Grand Prix,R,HAM,29.0,85.582,72.657
0 days 00:01:12.663000,4836.494166666663,1116.4546967205522,-2900.0263062079002,324.0,100.0,False,11712.0,8,0,1,553,2023,Italian Grand Prix,R,HAM,29.0,85.582,72.663
0 days 00:01:12.756000,4844.851664447554,1109.0,-2983.0,323.61250026666664,100.0,False,11752.687472,8,0,1,554,2023,Italian Grand Prix,R,HAM,29.0,85.582,72.756
0 days 00:01:12.903000,4858.0274999999965,1097.2251846337133,-3115.539194341553,323.0,100.0,False,11817.0,8,0,1,555,2023,Italian Grand Prix,R,HAM,29.0,85.582,72.903
0 days 00:01:12.956000,4862.762063881137,1093.0,-3162.0,322.55833386666666,99.55833386666667,False,11815.0125024,8,0,1,556,2023,Italian Grand Prix,R,HAM,29.0,85.582,72.956
0 days 00:01:13.143000,4879.427499999996,1078.193682097634,-3317.2390546483252,321.0,98.0,False,11808.0,8,0,1,557,2023,Italian Grand Prix,R,HAM,29.0,85.582,73.143
0 days 00:01:13.217000,4886.028011242559,1071.0,-3393.0,321.0,95.78000384,False,11782.1000448,8,0,1,558,2023,Italian Grand Prix,R,HAM,29.0,85.582,73.217
0 days 00:01:13.343000,4897.26083333333,1055.9281579285266,-3554.879889184419,321.0,92.0,False,11738.0,8,0,1,559,2023,Italian Grand Prix,R,HAM,29.0,85.582,73.343
0 days 00:01:13.497000,4910.934566136253,1038.0,-3748.0,319.71666773333334,76.6000128,False,11643.033412266666,8,0,1,560,2023,Italian Grand Prix,R,HAM,29.0,85.582,73.497
0 days 00:01:13.703000,4929.06083333333,1025.7816696596205,-3873.121420338041,318.0,56.0,False,11516.0,8,0,1,561,2023,Italian Grand Prix,R,HAM,29.0,85.582,73.703
0 days 00:01:13.917000,4947.58803847113,1012.0,-4009.0,313.18500288,26.040017919999997,False,11323.93511488,8,0,1,562,2023,Italian Grand Prix,R,HAM,29.0,85.582,73.917
0 days 00:01:14.096000,4962.80497619097,990.0,-4232.0,309.15750144,0.9800089599999993,False,11163.28255744,8,0,1,563,2023,Italian Grand Prix,R,HAM,29.0,85.582,74.096
0 days 00:01:14.103000,4963.394166666663,989.2514869469405,-4239.38883969589,309.0,0.0,False,11157.0,8,0,1,564,2023,Italian Grand Prix,R,HAM,29.0,85.582,74.103
0 days 00:01:14.435000,4990.762363389177,965.0,-4448.0,297.38,0.0,False,10814.21,8,0,1,565,2023,Italian Grand Prix,R,HAM,29.0,85.582,74.435
0 days 00:01:14.503000,4996.171944444442,958.4786437261495,-4498.5426652469,295.0,0.0,True,10744.0,8,0,1,566,2023,Italian Grand Prix,R,HAM,29.0,85.582,74.503
0 days 00:01:14.636000,5006.538176110791,944.0,-4607.0,282.531256,0.0,True,10205.3502592,8,0,1,567,2023,Italian Grand Prix,R,HAM,29.0,85.582,74.636
0 days 00:01:14.663000,5008.616388888886,941.1087392090694,-4627.349688218671,280.0,0.0,True,10096.0,8,0,1,568,2023,Italian Grand Prix,R,HAM,29.0,85.582,74.663
0 days 00:01:14.776000,5017.23182972173,928.0,-4712.0,274.91500288,0.0,True,9779.6001792,8,0,1,569,2023,Italian Grand Prix,R,HAM,29.0,85.582,74.776
0 days 00:01:14.863000,5023.671944444442,914.015844597596,-4790.895249691683,271.0,0.0,True,9536.0,8,0,1,570,2023,Italian Grand Prix,R,HAM,29.0,85.582,74.863
0 days 00:01:15.023000,5034.871944444441,882.8470003564158,-4950.199304349392,252.0,0.0,True,9476.0,8,0,1,571,2023,Italian Grand Prix,R,HAM,29.0,85.582,75.023
0 days 00:01:15.056000,5037.067515046369,877.0,-4978.0,249.2156304,0.0,True,9559.6342128,8,0,1,572,2023,Italian Grand Prix,R,HAM,29.0,85.582,75.056
0 days 00:01:15.343000,5054.871944444442,837.3265147383519,-5132.865661157745,225.0,0.0,True,10287.0,8,0,1,573,2023,Italian Grand Prix,R,HAM,29.0,85.582,75.343
0 days 00:01:15.543000,5066.816388888887,810.0355211050131,-5207.681999190843,215.0,0.0,True,9900.0,6,0,1,574,2023,Italian Grand Prix,R,HAM,29.0,85.582,75.543
0 days 00:01:15.556000,5067.577484470579,808.0,-5213.0,214.5125024,0.0,True,9881.9084224,6,0,1,575,2023,Italian Grand Prix,R,HAM,29.0,85.582,75.556
0 days 00:01:15.783000,5080.549722222219,767.282612997518,-5314.7554132238465,206.0,0.0,True,9566.0,6,0,1,576,2023,Italian Grand Prix,R,HAM,29.0,85.582,75.783
0 days 00:01:15.976000,5091.2227617307635,721.0,-5406.0,201.65750144,0.0,True,9416.4250496,6,0,1,577,2023,Italian Grand Prix,R,HAM,29.0,85.582,75.976
0 days 00:01:16.136000,5099.902446746079,674.0,-5478.0,198.05750144,0.0,True,9292.4250496,6,0,1,578,2023,Italian Grand Prix,R,HAM,29.0,85.582,76.136
0 days 00:01:16.183000,5102.438611111109,660.707689161489,-5496.636954678457,197.0,0.0,False,9256.0,6,0,1,579,2023,Italian Grand Prix,R,HAM,29.0,85.582,76.183
0 days 00:01:16.316000,5109.577834699359,614.0,-5551.0,193.6750016,0.0,False,9102.218824,6,0,1,580,2023,Italian Grand Prix,R,HAM,29.0,85.582,76.316
0 days 00:01:16.343000,5111.0163888888865,599.2813310579337,-5565.1192217351,193.0,0.0,False,9071.0,6,0,1,581,2023,Italian Grand Prix,R,HAM,29.0,85.582,76.343
0 days 00:01:16.516000,5120.131036287286,479.0,-5667.0,190.5972231111111,0.0,False,8910.013948444444,6,0,1,582,2023,Italian Grand Prix,R,HAM,29.0,85.582,76.516
0 days 00:01:16.703000,5129.816388888887,384.0117416251974,-5729.197973569171,188.0,0.0,False,8736.0,6,0,1,583,2023,Italian Grand Prix,R,HAM,29.0,85.582,76.703
0 days 00:01:16.976000,5143.768792405511,296.0,-5758.0,184.10000091428572,44.84998948571429,False,8792.549986742857,6,0,1,584,2023,Italian Grand Prix,R,HAM,29.0,85.582,76.976
0 days 00:01:16.983000,5144.127499999998,293.7836691590345,-5758.701714450309,184.0,46.0,False,8794.0,6,0,1,585,2023,Italian Grand Prix,R,HAM,29.0,85.582,76.983
0 days 00:01:17.143000,5152.3497222222195,242.66779784072168,-5774.696049745457,185.0,57.0,False,8819.0,6,0,1,586,2023,Italian Grand Prix,R,HAM,29.0,85.582,77.143
0 days 00:01:17.236000,5157.122951384896,207.0,-5783.0,185.0,57.0,False,8819.0,6,0,1,587,2023,Italian Grand Prix,R,HAM,29.0,85.582,77.236
0 days 00:01:17.303000,5160.571944444441,176.94518933094866,-5788.247798088348,185.0,57.0,False,8819.0,6,0,1,588,2023,Italian Grand Prix,R,HAM,29.0,85.582,77.303
0 days 00:01:17.464000,5168.934999999997,91.57489309530278,-5798.078409149333,187.0,70.0,False,8957.0,6,0,1,589,2023,Italian Grand Prix,R,HAM,29.0,85.582,77.464
0 days 00:01:17.576000,5174.809090624279,32.0,-5801.0,188.05,73.85,False,9070.4,6,0,1,590,2023,Italian Grand Prix,R,HAM,29.0,85.582,77.576
0 days 00:01:17.784000,5185.823888888886,-75.18306279512552,-5795.64949073723,190.0,81.0,False,9281.0,6,0,1,591,2023,Italian Grand Prix,R,HAM,29.0,85.582,77.784
0 days 00:01:17.816000,5187.528319685808,-94.0,-5793.0,190.4,81.26666666666667,False,9275.4,6,0,1,592,2023,Italian Grand Prix,R,HAM,29.0,85.582,77.816
0 days 00:01:18.024000,5198.690555555553,-233.39457752314746,-5763.356305417273,193.0,83.0,False,9239.0,6,0,1,593,2023,Italian Grand Prix,R,HAM,29.0,85.582,78.024
0 days 00:01:18.037000,5199.395234043457,-242.0,-5761.0,193.3249984,83.2437488,False,9254.3561744,6,0,1,594,2023,Italian Grand Prix,R,HAM,29.0,85.582,78.037
0 days 00:01:18.184000,5207.446111111109,-334.0771811152125,-5731.077667834888,197.0,86.0,False,9428.0,6,0,1,595,2023,Italian Grand Prix,R,HAM,29.0,85.582,78.184
0 days 00:01:18.376000,5218.314007898553,-440.0,-5686.0,201.8,86.53333333333333,False,9691.466666666667,6,0,1,596,2023,Italian Grand Prix,R,HAM,29.0,85.582,78.376
0 days 00:01:18.544000,5228.046111111109,-519.5123792464062,-5644.554966386013,206.0,87.0,False,9922.0,6,0,1,597,2023,Italian Grand Prix,R,HAM,29.0,85.582,78.544
0 days 00:01:18.716000,5238.121499456122,-595.0,-5598.0,209.225,90.7625,False,10077.875,6,0,1,598,2023,Italian Grand Prix,R,HAM,29.0,85.582,78.716
0 days 00:01:18.864000,5246.890555555554,-660.8097541310467,-5552.751157758083,212.0,94.0,False,10212.0,6,0,1,599,2023,Italian Grand Prix,R,HAM,29.0,85.582,78.864
0 days 00:01:19.016000,5256.002669139413,-737.0,-5491.0,215.16666666666666,96.53333333333333,False,10390.6,6,0,1,600,2023,Italian Grand Prix,R,HAM,29.0,85.582,79.016
0 days 00:01:19.104000,5261.35722222222,-788.7916681783236,-5443.2843952185285,217.0,98.0,False,10494.0,6,0,1,601,2023,Italian Grand Prix,R,HAM,29.0,85.582,79.104
0 days 00:01:19.216000,5268.277571234605,-852.0,-5382.0,220.2803338496177,98.93723824274792,False,10587.723824274792,6,0,1,602,2023,Italian Grand Prix,R,HAM,29.0,85.582,79.216
0 days 00:01:19.343000,5276.228333333332,-901.9398157556457,-5331.948219997322,224.0,100.0,False,10694.0,6,0,1,603,2023,Italian Grand Prix,R,HAM,29.0,85.582,79.343
0 days 00:01:19.576000,5290.988133971894,-976.0,-5240.0,227.640624,100.0,False,10952.484304,6,0,1,604,2023,Italian Grand Prix,R,HAM,29.0,85.582,79.576
0 days 00:01:19.663000,5296.583888888887,-1019.1038558692096,-5178.704122982961,229.0,100.0,False,11049.0,6,0,1,605,2023,Italian Grand Prix,R,HAM,29.0,85.582,79.663
0 days 00:01:19.816000,5306.552800699253,-1100.0,-5058.0,233.58999808,100.0,False,11206.58993408,6,0,1,606,2023,Italian Grand Prix,R,HAM,29.0,85.582,79.816
0 days 00:01:19.863000,5309.639444444442,-1119.7584947674866,-5026.947170436077,235.0,100.0,False,11255.0,6,0,1,607,2023,Italian Grand Prix,R,HAM,29.0,85.582,79.863
0 days 00:01:20.103000,5325.572777777776,-1182.6285426680229,-4913.572441356573,239.0,100.0,False,11417.0,6,0,1,608,2023,Italian Grand Prix,R,HAM,29.0,85.582,80.103
0 days 00:01:20.277000,5337.386931480113,-1219.0,-4834.0,243.34999679999999,100.0,False,11551.8499008,6,0,1,609,2023,Italian Grand Prix,R,HAM,29.0,85.582,80.277
0 days 00:01:20.343000,5341.90611111111,-1234.475081210286,-4798.983326204782,245.0,100.0,False,11603.0,6,0,1,610,2023,Italian Grand Prix,R,HAM,29.0,85.582,80.343
0 days 00:01:20.543000,5355.683888888888,-1284.7463196870613,-4678.783890802276,248.0,100.0,False,11824.0,6,0,1,611,2023,Italian Grand Prix,R,HAM,29.0,85.582,80.543
0 days 00:01:20.577000,5358.039303090683,-1293.0,-4657.0,248.4249984,100.0,False,11724.833706666666,6,0,1,612,2023,Italian Grand Prix,R,HAM,29.0,85.582,80.577
0 days 00:01:20.757000,5370.5885837955975,-1334.0,-4538.0,250.6749984,100.0,False,11199.833706666666,6,0,1,613,2023,Italian Grand Prix,R,HAM,29.0,85.582,80.757
0 days 00:01:20.783000,5372.4172222222205,-1339.4324483634575,-4521.03197553962,251.0,100.0,False,11124.0,7,0,1,614,2023,Italian Grand Prix,R,HAM,29.0,85.582,80.783
0 days 00:01:20.936000,5383.268363443624,-1370.0,-4417.0,253.8687488,100.0,False,10948.0500736,7,0,1,615,2023,Italian Grand Prix,R,HAM,29.0,85.582,80.936
0 days 00:01:21.103000,5395.2616666666645,-1406.1592783825793,-4267.250116456073,257.0,100.0,False,10756.0,7,0,1,616,2023,Italian Grand Prix,R,HAM,29.0,85.582,81.103
0 days 00:01:21.256000,5406.35921936481,-1434.0,-4137.0,259.7321417142857,100.0,False,10866.9249536,7,0,1,617,2023,Italian Grand Prix,R,HAM,29.0,85.582,81.256
0 days 00:01:21.383000,5415.639444444442,-1447.5714743819703,-4063.0346449393983,262.0,100.0,False,10959.0,7,0,1,618,2023,Italian Grand Prix,R,HAM,29.0,85.582,81.383
0 days 00:01:21.543000,5427.4172222222205,-1458.076859711508,-3985.486385577088,265.0,100.0,False,11050.0,7,0,1,619,2023,Italian Grand Prix,R,HAM,29.0,85.582,81.543
0 days 00:01:21.556000,5428.380560594642,-1459.0,-3978.0,265.1805546666667,100.0,False,11060.327726933334,7,0,1,620,2023,Italian Grand Prix,R,HAM,29.0,85.582,81.556
0 days 00:01:21.896000,5453.888686506904,-1484.0,-3732.0,269.90277688888887,100.0,False,11330.438838044445,7,0,1,621,2023,Italian Grand Prix,R,HAM,29.0,85.582,81.896
0 days 00:01:21.903000,5454.4172222222205,-1484.3783113546576,-3726.6345478362055,270.0,100.0,False,11336.0,7,0,1,622,2023,Italian Grand Prix,R,HAM,29.0,85.582,81.903
0 days 00:01:22.103000,5469.583888888887,-1492.0638713092778,-3575.089260859988,273.0,100.0,False,11377.0,7,0,1,623,2023,Italian Grand Prix,R,HAM,29.0,85.582,82.103
0 days 00:01:22.136000,5472.1118713109445,-1493.0,-3551.0,273.5499989333333,100.0,False,11388.091645155555,7,0,1,624,2023,Italian Grand Prix,R,HAM,29.0,85.582,82.136
0 days 00:01:22.315000,5485.971231299433,-1497.0,-3413.0,276.53333333333336,100.0,False,11448.255555555555,7,0,1,625,2023,Italian Grand Prix,R,HAM,29.0,85.582,82.315
0 days 00:01:22.463000,5497.483888888886,-1498.7177138707937,-3242.194658760347,279.0,100.0,False,11498.0,7,0,1,626,2023,Italian Grand Prix,R,HAM,29.0,85.582,82.463
0 days 00:01:22.516000,5501.600426350522,-1499.0,-3181.0,279.3312496,100.0,False,11524.8312176,7,0,1,627,2023,Italian Grand Prix,R,HAM,29.0,85.582,82.516
0 days 00:01:22.623000,5509.9283333333315,-1499.0593791613885,-3070.63625164956,280.0,100.0,False,11579.0,7,0,1,628,2023,Italian Grand Prix,R,HAM,29.0,85.582,82.623
0 days 00:01:22.863000,5528.861666666664,-1497.3968207047724,-2883.0715823135324,284.0,100.0,False,10455.0,8,0,1,629,2023,Italian Grand Prix,R,HAM,29.0,85.582,82.863
0 days 00:01:22.916000,5533.061969936561,-1497.0,-2851.0,284.52999936,100.0,False,10476.99497344,8,0,1,630,2023,Italian Grand Prix,R,HAM,29.0,85.582,82.916
0 days 00:01:23.063000,5544.750555555553,-1495.9582795365918,-2779.054173349414,286.0,100.0,False,10538.0,8,0,1,631,2023,Italian Grand Prix,R,HAM,29.0,85.582,83.063
0 days 00:01:23.236000,5558.635056155212,-1494.0,-2691.0,288.59499904,100.0,False,10645.25996032,8,0,1,632,2023,Italian Grand Prix,R,HAM,29.0,85.582,83.236
0 days 00:01:23.263000,5560.806111111108,-1493.5281926498224,-2672.9487483758176,289.0,100.0,False,10662.0,8,0,1,633,2023,Italian Grand Prix,R,HAM,29.0,85.582,83.263
0 days 00:01:23.496000,5579.572521702817,-1488.0,-2484.0,289.97083306666667,100.0,False,10746.4624768,8,0,1,634,2023,Italian Grand Prix,R,HAM,29.0,85.582,83.496
0 days 00:01:23.503000,5580.139444444441,-1487.8155613903386,-2478.2258868645554,290.0,100.0,False,10749.0,8,0,1,635,2023,Italian Grand Prix,R,HAM,29.0,85.582,83.503
0 days 00:01:23.676000,5594.218256168162,-1483.0,-2338.0,292.1624992,100.0,False,10776.391656533333,8,0,1,636,2023,Italian Grand Prix,R,HAM,29.0,85.582,83.676
0 days 00:01:23.743000,5599.672777777774,-1480.9303141299006,-2283.6485879985935,293.0,100.0,False,10787.0,8,0,1,637,2023,Italian Grand Prix,R,HAM,29.0,85.582,83.743
0 days 00:01:23.936000,5615.376150725942,-1474.0,-2126.0,293.0,100.0,False,10890.701491168635,8,0,1,638,2023,Italian Grand Prix,R,HAM,29.0,85.582,83.936
0 days 00:01:23.944000,5616.031944444441,-1473.6675682689074,-2119.4437710407697,293.0,100.0,False,10895.0,8,0,1,639,2023,Italian Grand Prix,R,HAM,29.0,85.582,83.944
0 days 00:01:24.144000,5632.587499999997,-1464.391412732812,-1954.9912160806373,298.0,100.0,False,10980.0,8,0,1,640,2023,Italian Grand Prix,R,HAM,29.0,85.582,84.144
0 days 00:01:24.196000,5636.923058930751,-1462.0,-1912.0,298.4727272727273,100.0,False,10996.190909090908,8,0,1,641,2023,Italian Grand Prix,R,HAM,29.0,85.582,84.196
0 days 00:01:24.396000,5653.689525228504,-1453.0,-1746.0,300.2909090909091,100.0,False,11058.463636363636,8,0,1,642,2023,Italian Grand Prix,R,HAM,29.0,85.582,84.396
0 days 00:01:24.577000,5668.909981073893,-1443.0,-1596.0,301.93636305454544,100.0,False,11114.820434618181,8,0,1,643,2023,Italian Grand Prix,R,HAM,29.0,85.582,84.577
0 days 00:01:24.584000,5669.4986111111075,-1442.6069882392992,-1590.1469235413608,302.0,100.0,False,11117.0,8,0,1,644,2023,Italian Grand Prix,R,HAM,29.0,85.582,84.584
0 days 00:01:24.756000,5683.969902944187,-1433.0,-1445.0,302.86,100.0,False,11141.94,8,0,1,645,2023,Italian Grand Prix,R,HAM,29.0,85.582,84.756
0 days 00:01:24.784000,5686.331944444441,-1431.391413199637,-1421.2949486032571,303.0,100.0,False,11146.0,8,0,1,646,2023,Italian Grand Prix,R,HAM,29.0,85.582,84.784
0 days 00:01:24.876000,5694.110349744458,-1426.0,-1344.0,303.6272727272727,100.0,False,11175.9,8,0,1,647,2023,Italian Grand Prix,R,HAM,29.0,85.582,84.876
0 days 00:01:25.196000,5721.341186573774,-1407.0,-1095.0,305.8090909090909,100.0,False,11279.9,8,0,1,648,2023,Italian Grand Prix,R,HAM,29.0,85.582,85.196
0 days 00:01:25.224000,5723.731944444441,-1405.4369723600016,-1074.279703394151,306.0,100.0,False,11289.0,8,0,1,649,2023,Italian Grand Prix,R,HAM,29.0,85.582,85.224
0 days 00:01:25.357000,5735.102935828953,-1398.0,-976.0,307.1083328,100.0,False,11261.8458464,8,0,1,650,2023,Italian Grand Prix,R,HAM,29.0,85.582,85.357
0 days 00:01:25.464000,5744.265277777774,-1391.1969252499864,-892.7156074724761,308.0,100.0,False,11240.0,8,0,1,651,2023,Italian Grand Prix,R,HAM,29.0,85.582,85.464
0 days 00:01:25.556000,5752.151172860236,-1385.0,-818.0,308.25555555555553,100.0,False,11283.18888888889,8,0,1,652,2023,Italian Grand Prix,R,HAM,29.0,85.582,85.556
0 days 00:01:25.582000,5754.381119320668,-1383.2330734576367,-796.4106139383422,308.3277774222222,100.0,False,11295.394384355557,8,0,1,653,2023,Italian Grand Prix,R,HAM,29.0,85.582,85.582
0 days 00:00:00,0.021855763696280617,-1374.9883132504515,-692.0020412209301,310.4785718857143,100.0,False,11469.485725257144,8,0,2,0,2023,Italian Grand Prix,R,HAM,48.0,85.815,0.0
0 days 00:00:00.061000,5.302886179747069,-1371.0,-644.0,310.9142857142857,100.0,False,11479.942857142858,8,0,2,1,2023,Italian Grand Prix,R,HAM,48.0,85.815,0.061
0 days 00:00:00.213000,18.497222222222227,-1363.285674573934,-553.4896125374089,312.0,100.0,False,11506.0,8,0,2,2,2023,Italian Grand Prix,R,HAM,48.0,85.815,0.213
0 days 00:00:00.421000,36.63022786347862,-1353.0,-436.0,313.48571428571427,100.0,False,11560.971428571429,8,0,2,3,2023,Italian Grand Prix,R,HAM,48.0,85.815,0.421
0 days 00:00:00.493000,42.91944444444445,-1347.794101214095,-375.5530511704165,314.0,100.0,False,11580.0,8,0,2,4,2023,Italian Grand Prix,R,HAM,48.0,85.815,0.493
0 days 00:00:00.581000,50.61161543892587,-1341.0,-297.0,314.44,100.0,False,11599.8,8,0,2,5,2023,Italian Grand Prix,R,HAM,48.0,85.815,0.581
0 days 00:00:00.693000,60.41944444444445,-1333.0826914184524,-207.60295488123364,315.0,100.0,False,11625.0,8,0,2,6,2023,Italian Grand Prix,R,HAM,48.0,85.815,0.693
0 days 00:00:00.801000,69.90794520354282,-1324.0,-106.0,315.675,100.0,False,11634.7875,8,0,2,7,2023,Italian Grand Prix,R,HAM,48.0,85.815,0.801
0 days 00:00:01.013000,88.59722222222223,-1298.0223139703355,187.02572648977224,317.0,100.0,False,11654.0,8,0,2,8,2023,Italian Grand Prix,R,HAM,48.0,85.815,1.013
0 days 00:00:01.061000,92.83347372127122,-1293.0,244.0,317.199170177373,100.0,False,11664.556019400768,8,0,2,9,2023,Italian Grand Prix,R,HAM,48.0,85.815,1.061
0 days 00:00:01.254000,109.88555555555557,-1280.5442150983981,387.0348721488536,318.0,100.0,False,11707.0,8,0,2,10,2023,Italian Grand Prix,R,HAM,48.0,85.815,1.254
0 days 00:00:01.501000,131.76824065908983,-1270.0,509.0,318.8821430857143,100.0,False,11740.521437257143,8,0,2,11,2023,Italian Grand Prix,R,HAM,48.0,85.815,1.501
0 days 00:00:01.534000,134.6966666666667,-1267.7325303188554,534.6404248960877,319.0,100.0,False,11745.0,8,0,2,12,2023,Italian Grand Prix,R,HAM,48.0,85.815,1.534
0 days 00:00:01.682000,147.84390568981368,-1256.0,668.0,319.6166666666667,100.0,False,11768.433333333332,8,0,2,13,2023,Italian Grand Prix,R,HAM,48.0,85.815,1.682
0 days 00:00:01.774000,156.03000000000003,-1249.039533646544,750.5682607755047,320.0,100.0,False,11783.0,8,0,2,14,2023,Italian Grand Prix,R,HAM,48.0,85.815,1.774
0 days 00:00:01.881000,165.56531942264564,-1241.0,845.0,320.53500032,100.0,False,11800.12001024,8,0,2,15,2023,Italian Grand Prix,R,HAM,48.0,85.815,1.881
0 days 00:00:01.974000,173.86333333333334,-1233.6294227991737,926.9060640389024,321.0,100.0,False,11815.0,8,0,2,16,2023,Italian Grand Prix,R,HAM,48.0,85.815,1.974
0 days 00:00:01.982000,174.57749874420418,-1233.0,934.0,321.02222222222224,100.0,False,11815.777777777777,8,0,2,17,2023,Italian Grand Prix,R,HAM,48.0,85.815,1.982
0 days 00:00:02.181000,192.36073009885627,-1218.0,1111.0,321.5750001777778,100.0,False,11835.125006222223,8,0,2,18,2023,Italian Grand Prix,R,HAM,48.0,85.815,2.181
0 days 00:00:02.334000,206.06333333333336,-1207.1106863762932,1237.985048901417,322.0,100.0,False,11850.0,8,0,2,19,2023,Italian Grand Prix,R,HAM,48.0,85.815,2.334
0 days 00:00:02.441000,215.66338753813105,-1198.0,1343.0,322.67295610648307,100.0,False,11852.01886831945,8,0,2,20,2023,Italian Grand Prix,R,HAM,48.0,85.815,2.441
0 days 00:00:02.493000,220.32916666666668,-1192.7239019013225,1403.8002278752533,323.0,100.0,False,11853.0,8,0,2,21,2023,Italian Grand Prix,R,HAM,48.0,85.815,2.493
0 days 00:00:02.701000,238.98184257246305,-1170.0,1665.0,323.0,100.0,False,11853.0,8,0,2,22,2023,Italian Grand Prix,R,HAM,48.0,85.815,2.701
0 days 00:00:02.773000,245.4513888888889,-1164.2638380768315,1730.2203905429233,323.0,100.0,False,11853.0,8,0,2,23,2023,Italian Grand Prix,R,HAM,48.0,85.815,2.773
0 days 00:00:03.082000,273.3371596196886,-1148.0,1916.0,324.7166663111111,100.0,False,11946.558313955555,8,0,2,24,2023,Italian Grand Prix,R,HAM,48.0,85.815,3.082
0 days 00:00:03.133000,277.9513888888889,-1144.631815873312,1956.7003293189757,325.0,100.0,False,11962.0,8,0,2,25,2023,Italian Grand Prix,R,HAM,48.0,85.815,3.133
0 days 00:00:03.293000,292.4402777777778,-1132.3574850354096,2104.9612397217647,326.0,100.0,False,11974.0,8,0,2,26,2023,Italian Grand Prix,R,HAM,48.0,85.815,3.293
0 days 00:00:03.322000,295.0674756955189,-1130.0,2132.0,326.0,100.0,False,11973.9093752,8,0,2,27,2023,Italian Grand Prix,R,HAM,48.0,85.815,3.322
0 days 00:00:03.481000,309.47508144658696,-1117.0,2276.0,326.0,100.0,False,11973.4125,8,0,2,28,2023,Italian Grand Prix,R,HAM,48.0,85.815,3.481
0 days 00:00:03.613000,321.41805555555555,-1107.4122773407776,2391.717735616242,326.0,100.0,False,11973.0,8,0,2,29,2023,Italian Grand Prix,R,HAM,48.0,85.815,3.613
0 days 00:00:03.642000,324.03802598233875,-1105.0,2421.0,325.85500032,100.0,False,11978.65498752,8,0,2,30,2023,Italian Grand Prix,R,HAM,48.0,85.815,3.642
0 days 00:00:03.813000,339.47361111111115,-1086.7623086817027,2637.5794015855968,325.0,100.0,False,12012.0,8,0,2,31,2023,Italian Grand Prix,R,HAM,48.0,85.815,3.813
0 days 00:00:04.021000,358.29287833159395,-1064.0,2901.0,325.5777777777778,100.0,False,12009.68888888889,8,0,2,32,2023,Italian Grand Prix,R,HAM,48.0,85.815,4.021
0 days 00:00:04.173000,372.0736111111111,-1054.0989439316663,3010.1997179052414,326.0,100.0,False,12008.0,8,0,2,33,2023,Italian Grand Prix,R,HAM,48.0,85.815,4.173
0 days 00:00:04.321000,385.50913594131447,-1046.0,3100.0,326.37,100.0,False,12019.47,8,0,2,34,2023,Italian Grand Prix,R,HAM,48.0,85.815,4.321
0 days 00:00:04.573000,408.4069444444445,-1027.2305557085745,3323.6480513346733,327.0,100.0,False,12039.0,8,0,2,35,2023,Italian Grand Prix,R,HAM,48.0,85.815,4.573
0 days 00:00:04.661000,416.40136044816586,-1020.0,3407.0,327.0,100.0,False,12039.733333333334,8,0,2,36,2023,Italian Grand Prix,R,HAM,48.0,85.815,4.661
0 days 00:00:04.813000,430.20694444444445,-1007.6551506939358,3544.4642829855725,327.0,100.0,False,12041.0,8,0,2,37,2023,Italian Grand Prix,R,HAM,48.0,85.815,4.813
0 days 00:00:04.822000,431.0242336697986,-1007.0,3552.0,327.0,100.0,False,12041.562496,8,0,2,38,2023,Italian Grand Prix,R,HAM,48.0,85.815,4.822
0 days 00:00:05.022000,449.1882395669137,-992.0,3733.0,327.0,100.0,False,12054.062496,8,0,2,39,2023,Italian Grand Prix,R,HAM,48.0,85.815,5.022
0 days 00:00:05.053000,452.00694444444446,-988.2247964716555,3777.1648810713154,327.0,100.0,False,12056.0,8,0,2,40,2023,Italian Grand Prix,R,HAM,48.0,85.815,5.053
0 days 00:00:05.181000,463.658877183485,-970.0,3987.0,327.35555555555555,100.0,False,12054.222222222223,8,0,2,41,2023,Italian Grand Prix,R,HAM,48.0,85.815,5.181
0 days 00:00:05.413000,484.80694444444447,-951.7778052362703,4194.153111420046,328.0,100.0,False,12051.0,8,0,2,42,2023,Italian Grand Prix,R,HAM,48.0,85.815,5.413
0 days 00:00:05.613000,503.0291666666667,-944.1369331169844,4281.747865926886,328.0,100.0,False,12032.0,8,0,2,43,2023,Italian Grand Prix,R,HAM,48.0,85.815,5.613
0 days 00:00:05.682000,509.316178295524,-940.0,4331.0,328.0,100.0,False,12042.3499904,8,0,2,44,2023,Italian Grand Prix,R,HAM,48.0,85.815,5.682
0 days 00:00:05.813000,521.2513888888889,-930.2326140205445,4448.862342498521,328.0,100.0,False,12062.0,8,0,2,45,2023,Italian Grand Prix,R,HAM,48.0,85.815,5.813
0 days 00:00:05.842000,523.8926803776096,-928.0,4476.0,328.0,100.0,False,12064.3821376,8,0,2,46,2023,Italian Grand Prix,R,HAM,48.0,85.815,5.842
0 days 00:00:05.922000,531.1773251456921,-922.0,4549.0,328.0,100.0,False,12070.953566171429,8,0,2,47,2023,Italian Grand Prix,R,HAM,48.0,85.815,5.922
0 days 00:00:06.093000,546.7625,-910.5991207814443,4682.434539940058,328.0,100.0,False,12085.0,8,0,2,48,2023,Italian Grand Prix,R,HAM,48.0,85.815,6.093
0 days 00:00:06.293000,565.0402777777779,-892.9899667079006,4882.630507714659,329.0,100.0,False,12081.0,8,0,2,49,2023,Italian Grand Prix,R,HAM,48.0,85.815,6.293
0 days 00:00:06.301000,565.7704232688307,-892.0,4894.0,328.95,100.0,False,12081.15,8,0,2,50,2023,Italian Grand Prix,R,HAM,48.0,85.815,6.301
0 days 00:00:06.453000,579.6180555555557,-870.9665427228508,5136.775025036893,328.0,100.0,False,12084.0,8,0,2,51,2023,Italian Grand Prix,R,HAM,48.0,85.815,6.453
0 days 00:00:06.461000,580.3456410733761,-870.0,5148.0,327.96,100.0,False,12082.8,8,0,2,52,2023,Italian Grand Prix,R,HAM,48.0,85.815,6.461
0 days 00:00:06.653000,597.7847222222223,-854.8999080029766,5326.184507164084,327.0,100.0,False,12054.0,8,0,2,53,2023,Italian Grand Prix,R,HAM,48.0,85.815,6.653
0 days 00:00:06.853000,615.9513888888889,-847.9208382583352,5409.360026464726,327.0,100.0,False,11971.0,8,0,2,54,2023,Italian Grand Prix,R,HAM,48.0,85.815,6.853
0 days 00:00:06.941000,623.9194365531387,-842.0,5474.0,326.37142857142857,100.0,False,11959.685714285713,8,0,2,55,2023,Italian Grand Prix,R,HAM,48.0,85.815,6.941
0 days 00:00:07.001000,629.3407642082666,-837.0,5528.0,325.9428571428571,100.0,False,11951.971428571429,8,0,2,56,2023,Italian Grand Prix,R,HAM,48.0,85.815,7.001
0 days 00:00:07.133000,641.2291666666667,-826.8291855758551,5647.706301215949,325.0,100.0,False,11935.0,8,0,2,57,2023,Italian Grand Prix,R,HAM,48.0,85.815,7.133
0 days 00:00:07.241000,650.9147822689436,-819.0,5743.0,323.9875,100.0,False,11892.475,8,0,2,58,2023,Italian Grand Prix,R,HAM,48.0,85.815,7.241
0 days 00:00:07.453000,669.851388888889,-802.7047487354461,5930.914998764486,322.0,100.0,False,11809.0,8,0,2,59,2023,Italian Grand Prix,R,HAM,48.0,85.815,7.453
0 days 00:00:07.461000,670.5652544751896,-802.0,5939.0,321.9430604852522,99.80071169838274,False,11806.921707711706,8,0,2,60,2023,Italian Grand Prix,R,HAM,48.0,85.815,7.461
0 days 00:00:07.734000,694.8291666666668,-775.235901098167,6249.428212544076,320.0,93.0,False,11736.0,8,0,2,61,2023,Italian Grand Prix,R,HAM,48.0,85.815,7.734
0 days 00:00:07.761000,697.2033388860461,-773.0,6276.0,319.47499875555553,86.02498346666667,False,11707.274931911112,8,0,2,62,2023,Italian Grand Prix,R,HAM,48.0,85.815,7.761
0 days 00:00:08.094000,726.1291666666667,-754.1394602927012,6510.023035285264,313.0,0.0,False,11353.0,8,0,2,63,2023,Italian Grand Prix,R,HAM,48.0,85.815,8.094
0 days 00:00:08.161000,731.9222549679649,-750.0,6559.0,311.7437488,0.0,False,11260.2467864,8,0,2,64,2023,Italian Grand Prix,R,HAM,48.0,85.815,8.161
0 days 00:00:08.401000,752.3511855628572,-732.0,6764.0,307.2437488,0.0,False,10927.9967864,8,0,2,65,2023,Italian Grand Prix,R,HAM,48.0,85.815,8.401
0 days 00:00:08.414000,753.4180555555556,-731.0394859511348,6775.1552916618975,307.0,0.0,False,10910.0,8,0,2,66,2023,Italian Grand Prix,R,HAM,48.0,85.815,8.414
0 days 00:00:08.601000,768.241042327823,-718.0,6931.0,292.4555505777778,0.0,False,10657.5499136,8,0,2,67,2023,Italian Grand Prix,R,HAM,48.0,85.815,8.601
0 days 00:00:08.774000,781.3180555555556,-706.7464813643004,7069.670908360339,279.0,0.0,True,10424.0,8,0,2,68,2023,Italian Grand Prix,R,HAM,48.0,85.815,8.774
0 days 00:00:08.802000,783.3968875795188,-705.0,7091.0,276.7,0.0,True,10306.6,8,0,2,69,2023,Italian Grand Prix,R,HAM,48.0,85.815,8.802
0 days 00:00:08.961000,794.9570015546032,-695.0,7211.0,263.63928045714283,0.0,True,9639.935445942858,8,0,2,70,2023,Italian Grand Prix,R,HAM,48.0,85.815,8.961
0 days 00:00:09.054000,801.2291666666667,-687.9126705590122,7295.282617848223,256.0,0.0,True,9250.0,8,0,2,71,2023,Italian Grand Prix,R,HAM,48.0,85.815,9.054
0 days 00:00:09.201000,810.178389345066,-676.0,7437.0,236.18494832653073,0.0,True,8609.466934276226,8,0,2,72,2023,Italian Grand Prix,R,HAM,48.0,85.815,9.201
0 days 00:00:09.373000,820.1033333333334,-664.4624453737175,7575.699864329656,213.0,0.0,True,7860.0,8,0,2,73,2023,Italian Grand Prix,R,HAM,48.0,85.815,9.373
0 days 00:00:09.573000,831.9366666666667,-654.7086094029455,7693.6679655636535,213.0,0.0,True,8085.0,8,0,2,74,2023,Italian Grand Prix,R,HAM,48.0,85.815,9.573
0 days 00:00:09.622000,834.5145754307609,-653.0,7714.0,203.44501248,0.0,True,7942.65518592,8,0,2,75,2023,Italian Grand Prix,R,HAM,48.0,85.815,9.622
0 days 00:00:09.773000,841.6033333333334,-649.4300717129881,7755.268655330832,174.0,0.0,True,7504.0,7,0,2,76,2023,Italian Grand Prix,R,HAM,48.0,85.815,9.773
0 days 00:00:09.942000,848.7259128589579,-645.0,7799.0,161.3250048,0.0,True,7511.297724509091,7,0,2,77,2023,Italian Grand Prix,R,HAM,48.0,85.815,9.942
0 days 00:00:10.122000,855.5595736825792,-636.0,7881.0,147.8250048,0.0,True,7519.0704517818185,7,0,2,78,2023,Italian Grand Prix,R,HAM,48.0,85.815,10.122
0 days 00:00:10.213000,858.8366666666667,-631.259695186029,7919.404940480601,141.0,0.0,True,7523.0,6,0,2,79,2023,Italian Grand Prix,R,HAM,48.0,85.815,10.213
0 days 00:00:10.381000,864.5893804725749,-622.0,7981.0,131.83636363636364,0.0,True,7313.763636363637,6,0,2,80,2023,Italian Grand Prix,R,HAM,48.0,85.815,10.381
0 days 00:00:10.653000,873.1366666666668,-601.8169810111,8068.368817396329,117.0,0.0,True,6975.0,4,0,2,81,2023,Italian Grand Prix,R,HAM,48.0,85.815,10.653
0 days 00:00:10.662000,873.4047750269283,-601.0,8071.0,116.61750272,0.0,True,6954.48014592,4,0,2,82,2023,Italian Grand Prix,R,HAM,48.0,85.815,10.662
0 days 00:00:10.821000,877.9870777200209,-585.0,8115.0,109.86,0.0,True,6591.96,4,0,2,83,2023,Italian Grand Prix,R,HAM,48.0,85.815,10.821
0 days 00:00:11.002000,882.9026257725953,-564.0,8161.0,102.16750272,0.0,True,6179.28014592,4,0,2,84,2023,Italian Grand Prix,R,HAM,48.0,85.815,11.002
0 days 00:00:11.053000,884.2477777777779,-557.2955776029081,8173.024964723399,100.0,0.0,True,6063.0,4,0,2,85,2023,Italian Grand Prix,R,HAM,48.0,85.815,11.053
0 days 00:00:11.161000,887.0394646923563,-542.0,8197.0,96.52857142857142,0.0,True,5843.528571428571,4,0,2,86,2023,Italian Grand Prix,R,HAM,48.0,85.815,11.161
0 days 00:00:11.333000,891.3255555555556,-515.3229902435041,8230.804132313835,91.0,0.0,True,5494.0,4,0,2,87,2023,Italian Grand Prix,R,HAM,48.0,85.815,11.333
0 days 00:00:11.441000,893.9175115729616,-497.0,8249.0,87.625,0.0,True,5227.375,4,0,2,88,2023,Italian Grand Prix,R,HAM,48.0,85.815,11.441
0 days 00:00:11.493000,895.1477777777778,-487.7180684746313,8256.87334307033,86.0,0.0,True,5099.0,4,0,2,89,2023,Italian Grand Prix,R,HAM,48.0,85.815,11.493
0 days 00:00:11.642000,898.6275077616043,-461.0,8276.0,84.1375008,0.0,True,5099.0,4,0,2,90,2023,Italian Grand Prix,R,HAM,48.0,85.815,11.642
0 days 00:00:11.653000,898.8811111111112,-459.17105681595797,8277.186840499491,84.0,0.0,True,5099.0,4,0,2,91,2023,Italian Grand Prix,R,HAM,48.0,85.815,11.653
0 days 00:00:11.853000,903.3811111111112,-423.7720269723657,8294.580681927544,81.0,0.0,False,4787.0,4,0,2,92,2023,Italian Grand Prix,R,HAM,48.0,85.815,11.853
0 days 00:00:11.902000,904.4343400223222,-408.0,8299.0,80.10909207272728,0.0,False,4753.590952727272,4,0,2,93,2023,Italian Grand Prix,R,HAM,48.0,85.815,11.902
0 days 00:00:12.042000,907.3234021754259,-349.0,8312.0,77.56363752727273,0.0,False,4658.136407272727,4,0,2,94,2023,Italian Grand Prix,R,HAM,48.0,85.815,12.042
0 days 00:00:12.293000,912.3033333333334,-313.8077924797539,8316.10499575791,73.0,0.0,False,4487.0,4,0,2,95,2023,Italian Grand Prix,R,HAM,48.0,85.815,12.293
0 days 00:00:12.462000,915.6990826986428,-292.0,8323.0,73.0,13.3791616,False,4779.229056,4,0,2,96,2023,Italian Grand Prix,R,HAM,48.0,85.815,12.462
0 days 00:00:12.533000,917.1700000000001,-272.56366553535867,8330.434021967165,73.0,19.0,False,4902.0,4,0,2,97,2023,Italian Grand Prix,R,HAM,48.0,85.815,12.533
0 days 00:00:12.681000,920.3571384408083,-225.0,8351.0,74.85,10.2125,False,4649.475,4,0,2,98,2023,Italian Grand Prix,R,HAM,48.0,85.815,12.681
0 days 00:00:12.853000,924.0144444444445,-192.09653197692091,8373.723121715651,77.0,0.0,True,4356.0,4,0,2,99,2023,Italian Grand Prix,R,HAM,48.0,85.815,12.853
0 days 00:00:13.093000,928.6144444444445,-176.71501837411247,8403.485899085805,69.0,0.0,True,4815.0,3,0,2,100,2023,Italian Grand Prix,R,HAM,48.0,85.815,13.093
0 days 00:00:13.161000,929.9062887094531,-173.0,8412.0,68.575,0.0,True,4768.25,3,0,2,101,2023,Italian Grand Prix,R,HAM,48.0,85.815,13.161
0 days 00:00:13.253000,931.6366666666668,-168.02462425083988,8423.610190402007,68.0,0.0,False,4705.0,3,0,2,102,2023,Italian Grand Prix,R,HAM,48.0,85.815,13.253
0 days 00:00:13.493000,935.9033333333334,-155.9754647241451,8456.271769905843,64.0,3.0,False,4630.0,3,0,2,103,2023,Italian Grand Prix,R,HAM,48.0,85.815,13.493
0 days 00:00:13.541000,936.7430150146712,-154.0,8464.0,63.82857142857143,4.2,False,4680.228571428572,3,0,2,104,2023,Italian Grand Prix,R,HAM,48.0,85.815,13.541
0 days 00:00:13.773000,940.8033333333334,-146.6771360192048,8506.07445903143,63.0,10.0,False,4923.0,3,0,2,105,2023,Italian Grand Prix,R,HAM,48.0,85.815,13.773
0 days 00:00:13.801000,941.2974424309691,-146.0,8511.0,63.175,10.35,False,4902.35,3,0,2,106,2023,Italian Grand Prix,R,HAM,48.0,85.815,13.801
0 days 00:00:13.933000,943.6477777777778,-143.38914787539997,8533.588462146985,64.0,12.0,False,4805.0,3,0,2,107,2023,Italian Grand Prix,R,HAM,48.0,85.815,13.933
0 days 00:00:13.961000,944.1533041487925,-143.0,8539.0,64.23333333333333,12.7,False,4838.366666666667,3,0,2,108,2023,Italian Grand Prix,R,HAM,48.0,85.815,13.961
0 days 00:00:14.173000,948.0477777777778,-141.97085519441546,8587.33141195758,66.0,18.0,False,5091.0,3,0,2,109,2023,Italian Grand Prix,R,HAM,48.0,85.815,14.173
0 days 00:00:14.202000,948.58470027425,-142.0,8593.0,66.20640528544462,19.0320264272231,False,5123.405629814805,3,0,2,110,2023,Italian Grand Prix,R,HAM,48.0,85.815,14.202
0 days 00:00:14.454000,953.3555555555556,-143.88080455549465,8629.825420252166,68.0,28.0,False,5405.0,3,0,2,111,2023,Italian Grand Prix,R,HAM,48.0,85.815,14.454
0 days 00:00:14.461000,953.4945736029741,-144.0,8631.0,68.1750016,28.275002514285713,False,5413.100074057143,3,0,2,112,2023,Italian Grand Prix,R,HAM,48.0,85.815,14.461
0 days 00:00:14.661000,957.6324727213719,-149.0,8671.0,73.1750016,36.13214537142857,False,5644.528645485714,3,0,2,113,2023,Italian Grand Prix,R,HAM,48.0,85.815,14.661
0 days 00:00:14.734000,959.188888888889,-151.34761361615844,8686.162855935781,75.0,39.0,False,5729.0,3,0,2,114,2023,Italian Grand Prix,R,HAM,48.0,85.815,14.734
0 days 00:00:15.042000,966.0155990397227,-164.0,8752.0,79.8125,46.7,False,6479.75,3,0,2,115,2023,Italian Grand Prix,R,HAM,48.0,85.815,15.042
0 days 00:00:15.054000,966.3000000000001,-164.59037922404104,8754.818593025411,80.0,47.0,False,6509.0,3,0,2,116,2023,Italian Grand Prix,R,HAM,48.0,85.815,15.054
0 days 00:00:15.101000,967.4305719499991,-167.0,8766.0,82.6437536,49.6437536,False,6632.9626688,3,0,2,117,2023,Italian Grand Prix,R,HAM,48.0,85.815,15.101
0 days 00:00:15.214000,970.2555555555556,-173.77017619973154,8792.782155274224,89.0,56.0,False,6931.0,3,0,2,118,2023,Italian Grand Prix,R,HAM,48.0,85.815,15.214
0 days 00:00:15.322000,973.0923566930765,-181.0,8819.0,92.6,58.25,False,7281.1,3,0,2,119,2023,Italian Grand Prix,R,HAM,48.0,85.815,15.322
0 days 00:00:15.454000,976.7222222222223,-190.1339536897739,8852.934319883907,97.0,61.0,False,7709.0,3,0,2,120,2023,Italian Grand Prix,R,HAM,48.0,85.815,15.454
0 days 00:00:15.614000,981.3444444444445,-201.58322906518674,8896.67870584419,104.0,61.0,False,7709.0,3,0,2,121,2023,Italian Grand Prix,R,HAM,48.0,85.815,15.614
0 days 00:00:15.661000,982.7638235800845,-205.0,8910.0,105.76987641308749,62.96652934787499,False,7906.2428935918615,3,0,2,122,2023,Italian Grand Prix,R,HAM,48.0,85.815,15.661
0 days 00:00:15.821000,987.8059514811179,-217.0,8957.0,111.79497940218124,69.66108822464582,False,8577.707148931977,3,0,2,123,2023,Italian Grand Prix,R,HAM,48.0,85.815,15.821
0 days 00:00:15.853000,988.846388888889,-219.57859341778143,8966.742353168906,113.0,71.0,False,8712.0,3,0,2,124,2023,Italian Grand Prix,R,HAM,48.0,85.815,15.853
0 days 00:00:16.013000,994.2241666666669,-233.3001523405538,9017.372033199612,121.0,76.0,False,9132.0,3,0,2,125,2023,Italian Grand Prix,R,HAM,48.0,85.815,16.013
0 days 00:00:16.021000,994.5037050258377,-234.0,9020.0,121.37142857142857,76.17142857142858,False,9161.857142857143,3,0,2,126,2023,Italian Grand Prix,R,HAM,48.0,85.815,16.021
0 days 00:00:16.281000,1004.1757210079988,-257.0,9109.0,133.44285714285715,81.74285714285715,False,10132.214285714286,3,0,2,127,2023,Italian Grand Prix,R,HAM,48.0,85.815,16.281
0 days 00:00:16.293000,1004.646388888889,-258.06386608661086,9113.11427475929,134.0,82.0,False,10177.0,3,0,2,128,2023,Italian Grand Prix,R,HAM,48.0,85.815,16.293
0 days 00:00:16.462000,1011.4879954762515,-274.0,9175.0,140.52954298181817,83.92045381818181,False,10650.1998208,3,0,2,129,2023,Italian Grand Prix,R,HAM,48.0,85.815,16.462
0 days 00:00:16.733000,1023.1019444444446,-308.05250014072425,9314.075264019584,151.0,87.0,False,11409.0,3,0,2,130,2023,Italian Grand Prix,R,HAM,48.0,85.815,16.733
0 days 00:00:16.742000,1023.4957742655272,-309.0,9318.0,151.5062464,87.2249984,False,11441.0060224,3,0,2,131,2023,Italian Grand Prix,R,HAM,48.0,85.815,16.742
0 days 00:00:16.893000,1030.2130555555557,-321.5323328681961,9370.348966546439,160.0,91.0,False,11978.0,3,0,2,132,2023,Italian Grand Prix,R,HAM,48.0,85.815,16.893
0 days 00:00:17.101000,1040.0525521690768,-336.0,9434.0,168.9142857142857,97.68571428571428,False,11204.685714285715,3,0,2,133,2023,Italian Grand Prix,R,HAM,48.0,85.815,17.101
0 days 00:00:17.173000,1043.5908333333334,-342.89183568791873,9465.292079331724,172.0,100.0,False,10937.0,4,0,2,134,2023,Italian Grand Prix,R,HAM,48.0,85.815,17.173
0 days 00:00:17.262000,1048.0441462839276,-352.0,9508.0,175.21388657777777,100.0,False,11158.758173866667,4,0,2,135,2023,Italian Grand Prix,R,HAM,48.0,85.815,17.262
0 days 00:00:17.533000,1062.0908333333336,-377.22557402365635,9642.452225847866,185.0,100.0,False,11834.0,4,0,2,136,2023,Italian Grand Prix,R,HAM,48.0,85.815,17.533
0 days 00:00:17.542000,1062.5674847913501,-378.0,9647.0,185.4499968,100.0,False,11834.0,4,0,2,137,2023,Italian Grand Prix,R,HAM,48.0,85.815,17.542
0 days 00:00:17.693000,1070.6686111111114,-390.3499840614315,9724.17219867192,193.0,100.0,False,11834.0,4,0,2,138,2023,Italian Grand Prix,R,HAM,48.0,85.815,17.693
0 days 00:00:17.742000,1073.3491861663047,-394.0,9750.0,194.71499776,100.0,False,11636.53025792,4,0,2,139,2023,Italian Grand Prix,R,HAM,48.0,85.815,17.742
0 days 00:00:17.893000,1081.7797222222225,-403.97257934268583,9832.74289638347,200.0,100.0,False,11028.0,5,0,2,140,2023,Italian Grand Prix,R,HAM,48.0,85.815,17.893
0 days 00:00:18.001000,1087.9700740936507,-410.0,9893.0,203.375,100.0,False,11178.1875,5,0,2,141,2023,Italian Grand Prix,R,HAM,48.0,85.815,18.001
0 days 00:00:18.062000,1091.525569918626,-413.0,9927.0,205.281248,100.0,False,11263.015536,5,0,2,142,2023,Italian Grand Prix,R,HAM,48.0,85.815,18.062
0 days 00:00:18.213000,1100.4463888888893,-418.6366951451912,10013.72441815537,210.0,100.0,False,11473.0,5,0,2,143,2023,Italian Grand Prix,R,HAM,48.0,85.815,18.213
0 days 00:00:18.342000,1108.182953809606,-422.0,10090.0,213.76249813333334,100.0,False,11655.749909333334,5,0,2,144,2023,Italian Grand Prix,R,HAM,48.0,85.815,18.342
0 days 00:00:18.453000,1114.9130555555557,-424.2204202168624,10156.62823312413,217.0,100.0,False,11813.0,5,0,2,145,2023,Italian Grand Prix,R,HAM,48.0,85.815,18.453
0 days 00:00:18.582000,1122.807402371791,-426.0,10235.0,219.68749866666667,100.0,False,11260.987773866667,5,0,2,146,2023,Italian Grand Prix,R,HAM,48.0,85.815,18.582
0 days 00:00:18.693000,1129.713055555556,-426.82392083125393,10303.05158365254,222.0,100.0,False,10786.0,5,0,2,147,2023,Italian Grand Prix,R,HAM,48.0,85.815,18.693
0 days 00:00:18.762000,1134.0787771351584,-427.0,10346.0,224.5874976,100.0,False,10843.499946666667,5,0,2,148,2023,Italian Grand Prix,R,HAM,48.0,85.815,18.762
0 days 00:00:18.933000,1145.1130555555558,-426.3095442055158,10455.340011500932,231.0,100.0,False,10986.0,6,0,2,149,2023,Italian Grand Prix,R,HAM,48.0,85.815,18.933
0 days 00:00:19.042000,1152.2730625289316,-425.0,10526.0,234.1142838857143,100.0,False,11137.042768457142,6,0,2,150,2023,Italian Grand Prix,R,HAM,48.0,85.815,19.042
0 days 00:00:19.102000,1156.2554700962073,-424.0,10565.0,235.8285696,100.0,False,11220.1856256,6,0,2,151,2023,Italian Grand Prix,R,HAM,48.0,85.815,19.102
0 days 00:00:19.213000,1163.7019444444447,-421.92708222505416,10638.575655147968,239.0,100.0,False,11374.0,6,0,2,152,2023,Italian Grand Prix,R,HAM,48.0,85.815,19.213
0 days 00:00:19.360000,1173.7218382956808,-418.0,10737.0,242.34091054545453,100.0,False,11243.036306618182,6,0,2,153,2023,Italian Grand Prix,R,HAM,48.0,85.815,19.36
0 days 00:00:19.521000,1184.8876075656087,-411.0,10845.0,246.0,100.0,False,11099.6,6,0,2,154,2023,Italian Grand Prix,R,HAM,48.0,85.815,19.521
0 days 00:00:19.653000,1194.135277777778,-403.87459349905566,10944.236649121784,249.0,100.0,False,10982.0,6,0,2,155,2023,Italian Grand Prix,R,HAM,48.0,85.815,19.653
0 days 00:00:19.861000,1208.8636366171538,-388.0,11122.0,253.55,100.0,False,10801.95,6,0,2,156,2023,Italian Grand Prix,R,HAM,48.0,85.815,19.861
0 days 00:00:19.973000,1216.8908333333334,-375.42787916398936,11227.29941514395,256.0,100.0,False,10705.0,7,0,2,157,2023,Italian Grand Prix,R,HAM,48.0,85.815,19.973
0 days 00:00:20.293000,1240.1797222222224,-334.74523769231797,11508.221619302047,262.0,100.0,False,10947.0,7,0,2,158,2023,Italian Grand Prix,R,HAM,48.0,85.815,20.293
0 days 00:00:20.301000,1240.7650080577027,-334.0,11513.0,262.1,100.0,False,10951.8,7,0,2,159,2023,Italian Grand Prix,R,HAM,48.0,85.815,20.301
0 days 00:00:20.453000,1251.9130555555557,-323.02164151166767,11579.575233561485,264.0,100.0,False,11043.0,7,0,2,160,2023,Italian Grand Prix,R,HAM,48.0,85.815,20.453
0 days 00:00:20.613000,1263.7797222222225,-309.7592704044882,11640.924090812097,267.0,100.0,False,11148.0,7,0,2,161,2023,Italian Grand Prix,R,HAM,48.0,85.815,20.613
0 days 00:00:20.641000,1265.8759350461753,-306.0,11657.0,267.56,100.0,False,11164.38,7,0,2,162,2023,Italian Grand Prix,R,HAM,48.0,85.815,20.641
0 days 00:00:20.813000,1278.835277777778,-275.48293911585336,11782.14966295015,271.0,100.0,False,11265.0,7,0,2,163,2023,Italian Grand Prix,R,HAM,48.0,85.815,20.813
0 days 00:00:20.821000,1279.4372491214876,-274.0,11788.0,271.0,100.0,False,11266.888199508352,7,0,2,164,2023,Italian Grand Prix,R,HAM,48.0,85.815,20.821
0 days 00:00:20.974000,1290.9550000000004,-245.70422655020934,11893.82709190388,271.0,100.0,False,11303.0,7,0,2,165,2023,Italian Grand Prix,R,HAM,48.0,85.815,20.974
0 days 00:00:21.042000,1296.1323668603338,-229.0,11948.0,272.45714285714286,100.0,False,11358.371428571429,7,0,2,166,2023,Italian Grand Prix,R,HAM,48.0,85.815,21.042
0 days 00:00:21.254000,1312.4994444444449,-153.84254942421296,12161.713981862069,277.0,100.0,False,11531.0,7,0,2,167,2023,Italian Grand Prix,R,HAM,48.0,85.815,21.254
0 days 00:00:21.302000,1316.2295765157148,-136.0,12208.0,277.6857142857143,100.0,False,11549.514285714286,7,0,2,168,2023,Italian Grand Prix,R,HAM,48.0,85.815,21.302
0 days 00:00:21.534000,1334.3550000000002,-56.50542606166318,12389.50118144977,281.0,100.0,False,11639.0,7,0,2,169,2023,Italian Grand Prix,R,HAM,48.0,85.815,21.534
0 days 00:00:21.694000,1346.932777777778,-7.0785093648755755,12487.979056954176,283.0,100.0,False,10659.0,7,0,2,170,2023,Italian Grand Prix,R,HAM,48.0,85.815,21.694
0 days 00:00:21.701000,1347.4850778182663,-5.0,12492.0,283.05833386666666,100.0,False,10655.208298666666,7,0,2,171,2023,Italian Grand Prix,R,HAM,48.0,85.815,21.701
0 days 00:00:21.934000,1365.9327777777783,60.3165619275003,12612.342797104275,285.0,100.0,False,10529.0,8,0,2,172,2023,Italian Grand Prix,R,HAM,48.0,85.815,21.934
0 days 00:00:22.122000,1380.8087038369422,120.0,12712.0,285.0,100.0,False,10593.86,8,0,2,173,2023,Italian Grand Prix,R,HAM,48.0,85.815,22.122
0 days 00:00:22.134000,1381.7661111111115,124.33767893665129,12718.988781660115,285.0,100.0,False,10598.0,8,0,2,174,2023,Italian Grand Prix,R,HAM,48.0,85.815,22.134
0 days 00:00:22.334000,1397.8772222222226,210.19745968077905,12850.033189163089,290.0,100.0,False,10677.0,8,0,2,175,2023,Italian Grand Prix,R,HAM,48.0,85.815,22.334
0 days 00:00:22.362000,1400.137915919131,226.0,12872.0,290.175,100.0,False,10695.55,8,0,2,176,2023,Italian Grand Prix,R,HAM,48.0,85.815,22.362
0 days 00:00:22.494000,1410.810555555556,315.4742651183468,12989.465289957816,291.0,100.0,False,10783.0,8,0,2,177,2023,Italian Grand Prix,R,HAM,48.0,85.815,22.494
0 days 00:00:22.601000,1419.5341411549325,385.0,13076.0,292.6130657726824,100.0,False,10835.15579331673,8,0,2,178,2023,Italian Grand Prix,R,HAM,48.0,85.815,22.601
0 days 00:00:22.693000,1427.0622222222228,429.9438018627295,13128.868991683281,294.0,100.0,False,10880.0,8,0,2,179,2023,Italian Grand Prix,R,HAM,48.0,85.815,22.693
0 days 00:00:22.893000,1443.4511111111117,509.00998080929804,13210.058745650646,295.0,100.0,False,10923.0,8,0,2,180,2023,Italian Grand Prix,R,HAM,48.0,85.815,22.893
0 days 00:00:22.901000,1444.1091759115698,513.0,13214.0,295.1,100.0,False,10925.15,8,0,2,181,2023,Italian Grand Prix,R,HAM,48.0,85.815,22.901
0 days 00:00:23.053000,1456.6511111111117,602.0184424065873,13300.347644006571,297.0,100.0,False,10966.0,8,0,2,182,2023,Italian Grand Prix,R,HAM,48.0,85.815,23.053
0 days 00:00:23.101000,1460.6193928817006,632.0,13328.0,297.1714285714286,100.0,False,10979.028571428571,8,0,2,183,2023,Italian Grand Prix,R,HAM,48.0,85.815,23.101
0 days 00:00:23.302000,1477.260410630659,758.0,13435.0,297.8892854857143,100.0,False,11033.585696914286,8,0,2,184,2023,Italian Grand Prix,R,HAM,48.0,85.815,23.302
0 days 00:00:23.333000,1479.8288888888892,777.8877637114772,13451.018696567102,298.0,100.0,False,11042.0,8,0,2,185,2023,Italian Grand Prix,R,HAM,48.0,85.815,23.333
0 days 00:00:23.533000,1496.4400000000005,909.9181083287335,13552.552187413174,299.0,100.0,False,11170.0,8,0,2,186,2023,Italian Grand Prix,R,HAM,48.0,85.815,23.533
0 days 00:00:23.542000,1497.1922874508723,916.0,13557.0,299.14999893333334,100.0,False,11169.5500032,8,0,2,187,2023,Italian Grand Prix,R,HAM,48.0,85.815,23.542
0 days 00:00:23.773000,1516.6400000000003,1076.046100181999,13666.985181997445,303.0,100.0,False,11158.0,8,0,2,188,2023,Italian Grand Prix,R,HAM,48.0,85.815,23.773
0 days 00:00:23.881000,1525.7600382108499,1153.0,13715.0,303.54,100.0,False,11162.86,8,0,2,189,2023,Italian Grand Prix,R,HAM,48.0,85.815,23.881
0 days 00:00:23.973000,1533.5288888888892,1219.449026174427,13753.976552810338,304.0,100.0,False,11167.0,8,0,2,190,2023,Italian Grand Prix,R,HAM,48.0,85.815,23.973
0 days 00:00:24.042000,1539.3527356109425,1269.0,13782.0,304.0,100.0,False,11191.5812272,8,0,2,191,2023,Italian Grand Prix,R,HAM,48.0,85.815,24.042
0 days 00:00:24.133000,1547.0400000000004,1333.1248224696963,13817.326950865825,304.0,100.0,False,11224.0,8,0,2,192,2023,Italian Grand Prix,R,HAM,48.0,85.815,24.133
0 days 00:00:24.221000,1554.4947466453573,1404.0,13854.0,304.4888888888889,100.0,False,11229.377777777778,8,0,2,193,2023,Italian Grand Prix,R,HAM,48.0,85.815,24.221
0 days 00:00:24.461000,1574.9124882157769,1666.0,13975.0,305.8222222222222,100.0,False,11244.044444444444,8,0,2,194,2023,Italian Grand Prix,R,HAM,48.0,85.815,24.461
0 days 00:00:24.493000,1577.6400000000003,1699.5589616534514,13989.037995300148,306.0,100.0,False,11246.0,8,0,2,195,2023,Italian Grand Prix,R,HAM,48.0,85.815,24.493
0 days 00:00:24.733000,1598.1066666666673,1916.5956025573792,14068.858062207142,307.0,100.0,False,11274.0,8,0,2,196,2023,Italian Grand Prix,R,HAM,48.0,85.815,24.733
0 days 00:00:24.781000,1602.1906786996158,1953.0,14081.0,306.8285714285714,100.0,False,11273.485714285714,8,0,2,197,2023,Italian Grand Prix,R,HAM,48.0,85.815,24.781
0 days 00:00:25.013000,1621.9066666666674,2096.705164212194,14124.791113213205,306.0,100.0,False,11271.0,8,0,2,198,2023,Italian Grand Prix,R,HAM,48.0,85.815,25.013
0 days 00:00:25.173000,1635.5511111111116,2192.5848186733406,14148.558011291772,307.0,100.0,False,11296.0,8,0,2,199,2023,Italian Grand Prix,R,HAM,48.0,85.815,25.173
0 days 00:00:25.242000,1641.4360634185603,2243.0,14160.0,307.0,100.0,False,11287.72000768,8,0,2,200,2023,Italian Grand Prix,R,HAM,48.0,85.815,25.242
0 days 00:00:25.373000,1652.6066666666675,2352.455934631521,14183.445042642381,307.0,100.0,False,11272.0,8,0,2,201,2023,Italian Grand Prix,R,HAM,48.0,85.815,25.373
0 days 00:00:25.422000,1656.7852471140832,2394.0,14192.0,307.0,100.0,False,11277.0531184,8,0,2,202,2023,Italian Grand Prix,R,HAM,48.0,85.815,25.422
0 days 00:00:25.581000,1670.3453385226132,2528.0,14218.0,307.0,100.0,False,11293.45,8,0,2,203,2023,Italian Grand Prix,R,HAM,48.0,85.815,25.581
0 days 00:00:25.693000,1679.8955555555565,2639.7191787648703,14237.152597127846,307.0,100.0,False,11305.0,8,0,2,204,2023,Italian Grand Prix,R,HAM,48.0,85.815,25.693
0 days 00:00:25.853000,1693.5400000000009,2818.1232651547652,14264.697924805347,307.0,100.0,False,11278.0,8,0,2,205,2023,Italian Grand Prix,R,HAM,48.0,85.815,25.853
0 days 00:00:25.880000,1695.8452011315683,2848.0,14269.0,307.06750016,100.0,False,11281.64500864,8,0,2,206,2023,Italian Grand Prix,R,HAM,48.0,85.815,25.88
0 days 00:00:26.221000,1725.023389561624,3187.0,14312.0,307.92,100.0,False,11327.68,8,0,2,207,2023,Italian Grand Prix,R,HAM,48.0,85.815,26.221
0 days 00:00:26.253000,1727.762222222223,3208.9587522214197,14314.508886552312,308.0,100.0,False,11332.0,8,0,2,208,2023,Italian Grand Prix,R,HAM,48.0,85.815,26.253
0 days 00:00:26.533000,1751.7177777777788,3343.861327450939,14327.532480079728,308.0,100.0,False,11320.0,8,0,2,209,2023,Italian Grand Prix,R,HAM,48.0,85.815,26.533
0 days 00:00:26.581000,1755.8241055490012,3374.0,14330.0,308.0,100.0,False,11322.7,8,0,2,210,2023,Italian Grand Prix,R,HAM,48.0,85.815,26.581
0 days 00:00:26.693000,1765.4066666666677,3460.674446704418,14336.915612740902,308.0,100.0,False,11329.0,8,0,2,211,2023,Italian Grand Prix,R,HAM,48.0,85.815,26.693
0 days 00:00:26.861000,1779.7877034890657,3613.0,14349.0,308.0,100.0,False,11324.38,8,0,2,212,2023,Italian Grand Prix,R,HAM,48.0,85.815,26.861
0 days 00:00:27.093000,1799.6288888888898,3812.107754115699,14365.539546510776,308.0,100.0,False,11318.0,8,0,2,213,2023,Italian Grand Prix,R,HAM,48.0,85.815,27.093
0 days 00:00:27.141000,1803.7251746713796,3852.0,14369.0,307.76,100.0,False,11311.28,8,0,2,214,2023,Italian Grand Prix,R,HAM,48.0,85.815,27.141
0 days 00:00:27.262000,1814.0413815511456,3954.0,14378.0,307.15500032,100.0,False,11294.34000896,8,0,2,215,2023,Italian Grand Prix,R,HAM,48.0,85.815,27.262
0 days 00:00:27.293000,1816.6844444444453,3982.9048033715258,14380.501560016995,307.0,100.0,False,11290.0,8,0,2,216,2023,Italian Grand Prix,R,HAM,48.0,85.815,27.293
0 days 00:00:27.454000,1830.4141666666676,4153.310226522608,14394.797328458753,307.0,100.0,False,11290.0,8,0,2,217,2023,Italian Grand Prix,R,HAM,48.0,85.815,27.454
0 days 00:00:27.562000,1839.6236032655904,4256.0,14403.0,307.0,100.0,False,11272.9,8,0,2,218,2023,Italian Grand Prix,R,HAM,48.0,85.815,27.562
0 days 00:00:27.694000,1850.880833333334,4351.076156098967,14410.0007520204,307.0,100.0,False,11252.0,8,0,2,219,2023,Italian Grand Prix,R,HAM,48.0,85.815,27.694
0 days 00:00:27.921000,1870.244621725223,4488.0,14419.0,307.0,100.0,False,11228.489279085714,8,0,2,220,2023,Italian Grand Prix,R,HAM,48.0,85.815,27.921
0 days 00:00:27.974000,1874.758611111112,4528.683225367717,14421.790278192722,307.0,100.0,False,11223.0,8,0,2,221,2023,Italian Grand Prix,R,HAM,48.0,85.815,27.974
0 days 00:00:28.174000,1891.758611111112,4702.940741023591,14433.619015806307,306.0,100.0,False,11257.0,8,0,2,222,2023,Italian Grand Prix,R,HAM,48.0,85.815,28.174
0 days 00:00:28.181000,1892.3529767519922,4709.0,14434.0,305.97083306666667,100.0,False,11255.249984,8,0,2,223,2023,Italian Grand Prix,R,HAM,48.0,85.815,28.181
0 days 00:00:28.321000,1904.2318320469394,4828.0,14441.0,305.38749973333336,100.0,False,11220.249984,8,0,2,224,2023,Italian Grand Prix,R,HAM,48.0,85.815,28.321
0 days 00:00:28.414000,1912.0919444444455,4906.621738938102,14445.283123508641,305.0,100.0,False,11197.0,8,0,2,225,2023,Italian Grand Prix,R,HAM,48.0,85.815,28.414
0 days 00:00:28.521000,1921.0899878256735,4997.0,14450.0,303.8111104,79.194432,False,11184.8138816,8,0,2,226,2023,Italian Grand Prix,R,HAM,48.0,85.815,28.521
0 days 00:00:28.761000,1941.1125869188274,5199.0,14460.0,301.14444373333333,32.527765333333335,False,11157.480548266667,8,0,2,227,2023,Italian Grand Prix,R,HAM,48.0,85.815,28.761
0 days 00:00:28.774000,1942.1919444444454,5209.923699643655,14460.502389045461,301.0,30.0,False,11156.0,8,0,2,228,2023,Italian Grand Prix,R,HAM,48.0,85.815,28.774
0 days 00:00:29.014000,1961.9919444444454,5410.259045553535,14468.794239059234,297.0,7.0,False,11063.0,8,0,2,229,2023,Italian Grand Prix,R,HAM,48.0,85.815,29.014
0 days 00:00:29.021000,1962.563722886404,5416.0,14469.0,296.79583146666664,6.795831466666667,False,11050.516552533334,8,0,2,230,2023,Italian Grand Prix,R,HAM,48.0,85.815,29.021
0 days 00:00:29.202000,1977.1989023040687,5564.0,14474.0,291.51666666666665,1.5166666666666666,False,10727.733333333334,8,0,2,231,2023,Italian Grand Prix,R,HAM,48.0,85.815,29.202
0 days 00:00:29.254000,1981.3252777777789,5608.141949049745,14475.707468085613,290.0,0.0,True,10635.0,8,0,2,232,2023,Italian Grand Prix,R,HAM,48.0,85.815,29.254
0 days 00:00:29.453000,1996.5266666666676,5775.293610627735,14482.745760129415,275.0,0.0,True,9967.0,8,0,2,233,2023,Italian Grand Prix,R,HAM,48.0,85.815,29.453
0 days 00:00:29.462000,1997.1695234470772,5782.0,14483.0,273.61250986666664,0.0,True,9924.775300266667,8,0,2,234,2023,Italian Grand Prix,R,HAM,48.0,85.815,29.462
0 days 00:00:29.693000,2012.3933333333343,5931.854414104387,14487.82464118022,238.0,0.0,True,8841.0,8,0,2,235,2023,Italian Grand Prix,R,HAM,48.0,85.815,29.693
0 days 00:00:29.701000,2012.899158808766,5937.0,14488.0,237.45,0.0,True,8819.625,8,0,2,236,2023,Italian Grand Prix,R,HAM,48.0,85.815,29.701
0 days 00:00:30.013000,2031.5933333333344,6144.544467886902,14496.052177483427,216.0,0.0,True,7986.0,8,0,2,237,2023,Italian Grand Prix,R,HAM,48.0,85.815,30.013
0 days 00:00:30.062000,2034.1881875446586,6173.0,14497.0,205.8937632,0.0,True,7966.093776,8,0,2,238,2023,Italian Grand Prix,R,HAM,48.0,85.815,30.062
0 days 00:00:30.173000,2039.7266666666676,6232.530456901995,14498.826126045851,183.0,0.0,True,7921.0,7,0,2,239,2023,Italian Grand Prix,R,HAM,48.0,85.815,30.173
0 days 00:00:30.181000,2040.1129612595719,6237.0,14499.0,182.36,0.0,True,7952.88,7,0,2,240,2023,Italian Grand Prix,R,HAM,48.0,85.815,30.181
0 days 00:00:30.373000,2049.0044444444457,6357.539663082289,14505.802505899537,167.0,0.0,True,8718.0,7,0,2,241,2023,Italian Grand Prix,R,HAM,48.0,85.815,30.373
0 days 00:00:30.481000,2053.9009298430215,6414.0,14510.0,163.52857142857144,0.0,True,8797.457142857143,7,0,2,242,2023,Italian Grand Prix,R,HAM,48.0,85.815,30.481
0 days 00:00:30.653000,2061.2933333333344,6464.981507119931,14515.445797815612,158.0,0.0,True,8924.0,7,0,2,243,2023,Italian Grand Prix,R,HAM,48.0,85.815,30.653
0 days 00:00:30.761000,2065.4057799369734,6492.0,14520.0,143.15,0.0,True,8691.125,7,0,2,244,2023,Italian Grand Prix,R,HAM,48.0,85.815,30.761
0 days 00:00:30.813000,2067.3377777777787,6507.445259522837,14522.879566022639,136.0,0.0,True,8579.0,7,0,2,245,2023,Italian Grand Prix,R,HAM,48.0,85.815,30.813
0 days 00:00:31.013000,2074.726666666668,6578.834136142697,14537.882570942273,133.0,0.0,True,7665.0,5,0,2,246,2023,Italian Grand Prix,R,HAM,48.0,85.815,31.013
0 days 00:00:31.102000,2077.792420355664,6610.0,14546.0,128.17917013333334,0.0,True,7548.929250133333,5,0,2,247,2023,Italian Grand Prix,R,HAM,48.0,85.815,31.102
0 days 00:00:31.242000,2082.371186487669,6655.0,14560.0,120.5958368,0.0,True,7366.3459168,5,0,2,248,2023,Italian Grand Prix,R,HAM,48.0,85.815,31.242
0 days 00:00:31.253000,2082.726666666668,6658.322858840444,14561.102786889678,120.0,0.0,True,7352.0,4,0,2,249,2023,Italian Grand Prix,R,HAM,48.0,85.815,31.253
0 days 00:00:31.413000,2087.837777777779,6706.001093661145,14578.693310534742,115.0,0.0,True,6958.0,4,0,2,250,2023,Italian Grand Prix,R,HAM,48.0,85.815,31.413
0 days 00:00:31.422000,2088.1220133249344,6709.0,14580.0,114.8312512,0.0,True,6940.7876224,4,0,2,251,2023,Italian Grand Prix,R,HAM,48.0,85.815,31.422
0 days 00:00:31.573000,2092.815555555557,6766.399198007978,14608.32864138087,112.0,0.0,True,6652.0,4,0,2,252,2023,Italian Grand Prix,R,HAM,48.0,85.815,31.573
0 days 00:00:31.682000,2096.051226069032,6802.0,14628.0,109.2750016,0.0,True,6522.7139648,4,0,2,253,2023,Italian Grand Prix,R,HAM,48.0,85.815,31.682
0 days 00:00:31.933000,2103.115555555557,6837.916620147255,14655.279667598883,103.0,0.0,True,6225.0,4,0,2,254,2023,Italian Grand Prix,R,HAM,48.0,85.815,31.933
0 days 00:00:31.982000,2104.4688705125677,6844.0,14662.0,102.02000128,1.2249984,True,6217.40500992,4,0,2,255,2023,Italian Grand Prix,R,HAM,48.0,85.815,31.982
0 days 00:00:32.133000,2108.615555555557,6867.690336513256,14690.089197317551,99.0,5.0,False,6194.0,4,0,2,256,2023,Italian Grand Prix,R,HAM,48.0,85.815,32.133
0 days 00:00:32.282000,2112.727723482228,6892.0,14725.0,99.67727243636364,18.884084945454546,False,6323.6976715636365,4,0,2,257,2023,Italian Grand Prix,R,HAM,48.0,85.815,32.282
0 days 00:00:32.541000,2120.0295731410542,6924.0,14793.0,100.85454545454546,43.018181818181816,False,6549.145454545454,4,0,2,258,2023,Italian Grand Prix,R,HAM,48.0,85.815,32.541
0 days 00:00:32.573000,2120.9600000000014,6927.8854826845745,14801.706167311957,101.0,46.0,False,6577.0,4,0,2,259,2023,Italian Grand Prix,R,HAM,48.0,85.815,32.573
0 days 00:00:32.741000,2125.9546069211547,6950.0,14847.0,105.9,57.2,False,6868.2,4,0,2,260,2023,Italian Grand Prix,R,HAM,48.0,85.815,32.741
0 days 00:00:32.813000,2128.1600000000017,6961.251218803538,14865.110846280186,108.0,62.0,False,6993.0,4,0,2,261,2023,Italian Grand Prix,R,HAM,48.0,85.815,32.813
0 days 00:00:32.981000,2133.4691165324284,6992.0,14905.0,111.675,49.4,False,7265.475,4,0,2,262,2023,Italian Grand Prix,R,HAM,48.0,85.815,32.981
0 days 00:00:33.133000,2138.382222222224,7025.121348438494,14940.22129286543,115.0,38.0,False,7512.0,4,0,2,263,2023,Italian Grand Prix,R,HAM,48.0,85.815,33.133
0 days 00:00:33.141000,2138.641597639303,7027.0,14942.0,115.1,37.6,False,7519.25,4,0,2,264,2023,Italian Grand Prix,R,HAM,48.0,85.815,33.141
0 days 00:00:33.293000,2143.5822222222237,7064.116479692681,14973.514008953229,117.0,30.0,False,7657.0,4,0,2,265,2023,Italian Grand Prix,R,HAM,48.0,85.815,33.293
0 days 00:00:33.301000,2143.8426469824603,7066.0,14975.0,117.025,30.3,False,7670.6,4,0,2,266,2023,Italian Grand Prix,R,HAM,48.0,85.815,33.301
0 days 00:00:33.561000,2152.3445737457027,7137.0,15021.0,117.8375,40.05,False,8112.6,4,0,2,267,2023,Italian Grand Prix,R,HAM,48.0,85.815,33.561
0 days 00:00:33.613000,2154.0711111111127,7162.733755154646,15034.168422378092,118.0,42.0,False,8201.0,4,0,2,268,2023,Italian Grand Prix,R,HAM,48.0,85.815,33.613
0 days 00:00:33.741000,2158.373147355392,7233.0,15068.0,120.56,50.32,False,7946.28,4,0,2,269,2023,Italian Grand Prix,R,HAM,48.0,85.815,33.741
0 days 00:00:33.813000,2160.8488888888905,7261.6481727509,15080.922438027974,122.0,55.0,False,7803.0,4,0,2,270,2023,Italian Grand Prix,R,HAM,48.0,85.815,33.813
0 days 00:00:34.181000,2174.3096711871126,7334.0,15101.0,131.17913965411552,71.68934482566456,False,8749.285851615181,4,0,2,271,2023,Italian Grand Prix,R,HAM,48.0,85.815,34.181
0 days 00:00:34.254000,2177.1413888888906,7357.92001421532,15107.214395586252,133.0,75.0,False,8937.0,4,0,2,272,2023,Italian Grand Prix,R,HAM,48.0,85.815,34.254
0 days 00:00:34.321000,2179.7875905751625,7385.0,15114.0,136.3500032,76.39583466666667,False,9039.1750976,4,0,2,273,2023,Italian Grand Prix,R,HAM,48.0,85.815,34.321
0 days 00:00:34.494000,2186.8080555555575,7479.018008094445,15134.618661512208,145.0,80.0,False,9303.0,4,0,2,274,2023,Italian Grand Prix,R,HAM,48.0,85.815,34.494
0 days 00:00:34.601000,2191.2595961429265,7535.0,15146.0,148.74500224,80.53500032,False,9565.1501568,4,0,2,275,2023,Italian Grand Prix,R,HAM,48.0,85.815,34.601
0 days 00:00:34.694000,2195.252500000002,7573.6805878100495,15153.449101021739,152.0,81.0,False,9793.0,4,0,2,276,2023,Italian Grand Prix,R,HAM,48.0,85.815,34.694
0 days 00:00:35.041000,2211.4499702648895,7682.0,15172.0,166.74750272,97.48250304,False,11005.76522368,4,0,2,277,2023,Italian Grand Prix,R,HAM,48.0,85.815,35.041
0 days 00:00:35.094000,2214.0302777777797,7704.937656861311,15176.23403249435,169.0,100.0,False,11191.0,4,0,2,278,2023,Italian Grand Prix,R,HAM,48.0,85.815,35.094
0 days 00:00:35.222000,2220.3372946708614,7766.0,15188.0,173.26666666666668,100.0,False,11324.333333333334,4,0,2,279,2023,Italian Grand Prix,R,HAM,48.0,85.815,35.222
0 days 00:00:35.381000,2228.351951040965,7841.0,15204.0,178.5666688,100.0,False,11489.9584,4,0,2,280,2023,Italian Grand Prix,R,HAM,48.0,85.815,35.381
0 days 00:00:35.454000,2232.1302777777796,7876.875201958783,15212.469966450339,181.0,100.0,False,11566.0,4,0,2,281,2023,Italian Grand Prix,R,HAM,48.0,85.815,35.454
0 days 00:00:35.661000,2243.189324706554,7980.0,15240.0,191.3500032,100.0,False,10599.999701333334,4,0,2,282,2023,Italian Grand Prix,R,HAM,48.0,85.815,35.661
0 days 00:00:35.694000,2244.9969444444464,7995.409495716709,15244.662647335113,193.0,100.0,False,10446.0,4,0,2,283,2023,Italian Grand Prix,R,HAM,48.0,85.815,35.694
0 days 00:00:35.821000,2252.0646491597163,8063.0,15266.0,197.53571657142857,100.0,False,10741.728720457142,4,0,2,284,2023,Italian Grand Prix,R,HAM,48.0,85.815,35.821
0 days 00:00:35.974000,2260.785833333335,8202.926602454807,15308.5603162035,203.0,100.0,False,11098.0,5,0,2,285,2023,Italian Grand Prix,R,HAM,48.0,85.815,35.974
0 days 00:00:36.022000,2263.5611012333175,8247.0,15322.0,204.33704711540108,100.0,False,11175.147618558642,5,0,2,286,2023,Italian Grand Prix,R,HAM,48.0,85.815,36.022
0 days 00:00:36.333000,2282.0266666666685,8448.189000788887,15385.69724060905,213.0,100.0,False,11675.0,5,0,2,287,2023,Italian Grand Prix,R,HAM,48.0,85.815,36.333
0 days 00:00:36.522000,2293.7017277573495,8523.0,15411.0,220.87499733333334,100.0,False,10796.937797333334,5,0,2,288,2023,Italian Grand Prix,R,HAM,48.0,85.815,36.522
0 days 00:00:36.573000,2296.8933333333352,8539.248895438326,15416.679538888548,223.0,100.0,False,10560.0,5,0,2,289,2023,Italian Grand Prix,R,HAM,48.0,85.815,36.573
0 days 00:00:36.781000,2310.0495233467104,8605.0,15441.0,227.33333333333334,100.0,False,10814.8,5,0,2,290,2023,Italian Grand Prix,R,HAM,48.0,85.815,36.781
0 days 00:00:36.813000,2312.0933333333355,8619.394235243508,15446.51418628721,228.0,100.0,False,10854.0,6,0,2,291,2023,Italian Grand Prix,R,HAM,48.0,85.815,36.813
0 days 00:00:37.093000,2330.215555555558,8789.581963102446,15512.792115129007,233.0,100.0,False,11085.0,6,0,2,292,2023,Italian Grand Prix,R,HAM,48.0,85.815,37.093
0 days 00:00:37.122000,2332.120630239916,8808.0,15520.0,233.6214272,100.0,False,11116.2785024,6,0,2,293,2023,Italian Grand Prix,R,HAM,48.0,85.815,37.122
0 days 00:00:37.301000,2343.993870484099,8918.0,15563.0,237.45714285714286,100.0,False,11309.342857142858,6,0,2,294,2023,Italian Grand Prix,R,HAM,48.0,85.815,37.301
0 days 00:00:37.373000,2348.8044444444463,8959.519677099179,15579.039299540258,239.0,100.0,False,11387.0,6,0,2,295,2023,Italian Grand Prix,R,HAM,48.0,85.815,37.373
0 days 00:00:37.442000,2353.4281914218677,9005.0,15596.0,240.03499904,100.0,False,11403.21498496,6,0,2,296,2023,Italian Grand Prix,R,HAM,48.0,85.815,37.442
0 days 00:00:37.573000,2362.248888888891,9125.551147090107,15638.555815022695,242.0,100.0,False,11434.0,6,0,2,297,2023,Italian Grand Prix,R,HAM,48.0,85.815,37.573
0 days 00:00:37.742000,2373.726886653054,9284.0,15693.0,243.68999936,100.0,False,11520.18996736,6,0,2,298,2023,Italian Grand Prix,R,HAM,48.0,85.815,37.742
0 days 00:00:37.973000,2389.582222222224,9371.821894913664,15723.242091519838,246.0,100.0,False,11638.0,6,0,2,299,2023,Italian Grand Prix,R,HAM,48.0,85.815,37.973
0 days 00:00:38.081000,2397.0527531427338,9413.0,15737.0,246.54,75.16,False,11593.72,6,0,2,300,2023,Italian Grand Prix,R,HAM,48.0,85.815,38.081
0 days 00:00:38.173000,2403.3044444444467,9464.230247591793,15753.914908710343,247.0,54.0,False,11556.0,6,0,2,301,2023,Italian Grand Prix,R,HAM,48.0,85.815,38.173
0 days 00:00:38.373000,2416.1933333333354,9601.027320902522,15798.414694299017,232.0,6.0,True,10853.0,6,0,2,302,2023,Italian Grand Prix,R,HAM,48.0,85.815,38.373
0 days 00:00:38.381000,2416.6929125816214,9606.0,15800.0,231.48,5.76,True,10824.84,6,0,2,303,2023,Italian Grand Prix,R,HAM,48.0,85.815,38.381
0 days 00:00:38.482000,2422.9053245061996,9667.0,15819.0,224.91500416,2.7300019200000003,True,10469.32022528,6,0,2,304,2023,Italian Grand Prix,R,HAM,48.0,85.815,38.482
0 days 00:00:38.573000,2428.3600000000024,9730.756577221768,15837.38998902353,219.0,0.0,True,10149.0,6,0,2,305,2023,Italian Grand Prix,R,HAM,48.0,85.815,38.573
0 days 00:00:38.722000,2437.0138032686814,9841.0,15865.0,211.5500032,0.0,True,9761.6001664,6,0,2,306,2023,Italian Grand Prix,R,HAM,48.0,85.815,38.722
0 days 00:00:38.813000,2442.1600000000026,9897.05334469229,15874.834584424767,207.0,0.0,True,9525.0,6,0,2,307,2023,Italian Grand Prix,R,HAM,48.0,85.815,38.813
0 days 00:00:39.001000,2452.5091334182616,9996.0,15882.0,200.89,0.47000000000000003,True,9747.31,6,0,2,308,2023,Italian Grand Prix,R,HAM,48.0,85.815,39.001
0 days 00:00:39.201000,2463.0945805489573,10103.0,15880.0,194.39,0.97,True,9983.81,6,0,2,309,2023,Italian Grand Prix,R,HAM,48.0,85.815,39.201
0 days 00:00:39.213000,2463.7155555555582,10109.342219266007,15879.530721379428,194.0,1.0,True,9998.0,6,0,2,310,2023,Italian Grand Prix,R,HAM,48.0,85.815,39.213
0 days 00:00:39.733000,2489.426666666669,10366.580170138503,15819.462809398636,178.0,8.0,False,9524.0,5,0,2,311,2023,Italian Grand Prix,R,HAM,48.0,85.815,39.733
0 days 00:00:39.801000,2492.723662559357,10397.0,15806.0,176.86666666666667,13.383333333333333,False,9456.85,5,0,2,312,2023,Italian Grand Prix,R,HAM,48.0,85.815,39.801
0 days 00:00:39.973000,2501.026666666669,10470.288452586849,15766.2770234275,174.0,27.0,False,9287.0,5,0,2,313,2023,Italian Grand Prix,R,HAM,48.0,85.815,39.973
0 days 00:00:40.081000,2506.194588500605,10514.0,15738.0,172.92,37.26,False,9380.96,5,0,2,314,2023,Italian Grand Prix,R,HAM,48.0,85.815,40.081
0 days 00:00:40.173000,2510.5822222222246,10549.993812132912,15712.239925136571,172.0,46.0,False,9461.0,5,0,2,315,2023,Italian Grand Prix,R,HAM,48.0,85.815,40.173
0 days 00:00:40.261000,2514.7770110939173,10583.0,15686.0,172.0,46.24444444444445,False,9444.866666666667,5,0,2,316,2023,Italian Grand Prix,R,HAM,48.0,85.815,40.261
0 days 00:00:40.481000,2525.2815640765107,10658.0,15613.0,172.0,46.855555555555554,False,9404.533333333333,5,0,2,317,2023,Italian Grand Prix,R,HAM,48.0,85.815,40.481
0 days 00:00:40.533000,2527.7822222222244,10674.172247672363,15594.273400356444,172.0,47.0,False,9395.0,5,0,2,318,2023,Italian Grand Prix,R,HAM,48.0,85.815,40.533
0 days 00:00:40.681000,2534.9434196887437,10717.0,15538.0,173.38317784586724,54.83800779324766,False,9506.115286951335,5,0,2,319,2023,Italian Grand Prix,R,HAM,48.0,85.815,40.681
0 days 00:00:40.854000,2543.386388888891,10761.323345396757,15466.976276230806,175.0,64.0,False,9636.0,5,0,2,320,2023,Italian Grand Prix,R,HAM,48.0,85.815,40.854
0 days 00:00:40.861000,2543.7293832096857,10763.0,15464.0,175.0750006857143,64.1750016,False,9641.550050742857,5,0,2,321,2023,Italian Grand Prix,R,HAM,48.0,85.815,40.861
0 days 00:00:41.041000,2552.5903634899537,10803.0,15385.0,177.0035721142857,68.6750016,False,9784.264336457143,5,0,2,322,2023,Italian Grand Prix,R,HAM,48.0,85.815,41.041
0 days 00:00:41.134000,2557.2308333333353,10821.055596041297,15342.478814788949,178.0,71.0,False,9858.0,5,0,2,323,2023,Italian Grand Prix,R,HAM,48.0,85.815,41.134
0 days 00:00:41.201000,2560.6085385541583,10833.0,15311.0,179.43571565714285,72.6750016,False,9949.646516114286,5,0,2,324,2023,Italian Grand Prix,R,HAM,48.0,85.815,41.201
0 days 00:00:41.414000,2571.5419444444465,10865.370776969947,15207.286789251797,184.0,78.0,False,10241.0,5,0,2,325,2023,Italian Grand Prix,R,HAM,48.0,85.815,41.414
0 days 00:00:41.442000,2573.0018959133727,10869.0,15194.0,184.6,79.5,False,10291.7,5,0,2,326,2023,Italian Grand Prix,R,HAM,48.0,85.815,41.442
0 days 00:00:41.681000,2585.6297490822026,10896.0,15072.0,189.72142994285716,92.30357485714286,False,10724.460830171429,5,0,2,327,2023,Italian Grand Prix,R,HAM,48.0,85.815,41.681
0 days 00:00:41.694000,2586.3197222222243,10897.500205002056,15063.017920850592,190.0,93.0,False,10748.0,5,0,2,328,2023,Italian Grand Prix,R,HAM,48.0,85.815,41.694
0 days 00:00:41.854000,2594.8530555555576,10916.988779900066,14926.799696320573,192.0,100.0,False,10786.0,5,0,2,329,2023,Italian Grand Prix,R,HAM,48.0,85.815,41.854
0 days 00:00:41.982000,2601.853656628931,10929.0,14835.0,195.2,100.0,False,10906.177777777777,5,0,2,330,2023,Italian Grand Prix,R,HAM,48.0,85.815,41.982
0 days 00:00:42.214000,2614.9530555555575,10936.614185901984,14772.21554864065,201.0,100.0,False,11124.0,5,0,2,331,2023,Italian Grand Prix,R,HAM,48.0,85.815,42.214
0 days 00:00:42.282000,2618.8774777912868,10939.0,14745.0,203.07777777777778,100.0,False,11201.822222222223,5,0,2,332,2023,Italian Grand Prix,R,HAM,48.0,85.815,42.282
0 days 00:00:42.574000,2636.1530555555573,10956.583452224497,14531.196336167242,212.0,100.0,False,11536.0,5,0,2,333,2023,Italian Grand Prix,R,HAM,48.0,85.815,42.574
0 days 00:00:42.582000,2636.635678529376,10957.0,14526.0,212.180451098875,100.0,False,11514.827071065332,5,0,2,334,2023,Italian Grand Prix,R,HAM,48.0,85.815,42.582
0 days 00:00:42.973000,2660.647222222224,10970.654496095962,14338.312943148638,221.0,100.0,False,10480.0,6,0,2,335,2023,Italian Grand Prix,R,HAM,48.0,85.815,42.973
0 days 00:00:42.981000,2661.1399530920244,10971.0,14333.0,221.05,100.0,False,10483.35,6,0,2,336,2023,Italian Grand Prix,R,HAM,48.0,85.815,42.981
0 days 00:00:43.133000,2670.513888888891,10978.677435106492,14212.889128963676,222.0,100.0,False,10547.0,6,0,2,337,2023,Italian Grand Prix,R,HAM,48.0,85.815,43.133
0 days 00:00:43.201000,2674.7507786972656,10982.0,14161.0,223.13333333333333,100.0,False,10606.216666666667,6,0,2,338,2023,Italian Grand Prix,R,HAM,48.0,85.815,43.201
0 days 00:00:43.373000,2685.580555555557,10988.688637731713,14058.907613360105,226.0,100.0,False,10756.0,6,0,2,339,2023,Italian Grand Prix,R,HAM,48.0,85.815,43.373
0 days 00:00:43.602000,2700.1274807469604,10997.0,13948.0,228.45357074285715,100.0,False,10817.339268571428,6,0,2,340,2023,Italian Grand Prix,R,HAM,48.0,85.815,43.602
0 days 00:00:43.653000,2703.3916666666682,10999.387706333444,13919.412590574793,229.0,100.0,False,10831.0,6,0,2,341,2023,Italian Grand Prix,R,HAM,48.0,85.815,43.653
0 days 00:00:43.761000,2710.337702059197,11005.0,13855.0,231.025,100.0,False,10943.725,6,0,2,342,2023,Italian Grand Prix,R,HAM,48.0,85.815,43.761
0 days 00:00:43.813000,2713.7027777777794,11007.889317305453,13822.89132209946,232.0,100.0,False,10998.0,6,0,2,343,2023,Italian Grand Prix,R,HAM,48.0,85.815,43.813
0 days 00:00:43.982000,2724.7446234345443,11018.0,13715.0,234.1124992,100.0,False,11081.65496832,6,0,2,344,2023,Italian Grand Prix,R,HAM,48.0,85.815,43.982
0 days 00:00:44.213000,2740.0361111111124,11032.927445155707,13564.18103149142,237.0,100.0,False,11196.0,6,0,2,345,2023,Italian Grand Prix,R,HAM,48.0,85.815,44.213
0 days 00:00:44.262000,2743.2975521149137,11036.0,13532.0,237.6124992,86.8312672,False,11199.6749952,6,0,2,346,2023,Italian Grand Prix,R,HAM,48.0,85.815,44.262
0 days 00:00:44.373000,2750.658333333334,11042.67837092226,13459.020709879649,239.0,57.0,False,11208.0,6,0,2,347,2023,Italian Grand Prix,R,HAM,48.0,85.815,44.373
0 days 00:00:44.462000,2756.4494543363867,11048.0,13401.0,235.1062528,31.968768,False,11035.0063744,6,0,2,348,2023,Italian Grand Prix,R,HAM,48.0,85.815,44.462
0 days 00:00:44.533000,2760.9694444444453,11052.327425147461,13355.361446521067,232.0,12.0,True,10897.0,6,0,2,349,2023,Italian Grand Prix,R,HAM,48.0,85.815,44.533
0 days 00:00:44.562000,2762.784798207057,11054.0,13337.0,230.2781288,10.912502400000001,True,10734.9628576,6,0,2,350,2023,Italian Grand Prix,R,HAM,48.0,85.815,44.562
0 days 00:00:44.853000,2779.9027777777787,11065.436066874283,13164.050881258885,213.0,0.0,True,9109.0,6,0,2,351,2023,Italian Grand Prix,R,HAM,48.0,85.815,44.853
0 days 00:00:44.882000,2781.478051161862,11066.0,13148.0,210.281256,0.0,True,9133.3780712,6,0,2,352,2023,Italian Grand Prix,R,HAM,48.0,85.815,44.882
0 days 00:00:45.062000,2790.7218635367726,11067.0,13053.0,193.40625599999998,0.0,True,9284.6905712,6,0,2,353,2023,Italian Grand Prix,R,HAM,48.0,85.815,45.062
0 days 00:00:45.173000,2796.1694444444456,11065.25856037142,12997.622321699206,183.0,0.0,True,9378.0,5,0,2,354,2023,Italian Grand Prix,R,HAM,48.0,85.815,45.173
0 days 00:00:45.242000,2799.501125651552,11063.0,12964.0,180.04285988571428,0.24642834285714285,True,9305.796495542858,5,0,2,355,2023,Italian Grand Prix,R,HAM,48.0,85.815,45.242
0 days 00:00:45.453000,2809.469444444446,11049.61557641246,12864.199805988623,171.0,1.0,True,9085.0,5,0,2,356,2023,Italian Grand Prix,R,HAM,48.0,85.815,45.453
0 days 00:00:45.460000,2809.7962135125877,11049.0,12861.0,170.85416533333333,1.0,True,9075.316578133334,5,0,2,357,2023,Italian Grand Prix,R,HAM,48.0,85.815,45.46
0 days 00:00:45.561000,2814.4852850508646,11039.0,12816.0,168.75,1.0,True,8935.6,5,0,2,358,2023,Italian Grand Prix,R,HAM,48.0,85.815,45.561
0 days 00:00:45.693000,2820.5361111111124,11023.741871954993,12762.584438424932,166.0,1.0,False,8753.0,5,0,2,359,2023,Italian Grand Prix,R,HAM,48.0,85.815,45.693
0 days 00:00:45.821000,2826.314532224389,10999.0,12706.0,163.44,13.799999999999999,False,8735.72,5,0,2,360,2023,Italian Grand Prix,R,HAM,48.0,85.815,45.821
0 days 00:00:45.893000,2829.5361111111124,10977.52504475087,12667.48014572781,162.0,21.0,False,8726.0,5,0,2,361,2023,Italian Grand Prix,R,HAM,48.0,85.815,45.893
0 days 00:00:46.053000,2836.6472222222233,10923.165167953406,12581.300657266182,160.0,39.0,False,8691.0,5,0,2,362,2023,Italian Grand Prix,R,HAM,48.0,85.815,46.053
0 days 00:00:46.061000,2837.0022118070547,10921.0,12578.0,160.0,39.72,False,8693.68,5,0,2,363,2023,Italian Grand Prix,R,HAM,48.0,85.815,46.061
0 days 00:00:46.253000,2845.5361111111124,10887.547479674822,12531.264081219493,160.0,57.0,False,8758.0,5,0,2,364,2023,Italian Grand Prix,R,HAM,48.0,85.815,46.253
0 days 00:00:46.401000,2852.1846058088954,10849.0,12498.0,161.5857142857143,63.871428571428574,False,9058.757142857143,5,0,2,365,2023,Italian Grand Prix,R,HAM,48.0,85.815,46.401
0 days 00:00:46.533000,2858.2138888888903,10783.147137962937,12446.600155088168,163.0,70.0,False,9327.0,5,0,2,366,2023,Italian Grand Prix,R,HAM,48.0,85.815,46.533
0 days 00:00:46.701000,2866.0685281262868,10686.0,12375.0,167.2,81.2,False,9590.9,5,0,2,367,2023,Italian Grand Prix,R,HAM,48.0,85.815,46.701
0 days 00:00:46.773000,2869.480555555557,10652.188063366048,12352.020396192842,169.0,86.0,False,9704.0,5,0,2,368,2023,Italian Grand Prix,R,HAM,48.0,85.815,46.773
0 days 00:00:47.053000,2883.091666666668,10553.134356050301,12297.336837699655,175.0,92.0,False,9889.0,5,0,2,369,2023,Italian Grand Prix,R,HAM,48.0,85.815,47.053
0 days 00:00:47.162000,2888.721256523907,10505.0,12273.0,181.33194817113977,95.61825609779414,False,10191.12438416581,5,0,2,370,2023,Italian Grand Prix,R,HAM,48.0,85.815,47.162
0 days 00:00:47.294000,2895.744166666668,10432.95400557481,12236.221139991798,189.0,100.0,False,10557.0,5,0,2,371,2023,Italian Grand Prix,R,HAM,48.0,85.815,47.294
0 days 00:00:47.521000,2908.093644986199,10313.0,12175.0,195.6208352,100.0,False,10982.62512,5,0,2,372,2023,Italian Grand Prix,R,HAM,48.0,85.815,47.521
0 days 00:00:47.534000,2908.810833333335,10308.418122873461,12172.702960956354,196.0,100.0,False,11007.0,5,0,2,373,2023,Italian Grand Prix,R,HAM,48.0,85.815,47.534
0 days 00:00:47.734000,2920.033055555557,10265.252281246576,12151.809238008289,202.0,100.0,False,11594.0,5,0,2,374,2023,Italian Grand Prix,R,HAM,48.0,85.815,47.734
0 days 00:00:47.841000,2926.2914080540777,10222.0,12130.0,206.9041696,100.0,False,11649.2833664,5,0,2,375,2023,Italian Grand Prix,R,HAM,48.0,85.815,47.841
0 days 00:00:47.974000,2934.233055555557,10124.428359411531,12079.771469999949,213.0,100.0,False,11718.0,5,0,2,376,2023,Italian Grand Prix,R,HAM,48.0,85.815,47.974
0 days 00:00:48.141000,2944.2453120875443,9990.0,12010.0,215.31944533333333,100.0,False,11289.830391466667,5,0,2,377,2023,Italian Grand Prix,R,HAM,48.0,85.815,48.141
0 days 00:00:48.334000,2956.033055555557,9913.98460515272,11969.9611711129,218.0,100.0,False,10795.0,5,0,2,378,2023,Italian Grand Prix,R,HAM,48.0,85.815,48.334
0 days 00:00:48.494000,2966.0775000000012,9871.255751703064,11946.59209853892,226.0,100.0,False,10507.0,6,0,2,379,2023,Italian Grand Prix,R,HAM,48.0,85.815,48.494
0 days 00:00:48.562000,2970.326789414329,9837.0,11928.0,226.0,100.0,False,10507.0,6,0,2,380,2023,Italian Grand Prix,R,HAM,48.0,85.815,48.562
0 days 00:00:48.654000,2976.121944444446,9775.098722568278,11894.480455717052,226.0,100.0,False,10507.0,6,0,2,381,2023,Italian Grand Prix,R,HAM,48.0,85.815,48.654
0 days 00:00:48.782000,2984.485518133679,9678.0,11842.0,231.86666666666667,100.0,False,10940.6,6,0,2,382,2023,Italian Grand Prix,R,HAM,48.0,85.815,48.782
0 days 00:00:48.894000,2991.9219444444457,9605.918694396543,11803.133553848636,237.0,100.0,False,11320.0,6,0,2,383,2023,Italian Grand Prix,R,HAM,48.0,85.815,48.894
0 days 00:00:49.134000,3007.855277777779,9477.570899948454,11734.232932755785,239.0,100.0,False,11424.0,6,0,2,384,2023,Italian Grand Prix,R,HAM,48.0,85.815,49.134
0 days 00:00:49.181000,3011.0354890832386,9451.0,11720.0,240.51071634285714,100.0,False,11401.842826971428,6,0,2,385,2023,Italian Grand Prix,R,HAM,48.0,85.815,49.181
0 days 00:00:49.402000,3026.303831220691,9319.0,11649.0,247.61428571428573,100.0,False,11297.657142857142,6,0,2,386,2023,Italian Grand Prix,R,HAM,48.0,85.815,49.402
0 days 00:00:49.414000,3027.144166666668,9311.971468229029,11645.155011466237,248.0,100.0,False,11292.0,6,0,2,387,2023,Italian Grand Prix,R,HAM,48.0,85.815,49.414
0 days 00:00:49.561000,3037.523599320206,9222.0,11595.0,251.01366829869073,100.0,False,11112.519310211308,6,0,2,388,2023,Italian Grand Prix,R,HAM,48.0,85.815,49.561
0 days 00:00:49.841000,3057.6184169760536,8988.0,11460.0,256.75398636843937,100.0,False,10770.651478501835,6,0,2,389,2023,Italian Grand Prix,R,HAM,48.0,85.815,49.841
0 days 00:00:49.853000,3058.48388888889,8980.197248590492,11455.475469842564,257.0,100.0,False,10756.0,7,0,2,390,2023,Italian Grand Prix,R,HAM,48.0,85.815,49.853
0 days 00:00:50.053000,3072.9838888888894,8894.819680496837,11405.952989031979,261.0,100.0,False,10910.0,7,0,2,391,2023,Italian Grand Prix,R,HAM,48.0,85.815,50.053
0 days 00:00:50.182000,3082.492316628537,8837.0,11373.0,263.5083320888889,100.0,False,11010.333283555556,7,0,2,392,2023,Italian Grand Prix,R,HAM,48.0,85.815,50.182
0 days 00:00:50.341000,3094.373065558519,8734.0,11315.0,266.6,100.0,False,11134.0,7,0,2,393,2023,Italian Grand Prix,R,HAM,48.0,85.815,50.341
0 days 00:00:50.413000,3099.7838888888896,8685.065628608085,11287.702996580763,268.0,100.0,False,11190.0,7,0,2,394,2023,Italian Grand Prix,R,HAM,48.0,85.815,50.413
0 days 00:00:50.661000,3118.523505735194,8525.0,11199.0,271.54285714285714,100.0,False,11304.257142857143,7,0,2,395,2023,Italian Grand Prix,R,HAM,48.0,85.815,50.661
0 days 00:00:50.693000,3120.939444444445,8506.975754060019,11188.940090725264,272.0,100.0,False,11319.0,7,0,2,396,2023,Italian Grand Prix,R,HAM,48.0,85.815,50.693
0 days 00:00:50.853000,3133.028333333334,8412.849851689958,11135.953977119254,272.0,100.0,False,11428.0,7,0,2,397,2023,Italian Grand Prix,R,HAM,48.0,85.815,50.853
0 days 00:00:50.901000,3136.6948508600685,8367.0,11110.0,273.0285714285714,100.0,False,11447.714285714286,7,0,2,398,2023,Italian Grand Prix,R,HAM,48.0,85.815,50.901
0 days 00:00:51.062000,3149.1423422605794,8166.0,10996.0,276.47857005714286,100.0,False,11513.83925942857,7,0,2,399,2023,Italian Grand Prix,R,HAM,48.0,85.815,51.062
0 days 00:00:51.133000,3154.6505555555564,8108.25538383887,10963.131038403651,278.0,100.0,False,11543.0,7,0,2,400,2023,Italian Grand Prix,R,HAM,48.0,85.815,51.133
0 days 00:00:51.333000,3170.2061111111116,8056.322680257262,10932.86734432917,280.0,100.0,False,11709.0,7,0,2,401,2023,Italian Grand Prix,R,HAM,48.0,85.815,51.333
0 days 00:00:51.402000,3175.63431630411,8031.0,10918.0,281.14999893333334,100.0,False,11491.075202133334,7,0,2,402,2023,Italian Grand Prix,R,HAM,48.0,85.815,51.402
0 days 00:00:51.693000,3198.8061111111115,7834.153176032936,10801.807619651092,286.0,100.0,False,10572.0,8,0,2,403,2023,Italian Grand Prix,R,HAM,48.0,85.815,51.693
0 days 00:00:51.721000,3201.036639451956,7815.0,10790.0,286.175,100.0,False,10577.075,8,0,2,404,2023,Italian Grand Prix,R,HAM,48.0,85.815,51.721
0 days 00:00:51.853000,3211.5616666666674,7729.320558843154,10735.138389019901,287.0,100.0,False,10601.0,8,0,2,405,2023,Italian Grand Prix,R,HAM,48.0,85.815,51.853
0 days 00:00:51.882000,3213.8845561275944,7708.0,10721.0,287.3624992,100.0,False,10618.0374624,8,0,2,406,2023,Italian Grand Prix,R,HAM,48.0,85.815,51.882
0 days 00:00:52.093000,3230.895000000001,7517.643653418802,10590.961431030633,290.0,100.0,False,10742.0,8,0,2,407,2023,Italian Grand Prix,R,HAM,48.0,85.815,52.093
0 days 00:00:52.161000,3236.3984786415413,7469.0,10557.0,290.56666666666666,100.0,False,10756.45,8,0,2,408,2023,Italian Grand Prix,R,HAM,48.0,85.815,52.161
0 days 00:00:52.333000,3250.361666666667,7398.580960428336,10505.469455874345,292.0,100.0,False,10793.0,8,0,2,409,2023,Italian Grand Prix,R,HAM,48.0,85.815,52.333
0 days 00:00:52.401000,3255.9030769501805,7364.0,10478.0,292.68,100.0,False,10823.6,8,0,2,410,2023,Italian Grand Prix,R,HAM,48.0,85.815,52.401
0 days 00:00:52.533000,3266.6950000000006,7259.428208674727,10393.2653975857,294.0,100.0,False,10883.0,8,0,2,411,2023,Italian Grand Prix,R,HAM,48.0,85.815,52.533
0 days 00:00:52.733000,3283.1394444444445,7074.275710266374,10242.034476395238,296.0,100.0,False,11006.0,8,0,2,412,2023,Italian Grand Prix,R,HAM,48.0,85.815,52.733
0 days 00:00:52.761000,3285.4522411426087,7057.0,10228.0,296.2625,100.0,False,11008.1875,8,0,2,413,2023,Italian Grand Prix,R,HAM,48.0,85.815,52.761
0 days 00:00:53.021000,3307.0478446090283,6967.0,10155.0,298.7,100.0,False,11028.5,8,0,2,414,2023,Italian Grand Prix,R,HAM,48.0,85.815,53.021
0 days 00:00:53.053000,3309.7172222222225,6951.886966303908,10142.309303179456,299.0,100.0,False,11031.0,8,0,2,415,2023,Italian Grand Prix,R,HAM,48.0,85.815,53.053
0 days 00:00:53.293000,3329.783888888889,6794.656931109385,10008.199660862418,301.0,100.0,False,11080.0,8,0,2,416,2023,Italian Grand Prix,R,HAM,48.0,85.815,53.293
0 days 00:00:53.321000,3332.1234885199387,6777.0,9993.0,301.0,100.0,False,11080.0,8,0,2,417,2023,Italian Grand Prix,R,HAM,48.0,85.815,53.321
0 days 00:00:53.453000,3343.1616666666673,6698.698533370305,9925.149353474648,301.0,100.0,False,11080.0,8,0,2,418,2023,Italian Grand Prix,R,HAM,48.0,85.815,53.453
0 days 00:00:53.501000,3347.19533757201,6663.0,9894.0,301.6,100.0,False,11107.0,8,0,2,419,2023,Italian Grand Prix,R,HAM,48.0,85.815,53.501
0 days 00:00:53.693000,3363.4283333333337,6466.542439643956,9721.94989146979,304.0,100.0,False,11215.0,8,0,2,420,2023,Italian Grand Prix,R,HAM,48.0,85.815,53.693
0 days 00:00:53.741000,3367.5000552800225,6422.0,9683.0,304.2990654801875,100.0,False,11221.280375083938,8,0,2,421,2023,Italian Grand Prix,R,HAM,48.0,85.815,53.741
0 days 00:00:54.014000,3390.713333333334,6277.486756521674,9557.93068261236,306.0,100.0,False,11257.0,8,0,2,422,2023,Italian Grand Prix,R,HAM,48.0,85.815,54.014
0 days 00:00:54.174000,3404.313333333334,6222.334441678629,9510.604203888379,306.0,100.0,False,11249.0,8,0,2,423,2023,Italian Grand Prix,R,HAM,48.0,85.815,54.174
0 days 00:00:54.261000,3411.705806926085,6178.0,9472.0,306.0,100.0,False,11264.7687616,8,0,2,424,2023,Italian Grand Prix,R,HAM,48.0,85.815,54.261
0 days 00:00:54.334000,3417.9133333333343,6133.002727674289,9432.612526846018,306.0,100.0,False,11278.0,8,0,2,425,2023,Italian Grand Prix,R,HAM,48.0,85.815,54.334
0 days 00:00:54.421000,3425.322850207636,6075.0,9382.0,306.2718752,100.0,False,11286.4281312,8,0,2,426,2023,Italian Grand Prix,R,HAM,48.0,85.815,54.421
0 days 00:00:54.641000,3444.0933242376113,5934.0,9260.0,306.9593752,100.0,False,11307.7406312,8,0,2,427,2023,Italian Grand Prix,R,HAM,48.0,85.815,54.641
0 days 00:00:54.654000,3445.202222222223,5925.775961723685,9252.666407774239,307.0,100.0,False,11309.0,8,0,2,428,2023,Italian Grand Prix,R,HAM,48.0,85.815,54.654
0 days 00:00:54.701000,3449.210798860332,5896.0,9226.0,307.0,100.0,False,11300.7749888,8,0,2,429,2023,Italian Grand Prix,R,HAM,48.0,85.815,54.701
0 days 00:00:54.814000,3458.8466666666673,5823.0237385727205,9162.363588057347,307.0,100.0,False,11281.0,8,0,2,430,2023,Italian Grand Prix,R,HAM,48.0,85.815,54.814
0 days 00:00:54.941000,3469.6783595908837,5741.0,9092.0,307.0,100.0,False,11293.7000064,8,0,2,431,2023,Italian Grand Prix,R,HAM,48.0,85.815,54.941
0 days 00:00:55.214000,3492.957777777778,5566.005505003275,8939.349699663511,307.0,100.0,False,11321.0,8,0,2,432,2023,Italian Grand Prix,R,HAM,48.0,85.815,55.214
0 days 00:00:55.221000,3493.554259720978,5561.0,8935.0,307.0,100.0,False,11321.22750208,8,0,2,433,2023,Italian Grand Prix,R,HAM,48.0,85.815,55.221
0 days 00:00:55.481000,3515.6995445730845,5354.0,8756.0,307.0,100.0,False,11329.67750208,8,0,2,434,2023,Italian Grand Prix,R,HAM,48.0,85.815,55.481
0 days 00:00:55.614000,3527.068888888889,5242.750159005782,8659.338719313248,307.0,100.0,False,11334.0,8,0,2,435,2023,Italian Grand Prix,R,HAM,48.0,85.815,55.614
0 days 00:00:55.774000,3540.8022222222226,5113.215091409674,8546.309329944781,309.0,100.0,False,11334.0,8,0,2,436,2023,Italian Grand Prix,R,HAM,48.0,85.815,55.774
0 days 00:00:55.882000,3550.078544555393,5044.0,8486.0,309.0,100.0,False,11338.628571428571,8,0,2,437,2023,Italian Grand Prix,R,HAM,48.0,85.815,55.882
0 days 00:00:56.054000,3564.835555555556,4967.956250223171,8420.02430527208,309.0,100.0,False,11346.0,8,0,2,438,2023,Italian Grand Prix,R,HAM,48.0,85.815,56.054
0 days 00:00:56.213000,3578.4388888888893,4911.737907821953,8371.413399430954,308.0,100.0,False,11312.0,8,0,2,439,2023,Italian Grand Prix,R,HAM,48.0,85.815,56.213
0 days 00:00:56.301000,3585.966427635304,4863.0,8329.0,308.0,100.0,False,11300.56,8,0,2,440,2023,Italian Grand Prix,R,HAM,48.0,85.815,56.301
0 days 00:00:56.413000,3595.55,4781.543225998416,8257.923277244296,308.0,100.0,False,11286.0,8,0,2,441,2023,Italian Grand Prix,R,HAM,48.0,85.815,56.413
0 days 00:00:56.541000,3606.5074714433895,4683.0,8172.0,308.0,100.0,False,11268.08,8,0,2,442,2023,Italian Grand Prix,R,HAM,48.0,85.815,56.541
0 days 00:00:56.613000,3612.6611111111115,4636.2204294366575,8131.384217344637,308.0,100.0,False,11258.0,8,0,2,443,2023,Italian Grand Prix,R,HAM,48.0,85.815,56.613
0 days 00:00:56.861000,3633.7611110237426,4503.0,8016.0,306.6222222222222,100.0,False,11242.155555555555,8,0,2,444,2023,Italian Grand Prix,R,HAM,48.0,85.815,56.861
0 days 00:00:56.973000,3643.2611111111114,4438.353922374676,7959.350991920033,306.0,100.0,False,11235.0,8,0,2,445,2023,Italian Grand Prix,R,HAM,48.0,85.815,56.973
0 days 00:00:57.101000,3654.10600348441,4350.0,7882.0,305.36,100.0,False,11210.04,8,0,2,446,2023,Italian Grand Prix,R,HAM,48.0,85.815,57.101
0 days 00:00:57.173000,3660.205555555556,4288.773997756855,7828.746676287824,305.0,100.0,False,11196.0,8,0,2,447,2023,Italian Grand Prix,R,HAM,48.0,85.815,57.173
0 days 00:00:57.381000,3677.8372457740606,4101.0,7666.0,305.0,100.0,False,11189.24,8,0,2,448,2023,Italian Grand Prix,R,HAM,48.0,85.815,57.381
0 days 00:00:57.573000,3694.094444444445,3998.403834232055,7576.693599010279,305.0,100.0,False,11183.0,8,0,2,449,2023,Italian Grand Prix,R,HAM,48.0,85.815,57.573
0 days 00:00:57.742000,3708.36752112083,3923.0,7511.0,304.15500032,100.0,False,11180.46500096,8,0,2,450,2023,Italian Grand Prix,R,HAM,48.0,85.815,57.742
0 days 00:00:57.773000,3710.983333333334,3906.388899443788,7496.575168472264,304.0,100.0,False,11180.0,8,0,2,451,2023,Italian Grand Prix,R,HAM,48.0,85.815,57.773
0 days 00:00:57.942000,3725.2345614845563,3795.0,7400.0,303.6159092363636,100.0,False,11142.743195927273,8,0,2,452,2023,Italian Grand Prix,R,HAM,48.0,85.815,57.942
0 days 00:00:58.162000,3743.7407672749796,3592.0,7224.0,303.1159092363636,100.0,False,11094.243195927273,8,0,2,453,2023,Italian Grand Prix,R,HAM,48.0,85.815,58.162
0 days 00:00:58.213000,3748.0166666666673,3554.065024017225,7191.1476784447805,303.0,100.0,False,11083.0,8,0,2,454,2023,Italian Grand Prix,R,HAM,48.0,85.815,58.213
0 days 00:00:58.373000,3761.3944444444446,3471.751125373517,7120.022049200843,301.0,100.0,False,11116.0,8,0,2,455,2023,Italian Grand Prix,R,HAM,48.0,85.815,58.373
0 days 00:00:58.621000,3782.0177303690916,3364.0,7026.0,300.38,66.52,False,10969.68,8,0,2,456,2023,Italian Grand Prix,R,HAM,48.0,85.815,58.621
0 days 00:00:58.701000,3788.6913930329956,3314.0,6982.0,300.18,55.72,False,10922.48,8,0,2,457,2023,Italian Grand Prix,R,HAM,48.0,85.815,58.701
0 days 00:00:58.773000,3794.7277777777786,3267.866086314259,6941.862298155396,300.0,46.0,False,10880.0,8,0,2,458,2023,Italian Grand Prix,R,HAM,48.0,85.815,58.773
0 days 00:00:58.901000,3805.4636632826036,3188.0,6873.0,300.0,46.0,False,10613.6,8,0,2,459,2023,Italian Grand Prix,R,HAM,48.0,85.815,58.901
0 days 00:00:58.933000,3808.0611111111116,3169.276663600425,6856.796757264992,300.0,46.0,True,10547.0,8,0,2,460,2023,Italian Grand Prix,R,HAM,48.0,85.815,58.933
0 days 00:00:59.133000,3823.1166666666672,3062.8235451026526,6763.939962018804,271.0,0.0,True,9810.0,8,0,2,461,2023,Italian Grand Prix,R,HAM,48.0,85.815,59.133
0 days 00:00:59.261000,3831.7390387791193,2993.0,6702.0,254.6,0.0,True,9625.2,8,0,2,462,2023,Italian Grand Prix,R,HAM,48.0,85.815,59.261
0 days 00:00:59.453000,3843.5611111111116,2881.3905841375026,6601.266160876054,230.0,0.0,True,9348.0,8,0,2,463,2023,Italian Grand Prix,R,HAM,48.0,85.815,59.453
0 days 00:00:59.481000,3845.221142480743,2867.0,6588.0,227.6,0.0,True,9351.9,8,0,2,464,2023,Italian Grand Prix,R,HAM,48.0,85.815,59.481
0 days 00:00:59.733000,3859.5833333333335,2769.9631357286876,6494.329248405501,206.0,0.0,True,9387.0,8,0,2,465,2023,Italian Grand Prix,R,HAM,48.0,85.815,59.733
0 days 00:00:59.821000,3864.468871907387,2742.0,6466.0,201.6,0.0,True,9849.0,8,0,2,466,2023,Italian Grand Prix,R,HAM,48.0,85.815,59.821
0 days 00:00:59.893000,3868.3833333333337,2719.6049077987905,6443.014450799395,198.0,0.0,True,10227.0,6,0,2,467,2023,Italian Grand Prix,R,HAM,48.0,85.815,59.893
0 days 00:01:00.081000,3878.1187916313097,2659.0,6368.0,189.27142857142857,0.0,True,9851.671428571428,6,0,2,468,2023,Italian Grand Prix,R,HAM,48.0,85.815,60.081
0 days 00:01:00.173000,3882.772222222223,2624.4574225809083,6309.156266719181,185.0,0.0,True,9668.0,5,0,2,469,2023,Italian Grand Prix,R,HAM,48.0,85.815,60.173
0 days 00:01:00.281000,3888.220188241675,2588.0,6240.0,183.0782913772621,1.5373668981903257,True,9682.604985532807,5,0,2,470,2023,Italian Grand Prix,R,HAM,48.0,85.815,60.281
0 days 00:01:00.454000,3896.8222222222225,2560.993444562483,6180.462910156887,180.0,4.0,False,9706.0,5,0,2,471,2023,Italian Grand Prix,R,HAM,48.0,85.815,60.454
0 days 00:01:00.681000,3907.6327455450637,2555.0,6110.0,174.84090763636362,22.57273250909091,False,9525.431767272727,5,0,2,472,2023,Italian Grand Prix,R,HAM,48.0,85.815,60.681
0 days 00:01:00.881000,3916.988163573415,2545.0,5971.0,170.2954530909091,38.93636887272727,False,9366.340858181818,5,0,2,473,2023,Italian Grand Prix,R,HAM,48.0,85.815,60.881
0 days 00:01:00.894000,3917.6000000000004,2544.573425502852,5963.0298721787485,170.0,40.0,False,9356.0,5,0,2,474,2023,Italian Grand Prix,R,HAM,48.0,85.815,60.894
0 days 00:01:01.134000,3929.0000000000005,2544.3887037999016,5865.546653472691,171.0,63.0,False,9535.0,5,0,2,475,2023,Italian Grand Prix,R,HAM,48.0,85.815,61.134
0 days 00:01:01.302000,3937.1643902032465,2546.0,5803.0,174.675,71.925,False,9817.45,5,0,2,476,2023,Italian Grand Prix,R,HAM,48.0,85.815,61.302
0 days 00:01:01.454000,3944.8222222222225,2545.30468835258,5727.15155754333,178.0,80.0,False,10073.0,5,0,2,477,2023,Italian Grand Prix,R,HAM,48.0,85.815,61.454
0 days 00:01:01.481000,3946.221095171169,2545.0,5713.0,179.0125024,80.0,False,10103.600072533334,5,0,2,478,2023,Italian Grand Prix,R,HAM,48.0,85.815,61.481
0 days 00:01:01.701000,3958.052855527028,2541.0,5599.0,187.2625024,80.0,False,10352.933405866666,5,0,2,479,2023,Italian Grand Prix,R,HAM,48.0,85.815,61.701
0 days 00:01:01.902000,3969.1848457720603,2531.0,5492.0,194.8,80.0,False,10580.733333333334,5,0,2,480,2023,Italian Grand Prix,R,HAM,48.0,85.815,61.902
0 days 00:01:01.934000,3970.9555555555557,2526.1530153961485,5467.186361475385,196.0,80.0,False,10617.0,5,0,2,481,2023,Italian Grand Prix,R,HAM,48.0,85.815,61.934
0 days 00:01:02.122000,3981.34988881446,2486.0,5302.0,197.88,80.94,False,10233.95,5,0,2,482,2023,Italian Grand Prix,R,HAM,48.0,85.815,62.122
0 days 00:01:02.334000,3993.1777777777784,2464.372412691317,5234.428905564522,200.0,82.0,False,9802.0,6,0,2,483,2023,Italian Grand Prix,R,HAM,48.0,85.815,62.334
0 days 00:01:02.442000,3999.303233553008,2451.0,5206.0,201.89,86.86,False,9886.78,6,0,2,484,2023,Italian Grand Prix,R,HAM,48.0,85.815,62.442
0 days 00:01:02.734000,4016.1777777777784,2378.7118674727767,5055.991602409379,207.0,100.0,False,10116.0,6,0,2,485,2023,Italian Grand Prix,R,HAM,48.0,85.815,62.734
0 days 00:01:02.762000,4017.8166846733843,2370.0,5041.0,207.84422083401944,100.0,False,10144.984915301333,6,0,2,486,2023,Italian Grand Prix,R,HAM,48.0,85.815,62.762
0 days 00:01:02.933000,4027.951944444445,2312.776293195987,4956.203279756235,213.0,100.0,False,10322.0,6,0,2,487,2023,Italian Grand Prix,R,HAM,48.0,85.815,62.933
0 days 00:01:02.962000,4029.7084193420546,2303.0,4943.0,213.86999808,100.0,False,10354.18992896,6,0,2,488,2023,Italian Grand Prix,R,HAM,48.0,85.815,62.962
0 days 00:01:03.141000,4040.8188866984947,2234.0,4859.0,219.24,100.0,False,10552.88,6,0,2,489,2023,Italian Grand Prix,R,HAM,48.0,85.815,63.141
0 days 00:01:03.333000,4052.951944444445,2099.977054519692,4720.2577433115075,225.0,100.0,False,10766.0,6,0,2,490,2023,Italian Grand Prix,R,HAM,48.0,85.815,63.333
0 days 00:01:03.361000,4054.719631542846,2084.0,4704.0,225.525,99.475,False,10803.975,6,0,2,491,2023,Italian Grand Prix,R,HAM,48.0,85.815,63.361
0 days 00:01:03.493000,4063.0852777777786,2036.3135511327046,4655.458626264985,228.0,97.0,False,10983.0,6,0,2,492,2023,Italian Grand Prix,R,HAM,48.0,85.815,63.493
0 days 00:01:03.653000,4073.440833333334,2006.215012244605,4620.417466674783,233.0,97.0,False,11102.0,6,0,2,493,2023,Italian Grand Prix,R,HAM,48.0,85.815,63.653
0 days 00:01:03.681000,4075.263176071289,1998.0,4610.0,233.23333333333332,95.36666666666666,False,11123.0,6,0,2,494,2023,Italian Grand Prix,R,HAM,48.0,85.815,63.681
0 days 00:01:03.842000,4085.7693785952697,1938.0,4529.0,234.57499946666667,85.97500373333334,False,11243.749952,6,0,2,495,2023,Italian Grand Prix,R,HAM,48.0,85.815,63.842
0 days 00:01:03.893000,4089.107500000001,1920.2351009721608,4501.242961146187,235.0,83.0,False,11282.0,6,0,2,496,2023,Italian Grand Prix,R,HAM,48.0,85.815,63.893
0 days 00:01:04.022000,4097.572913855601,1881.0,4429.0,236.07499946666667,88.91249706666667,False,11413.687434666666,6,0,2,497,2023,Italian Grand Prix,R,HAM,48.0,85.815,64.022
0 days 00:01:04.133000,4104.9075,1851.9758237823958,4362.10173051657,237.0,94.0,False,11527.0,6,0,2,498,2023,Italian Grand Prix,R,HAM,48.0,85.815,64.133
0 days 00:01:04.261000,4113.448592517322,1823.0,4280.0,239.28571428571428,96.74285714285715,False,11580.942857142858,6,0,2,499,2023,Italian Grand Prix,R,HAM,48.0,85.815,64.261
0 days 00:01:04.413000,4123.729722222222,1793.6132950494496,4176.723598675275,242.0,100.0,False,11645.0,6,0,2,500,2023,Italian Grand Prix,R,HAM,48.0,85.815,64.413
0 days 00:01:05.333000,4189.4075,1706.8979835047944,3499.557611980503,257.0,100.0,False,10907.0,7,0,2,501,2023,Italian Grand Prix,R,HAM,48.0,85.815,65.333
0 days 00:01:05.401000,4194.430272080242,1703.0,3458.0,258.7,100.0,False,10957.536363636364,7,0,2,502,2023,Italian Grand Prix,R,HAM,48.0,85.815,65.401
0 days 00:01:05.741000,4219.770594528226,1682.0,3238.0,267.2,100.0,False,11210.218181818182,7,0,2,503,2023,Italian Grand Prix,R,HAM,48.0,85.815,65.741
0 days 00:01:05.773000,4222.163055555556,1678.9572612080497,3207.337624540151,268.0,100.0,False,11234.0,7,0,2,504,2023,Italian Grand Prix,R,HAM,48.0,85.815,65.773
0 days 00:01:05.981000,4237.748953207424,1657.0,2987.0,269.73333333333335,100.0,False,11283.4,7,0,2,505,2023,Italian Grand Prix,R,HAM,48.0,85.815,65.981
0 days 00:01:06.013000,4240.163055555557,1654.439748440434,2960.513125416267,270.0,100.0,False,11291.0,7,0,2,506,2023,Italian Grand Prix,R,HAM,48.0,85.815,66.013
0 days 00:01:06.333000,4264.607500000001,1640.3528284106355,2798.404261796403,275.0,100.0,False,11476.0,7,0,2,507,2023,Italian Grand Prix,R,HAM,48.0,85.815,66.333
0 days 00:01:06.421000,4271.411771939303,1634.0,2728.0,276.76,100.0,False,11519.56,7,0,2,508,2023,Italian Grand Prix,R,HAM,48.0,85.815,66.421
0 days 00:01:06.533000,4280.107500000001,1622.560486907606,2605.0650110289375,279.0,100.0,False,11575.0,7,0,2,509,2023,Italian Grand Prix,R,HAM,48.0,85.815,66.533
0 days 00:01:06.661000,4290.073727476478,1608.0,2450.0,279.9142857142857,100.0,False,11092.257142857143,7,0,2,510,2023,Italian Grand Prix,R,HAM,48.0,85.815,66.661
0 days 00:01:06.813000,4301.963055555557,1593.5212812693674,2294.4094249274085,281.0,100.0,False,10519.0,7,0,2,511,2023,Italian Grand Prix,R,HAM,48.0,85.815,66.813
0 days 00:01:07.014000,4317.819722222223,1579.33453106705,2139.7678716741298,284.0,100.0,False,10552.0,8,0,2,512,2023,Italian Grand Prix,R,HAM,48.0,85.815,67.014
0 days 00:01:07.081000,4323.155579329873,1576.0,2103.0,284.8375008,100.0,False,10573.914604266667,8,0,2,513,2023,Italian Grand Prix,R,HAM,48.0,85.815,67.081
0 days 00:01:07.361000,4345.718402864388,1566.0,1991.0,288.3375008,100.0,False,10665.4979376,8,0,2,514,2023,Italian Grand Prix,R,HAM,48.0,85.815,67.361
0 days 00:01:07.494000,4356.48638888889,1556.9874051184295,1892.1537403127809,290.0,100.0,False,10709.0,8,0,2,515,2023,Italian Grand Prix,R,HAM,48.0,85.815,67.494
0 days 00:01:07.621000,4366.7745530815555,1547.0,1782.0,291.05833386666666,100.0,False,10759.8000256,8,0,2,516,2023,Italian Grand Prix,R,HAM,48.0,85.815,67.621
0 days 00:01:07.734000,4375.953055555557,1538.732258343145,1689.0146545086677,292.0,100.0,False,10805.0,8,0,2,517,2023,Italian Grand Prix,R,HAM,48.0,85.815,67.734
0 days 00:01:07.882000,4388.034492165113,1528.0,1571.0,293.5857142857143,100.0,False,10871.07142857143,8,0,2,518,2023,Italian Grand Prix,R,HAM,48.0,85.815,67.882
0 days 00:01:08.014000,4398.897500000001,1517.5822793035495,1464.821249676838,295.0,100.0,False,10930.0,8,0,2,519,2023,Italian Grand Prix,R,HAM,48.0,85.815,68.014
0 days 00:01:08.081000,4404.452751452789,1512.0,1407.0,296.6750016,100.0,False,10948.4250176,8,0,2,520,2023,Italian Grand Prix,R,HAM,48.0,85.815,68.081
0 days 00:01:08.174000,4412.186388888891,1503.9335207099011,1319.8283205971234,299.0,100.0,False,10974.0,8,0,2,521,2023,Italian Grand Prix,R,HAM,48.0,85.815,68.174
0 days 00:01:08.321000,4424.393705523981,1491.0,1176.0,299.0,100.0,False,11026.18502272,8,0,2,522,2023,Italian Grand Prix,R,HAM,48.0,85.815,68.321
0 days 00:01:08.374000,4428.7975000000015,1486.520008929758,1126.64822103631,299.0,100.0,False,11045.0,8,0,2,523,2023,Italian Grand Prix,R,HAM,48.0,85.815,68.374
0 days 00:01:08.621000,4449.373568355504,1467.0,913.0,299.8821430857143,100.0,False,11093.517869714286,8,0,2,524,2023,Italian Grand Prix,R,HAM,48.0,85.815,68.621
0 days 00:01:08.654000,4452.1308333333345,1464.5627627033307,885.9243264730545,300.0,100.0,False,11100.0,8,0,2,525,2023,Italian Grand Prix,R,HAM,48.0,85.815,68.654
0 days 00:01:08.854000,4468.908611111113,1449.988163682643,722.6948486778022,302.0,100.0,False,11144.0,8,0,2,526,2023,Italian Grand Prix,R,HAM,48.0,85.815,68.854
0 days 00:01:08.902000,4472.967162452473,1446.0,679.0,302.6857142857143,100.0,False,11167.142857142857,8,0,2,527,2023,Italian Grand Prix,R,HAM,48.0,85.815,68.902
0 days 00:01:09.134000,4492.708611111113,1424.5780279577768,449.22356464708446,306.0,100.0,False,11279.0,8,0,2,528,2023,Italian Grand Prix,R,HAM,48.0,85.815,69.134
0 days 00:01:09.141000,4493.303914414258,1424.0,443.0,306.0,100.0,False,11279.24500224,8,0,2,529,2023,Italian Grand Prix,R,HAM,48.0,85.815,69.141
0 days 00:01:09.334000,4509.708611111113,1410.8391771887048,299.3384963695822,306.0,100.0,False,11286.0,8,0,2,530,2023,Italian Grand Prix,R,HAM,48.0,85.815,69.334
0 days 00:01:09.462000,4520.635200291032,1402.0,205.0,306.8025076759859,100.0,False,11307.266453413627,8,0,2,531,2023,Italian Grand Prix,R,HAM,48.0,85.815,69.462
0 days 00:01:09.621000,4534.256868732869,1389.0,69.0,307.7993730810035,100.0,False,11333.683386646593,8,0,2,532,2023,Italian Grand Prix,R,HAM,48.0,85.815,69.621
0 days 00:01:09.653000,4537.000833333335,1386.5209192330994,41.64847682335076,308.0,100.0,False,11339.0,8,0,2,533,2023,Italian Grand Prix,R,HAM,48.0,85.815,69.653
0 days 00:01:09.782000,4548.070955052682,1377.0,-67.0,308.8062496,100.0,False,11369.6374848,8,0,2,534,2023,Italian Grand Prix,R,HAM,48.0,85.815,69.782
0 days 00:01:09.813000,4550.734166666668,1374.633828907227,-93.2527301982313,309.0,100.0,False,11377.0,8,0,2,535,2023,Italian Grand Prix,R,HAM,48.0,85.815,69.813
0 days 00:01:10.013000,4567.956388888891,1358.5162440590425,-264.6171869306818,310.0,100.0,False,11499.0,8,0,2,536,2023,Italian Grand Prix,R,HAM,48.0,85.815,70.013
0 days 00:01:10.082000,4573.923390512494,1353.0,-324.0,310.4928566857143,100.0,False,11496.535716571429,8,0,2,537,2023,Italian Grand Prix,R,HAM,48.0,85.815,70.082
0 days 00:01:10.262000,4589.535137677381,1339.0,-479.0,311.77857097142856,100.0,False,11490.107145142858,8,0,2,538,2023,Italian Grand Prix,R,HAM,48.0,85.815,70.262
0 days 00:01:10.293000,4592.223055555557,1336.5822388749748,-505.7222669814713,312.0,100.0,False,11489.0,8,0,2,539,2023,Italian Grand Prix,R,HAM,48.0,85.815,70.293
0 days 00:01:10.533000,4613.023055555556,1317.7043771841595,-713.1827576471046,312.0,100.0,False,11520.0,8,0,2,540,2023,Italian Grand Prix,R,HAM,48.0,85.815,70.533
0 days 00:01:10.542000,4613.803921621956,1317.0,-721.0,312.04499968,100.0,False,11521.3499904,8,0,2,541,2023,Italian Grand Prix,R,HAM,48.0,85.815,70.542
0 days 00:01:10.721000,4629.365181579551,1303.0,-877.0,312.94,100.0,False,11548.2,8,0,2,542,2023,Italian Grand Prix,R,HAM,48.0,85.815,70.721
0 days 00:01:10.733000,4630.411944444445,1302.0479029803007,-887.4727483834289,313.0,100.0,False,11550.0,8,0,2,543,2023,Italian Grand Prix,R,HAM,48.0,85.815,70.733
0 days 00:01:10.922000,4646.953016904352,1287.0,-1050.0,314.57499946666667,100.0,False,11571.2624928,8,0,2,544,2023,Italian Grand Prix,R,HAM,48.0,85.815,70.922
0 days 00:01:10.973000,4651.411944444445,1283.110788590088,-1091.3714744352517,315.0,100.0,False,11577.0,8,0,2,545,2023,Italian Grand Prix,R,HAM,48.0,85.815,70.973
0 days 00:01:11.202000,4671.383158088475,1264.0,-1294.0,314.0458336,100.0,False,11651.4249792,8,0,2,546,2023,Italian Grand Prix,R,HAM,48.0,85.815,71.202
0 days 00:01:11.213000,4672.3452777777775,1262.8030922039607,-1306.8457560194647,314.0,100.0,False,11655.0,8,0,2,547,2023,Italian Grand Prix,R,HAM,48.0,85.815,71.213
0 days 00:01:11.382000,4687.178758619161,1243.0,-1521.0,315.4083328,100.0,False,11662.041664,8,0,2,548,2023,Italian Grand Prix,R,HAM,48.0,85.815,71.382
0 days 00:01:11.453000,4693.411944444445,1236.8604171003838,-1588.218956827905,316.0,100.0,False,11665.0,8,0,2,549,2023,Italian Grand Prix,R,HAM,48.0,85.815,71.453
0 days 00:01:11.742000,4718.700826763511,1221.0,-1765.0,315.1972224,100.0,False,11602.3833472,8,0,2,550,2023,Italian Grand Prix,R,HAM,48.0,85.815,71.742
0 days 00:01:11.813000,4724.911944444445,1215.322267442919,-1826.78084938365,315.0,100.0,False,11587.0,8,0,2,551,2023,Italian Grand Prix,R,HAM,48.0,85.815,71.813
0 days 00:01:11.841000,4727.362303876998,1213.0,-1852.0,315.0,100.0,False,11586.3,8,0,2,552,2023,Italian Grand Prix,R,HAM,48.0,85.815,71.841
0 days 00:01:11.973000,4738.911944444445,1202.2484908502383,-1968.7839233812224,315.0,100.0,False,11583.0,8,0,2,553,2023,Italian Grand Prix,R,HAM,48.0,85.815,71.973
0 days 00:01:12.201000,4758.798338001879,1184.0,-2166.0,314.05,100.0,False,11521.25,8,0,2,554,2023,Italian Grand Prix,R,HAM,48.0,85.815,72.201
0 days 00:01:12.213000,4759.8452777777775,1183.0288017725302,-2176.4062809856136,314.0,100.0,False,11518.0,8,0,2,555,2023,Italian Grand Prix,R,HAM,48.0,85.815,72.213
0 days 00:01:12.361000,4772.767814354358,1171.0,-2305.0,314.0,100.0,False,11492.716666666667,8,0,2,556,2023,Italian Grand Prix,R,HAM,48.0,85.815,72.361
0 days 00:01:12.453000,4780.778611111112,1163.5814225786505,-2385.000611176967,314.0,100.0,False,11477.0,8,0,2,557,2023,Italian Grand Prix,R,HAM,48.0,85.815,72.453
0 days 00:01:12.561000,4790.138537699141,1155.0,-2478.0,313.1,100.0,False,11457.8,8,0,2,558,2023,Italian Grand Prix,R,HAM,48.0,85.815,72.561
0 days 00:01:12.801000,4810.842313756548,1136.0,-2685.0,311.1,100.0,False,11415.133333333333,8,0,2,559,2023,Italian Grand Prix,R,HAM,48.0,85.815,72.801
0 days 00:01:12.813000,4811.878611111112,1134.9740577030107,-2696.3616445095677,311.0,100.0,False,11413.0,8,0,2,560,2023,Italian Grand Prix,R,HAM,48.0,85.815,72.813
0 days 00:01:12.961000,4824.665417801774,1122.0,-2841.0,311.0,100.0,False,11414.85,8,0,2,561,2023,Italian Grand Prix,R,HAM,48.0,85.815,72.961
0 days 00:01:12.973000,4825.700833333334,1121.0057655777332,-2852.0392731228985,311.0,100.0,False,11415.0,8,0,2,562,2023,Italian Grand Prix,R,HAM,48.0,85.815,72.973
0 days 00:01:13.141000,4840.16800561421,1108.0,-2995.0,310.16,100.0,False,11371.32,8,0,2,563,2023,Italian Grand Prix,R,HAM,48.0,85.815,73.141
0 days 00:01:13.173000,4842.923055555557,1105.5082239742428,-3022.0918353801994,310.0,100.0,False,11363.0,8,0,2,564,2023,Italian Grand Prix,R,HAM,48.0,85.815,73.173
0 days 00:01:13.333000,4856.700833333334,1092.7722522222887,-3159.801162202516,310.0,100.0,False,11392.0,8,0,2,565,2023,Italian Grand Prix,R,HAM,48.0,85.815,73.333
0 days 00:01:13.381000,4860.8267793643745,1089.0,-3201.0,309.761193953813,100.0,False,11379.582085598277,8,0,2,566,2023,Italian Grand Prix,R,HAM,48.0,85.815,73.381
0 days 00:01:13.534000,4873.953333333335,1077.1957182852832,-3331.1886133957246,309.0,100.0,False,11340.0,8,0,2,567,2023,Italian Grand Prix,R,HAM,48.0,85.815,73.534
0 days 00:01:13.562000,4876.353191866754,1075.0,-3355.0,308.9125,100.0,False,11335.0125,8,0,2,568,2023,Italian Grand Prix,R,HAM,48.0,85.815,73.562
0 days 00:01:13.854000,4901.331111111112,1051.179555006924,-3604.7564367285145,308.0,100.0,False,11283.0,8,0,2,569,2023,Italian Grand Prix,R,HAM,48.0,85.815,73.854
0 days 00:01:13.881000,4903.634253432885,1049.0,-3628.0,307.8312496,100.0,False,11287.3875104,8,0,2,570,2023,Italian Grand Prix,R,HAM,48.0,85.815,73.881
0 days 00:01:14.014000,4914.975555555556,1038.5289612649976,-3741.306043863623,307.0,100.0,False,11309.0,8,0,2,571,2023,Italian Grand Prix,R,HAM,48.0,85.815,74.014
0 days 00:01:14.021000,4915.573461704379,1038.0,-3747.0,307.03500032,100.0,False,11308.68499712,8,0,2,572,2023,Italian Grand Prix,R,HAM,48.0,85.815,74.021
0 days 00:01:14.214000,4932.086666666667,1022.9118104167645,-3904.709132220252,308.0,100.0,False,11300.0,8,0,2,573,2023,Italian Grand Prix,R,HAM,48.0,85.815,74.214
0 days 00:01:14.241000,4934.393701510149,1020.0,-3934.0,307.86499968,100.0,False,11295.13998848,8,0,2,574,2023,Italian Grand Prix,R,HAM,48.0,85.815,74.241
0 days 00:01:14.414000,4949.142222222223,996.2655098984302,-4168.948512542192,307.0,100.0,False,11264.0,8,0,2,575,2023,Italian Grand Prix,R,HAM,48.0,85.815,74.414
0 days 00:01:14.461000,4953.1396284619295,991.0,-4222.0,306.7062496,100.0,False,11249.0187296,8,0,2,576,2023,Italian Grand Prix,R,HAM,48.0,85.815,74.461
0 days 00:01:14.574000,4962.742222222222,983.0535650253028,-4306.300878390956,306.0,100.0,False,11213.0,8,0,2,577,2023,Italian Grand Prix,R,HAM,48.0,85.815,74.574
0 days 00:01:14.854000,4986.542222222222,972.6213660413528,-4400.162096171157,306.0,96.0,False,11222.0,8,0,2,578,2023,Italian Grand Prix,R,HAM,48.0,85.815,74.854
0 days 00:01:14.942000,4993.993345009994,955.0,-4526.0,305.12,96.44,False,11144.12,8,0,2,579,2023,Italian Grand Prix,R,HAM,48.0,85.815,74.942
0 days 00:01:15.041000,5002.3395908853945,927.0,-4723.0,304.12999936,96.93500032,False,11056.50494336,8,0,2,580,2023,Italian Grand Prix,R,HAM,48.0,85.815,75.041
0 days 00:01:15.054000,5003.431111111111,923.6267770048424,-4746.21396234012,304.0,97.0,True,11045.0,8,0,2,581,2023,Italian Grand Prix,R,HAM,48.0,85.815,75.054
0 days 00:01:15.214000,5016.586666666666,894.0296017033071,-4935.890903953721,296.0,0.0,True,10357.0,8,0,2,582,2023,Italian Grand Prix,R,HAM,48.0,85.815,75.214
0 days 00:01:15.534000,5039.075555555555,870.7828528707199,-5003.286929728806,253.0,0.0,True,9111.0,8,0,2,583,2023,Italian Grand Prix,R,HAM,48.0,85.815,75.534
0 days 00:01:15.561000,5040.916112642712,868.0,-5012.0,251.78499712,0.0,True,9175.39515264,8,0,2,584,2023,Italian Grand Prix,R,HAM,48.0,85.815,75.561
0 days 00:01:15.734000,5052.63111111111,845.8239002796402,-5088.603935802332,244.0,0.0,True,9588.0,8,0,2,585,2023,Italian Grand Prix,R,HAM,48.0,85.815,75.734
0 days 00:01:15.894000,5062.853333333333,818.649503179875,-5181.585359181331,230.0,0.0,True,9578.0,7,0,2,586,2023,Italian Grand Prix,R,HAM,48.0,85.815,75.894
0 days 00:01:15.982000,5068.200228274285,801.0,-5232.0,224.34285714285716,0.6285714285714286,True,9660.028571428571,7,0,2,587,2023,Italian Grand Prix,R,HAM,48.0,85.815,75.982
0 days 00:01:16.102000,5075.213689536643,774.0,-5299.0,216.62857142857143,1.4857142857142858,True,9771.885714285714,7,0,2,588,2023,Italian Grand Prix,R,HAM,48.0,85.815,76.102
0 days 00:01:16.174000,5079.342222222222,756.6003074275675,-5337.327711407175,212.0,2.0,True,9839.0,6,0,2,589,2023,Italian Grand Prix,R,HAM,48.0,85.815,76.174
0 days 00:01:16.342000,5088.779926974592,712.0,-5421.0,206.94736923149966,2.842105128083388,True,9677.736867972031,6,0,2,590,2023,Italian Grand Prix,R,HAM,48.0,85.815,76.342
0 days 00:01:16.573000,5101.508888888888,638.3404661696461,-5524.0350593554485,200.0,4.0,True,9456.0,6,0,2,591,2023,Italian Grand Prix,R,HAM,48.0,85.815,76.573
0 days 00:01:16.602000,5103.107422726342,628.0,-5536.0,199.6375008,4.1812496,True,9421.0188272,6,0,2,592,2023,Italian Grand Prix,R,HAM,48.0,85.815,76.602
0 days 00:01:16.733000,5110.308888888888,578.2429283191964,-5587.344320288697,198.0,5.0,False,9263.0,6,0,2,593,2023,Italian Grand Prix,R,HAM,48.0,85.815,76.733
0 days 00:01:16.781000,5112.92178685366,559.0,-5605.0,197.1,8.3,False,9183.2,6,0,2,594,2023,Italian Grand Prix,R,HAM,48.0,85.815,76.781
0 days 00:01:16.893000,5118.975555555554,512.2842584089053,-5643.721696122617,195.0,16.0,False,8997.0,6,0,2,595,2023,Italian Grand Prix,R,HAM,48.0,85.815,76.893
0 days 00:01:17.001000,5124.796040785172,465.0,-5677.0,194.1,21.85,False,8966.4,6,0,2,596,2023,Italian Grand Prix,R,HAM,48.0,85.815,77.001
0 days 00:01:17.102000,5130.199785237014,419.0,-5704.0,193.25833386666667,27.320829866666667,False,8937.783351466667,6,0,2,597,2023,Italian Grand Prix,R,HAM,48.0,85.815,77.102
0 days 00:01:17.133000,5131.842222222221,404.60309291039965,-5711.658416576951,193.0,29.0,False,8929.0,6,0,2,598,2023,Italian Grand Prix,R,HAM,48.0,85.815,77.133
0 days 00:01:17.362000,5143.759418485625,295.0,-5759.0,188.7062512,33.2937488,False,8871.750016,6,0,2,599,2023,Italian Grand Prix,R,HAM,48.0,85.815,77.362
0 days 00:01:17.453000,5148.464444444443,250.3760404288071,-5772.528304762785,187.0,35.0,False,8849.0,6,0,2,600,2023,Italian Grand Prix,R,HAM,48.0,85.815,77.453
0 days 00:01:17.522000,5152.037736348152,216.0,-5781.0,187.0,42.589992960000004,False,8885.56996608,6,0,2,601,2023,Italian Grand Prix,R,HAM,48.0,85.815,77.522
0 days 00:01:17.653000,5158.853333333332,149.11469596285488,-5793.3794906781195,187.0,57.0,False,8955.0,6,0,2,602,2023,Italian Grand Prix,R,HAM,48.0,85.815,77.653
0 days 00:01:17.782000,5165.640565383015,82.0,-5800.0,188.43333262222222,62.73333048888889,False,9033.833294222222,6,0,2,603,2023,Italian Grand Prix,R,HAM,48.0,85.815,77.782
0 days 00:01:17.942000,5174.153431571765,-2.0,-5800.0,190.2111104,69.8444416,False,9131.611072,6,0,2,604,2023,Italian Grand Prix,R,HAM,48.0,85.815,77.942
0 days 00:01:18.013000,5177.953333333332,-39.80684608449344,-5798.121976918503,191.0,73.0,False,9175.0,6,0,2,605,2023,Italian Grand Prix,R,HAM,48.0,85.815,78.013
0 days 00:01:18.062000,5180.583373395676,-66.0,-5796.0,191.6999990857143,75.79999634285714,False,9246.399906742858,6,0,2,606,2023,Italian Grand Prix,R,HAM,48.0,85.815,78.062
0 days 00:01:18.293000,5193.119999999999,-189.69652641905267,-5775.092075641317,195.0,89.0,False,9583.0,6,0,2,607,2023,Italian Grand Prix,R,HAM,48.0,85.815,78.293
0 days 00:01:18.381000,5198.001301842201,-237.0,-5763.0,197.2,90.57142857142857,False,9668.8,6,0,2,608,2023,Italian Grand Prix,R,HAM,48.0,85.815,78.381
0 days 00:01:18.573000,5208.83111111111,-339.8193939151694,-5729.582625433464,202.0,94.0,False,9856.0,6,0,2,609,2023,Italian Grand Prix,R,HAM,48.0,85.815,78.573
0 days 00:01:18.581000,5209.285900939373,-344.0,-5728.0,202.14285714285714,93.94285714285714,False,9860.771428571428,6,0,2,610,2023,Italian Grand Prix,R,HAM,48.0,85.815,78.581
0 days 00:01:18.781000,5220.747755326032,-448.0,-5682.0,205.71428571428572,92.51428571428572,False,9980.057142857142,6,0,2,611,2023,Italian Grand Prix,R,HAM,48.0,85.815,78.781
0 days 00:01:18.853000,5224.93111111111,-488.8584487280494,-5660.4817943492235,207.0,92.0,False,10023.0,6,0,2,612,2023,Italian Grand Prix,R,HAM,48.0,85.815,78.853
0 days 00:01:18.941000,5230.090704783672,-539.0,-5632.0,209.2,95.52,False,10149.28,6,0,2,613,2023,Italian Grand Prix,R,HAM,48.0,85.815,78.941
0 days 00:01:19.053000,5236.708888888888,-597.3788448109229,-5595.708534499701,212.0,100.0,False,10310.0,6,0,2,614,2023,Italian Grand Prix,R,HAM,48.0,85.815,79.053
0 days 00:01:19.101000,5239.553370025986,-621.0,-5580.0,212.72,100.0,False,10344.56,6,0,2,615,2023,Italian Grand Prix,R,HAM,48.0,85.815,79.101
0 days 00:01:19.253000,5248.653333333333,-691.6478841620375,-5529.022355084922,215.0,100.0,False,10454.0,6,0,2,616,2023,Italian Grand Prix,R,HAM,48.0,85.815,79.253
0 days 00:01:19.361000,5255.307479754212,-746.0,-5483.0,218.1909090909091,100.0,False,10609.127272727274,6,0,2,617,2023,Italian Grand Prix,R,HAM,48.0,85.815,79.361
0 days 00:01:19.641000,5273.167635167709,-907.0,-5322.0,226.46363636363637,100.0,False,11011.309090909092,6,0,2,618,2023,Italian Grand Prix,R,HAM,48.0,85.815,79.641
0 days 00:01:19.693000,5276.5199999999995,-929.504344140084,-5297.267987673788,228.0,100.0,False,11086.0,6,0,2,619,2023,Italian Grand Prix,R,HAM,48.0,85.815,79.693
0 days 00:01:19.933000,5292.12,-999.4015447194204,-5208.984884101215,234.0,100.0,False,11369.0,6,0,2,620,2023,Italian Grand Prix,R,HAM,48.0,85.815,79.933
0 days 00:01:20.001000,5296.612095226728,-1020.0,-5180.0,235.45195762606863,100.0,False,11423.690403915252,6,0,2,621,2023,Italian Grand Prix,R,HAM,48.0,85.815,80.001
0 days 00:01:20.214000,5310.853333333333,-1097.2840044781715,-5064.04555984616,240.0,100.0,False,11595.0,6,0,2,622,2023,Italian Grand Prix,R,HAM,48.0,85.815,80.214
0 days 00:01:20.241000,5312.664507932884,-1108.0,-5046.0,240.3375008,100.0,False,11605.012523733334,6,0,2,623,2023,Italian Grand Prix,R,HAM,48.0,85.815,80.241
0 days 00:01:20.454000,5327.053333333332,-1194.2638883409245,-4884.132919744727,243.0,100.0,False,11684.0,6,0,2,624,2023,Italian Grand Prix,R,HAM,48.0,85.815,80.454
0 days 00:01:20.501000,5330.286620286672,-1210.0,-4853.0,244.7625024,100.0,False,11354.999552,6,0,2,625,2023,Italian Grand Prix,R,HAM,48.0,85.815,80.501
0 days 00:01:20.614000,5338.12,-1239.9610462555677,-4792.386240647575,249.0,100.0,False,10564.0,6,0,2,626,2023,Italian Grand Prix,R,HAM,48.0,85.815,80.614
0 days 00:01:20.814000,5352.008888888888,-1275.1771476016702,-4708.963563214983,250.0,100.0,False,10566.0,7,0,2,627,2023,Italian Grand Prix,R,HAM,48.0,85.815,80.814
0 days 00:01:20.922000,5359.654359165214,-1305.0,-4622.0,252.7,100.0,False,10676.314285714287,7,0,2,628,2023,Italian Grand Prix,R,HAM,48.0,85.815,80.922
0 days 00:01:21.081000,5371.063029458397,-1362.0,-4446.0,256.6750016,100.0,False,10838.721493942858,7,0,2,629,2023,Italian Grand Prix,R,HAM,48.0,85.815,81.081
0 days 00:01:21.094000,5371.997777777777,-1365.9051185002484,-4433.774695376973,257.0,100.0,False,10852.0,7,0,2,630,2023,Italian Grand Prix,R,HAM,48.0,85.815,81.094
0 days 00:01:21.334000,5389.331111111111,-1403.01398473981,-4313.720684928117,260.0,100.0,False,10959.0,7,0,2,631,2023,Italian Grand Prix,R,HAM,48.0,85.815,81.334
0 days 00:01:21.561000,5406.014339126652,-1427.0,-4176.0,263.40500096,100.0,False,11003.26501248,7,0,2,632,2023,Italian Grand Prix,R,HAM,48.0,85.815,81.561
0 days 00:01:21.722000,5417.990526057479,-1458.0,-3986.0,265.82,100.0,False,11034.66,7,0,2,633,2023,Italian Grand Prix,R,HAM,48.0,85.815,81.722
0 days 00:01:21.734000,5418.886666666665,-1459.786674288628,-3974.5263329958993,266.0,100.0,False,11037.0,7,0,2,634,2023,Italian Grand Prix,R,HAM,48.0,85.815,81.734
0 days 00:01:22.054000,5442.975555555555,-1476.6313931423085,-3817.9356030235945,271.0,100.0,False,11438.0,7,0,2,635,2023,Italian Grand Prix,R,HAM,48.0,85.815,82.054
0 days 00:01:22.062000,5443.5831712586405,-1477.0,-3813.0,271.1333333333333,100.0,False,11440.033333333333,7,0,2,636,2023,Italian Grand Prix,R,HAM,48.0,85.815,82.062
0 days 00:01:22.221000,5455.714778422788,-1486.0,-3692.0,273.7833344,100.0,False,11480.4458496,7,0,2,637,2023,Italian Grand Prix,R,HAM,48.0,85.815,82.221
0 days 00:01:22.294000,5461.308888888888,-1489.4530672057863,-3636.7659781711445,275.0,100.0,False,11499.0,7,0,2,638,2023,Italian Grand Prix,R,HAM,48.0,85.815,82.294
0 days 00:01:22.494000,5476.6977777777765,-1495.4068339298537,-3491.921325938093,277.0,100.0,False,11553.0,7,0,2,639,2023,Italian Grand Prix,R,HAM,48.0,85.815,82.494
0 days 00:01:22.582000,5483.506409158875,-1497.0,-3415.0,278.1,100.0,False,11245.0,7,0,2,640,2023,Italian Grand Prix,R,HAM,48.0,85.815,82.582
0 days 00:01:22.654000,5489.097777777776,-1497.9222289886134,-3343.7704925851576,279.0,100.0,False,10993.0,7,0,2,641,2023,Italian Grand Prix,R,HAM,48.0,85.815,82.654
0 days 00:01:22.802000,5500.656414690634,-1499.0,-3196.0,280.85,100.0,False,10668.633333333333,7,0,2,642,2023,Italian Grand Prix,R,HAM,48.0,85.815,82.802
0 days 00:01:22.894000,5507.897777777777,-1499.3938260548525,-3126.912635072241,282.0,100.0,False,10467.0,8,0,2,643,2023,Italian Grand Prix,R,HAM,48.0,85.815,82.894
0 days 00:01:23.122000,5526.046432776649,-1499.0,-2990.0,285.57366699462483,100.0,False,10566.34794245057,8,0,2,644,2023,Italian Grand Prix,R,HAM,48.0,85.815,83.122
0 days 00:01:23.213000,5533.3291666666655,-1497.9555498969057,-2918.333252978069,287.0,100.0,False,10606.0,8,0,2,645,2023,Italian Grand Prix,R,HAM,48.0,85.815,83.213
0 days 00:01:23.281000,5538.776584490513,-1497.0,-2862.0,287.68,100.0,False,10644.08,8,0,2,646,2023,Italian Grand Prix,R,HAM,48.0,85.815,83.281
0 days 00:01:23.413000,5549.384722222221,-1495.0409868415045,-2755.031577106025,289.0,100.0,False,10718.0,8,0,2,647,2023,Italian Grand Prix,R,HAM,48.0,85.815,83.413
0 days 00:01:23.581000,5563.012132276626,-1492.0,-2619.0,291.1,100.0,False,10762.625,8,0,2,648,2023,Italian Grand Prix,R,HAM,48.0,85.815,83.581
0 days 00:01:23.733000,5575.429166666666,-1488.3194597230815,-2491.245169335278,293.0,100.0,False,10803.0,8,0,2,649,2023,Italian Grand Prix,R,HAM,48.0,85.815,83.733
0 days 00:01:23.781000,5579.360970547781,-1487.0,-2451.0,293.45,100.0,False,10818.45,8,0,2,650,2023,Italian Grand Prix,R,HAM,48.0,85.815,83.781
0 days 00:01:24.053000,5601.740277777776,-1478.0959475296245,-2227.8223729267866,296.0,100.0,False,10906.0,8,0,2,651,2023,Italian Grand Prix,R,HAM,48.0,85.815,84.053
0 days 00:01:24.081000,5604.054074392518,-1477.0,-2205.0,296.23333333333335,100.0,False,10920.233333333334,8,0,2,652,2023,Italian Grand Prix,R,HAM,48.0,85.815,84.081
0 days 00:01:24.202000,5614.074822261271,-1472.0,-2106.0,297.24166613333335,100.0,False,10981.741634133334,8,0,2,653,2023,Italian Grand Prix,R,HAM,48.0,85.815,84.202
0 days 00:01:24.381000,5628.968286688834,-1465.0,-1956.0,298.73333333333335,100.0,False,11072.733333333334,8,0,2,654,2023,Italian Grand Prix,R,HAM,48.0,85.815,84.381
0 days 00:01:24.413000,5631.640277777776,-1463.5558884077734,-1929.340102393537,299.0,100.0,False,11089.0,8,0,2,655,2023,Italian Grand Prix,R,HAM,48.0,85.815,84.413
0 days 00:01:24.562000,5644.119790608229,-1456.0,-1806.0,300.8624992,100.0,False,11144.874976,8,0,2,656,2023,Italian Grand Prix,R,HAM,48.0,85.815,84.562
0 days 00:01:24.653000,5651.77361111111,-1451.1931404421407,-1730.1725909223444,302.0,100.0,False,11179.0,8,0,2,657,2023,Italian Grand Prix,R,HAM,48.0,85.815,84.653
0 days 00:01:24.813000,5665.284722222221,-1442.621649141539,-1595.5864857022946,304.0,100.0,False,11232.0,8,0,2,658,2023,Italian Grand Prix,R,HAM,48.0,85.815,84.813
0 days 00:01:24.902000,5672.813902850021,-1438.0,-1520.0,304.37083306666665,100.0,False,11252.395818666666,8,0,2,659,2023,Italian Grand Prix,R,HAM,48.0,85.815,84.902
0 days 00:01:24.961000,5677.809792982228,-1435.0,-1470.0,304.6166666666667,100.0,False,11265.916666666666,8,0,2,660,2023,Italian Grand Prix,R,HAM,48.0,85.815,84.961
0 days 00:01:25.053000,5685.618055555554,-1430.2556021853322,-1397.2697535126597,305.0,100.0,False,11287.0,8,0,2,661,2023,Italian Grand Prix,R,HAM,48.0,85.815,85.053
0 days 00:01:25.253000,5702.6736111111095,-1418.5778403257984,-1242.7828048827914,307.0,100.0,False,11315.0,8,0,2,662,2023,Italian Grand Prix,R,HAM,48.0,85.815,85.253
0 days 00:01:25.301000,5706.782766384837,-1415.0,-1196.0,307.4,100.0,False,11352.4,8,0,2,663,2023,Italian Grand Prix,R,HAM,48.0,85.815,85.301
0 days 00:01:25.493000,5723.273611111109,-1398.2662405521373,-976.4940255268478,309.0,100.0,False,11502.0,8,0,2,664,2023,Italian Grand Prix,R,HAM,48.0,85.815,85.493
0 days 00:01:25.521000,5725.684289436354,-1396.0,-947.0,309.15555555555557,100.0,False,11499.977777777778,8,0,2,665,2023,Italian Grand Prix,R,HAM,48.0,85.815,85.521
0 days 00:01:25.815000,5751.080013685739,-1378.7415266710987,-729.0830159139725,310.7888881777778,100.0,False,11478.744453688889,8,0,2,666,2023,Italian Grand Prix,R,HAM,48.0,85.815,85.815
0 days 00:00:00,0.17326599957930178,-1383.8970777740196,-783.6222506941656,310.7888881777778,100.0,False,11478.744453688889,8,0,3,0,2023,Italian Grand Prix,R,HAM,49.0,85.888,0.0
0 days 00:00:00.038000,3.4616666666666696,-1381.4482787116253,-756.1633688147458,311.0,100.0,False,11476.0,8,0,3,1,2023,Italian Grand Prix,R,HAM,49.0,85.888,0.038
0 days 00:00:00.126000,11.08267928756975,-1375.0,-687.0,311.55,100.0,False,11500.2,8,0,3,2,2023,Italian Grand Prix,R,HAM,49.0,85.888,0.126
0 days 00:00:00.186000,16.286498295559998,-1370.0,-635.0,311.925,100.0,False,11516.7,8,0,3,3,2023,Italian Grand Prix,R,HAM,49.0,85.888,0.186
0 days 00:00:00.198000,17.328333333333337,-1368.9539531182147,-623.8775468003939,312.0,100.0,False,11520.0,8,0,3,4,2023,Italian Grand Prix,R,HAM,49.0,85.888,0.198
0 days 00:00:00.518000,45.239444444444445,-1339.0790403630333,-277.9124250277545,314.0,100.0,False,11613.0,8,0,3,5,2023,Italian Grand Prix,R,HAM,49.0,85.888,0.518
0 days 00:00:00.546000,47.69290394179343,-1337.0,-254.0,314.23333333333335,100.0,False,11614.4,8,0,3,6,2023,Italian Grand Prix,R,HAM,49.0,85.888,0.546
0 days 00:00:00.758000,66.30611111111111,-1325.055936671763,-123.25379427412739,316.0,100.0,False,11625.0,8,0,3,7,2023,Italian Grand Prix,R,HAM,49.0,85.888,0.758
0 days 00:00:00.826000,72.27478223833073,-1321.0,-79.0,316.0,100.0,False,11635.4398367973,8,0,3,8,2023,Italian Grand Prix,R,HAM,49.0,85.888,0.826
0 days 00:00:00.999000,87.46055555555554,-1308.1887539197885,64.54151983702432,316.0,100.0,False,11662.0,8,0,3,9,2023,Italian Grand Prix,R,HAM,49.0,85.888,0.999
0 days 00:00:01.087000,95.19739677497665,-1301.0,147.0,316.3666666666667,100.0,False,11662.0,8,0,3,10,2023,Italian Grand Prix,R,HAM,49.0,85.888,1.087
0 days 00:00:01.239000,108.59388888888888,-1288.2391381838759,296.55702707361365,317.0,100.0,False,11662.0,8,0,3,11,2023,Italian Grand Prix,R,HAM,49.0,85.888,1.239
0 days 00:00:01.367000,119.92385679792801,-1277.0,429.0,318.06666666666666,100.0,False,11706.8,8,0,3,12,2023,Italian Grand Prix,R,HAM,49.0,85.888,1.367
0 days 00:00:01.479000,129.86055555555555,-1266.6957552759566,549.4380454202858,319.0,100.0,False,11746.0,8,0,3,13,2023,Italian Grand Prix,R,HAM,49.0,85.888,1.479
0 days 00:00:01.726000,151.80917013651433,-1245.0,800.0,319.7718752,100.0,False,11753.718752,8,0,3,14,2023,Italian Grand Prix,R,HAM,49.0,85.888,1.726
0 days 00:00:01.799000,158.30499999999998,-1239.9416317679659,857.4709187027188,320.0,100.0,False,11756.0,8,0,3,15,2023,Italian Grand Prix,R,HAM,49.0,85.888,1.799
0 days 00:00:02.147000,189.3328160394754,-1220.0,1084.0,320.96666666666664,100.0,False,11810.133333333333,8,0,3,16,2023,Italian Grand Prix,R,HAM,49.0,85.888,2.147
0 days 00:00:02.159000,190.40499999999997,-1219.169224007429,1093.846404222843,321.0,100.0,False,11812.0,8,0,3,17,2023,Italian Grand Prix,R,HAM,49.0,85.888,2.159
0 days 00:00:02.386000,210.7089568716365,-1202.0,1298.0,321.9458336,100.0,False,11861.1833472,8,0,3,18,2023,Italian Grand Prix,R,HAM,49.0,85.888,2.386
0 days 00:00:02.399000,211.87166666666667,-1201.0783394053913,1308.4771236224449,322.0,100.0,False,11864.0,8,0,3,19,2023,Italian Grand Prix,R,HAM,49.0,85.888,2.399
0 days 00:00:02.559000,226.1827777777778,-1189.0634000372297,1441.117159043652,322.0,100.0,False,11860.0,8,0,3,20,2023,Italian Grand Prix,R,HAM,49.0,85.888,2.559
0 days 00:00:02.586000,228.60109653911834,-1186.0,1476.0,322.06750016,100.0,False,11861.48500352,8,0,3,21,2023,Italian Grand Prix,R,HAM,49.0,85.888,2.586
0 days 00:00:02.747000,243.0485962535286,-1163.0,1744.0,322.47,100.0,False,11870.34,8,0,3,22,2023,Italian Grand Prix,R,HAM,49.0,85.888,2.747
0 days 00:00:02.959000,262.07166666666666,-1152.3918268770626,1871.9419574099634,323.0,100.0,False,11882.0,8,0,3,23,2023,Italian Grand Prix,R,HAM,49.0,85.888,2.959
0 days 00:00:03.086000,273.43150091501207,-1148.0,1923.0,322.2062496,100.0,False,11843.1062304,8,0,3,24,2023,Italian Grand Prix,R,HAM,49.0,85.888,3.086
0 days 00:00:03.119000,276.3827777777778,-1146.1146025366977,1944.23435564569,322.0,100.0,False,11833.0,8,0,3,25,2023,Italian Grand Prix,R,HAM,49.0,85.888,3.119
0 days 00:00:03.366000,298.4838351834819,-1126.0,2172.0,322.0,100.0,False,11805.2124928,8,0,3,26,2023,Italian Grand Prix,R,HAM,49.0,85.888,3.366
0 days 00:00:03.439000,305.005,-1120.5799866818147,2238.3517289973033,322.0,100.0,False,11797.0,8,0,3,27,2023,Italian Grand Prix,R,HAM,49.0,85.888,3.439
0 days 00:00:03.547000,314.63693487081196,-1113.0,2332.0,321.46,100.0,False,11792.14,8,0,3,28,2023,Italian Grand Prix,R,HAM,49.0,85.888,3.547
0 days 00:00:03.639000,322.8383333333333,-1106.2662160518062,2409.336184504951,321.0,100.0,False,11788.0,8,0,3,29,2023,Italian Grand Prix,R,HAM,49.0,85.888,3.639
0 days 00:00:03.787000,336.0439107715076,-1094.0,2546.0,321.0,100.0,False,11771.922008437303,8,0,3,30,2023,Italian Grand Prix,R,HAM,49.0,85.888,3.787
0 days 00:00:03.998000,354.8491666666667,-1072.439134617081,2798.173859643316,321.0,100.0,False,11749.0,8,0,3,31,2023,Italian Grand Prix,R,HAM,49.0,85.888,3.998
0 days 00:00:04.026000,357.3372925421134,-1070.0,2827.0,320.84444444444443,100.0,False,11749.855555555556,8,0,3,32,2023,Italian Grand Prix,R,HAM,49.0,85.888,4.026
0 days 00:00:04.226000,375.06134524537555,-1055.0,3004.0,319.73333333333335,100.0,False,11755.966666666667,8,0,3,33,2023,Italian Grand Prix,R,HAM,49.0,85.888,4.226
0 days 00:00:04.358000,386.74916666666667,-1039.2932269946816,3186.3282340354094,319.0,100.0,False,11760.0,8,0,3,34,2023,Italian Grand Prix,R,HAM,49.0,85.888,4.358
0 days 00:00:04.467000,396.40701671963535,-1026.0,3340.0,319.0,100.0,False,11760.0,8,0,3,35,2023,Italian Grand Prix,R,HAM,49.0,85.888,4.467
0 days 00:00:04.558000,404.4713888888889,-1017.2104490788397,3441.4428330417873,319.0,100.0,False,11760.0,8,0,3,36,2023,Italian Grand Prix,R,HAM,49.0,85.888,4.558
0 days 00:00:04.758000,422.1936111111111,-1004.652137658026,3585.9282475778723,319.0,100.0,False,11721.0,8,0,3,37,2023,Italian Grand Prix,R,HAM,49.0,85.888,4.758
0 days 00:00:04.907000,435.40314314012153,-997.0,3675.0,319.0,100.0,False,11702.375008,8,0,3,38,2023,Italian Grand Prix,R,HAM,49.0,85.888,4.907
0 days 00:00:04.998000,443.46027777777783,-992.3989522209653,3729.2459205955965,319.0,100.0,False,11691.0,8,0,3,39,2023,Italian Grand Prix,R,HAM,49.0,85.888,4.998
0 days 00:00:05.198000,461.1269444444445,-981.6132401280573,3857.255492063549,318.0,100.0,False,11647.0,8,0,3,40,2023,Italian Grand Prix,R,HAM,49.0,85.888,5.198
0 days 00:00:05.307000,470.75786375065513,-973.0,3957.0,318.0,100.0,False,11640.8687536,8,0,3,41,2023,Italian Grand Prix,R,HAM,49.0,85.888,5.307
0 days 00:00:05.358000,475.2602777777778,-968.1431712567406,4012.6750800749496,318.0,100.0,False,11638.0,8,0,3,42,2023,Italian Grand Prix,R,HAM,49.0,85.888,5.358
0 days 00:00:05.507000,488.3872244896903,-953.0,4185.0,317.4678573714286,100.0,False,11663.54284617143,8,0,3,43,2023,Italian Grand Prix,R,HAM,49.0,85.888,5.507
0 days 00:00:05.638000,499.91583333333335,-943.1107082636877,4296.714463289135,317.0,100.0,False,11686.0,8,0,3,44,2023,Italian Grand Prix,R,HAM,49.0,85.888,5.638
0 days 00:00:05.798000,514.0047222222222,-934.1909936058361,4398.64658100158,317.0,100.0,False,11663.0,8,0,3,45,2023,Italian Grand Prix,R,HAM,49.0,85.888,5.798
0 days 00:00:05.866000,519.9960186699501,-930.0,4449.0,317.0,100.0,False,11644.64,8,0,3,46,2023,Italian Grand Prix,R,HAM,49.0,85.888,5.866
0 days 00:00:05.998000,531.6158333333333,-920.9447571061781,4561.75877790071,317.0,100.0,False,11609.0,8,0,3,47,2023,Italian Grand Prix,R,HAM,49.0,85.888,5.998
0 days 00:00:06.126000,542.8376384794307,-911.0,4677.0,316.2888888888889,100.0,False,11607.222222222223,8,0,3,48,2023,Italian Grand Prix,R,HAM,49.0,85.888,6.126
0 days 00:00:06.186000,548.0818571108293,-906.0,4729.0,315.9555555555556,100.0,False,11606.388888888889,8,0,3,49,2023,Italian Grand Prix,R,HAM,49.0,85.888,6.186
0 days 00:00:06.358000,563.1158333333333,-892.6501024421838,4880.976766188005,315.0,100.0,False,11604.0,8,0,3,50,2023,Italian Grand Prix,R,HAM,49.0,85.888,6.358
0 days 00:00:06.506000,576.069168732639,-882.0,5009.0,315.0,100.0,False,11591.255555555555,8,0,3,51,2023,Italian Grand Prix,R,HAM,49.0,85.888,6.506
0 days 00:00:06.718000,594.6158333333333,-866.8740765997254,5184.143661533114,315.0,100.0,False,11573.0,8,0,3,52,2023,Italian Grand Prix,R,HAM,49.0,85.888,6.718
0 days 00:00:06.786000,600.5510260639339,-861.0,5252.0,314.575,100.0,False,11540.7,8,0,3,53,2023,Italian Grand Prix,R,HAM,49.0,85.888,6.786
0 days 00:00:06.878000,608.5713888888888,-851.8156422042072,5358.651313247545,314.0,100.0,False,11497.0,8,0,3,54,2023,Italian Grand Prix,R,HAM,49.0,85.888,6.878
0 days 00:00:06.966000,616.2344916328595,-843.0,5461.0,313.725,100.0,False,11484.075,8,0,3,55,2023,Italian Grand Prix,R,HAM,49.0,85.888,6.966
0 days 00:00:07.198000,636.393611111111,-825.3292218777794,5663.714354556509,313.0,100.0,False,11450.0,8,0,3,56,2023,Italian Grand Prix,R,HAM,49.0,85.888,7.198
0 days 00:00:07.358000,650.2602777777776,-813.6458761984767,5798.478610721316,312.0,100.0,False,11447.0,8,0,3,57,2023,Italian Grand Prix,R,HAM,49.0,85.888,7.358
0 days 00:00:07.366000,650.9536624938896,-813.0,5806.0,312.0,100.0,False,11444.962732109409,8,0,3,58,2023,Italian Grand Prix,R,HAM,49.0,85.888,7.366
0 days 00:00:07.519000,664.2136111111109,-799.5166150950567,5964.2006543207135,312.0,100.0,False,11406.0,8,0,3,59,2023,Italian Grand Prix,R,HAM,49.0,85.888,7.519
0 days 00:00:07.719000,681.4913888888888,-781.4512043431166,6178.096851788842,311.0,100.0,False,11384.0,8,0,3,60,2023,Italian Grand Prix,R,HAM,49.0,85.888,7.719
0 days 00:00:07.766000,685.5410682898778,-778.0,6219.0,310.7062496,100.0,False,11385.468752,8,0,3,61,2023,Italian Grand Prix,R,HAM,49.0,85.888,7.766
0 days 00:00:07.879000,695.2691666666665,-771.0360469537593,6301.5844215143425,310.0,100.0,False,11389.0,8,0,3,62,2023,Italian Grand Prix,R,HAM,49.0,85.888,7.879
0 days 00:00:08.119000,715.9358333333332,-760.8512026785903,6422.819133541116,310.0,100.0,False,11361.0,8,0,3,63,2023,Italian Grand Prix,R,HAM,49.0,85.888,8.119
0 days 00:00:08.246000,726.8330696413371,-754.0,6505.0,309.2062496,97.6187488,False,11314.1687264,8,0,3,64,2023,Italian Grand Prix,R,HAM,49.0,85.888,8.246
0 days 00:00:08.279000,729.6691666666666,-751.929760111852,6529.8855453896485,309.0,97.0,False,11302.0,8,0,3,65,2023,Italian Grand Prix,R,HAM,49.0,85.888,8.279
0 days 00:00:08.386000,738.8923824304416,-744.0,6625.0,308.6656248,90.64687119999999,False,11269.8999808,8,0,3,66,2023,Italian Grand Prix,R,HAM,49.0,85.888,8.386
0 days 00:00:08.586000,755.9654958343206,-724.0,6863.0,308.0406248,78.77187119999999,False,11209.8999808,8,0,3,67,2023,Italian Grand Prix,R,HAM,49.0,85.888,8.586
0 days 00:00:08.599000,757.0469444444444,-722.9459273961711,6875.659199322655,308.0,78.0,False,11206.0,8,0,3,68,2023,Italian Grand Prix,R,HAM,49.0,85.888,8.599
0 days 00:00:08.906000,781.4677760375574,-708.0,7060.0,287.5333290666667,11.483319466666671,False,10850.391592533333,8,0,3,69,2023,Italian Grand Prix,R,HAM,49.0,85.888,8.906
0 days 00:00:08.959000,785.4469444444444,-705.107731377503,7095.081026623333,284.0,0.0,True,10789.0,8,0,3,70,2023,Italian Grand Prix,R,HAM,49.0,85.888,8.959
0 days 00:00:09.159000,799.7247222222222,-692.4299526583895,7246.857261355063,257.0,0.0,True,9389.0,8,0,3,71,2023,Italian Grand Prix,R,HAM,49.0,85.888,9.159
0 days 00:00:09.166000,800.1966652847385,-692.0,7252.0,256.01999104,0.0,True,9351.51465728,8,0,3,72,2023,Italian Grand Prix,R,HAM,49.0,85.888,9.166
0 days 00:00:09.359000,812.4469444444444,-680.8832751242874,7385.180538877868,229.0,0.0,True,8318.0,8,0,3,73,2023,Italian Grand Prix,R,HAM,49.0,85.888,9.359
0 days 00:00:09.446000,817.5657567117146,-676.0,7444.0,220.2999936,0.0,True,8242.9624448,8,0,3,74,2023,Italian Grand Prix,R,HAM,49.0,85.888,9.446
0 days 00:00:09.599000,826.113611111111,-667.3690005376764,7548.337127052367,205.0,0.0,True,8111.0,8,0,3,75,2023,Italian Grand Prix,R,HAM,49.0,85.888,9.599
0 days 00:00:09.666000,829.7461475044788,-664.0,7588.0,200.69285302857142,0.0,True,8175.607204571428,8,0,3,76,2023,Italian Grand Prix,R,HAM,49.0,85.888,9.666
0 days 00:00:09.879000,840.6580555555554,-655.6802641817104,7679.381204519646,187.0,0.0,True,8381.0,7,0,3,77,2023,Italian Grand Prix,R,HAM,49.0,85.888,9.879
0 days 00:00:09.926000,842.8620043880851,-654.0,7698.0,181.124992,0.0,True,8364.31497728,7,0,3,78,2023,Italian Grand Prix,R,HAM,49.0,85.888,9.926
0 days 00:00:10.079000,849.6580555555554,-648.3309033397347,7762.635453266129,162.0,0.0,True,8310.0,6,0,3,79,2023,Italian Grand Prix,R,HAM,49.0,85.888,10.079
0 days 00:00:10.147000,852.6369672671206,-645.0,7796.0,159.81428571428572,0.0,True,8326.514285714286,6,0,3,80,2023,Italian Grand Prix,R,HAM,49.0,85.888,10.147
0 days 00:00:10.359000,861.5580555555554,-630.1911419862803,7920.957387961423,153.0,0.0,True,8378.0,6,0,3,81,2023,Italian Grand Prix,R,HAM,49.0,85.888,10.359
0 days 00:00:10.466000,865.5586486169843,-624.0,7968.0,143.02867015829787,0.0,True,8361.892467178788,6,0,3,82,2023,Italian Grand Prix,R,HAM,49.0,85.888,10.466
0 days 00:00:10.638000,871.4005555555553,-619.1073264308679,7996.99224061169,127.0,0.0,True,8336.0,4,0,3,83,2023,Italian Grand Prix,R,HAM,49.0,85.888,10.638
0 days 00:00:10.746000,874.8486980947605,-615.0,8013.0,122.5,0.0,True,8078.6,4,0,3,84,2023,Italian Grand Prix,R,HAM,49.0,85.888,10.746
0 days 00:00:10.967000,881.4179081796741,-598.0,8078.0,113.29166933333333,0.0,True,7551.883485866667,4,0,3,85,2023,Italian Grand Prix,R,HAM,49.0,85.888,10.967
0 days 00:00:11.118000,885.667222222222,-583.2741603188045,8119.007126269664,107.0,0.0,True,7192.0,3,0,3,86,2023,Italian Grand Prix,R,HAM,49.0,85.888,11.118
0 days 00:00:11.247000,889.1713402102763,-569.0,8150.0,101.62500266666666,0.0,True,6960.875114666666,3,0,3,87,2023,Italian Grand Prix,R,HAM,49.0,85.888,11.247
0 days 00:00:11.358000,892.1338888888887,-555.3485900527561,8175.037586022936,97.0,0.0,True,6762.0,3,0,3,88,2023,Italian Grand Prix,R,HAM,49.0,85.888,11.358
0 days 00:00:11.527000,896.5995806217819,-532.0,8210.0,94.8875008,0.0,True,6326.8251648000005,3,0,3,89,2023,Italian Grand Prix,R,HAM,49.0,85.888,11.527
0 days 00:00:11.598000,898.4005555555553,-521.2024873718653,8223.422902032213,94.0,0.0,True,6144.0,3,0,3,90,2023,Italian Grand Prix,R,HAM,49.0,85.888,11.598
0 days 00:00:11.687000,900.5658580236058,-507.0,8239.0,90.6625024,0.0,True,6036.458410666667,3,0,3,91,2023,Italian Grand Prix,R,HAM,49.0,85.888,11.687
0 days 00:00:11.838000,904.067222222222,-481.60913630541484,8261.701275327248,85.0,0.0,True,5854.0,3,0,3,92,2023,Italian Grand Prix,R,HAM,49.0,85.888,11.838
0 days 00:00:11.886000,905.1584403834729,-473.0,8268.0,84.0,0.0,True,5769.8,3,0,3,93,2023,Italian Grand Prix,R,HAM,49.0,85.888,11.886
0 days 00:00:12.047000,908.7332476132464,-442.0,8286.0,80.64583466666667,0.0,True,5487.379278933333,3,0,3,94,2023,Italian Grand Prix,R,HAM,49.0,85.888,12.047
0 days 00:00:12.078000,909.4005555555553,-435.7405987522834,8288.900268469974,80.0,0.0,False,5433.0,3,0,3,95,2023,Italian Grand Prix,R,HAM,49.0,85.888,12.078
0 days 00:00:12.207000,912.0987843529899,-409.0,8299.0,77.23571565714286,0.0,False,5382.321453714286,3,0,3,96,2023,Italian Grand Prix,R,HAM,49.0,85.888,12.207
0 days 00:00:12.358000,915.1561111111109,-377.14377652479186,8306.818795466219,74.0,0.0,False,5323.0,3,0,3,97,2023,Italian Grand Prix,R,HAM,49.0,85.888,12.358
0 days 00:00:12.526000,918.517199553303,-342.0,8313.0,72.95,4.725,False,5378.65,3,0,3,98,2023,Italian Grand Prix,R,HAM,49.0,85.888,12.526
0 days 00:00:12.678000,921.5561111111109,-311.3307714821979,8318.939197687956,72.0,9.0,False,5429.0,3,0,3,99,2023,Italian Grand Prix,R,HAM,49.0,85.888,12.678
0 days 00:00:12.725000,922.5013790186922,-302.0,8321.0,72.2937504,10.468752,False,5465.1312992,3,0,3,100,2023,Italian Grand Prix,R,HAM,49.0,85.888,12.725
0 days 00:00:12.838000,924.8005555555553,-279.79899414756363,8326.557470254169,73.0,14.0,False,5552.0,3,0,3,101,2023,Italian Grand Prix,R,HAM,49.0,85.888,12.838
0 days 00:00:12.926000,926.6429310901449,-263.0,8332.0,74.1,16.2,False,5531.833333333333,3,0,3,102,2023,Italian Grand Prix,R,HAM,49.0,85.888,12.926
0 days 00:00:13.078000,929.867222222222,-235.4841789439822,8344.601097898769,76.0,20.0,False,5497.0,3,0,3,103,2023,Italian Grand Prix,R,HAM,49.0,85.888,13.078
0 days 00:00:13.166000,931.6996143866248,-221.0,8354.0,75.12,11.200000000000001,False,5369.84,3,0,3,104,2023,Italian Grand Prix,R,HAM,49.0,85.888,13.166
0 days 00:00:13.278000,933.9783333333331,-204.49818533659158,8368.316991730344,74.0,0.0,False,5208.0,3,0,3,105,2023,Italian Grand Prix,R,HAM,49.0,85.888,13.278
0 days 00:00:13.326000,934.9307426430521,-198.0,8375.0,73.2,0.2,False,5134.4,3,0,3,106,2023,Italian Grand Prix,R,HAM,49.0,85.888,13.326
0 days 00:00:13.486000,938.0272872616072,-179.0,8399.0,70.53333333333333,0.8666666666666667,False,4889.066666666667,3,0,3,107,2023,Italian Grand Prix,R,HAM,49.0,85.888,13.486
0 days 00:00:13.518000,938.6449999999998,-175.9229414401809,8404.133474707374,70.0,1.0,False,4840.0,3,0,3,108,2023,Italian Grand Prix,R,HAM,49.0,85.888,13.518
0 days 00:00:13.718000,942.4783333333331,-161.49587751193687,8439.426352501445,69.0,1.0,False,4621.0,3,0,3,109,2023,Italian Grand Prix,R,HAM,49.0,85.888,13.718
0 days 00:00:13.726000,942.6268247138852,-161.0,8441.0,68.8,1.2,False,4625.15,3,0,3,110,2023,Italian Grand Prix,R,HAM,49.0,85.888,13.726
0 days 00:00:13.878000,945.367222222222,-152.31600330474262,8473.458698960949,65.0,5.0,False,4704.0,3,0,3,111,2023,Italian Grand Prix,R,HAM,49.0,85.888,13.878
0 days 00:00:14.006000,947.606467104738,-147.0,8499.0,64.2024920528333,7.392523841500081,False,4790.92836624117,3,0,3,112,2023,Italian Grand Prix,R,HAM,49.0,85.888,14.006
0 days 00:00:14.199000,950.984722222222,-143.46480202393946,8527.725723077187,63.0,11.0,False,4922.0,3,0,3,113,2023,Italian Grand Prix,R,HAM,49.0,85.888,14.199
0 days 00:00:14.246000,951.833031760512,-143.0,8535.0,63.70500096,12.1750016,False,4980.51507968,3,0,3,114,2023,Italian Grand Prix,R,HAM,49.0,85.888,14.246
0 days 00:00:14.399000,954.6513888888886,-141.97464040278564,8562.31803902836,66.0,16.0,False,5171.0,3,0,3,115,2023,Italian Grand Prix,R,HAM,49.0,85.888,14.399
0 days 00:00:14.599000,958.4291666666664,-141.96728246188417,8600.752167086983,68.0,23.0,False,5585.0,3,0,3,116,2023,Italian Grand Prix,R,HAM,49.0,85.888,14.599
0 days 00:00:14.606000,958.5659017168747,-142.0,8602.0,68.1272738909091,23.238638545454545,False,5594.227357090909,3,0,3,117,2023,Italian Grand Prix,R,HAM,49.0,85.888,14.606
0 days 00:00:14.846000,963.4812655645096,-146.0,8650.0,72.49091025454545,31.42045672727273,False,5910.590993454545,3,0,3,118,2023,Italian Grand Prix,R,HAM,49.0,85.888,14.846
0 days 00:00:15.026000,967.4255336441831,-156.0,8714.0,75.76363752727272,37.55682036363636,False,6147.863720727273,3,0,3,119,2023,Italian Grand Prix,R,HAM,49.0,85.888,15.026
0 days 00:00:15.039000,967.7180555555553,-156.66983766483915,8717.953976079694,76.0,38.0,False,6165.0,3,0,3,120,2023,Italian Grand Prix,R,HAM,49.0,85.888,15.039
0 days 00:00:15.319000,974.2513888888886,-166.4038545440495,8764.470813990543,84.0,42.0,False,6165.0,3,0,3,121,2023,Italian Grand Prix,R,HAM,49.0,85.888,15.319
0 days 00:00:15.466000,977.8510073376146,-173.0,8789.0,88.41000192,42.0,False,6473.7001344,3,0,3,122,2023,Italian Grand Prix,R,HAM,49.0,85.888,15.466
0 days 00:00:15.519000,979.2513888888886,-176.16192296392876,8800.976679312744,90.0,42.0,False,6585.0,3,0,3,123,2023,Italian Grand Prix,R,HAM,49.0,85.888,15.519
0 days 00:00:15.686000,984.1618564493075,-188.0,8846.0,96.90481033846154,47.78077144615385,False,7193.586771692308,3,0,3,124,2023,Italian Grand Prix,R,HAM,49.0,85.888,15.686
0 days 00:00:16.559000,1017.6736111111109,-260.05420313235715,9117.100717253963,133.0,78.0,False,10375.0,3,0,3,125,2023,Italian Grand Prix,R,HAM,49.0,85.888,16.559
0 days 00:00:16.587000,1018.7399343341265,-263.0,9129.0,133.56,78.56,False,10433.1,3,0,3,126,2023,Italian Grand Prix,R,HAM,49.0,85.888,16.587
0 days 00:00:16.759000,1025.284722222222,-282.02389747604326,9207.114219580979,137.0,82.0,False,10790.0,3,0,3,127,2023,Italian Grand Prix,R,HAM,49.0,85.888,16.759
0 days 00:00:16.847000,1028.7600438338034,-291.0,9244.0,140.85,82.0,False,11021.0,3,0,3,128,2023,Italian Grand Prix,R,HAM,49.0,85.888,16.847
0 days 00:00:16.919000,1031.684722222222,-297.5047419841098,9270.489443093611,144.0,82.0,False,11210.0,3,0,3,129,2023,Italian Grand Prix,R,HAM,49.0,85.888,16.919
0 days 00:00:17.107000,1039.6831737682735,-313.0,9334.0,151.6375,92.575,False,10924.475,3,0,3,130,2023,Italian Grand Prix,R,HAM,49.0,85.888,17.107
0 days 00:00:17.239000,1045.6402777777776,-325.6913101980831,9388.659190145288,157.0,100.0,False,10724.0,3,0,3,131,2023,Italian Grand Prix,R,HAM,49.0,85.888,17.239
0 days 00:00:17.407000,1053.6550602831348,-343.0,9466.0,165.89136331741713,100.0,False,11138.618310485872,3,0,3,132,2023,Italian Grand Prix,R,HAM,49.0,85.888,17.407
0 days 00:00:17.527000,1059.616604125444,-355.0,9522.0,172.2423371155722,100.0,False,11434.77424654721,3,0,3,133,2023,Italian Grand Prix,R,HAM,49.0,85.888,17.527
0 days 00:00:17.598000,1063.1913888888885,-361.89290166968834,9556.478048424266,176.0,100.0,False,11610.0,4,0,3,134,2023,Italian Grand Prix,R,HAM,49.0,85.888,17.598
0 days 00:00:17.707000,1068.7467662248657,-372.0,9611.0,181.4499968,100.0,False,11752.3811664,4,0,3,135,2023,Italian Grand Prix,R,HAM,49.0,85.888,17.707
0 days 00:00:17.758000,1071.3691666666662,-376.44181655666046,9636.781568156825,184.0,100.0,False,11819.0,4,0,3,136,2023,Italian Grand Prix,R,HAM,49.0,85.888,17.758
0 days 00:00:17.918000,1079.7247222222218,-389.31235461316953,9719.246184926504,188.0,100.0,False,10699.0,4,0,3,137,2023,Italian Grand Prix,R,HAM,49.0,85.888,17.918
0 days 00:00:17.927000,1080.2067141403495,-390.0,9724.0,188.37499733333334,100.0,False,10713.824894577778,4,0,3,138,2023,Italian Grand Prix,R,HAM,49.0,85.888,17.927
0 days 00:00:18.126000,1091.2557394588966,-404.0,9832.0,196.66666666666666,100.0,False,11041.622222222222,4,0,3,139,2023,Italian Grand Prix,R,HAM,49.0,85.888,18.126
0 days 00:00:18.278000,1100.0247222222217,-412.17961426651175,9916.482301951743,203.0,100.0,False,11292.0,5,0,3,140,2023,Italian Grand Prix,R,HAM,49.0,85.888,18.278
0 days 00:00:18.487000,1112.355106195853,-420.0,10037.0,209.531248,100.0,False,11390.6218448,5,0,3,141,2023,Italian Grand Prix,R,HAM,49.0,85.888,18.487
0 days 00:00:18.598000,1118.9580555555551,-422.81140310956465,10103.686398375066,213.0,100.0,False,11443.0,5,0,3,142,2023,Italian Grand Prix,R,HAM,49.0,85.888,18.598
0 days 00:00:18.607000,1119.4935992680591,-423.0,10109.0,213.1124992,100.0,False,11410.900228266666,5,0,3,143,2023,Italian Grand Prix,R,HAM,49.0,85.888,18.607
0 days 00:00:18.838000,1133.3580555555552,-425.9495024339313,10247.548667857598,216.0,100.0,False,10587.0,5,0,3,144,2023,Italian Grand Prix,R,HAM,49.0,85.888,18.838
0 days 00:00:18.847000,1133.9113846493597,-426.0,10254.0,216.5062464,100.0,False,10603.9311296,5,0,3,145,2023,Italian Grand Prix,R,HAM,49.0,85.888,18.847
0 days 00:00:18.998000,1143.3580555555552,-426.1994688605802,10377.750290616574,225.0,100.0,False,10888.0,6,0,3,146,2023,Italian Grand Prix,R,HAM,49.0,85.888,18.998
0 days 00:00:19.086000,1148.9560095984982,-426.0,10443.0,227.2,100.0,False,10967.2,6,0,3,147,2023,Italian Grand Prix,R,HAM,49.0,85.888,19.086
0 days 00:00:19.238000,1158.758055555555,-425.3873046225051,10519.775965106777,231.0,100.0,False,11104.0,6,0,3,148,2023,Italian Grand Prix,R,HAM,49.0,85.888,19.238
0 days 00:00:19.346000,1165.8167741663126,-424.0,10573.0,234.375,100.0,False,11188.375,6,0,3,149,2023,Italian Grand Prix,R,HAM,49.0,85.888,19.346
0 days 00:00:19.398000,1169.246944444444,-422.8810132244671,10604.19961451367,236.0,100.0,False,11229.0,6,0,3,150,2023,Italian Grand Prix,R,HAM,49.0,85.888,19.398
0 days 00:00:19.566000,1180.4783300464521,-418.0,10719.0,239.6,100.0,False,11464.8,6,0,3,151,2023,Italian Grand Prix,R,HAM,49.0,85.888,19.566
0 days 00:00:19.678000,1188.0691666666662,-414.80055088140404,10790.813346146644,242.0,100.0,False,11622.0,6,0,3,152,2023,Italian Grand Prix,R,HAM,49.0,85.888,19.678
0 days 00:00:19.766000,1194.0815928060817,-411.0,10854.0,244.2,100.0,False,11252.4,6,0,3,153,2023,Italian Grand Prix,R,HAM,49.0,85.888,19.766
0 days 00:00:19.878000,1201.7913888888884,-403.0824979293876,10953.923588344787,247.0,100.0,False,10782.0,6,0,3,154,2023,Italian Grand Prix,R,HAM,49.0,85.888,19.878
0 days 00:00:20.107000,1217.7502194463839,-384.0,11160.0,250.8166656,100.0,False,10519.60424,6,0,3,155,2023,Italian Grand Prix,R,HAM,49.0,85.888,20.107
0 days 00:00:20.118000,1218.5247222222215,-383.38837272860854,11166.557869045979,251.0,100.0,False,10507.0,7,0,3,156,2023,Italian Grand Prix,R,HAM,49.0,85.888,20.118
0 days 00:00:20.318000,1232.746944444444,-375.43514105607966,11243.393943727458,256.0,100.0,False,10735.0,7,0,3,157,2023,Italian Grand Prix,R,HAM,49.0,85.888,20.318
0 days 00:00:20.387000,1237.7200979127413,-369.0,11287.0,257.33794913470564,100.0,False,10795.781117833772,7,0,3,158,2023,Italian Grand Prix,R,HAM,49.0,85.888,20.387
0 days 00:00:20.667000,1258.2310544781988,-319.0,11592.0,262.7673129781386,100.0,False,11042.429361006867,7,0,3,159,2023,Italian Grand Prix,R,HAM,49.0,85.888,20.667
0 days 00:00:20.679000,1259.1199999999992,-317.00543397893034,11603.27194872696,263.0,100.0,False,11053.0,7,0,3,160,2023,Italian Grand Prix,R,HAM,49.0,85.888,20.679
0 days 00:00:21.159000,1295.2533333333326,-254.31482969733867,11863.552588539504,271.0,100.0,False,11244.0,7,0,3,161,2023,Italian Grand Prix,R,HAM,49.0,85.888,21.159
0 days 00:00:21.166000,1295.7868843317165,-253.0,11868.0,271.109376,100.0,False,11249.8625536,7,0,3,162,2023,Italian Grand Prix,R,HAM,49.0,85.888,21.166
0 days 00:00:21.346000,1309.5629114983292,-213.0,11998.0,273.921876,100.0,False,11400.6125536,7,0,3,163,2023,Italian Grand Prix,R,HAM,49.0,85.888,21.346
0 days 00:00:21.386000,1312.635357574029,-203.0,12027.0,274.546876,100.0,False,11434.1125536,7,0,3,164,2023,Italian Grand Prix,R,HAM,49.0,85.888,21.386
0 days 00:00:21.479000,1319.786666666666,-179.26962885419118,12094.176019704202,276.0,100.0,False,11512.0,7,0,3,165,2023,Italian Grand Prix,R,HAM,49.0,85.888,21.479
0 days 00:00:21.646000,1332.6684791650305,-134.0,12214.0,277.67000064,100.0,False,11395.0999552,7,0,3,166,2023,Italian Grand Prix,R,HAM,49.0,85.888,21.646
0 days 00:00:21.679000,1335.2311111111103,-124.3789401007637,12237.458295762637,278.0,100.0,False,11372.0,7,0,3,167,2023,Italian Grand Prix,R,HAM,49.0,85.888,21.679
0 days 00:00:21.807000,1345.2417726837973,-85.0,12328.0,280.0,100.0,False,11011.2,7,0,3,168,2023,Italian Grand Prix,R,HAM,49.0,85.888,21.807
0 days 00:00:21.999000,1360.3866666666659,-20.432374265996835,12463.997738588116,283.0,100.0,False,10470.0,8,0,3,169,2023,Italian Grand Prix,R,HAM,49.0,85.888,21.999
0 days 00:00:22.146000,1371.9959409879912,34.0,12567.0,283.81666702222225,100.0,False,10513.283352177777,8,0,3,170,2023,Italian Grand Prix,R,HAM,49.0,85.888,22.146
0 days 00:00:22.359000,1388.886666666666,119.77269226620774,12711.772078183702,285.0,100.0,False,10576.0,8,0,3,171,2023,Italian Grand Prix,R,HAM,49.0,85.888,22.359
0 days 00:00:22.367000,1389.5242127805882,123.0,12717.0,285.1,100.0,False,10579.65,8,0,3,172,2023,Italian Grand Prix,R,HAM,49.0,85.888,22.367
0 days 00:00:22.486000,1399.0352198700734,175.0,12798.0,286.5875008,100.0,False,10633.9437792,8,0,3,173,2023,Italian Grand Prix,R,HAM,49.0,85.888,22.486
0 days 00:00:22.679000,1414.5755555555547,315.33902499459094,12989.652844646618,289.0,100.0,False,10722.0,8,0,3,174,2023,Italian Grand Prix,R,HAM,49.0,85.888,22.679
0 days 00:00:22.726000,1418.3828258647825,347.0,13031.0,289.67142948571427,100.0,False,10734.253588114285,8,0,3,175,2023,Italian Grand Prix,R,HAM,49.0,85.888,22.726
0 days 00:00:22.959000,1437.3644444444437,446.6058429992063,13150.792031941068,293.0,100.0,False,10795.0,8,0,3,176,2023,Italian Grand Prix,R,HAM,49.0,85.888,22.959
0 days 00:00:23.167000,1454.3911601517302,525.0,13226.0,294.48571428571427,100.0,False,10869.285714285714,8,0,3,177,2023,Italian Grand Prix,R,HAM,49.0,85.888,23.167
0 days 00:00:23.239000,1460.3088888888883,563.7267240016531,13262.517827152964,295.0,100.0,False,10895.0,8,0,3,178,2023,Italian Grand Prix,R,HAM,49.0,85.888,23.239
0 days 00:00:23.427000,1475.8293258447284,682.0,13371.0,296.56666666666666,100.0,False,10952.966666666667,8,0,3,179,2023,Italian Grand Prix,R,HAM,49.0,85.888,23.427
0 days 00:00:23.507000,1482.4622245184794,732.0,13414.0,297.23333333333335,100.0,False,10977.633333333333,8,0,3,180,2023,Italian Grand Prix,R,HAM,49.0,85.888,23.507
0 days 00:00:23.599000,1490.1088888888883,791.0283598541154,13462.253375806677,298.0,100.0,False,11006.0,8,0,3,181,2023,Italian Grand Prix,R,HAM,49.0,85.888,23.599
0 days 00:00:23.846000,1510.7361751621995,957.0,13586.0,299.85250048,100.0,False,11046.1375104,8,0,3,182,2023,Italian Grand Prix,R,HAM,49.0,85.888,23.846
0 days 00:00:23.999000,1523.5533333333326,1062.4021773580037,13657.363124585067,301.0,100.0,False,11071.0,8,0,3,183,2023,Italian Grand Prix,R,HAM,49.0,85.888,23.999
0 days 00:00:24.007000,1524.223881548324,1068.0,13661.0,301.05031444515646,100.0,False,11075.830186735018,8,0,3,184,2023,Italian Grand Prix,R,HAM,49.0,85.888,24.007
0 days 00:00:24.158000,1536.8916666666662,1175.5003078898876,13727.997949943192,302.0,100.0,False,11167.0,8,0,3,185,2023,Italian Grand Prix,R,HAM,49.0,85.888,24.158
0 days 00:00:24.207000,1541.0107371277948,1211.0,13749.0,302.3062496,100.0,False,11192.7249664,8,0,3,186,2023,Italian Grand Prix,R,HAM,49.0,85.888,24.207
0 days 00:00:24.318000,1550.358333333333,1292.4261793438243,13795.177588579465,303.0,100.0,False,11251.0,8,0,3,187,2023,Italian Grand Prix,R,HAM,49.0,85.888,24.318
0 days 00:00:24.367000,1554.491699398486,1329.0,13815.0,303.27222186666665,100.0,False,11254.538884266667,8,0,3,188,2023,Italian Grand Prix,R,HAM,49.0,85.888,24.367
0 days 00:00:24.547000,1569.7143919469045,1464.0,13884.0,304.27222186666665,100.0,False,11267.538884266667,8,0,3,189,2023,Italian Grand Prix,R,HAM,49.0,85.888,24.547
0 days 00:00:24.678000,1580.858333333333,1552.103803675705,13926.999790968515,305.0,100.0,False,11277.0,8,0,3,190,2023,Italian Grand Prix,R,HAM,49.0,85.888,24.678
0 days 00:00:24.867000,1597.0521876159746,1713.0,13994.0,306.88999936,100.0,False,11319.05248576,8,0,3,191,2023,Italian Grand Prix,R,HAM,49.0,85.888,24.867
0 days 00:00:25.078000,1615.1916666666662,1993.833535466706,14092.900158173119,309.0,100.0,False,11366.0,8,0,3,192,2023,Italian Grand Prix,R,HAM,49.0,85.888,25.078
0 days 00:00:25.087000,1615.9641820825827,2003.0,14096.0,309.0,100.0,False,11367.0968672,8,0,3,193,2023,Italian Grand Prix,R,HAM,49.0,85.888,25.087
0 days 00:00:25.398000,1642.6583333333328,2150.394881470747,14137.626071242394,309.0,100.0,False,11405.0,8,0,3,194,2023,Italian Grand Prix,R,HAM,49.0,85.888,25.398
0 days 00:00:25.427000,1645.1596541558372,2169.0,14142.0,309.3624992,100.0,False,11412.6124832,8,0,3,195,2023,Italian Grand Prix,R,HAM,49.0,85.888,25.427
0 days 00:00:25.558000,1656.4805555555552,2279.977187991527,14168.38278484483,311.0,100.0,False,11447.0,8,0,3,196,2023,Italian Grand Prix,R,HAM,49.0,85.888,25.558
0 days 00:00:25.566000,1657.171656027312,2287.0,14170.0,311.0,100.0,False,11447.566666666668,8,0,3,197,2023,Italian Grand Prix,R,HAM,49.0,85.888,25.566
0 days 00:00:25.798000,1677.2138888888883,2480.069424280462,14209.997233030374,311.0,100.0,False,11464.0,8,0,3,198,2023,Italian Grand Prix,R,HAM,49.0,85.888,25.798
0 days 00:00:25.866000,1683.1132497128917,2542.0,14221.0,311.56666666666666,100.0,False,11479.583333333334,8,0,3,199,2023,Italian Grand Prix,R,HAM,49.0,85.888,25.866
0 days 00:00:26.038000,1698.080555555555,2717.0465205263554,14249.118425801555,313.0,100.0,False,11519.0,8,0,3,200,2023,Italian Grand Prix,R,HAM,49.0,85.888,26.038
0 days 00:00:26.106000,1704.0017803040198,2782.0,14259.0,313.14166666666665,100.0,False,11532.6,8,0,3,201,2023,Italian Grand Prix,R,HAM,49.0,85.888,26.106
0 days 00:00:26.446000,1733.6481175980014,3041.0,14295.0,313.85,100.0,False,11600.6,8,0,3,202,2023,Italian Grand Prix,R,HAM,49.0,85.888,26.446
0 days 00:00:26.518000,1739.9472222222219,3099.035847292006,14302.110860070814,314.0,100.0,False,11615.0,8,0,3,203,2023,Italian Grand Prix,R,HAM,49.0,85.888,26.518
0 days 00:00:26.647000,1751.255446591846,3215.0,14315.0,314.7166663111111,100.0,False,11623.599995733333,8,0,3,204,2023,Italian Grand Prix,R,HAM,49.0,85.888,26.647
0 days 00:00:26.878000,1771.5472222222218,3465.7500786137193,14337.184338541329,316.0,100.0,False,11639.0,8,0,3,205,2023,Italian Grand Prix,R,HAM,49.0,85.888,26.878
0 days 00:00:26.927000,1775.8513670683494,3512.0,14341.0,316.0,100.0,False,11635.7333376,8,0,3,206,2023,Italian Grand Prix,R,HAM,49.0,85.888,26.927
0 days 00:00:27.118000,1792.6138888888884,3647.8110847201897,14351.901741121177,316.0,100.0,False,11623.0,8,0,3,207,2023,Italian Grand Prix,R,HAM,49.0,85.888,27.118
0 days 00:00:27.226000,1802.0654979215426,3722.0,14358.0,315.3291922799274,100.0,False,11627.024846320435,8,0,3,208,2023,Italian Grand Prix,R,HAM,49.0,85.888,27.226
0 days 00:00:27.279000,1806.7013888888885,3762.9204220855245,14361.469885386163,315.0,100.0,False,11629.0,8,0,3,209,2023,Italian Grand Prix,R,HAM,49.0,85.888,27.279
0 days 00:00:27.467000,1823.150398915484,3931.0,14376.0,315.0,100.0,False,11607.85,8,0,3,210,2023,Italian Grand Prix,R,HAM,49.0,85.888,27.467
0 days 00:00:27.519000,1827.7013888888882,3983.2909074936006,14380.47576639546,315.0,100.0,False,11602.0,8,0,3,211,2023,Italian Grand Prix,R,HAM,49.0,85.888,27.519
0 days 00:00:27.759000,1848.7013888888885,4233.649147682421,14401.41013071694,315.0,100.0,False,11550.0,8,0,3,212,2023,Italian Grand Prix,R,HAM,49.0,85.888,27.759
0 days 00:00:27.767000,1849.4003784837828,4241.0,14402.0,314.95,100.0,False,11548.35,8,0,3,213,2023,Italian Grand Prix,R,HAM,49.0,85.888,27.767
0 days 00:00:27.919000,1862.656944444444,4363.989900203138,14411.468649745726,314.0,100.0,False,11517.0,8,0,3,214,2023,Italian Grand Prix,R,HAM,49.0,85.888,27.919
0 days 00:00:28.106000,1878.8674234931264,4502.0,14421.0,312.44166613333334,100.0,False,11471.808317866667,8,0,3,215,2023,Italian Grand Prix,R,HAM,49.0,85.888,28.106
0 days 00:00:28.159000,1883.456944444444,4545.65876629014,14423.85383313496,312.0,100.0,False,11459.0,8,0,3,216,2023,Italian Grand Prix,R,HAM,49.0,85.888,28.159
0 days 00:00:28.307000,1896.2815044555418,4675.0,14432.0,312.0,100.0,False,11472.566666666668,8,0,3,217,2023,Italian Grand Prix,R,HAM,49.0,85.888,28.307
0 days 00:00:28.399000,1904.2569444444441,4756.458848496936,14436.938613025315,312.0,100.0,False,11481.0,8,0,3,218,2023,Italian Grand Prix,R,HAM,49.0,85.888,28.399
0 days 00:00:28.607000,1922.2891566353933,4935.0,14447.0,312.0,100.0,False,11474.314285714287,8,0,3,219,2023,Italian Grand Prix,R,HAM,49.0,85.888,28.607
0 days 00:00:28.679000,1928.5236111111105,4991.192898360376,14449.775239038223,312.0,100.0,False,11472.0,8,0,3,220,2023,Italian Grand Prix,R,HAM,49.0,85.888,28.679
0 days 00:00:28.807000,1939.591373598068,5107.0,14455.0,311.36,100.0,False,11429.76,8,0,3,221,2023,Italian Grand Prix,R,HAM,49.0,85.888,28.807
0 days 00:00:28.879000,1945.8013888888886,5200.683611132681,14459.130794985631,311.0,100.0,False,11406.0,8,0,3,222,2023,Italian Grand Prix,R,HAM,49.0,85.888,28.879
0 days 00:00:28.966000,1953.2857911021656,5314.0,14464.0,310.68928548571427,100.0,False,11405.067856457143,8,0,3,223,2023,Italian Grand Prix,R,HAM,49.0,85.888,28.966
0 days 00:00:29.159000,1969.9124999999995,5441.447996104118,14468.581838926892,310.0,100.0,False,11403.0,8,0,3,224,2023,Italian Grand Prix,R,HAM,49.0,85.888,29.159
0 days 00:00:29.266000,1979.2398610656087,5503.0,14471.0,310.0,100.0,False,11402.235713828572,8,0,3,225,2023,Italian Grand Prix,R,HAM,49.0,85.888,29.266
0 days 00:00:29.439000,1994.0236111111108,5649.317364183529,14477.868240466301,310.0,100.0,True,11401.0,8,0,3,226,2023,Italian Grand Prix,R,HAM,49.0,85.888,29.439
0 days 00:00:29.467000,1996.3050973645763,5675.0,14479.0,307.13,93.0,True,11280.95,8,0,3,227,2023,Italian Grand Prix,R,HAM,49.0,85.888,29.467
0 days 00:00:29.806000,2021.6180485833445,5981.0,14490.0,272.38249344,8.249983999999998,True,9827.4872256,8,0,3,228,2023,Italian Grand Prix,R,HAM,49.0,85.888,29.806
0 days 00:00:29.839000,2023.9124999999995,6007.415188021301,14490.875747368174,269.0,0.0,True,9686.0,8,0,3,229,2023,Italian Grand Prix,R,HAM,49.0,85.888,29.839
0 days 00:00:29.999000,2034.6236111111107,6123.95173316418,14494.706977490332,241.0,0.0,True,8939.0,8,0,3,230,2023,Italian Grand Prix,R,HAM,49.0,85.888,29.999
0 days 00:00:30.199000,2046.623611111111,6239.172074768958,14498.842836491447,216.0,0.0,True,8986.0,7,0,3,231,2023,Italian Grand Prix,R,HAM,49.0,85.888,30.199
0 days 00:00:30.207000,2047.0660266787856,6243.0,14499.0,215.14,0.0,True,8986.9,7,0,3,232,2023,Italian Grand Prix,R,HAM,49.0,85.888,30.207
0 days 00:00:30.527000,2062.6171026808242,6364.0,14506.0,180.74,0.0,True,9022.9,7,0,3,233,2023,Italian Grand Prix,R,HAM,49.0,85.888,30.527
0 days 00:00:30.599000,2065.845833333333,6393.027704220396,14508.517834132805,173.0,0.0,True,9031.0,7,0,3,234,2023,Italian Grand Prix,R,HAM,49.0,85.888,30.599
0 days 00:00:30.759000,2072.8236111111105,6463.171561257954,14515.794706278419,157.0,0.0,True,9170.0,7,0,3,235,2023,Italian Grand Prix,R,HAM,49.0,85.888,30.759
0 days 00:00:30.847000,2076.4154078165916,6500.0,14521.0,151.47698892666406,0.0,True,8949.815958543008,7,0,3,236,2023,Italian Grand Prix,R,HAM,49.0,85.888,30.847
0 days 00:00:30.998000,2082.2508333333326,6557.977703501758,14532.032970798666,142.0,0.0,True,8572.0,5,0,3,237,2023,Italian Grand Prix,R,HAM,49.0,85.888,30.998
0 days 00:00:31.067000,2084.8595013826043,6583.0,14538.0,139.4125024,0.0,True,8334.81272,5,0,3,238,2023,Italian Grand Prix,R,HAM,49.0,85.888,31.067
0 days 00:00:31.238000,2091.1174999999994,6642.238532351654,14555.286996168632,133.0,0.0,True,7747.0,4,0,3,239,2023,Italian Grand Prix,R,HAM,49.0,85.888,31.238
0 days 00:00:31.307000,2093.5174939563167,6665.0,14563.0,129.83750293333333,0.0,True,7610.437626666667,4,0,3,240,2023,Italian Grand Prix,R,HAM,49.0,85.888,31.307
0 days 00:00:31.466000,2098.8506283364104,6715.0,14582.0,122.55,0.0,True,7295.75,4,0,3,241,2023,Italian Grand Prix,R,HAM,49.0,85.888,31.466
0 days 00:00:31.478000,2099.2508333333326,6718.6500680057015,14583.497053322355,122.0,0.0,True,7272.0,4,0,3,242,2023,Italian Grand Prix,R,HAM,49.0,85.888,31.478
0 days 00:00:31.567000,2102.21488944283,6745.0,14595.0,120.3312512,0.0,True,7107.3501184,4,0,3,243,2023,Italian Grand Prix,R,HAM,49.0,85.888,31.567
0 days 00:00:31.638000,2104.5397222222214,6764.546283519637,14605.04804054449,119.0,0.0,True,6976.0,4,0,3,244,2023,Italian Grand Prix,R,HAM,49.0,85.888,31.638
0 days 00:00:31.766000,2108.577811985638,6797.0,14625.0,115.26666666666667,0.0,True,6887.466666666666,4,0,3,245,2023,Italian Grand Prix,R,HAM,49.0,85.888,31.766
0 days 00:00:31.878000,2112.006388888888,6823.6274103906435,14643.989241106767,112.0,0.0,False,6810.0,4,0,3,246,2023,Italian Grand Prix,R,HAM,49.0,85.888,31.878
0 days 00:00:32.026000,2116.459135652201,6855.0,14672.0,109.35714285714286,0.0,False,6810.0,4,0,3,247,2023,Italian Grand Prix,R,HAM,49.0,85.888,32.026
0 days 00:00:32.158000,2120.32861111111,6877.74781638313,14700.694737190881,107.0,0.0,False,6810.0,4,0,3,248,2023,Italian Grand Prix,R,HAM,49.0,85.888,32.158
0 days 00:00:32.206000,2121.7061712882683,6885.0,14712.0,106.0,2.4,False,6768.0,4,0,3,249,2023,Italian Grand Prix,R,HAM,49.0,85.888,32.206
0 days 00:00:32.398000,2127.1286111111103,6909.898940914352,14761.688009531614,102.0,12.0,False,6600.0,4,0,3,250,2023,Italian Grand Prix,R,HAM,49.0,85.888,32.398
0 days 00:00:32.446000,2128.494309273288,6916.0,14775.0,102.4,13.6,False,6600.0,4,0,3,251,2023,Italian Grand Prix,R,HAM,49.0,85.888,32.446
0 days 00:00:32.638000,2134.0619444444437,6941.871384541588,14829.818602706844,104.0,20.0,False,6600.0,4,0,3,252,2023,Italian Grand Prix,R,HAM,49.0,85.888,32.638
0 days 00:00:32.646000,2134.299989321907,6943.0,14832.0,104.15555555555555,20.355555555555554,False,6611.666666666667,4,0,3,253,2023,Italian Grand Prix,R,HAM,49.0,85.888,32.646
0 days 00:00:32.806000,2139.1726290611264,6967.0,14873.0,107.26666666666667,27.46666666666667,False,6845.0,4,0,3,254,2023,Italian Grand Prix,R,HAM,49.0,85.888,32.806
0 days 00:00:32.998000,2145.1619444444436,7003.213737116003,14917.882209069274,111.0,36.0,False,7125.0,4,0,3,255,2023,Italian Grand Prix,R,HAM,49.0,85.888,32.998
0 days 00:00:33.086000,2147.904200760438,7022.0,14937.0,111.44,28.52,False,7127.2,4,0,3,256,2023,Italian Grand Prix,R,HAM,49.0,85.888,33.086
0 days 00:00:33.198000,2151.384166666666,7047.471601231342,14959.99634213396,112.0,19.0,False,7130.0,4,0,3,257,2023,Italian Grand Prix,R,HAM,49.0,85.888,33.198
0 days 00:00:33.346000,2155.9491807371915,7084.0,14988.0,111.075,8.825,False,7139.25,4,0,3,258,2023,Italian Grand Prix,R,HAM,49.0,85.888,33.346
0 days 00:00:33.358000,2156.317499999999,7087.116532926528,14990.145980172127,111.0,8.0,False,7140.0,4,0,3,259,2023,Italian Grand Prix,R,HAM,49.0,85.888,33.358
0 days 00:00:33.546000,2162.0618440068065,7137.0,15021.0,110.06,22.1,False,7132.48,4,0,3,260,2023,Italian Grand Prix,R,HAM,49.0,85.888,33.546
0 days 00:00:33.558000,2162.4286111111105,7140.000772394542,15022.751796978331,110.0,23.0,False,7132.0,4,0,3,261,2023,Italian Grand Prix,R,HAM,49.0,85.888,33.558
0 days 00:00:33.766000,2168.825792796135,7197.0,15052.0,110.86307076861631,36.809132297860856,False,7427.170202866776,4,0,3,262,2023,Italian Grand Prix,R,HAM,49.0,85.888,33.766
0 days 00:00:33.799000,2169.859444444444,7210.608586920476,15057.639787596661,111.0,39.0,False,7474.0,4,0,3,263,2023,Italian Grand Prix,R,HAM,49.0,85.888,33.799
0 days 00:00:33.959000,2174.970555555555,7288.899219446628,15087.048385157988,115.0,52.0,False,7618.0,4,0,3,264,2023,Italian Grand Prix,R,HAM,49.0,85.888,33.959
0 days 00:00:33.987000,2175.883088590535,7300.0,15091.0,115.56,53.54,False,7677.22,4,0,3,265,2023,Italian Grand Prix,R,HAM,49.0,85.888,33.987
0 days 00:00:34.159000,2181.581666666666,7340.63524137095,15103.988121385817,119.0,63.0,False,8041.0,4,0,3,266,2023,Italian Grand Prix,R,HAM,49.0,85.888,34.159
0 days 00:00:34.319000,2187.0038888888885,7370.129076627794,15110.567420005911,122.0,63.0,False,8461.0,4,0,3,267,2023,Italian Grand Prix,R,HAM,49.0,85.888,34.319
0 days 00:00:34.326000,2187.251583936758,7372.0,15111.0,122.29166933333333,63.3062528,False,8480.6001792,4,0,3,268,2023,Italian Grand Prix,R,HAM,49.0,85.888,34.326
0 days 00:00:34.547000,2195.653565829457,7450.0,15129.0,131.5,72.975,False,9099.4,4,0,3,269,2023,Italian Grand Prix,R,HAM,49.0,85.888,34.547
0 days 00:00:34.686000,2201.327412503817,7503.0,15140.0,137.29166933333335,79.0562528,False,9488.6001792,4,0,3,270,2023,Italian Grand Prix,R,HAM,49.0,85.888,34.686
0 days 00:00:34.799000,2205.937222222222,7547.146697546207,15148.348655193082,142.0,84.0,False,9805.0,4,0,3,271,2023,Italian Grand Prix,R,HAM,49.0,85.888,34.799
0 days 00:00:34.906000,2210.2988740035007,7590.0,15156.0,145.1208352,87.1208352,False,10366.750336,4,0,3,272,2023,Italian Grand Prix,R,HAM,49.0,85.888,34.906
0 days 00:00:35.039000,2215.8705555555553,7644.752242580691,15165.46492983021,149.0,91.0,False,11065.0,4,0,3,273,2023,Italian Grand Prix,R,HAM,49.0,85.888,35.039
0 days 00:00:35.087000,2217.9728751307566,7665.0,15169.0,151.55,92.35,False,11154.1,4,0,3,274,2023,Italian Grand Prix,R,HAM,49.0,85.888,35.087
0 days 00:00:35.286000,2227.155930517611,7752.0,15185.0,162.1218784,97.9468768,False,11523.4938688,4,0,3,275,2023,Italian Grand Prix,R,HAM,49.0,85.888,35.286
0 days 00:00:35.359000,2230.6261111111107,7785.189568218537,15191.721300804978,166.0,100.0,False,11659.0,4,0,3,276,2023,Italian Grand Prix,R,HAM,49.0,85.888,35.359
0 days 00:00:35.559000,2240.348333333333,7879.128567543367,15212.795248481507,175.0,100.0,False,12359.0,4,0,3,277,2023,Italian Grand Prix,R,HAM,49.0,85.888,35.559
0 days 00:00:35.667000,2245.786089512566,7930.0,15226.0,179.32,100.0,False,11603.0,4,0,3,278,2023,Italian Grand Prix,R,HAM,49.0,85.888,35.667
0 days 00:00:35.759000,2250.515,7975.037166888139,15238.833527883593,183.0,100.0,False,10959.0,5,0,3,279,2023,Italian Grand Prix,R,HAM,49.0,85.888,35.759
0 days 00:00:35.766000,2250.8779692900803,7979.0,15240.0,183.20000182857143,100.0,False,10941.8498432,5,0,3,280,2023,Italian Grand Prix,R,HAM,49.0,85.888,35.766
0 days 00:00:36.039000,2265.3705555555557,8180.017786891757,15301.394965686819,191.0,100.0,False,10273.0,5,0,3,281,2023,Italian Grand Prix,R,HAM,49.0,85.888,36.039
0 days 00:00:36.066000,2266.837114053478,8195.0,15306.0,192.1812528,100.0,False,10432.9753792,5,0,3,282,2023,Italian Grand Prix,R,HAM,49.0,85.888,36.066
0 days 00:00:36.199000,2274.1705555555554,8242.487709239107,15320.515800986044,198.0,100.0,False,11221.0,5,0,3,283,2023,Italian Grand Prix,R,HAM,49.0,85.888,36.199
0 days 00:00:36.346000,2282.5864199866805,8283.0,15333.0,202.67727476363638,100.0,False,11358.311423418181,5,0,3,284,2023,Italian Grand Prix,R,HAM,49.0,85.888,36.346
0 days 00:00:36.639000,2300.081666666667,8447.075420439967,15385.070955817717,212.0,100.0,False,11632.0,5,0,3,285,2023,Italian Grand Prix,R,HAM,49.0,85.888,36.639
0 days 00:00:36.707000,2304.195023284817,8486.0,15398.0,214.975,100.0,False,11513.0,5,0,3,286,2023,Italian Grand Prix,R,HAM,49.0,85.888,36.707
0 days 00:00:36.799000,2309.815,8534.788345992132,15414.766961963534,219.0,100.0,False,11352.0,6,0,3,287,2023,Italian Grand Prix,R,HAM,49.0,85.888,36.799
0 days 00:00:36.866000,2313.972911984297,8579.0,15431.0,220.8843768,100.0,False,11277.4624288,6,0,3,288,2023,Italian Grand Prix,R,HAM,49.0,85.888,36.866
0 days 00:00:37.087000,2328.0217331158165,8792.0,15514.0,227.1,100.0,False,11031.6,6,0,3,289,2023,Italian Grand Prix,R,HAM,49.0,85.888,37.087
0 days 00:00:37.119000,2330.081666666667,8816.56651887973,15523.64925223297,228.0,100.0,False,10996.0,6,0,3,290,2023,Italian Grand Prix,R,HAM,49.0,85.888,37.119
0 days 00:00:37.439000,2350.9705555555556,8937.11284306551,15570.460627844966,235.0,100.0,False,11228.0,6,0,3,291,2023,Italian Grand Prix,R,HAM,49.0,85.888,37.439
0 days 00:00:37.527000,2356.8017530839534,8976.0,15585.0,236.3793100681008,100.0,False,11260.8275796208,6,0,3,292,2023,Italian Grand Prix,R,HAM,49.0,85.888,37.527
0 days 00:00:37.746000,2371.433403545243,9113.0,15635.0,239.8119122634408,100.0,False,11342.523511869891,6,0,3,293,2023,Italian Grand Prix,R,HAM,49.0,85.888,37.746
0 days 00:00:37.758000,2372.2372222222225,9120.710293598298,15637.668151428283,240.0,100.0,False,11347.0,6,0,3,294,2023,Italian Grand Prix,R,HAM,49.0,85.888,37.758
0 days 00:00:37.887000,2380.890608288287,9202.0,15665.0,241.28999936,100.0,False,11434.71995648,6,0,3,295,2023,Italian Grand Prix,R,HAM,49.0,85.888,37.887
0 days 00:00:37.958000,2385.681666666667,9247.089602462376,15680.388243662032,242.0,100.0,False,11483.0,6,0,3,296,2023,Italian Grand Prix,R,HAM,49.0,85.888,37.958
0 days 00:00:38.087000,2394.4608412227667,9330.0,15709.0,243.6124992,100.0,False,11553.9499648,6,0,3,297,2023,Italian Grand Prix,R,HAM,49.0,85.888,38.087
0 days 00:00:38.198000,2402.0150000000003,9401.903648915115,15733.448642440006,245.0,100.0,False,11615.0,6,0,3,298,2023,Italian Grand Prix,R,HAM,49.0,85.888,38.198
0 days 00:00:38.326000,2410.64898039339,9485.0,15761.0,242.76,70.24000000000001,False,11357.4,6,0,3,299,2023,Italian Grand Prix,R,HAM,49.0,85.888,38.326
0 days 00:00:38.507000,2422.639014628968,9600.0,15798.0,239.59250112,28.157514879999994,False,10993.1376288,6,0,3,300,2023,Italian Grand Prix,R,HAM,49.0,85.888,38.507
0 days 00:00:38.598000,2428.4594444444447,9652.728438800803,15815.831899217468,238.0,7.0,True,10810.0,6,0,3,301,2023,Italian Grand Prix,R,HAM,49.0,85.888,38.598
0 days 00:00:38.766000,2438.8049886933622,9764.0,15847.0,224.7,4.9,True,10114.2,6,0,3,302,2023,Italian Grand Prix,R,HAM,49.0,85.888,38.766
0 days 00:00:38.838000,2443.0594444444446,9831.8454455468,15859.399976821427,219.0,4.0,True,9816.0,6,0,3,303,2023,Italian Grand Prix,R,HAM,49.0,85.888,38.838
0 days 00:00:39.006000,2452.538992769818,9994.0,15882.0,209.2,4.466666666666667,True,10051.2,6,0,3,304,2023,Italian Grand Prix,R,HAM,49.0,85.888,39.006
0 days 00:00:39.198000,2462.8594444444448,10057.23555210037,15885.489065703872,198.0,5.0,True,10320.0,5,0,3,305,2023,Italian Grand Prix,R,HAM,49.0,85.888,39.198
0 days 00:00:39.326000,2469.5996774528994,10090.0,15881.0,190.8,6.6,True,10027.2,5,0,3,306,2023,Italian Grand Prix,R,HAM,49.0,85.888,39.326
0 days 00:00:39.358000,2471.2594444444444,10103.234620547973,15879.65458289026,189.0,7.0,True,9954.0,5,0,3,307,2023,Italian Grand Prix,R,HAM,49.0,85.888,39.358
0 days 00:00:39.486000,2477.781749812074,10171.0,15872.0,185.4,8.2,True,9745.2,5,0,3,308,2023,Italian Grand Prix,R,HAM,49.0,85.888,39.486
0 days 00:00:39.678000,2487.2594444444444,10284.391589558094,15845.489870769028,180.0,10.0,False,9432.0,5,0,3,309,2023,Italian Grand Prix,R,HAM,49.0,85.888,39.678
0 days 00:00:39.826000,2494.3646923718297,10360.0,15821.0,175.77142857142857,11.057142857142857,False,9432.0,5,0,3,310,2023,Italian Grand Prix,R,HAM,49.0,85.888,39.826
0 days 00:00:39.958000,2500.637222222222,10407.49406049718,15801.425290804586,172.0,12.0,False,9432.0,5,0,3,311,2023,Italian Grand Prix,R,HAM,49.0,85.888,39.958
0 days 00:00:40.106000,2507.675453650088,10454.0,15776.0,171.26,25.32,False,9230.72,5,0,3,312,2023,Italian Grand Prix,R,HAM,49.0,85.888,40.106
0 days 00:00:40.158000,2510.137222222222,10472.99525165818,15764.517291925778,171.0,30.0,False,9160.0,5,0,3,313,2023,Italian Grand Prix,R,HAM,49.0,85.888,40.158
0 days 00:00:40.366000,2519.9045395968733,10556.0,15708.0,169.27385846276738,39.49377845477934,False,9261.842350696725,5,0,3,314,2023,Italian Grand Prix,R,HAM,49.0,85.888,40.366
0 days 00:00:40.399000,2521.4508333333333,10568.369733133954,15698.197639334085,169.0,41.0,False,9278.0,5,0,3,315,2023,Italian Grand Prix,R,HAM,49.0,85.888,40.399
0 days 00:00:40.586000,2530.2270535883677,10633.0,15639.0,169.0,52.22000384,False,9414.510046719999,5,0,3,316,2023,Italian Grand Prix,R,HAM,49.0,85.888,40.586
0 days 00:00:40.599000,2530.839722222222,10637.230092100715,15634.638946016958,169.0,53.0,False,9424.0,5,0,3,317,2023,Italian Grand Prix,R,HAM,49.0,85.888,40.599
0 days 00:00:40.746000,2537.7982117385145,10683.0,15583.0,170.00227316363637,57.009092654545455,False,9517.545495272727,5,0,3,318,2023,Italian Grand Prix,R,HAM,49.0,85.888,40.746
0 days 00:00:40.926000,2546.4016044630102,10734.0,15514.0,171.2295458909091,61.91818356363636,False,9632.090949818183,5,0,3,319,2023,Italian Grand Prix,R,HAM,49.0,85.888,40.926
0 days 00:00:41.039000,2551.8619444444444,10761.89142657506,15468.618447278443,172.0,65.0,False,9704.0,5,0,3,320,2023,Italian Grand Prix,R,HAM,49.0,85.888,41.039
0 days 00:00:41.246000,2561.9761810997506,10807.0,15376.0,175.45000106666666,70.1750016,False,9859.250048,5,0,3,321,2023,Italian Grand Prix,R,HAM,49.0,85.888,41.246
0 days 00:00:41.279000,2563.595277777778,10813.976967196466,15359.065532088409,176.0,71.0,False,9884.0,5,0,3,322,2023,Italian Grand Prix,R,HAM,49.0,85.888,41.279
0 days 00:00:41.479000,2573.4841666666666,10853.61220437261,15248.636175204956,178.0,72.0,False,9884.0,5,0,3,323,2023,Italian Grand Prix,R,HAM,49.0,85.888,41.479
0 days 00:00:41.526000,2575.864864176207,10861.0,15225.0,179.64500224,74.3500032,False,10004.32016384,5,0,3,324,2023,Italian Grand Prix,R,HAM,49.0,85.888,41.526
0 days 00:00:41.679000,2583.7619444444445,10878.679523011058,15158.511264434954,185.0,82.0,False,10396.0,5,0,3,325,2023,Italian Grand Prix,R,HAM,49.0,85.888,41.679
0 days 00:00:41.806000,2590.407737230206,10890.0,15103.0,187.54000128,85.81000192,False,10648.09512704,5,0,3,326,2023,Italian Grand Prix,R,HAM,49.0,85.888,41.806
0 days 00:00:41.879000,2594.2619444444445,10896.545762331949,15066.597675445271,189.0,88.0,False,10793.0,5,0,3,327,2023,Italian Grand Prix,R,HAM,49.0,85.888,41.879
0 days 00:00:42.046000,2603.176592355706,10911.0,14976.0,191.982144,95.1571456,False,10890.2178944,5,0,3,328,2023,Italian Grand Prix,R,HAM,49.0,85.888,42.046
0 days 00:00:42.159000,2609.3508333333334,10919.573749622883,14915.287676794496,194.0,100.0,False,10956.0,5,0,3,329,2023,Italian Grand Prix,R,HAM,49.0,85.888,42.159
0 days 00:00:42.207000,2612.020117235659,10923.0,14889.0,195.88571428571427,100.0,False,11026.457142857143,5,0,3,330,2023,Italian Grand Prix,R,HAM,49.0,85.888,42.207
0 days 00:00:42.386000,2622.212349997639,10935.0,14787.0,202.91785965714286,100.0,False,11289.203665371428,5,0,3,331,2023,Italian Grand Prix,R,HAM,49.0,85.888,42.386
0 days 00:00:42.439000,2625.2952777777778,10938.379586426052,14756.546447481558,205.0,100.0,False,11367.0,5,0,3,332,2023,Italian Grand Prix,R,HAM,49.0,85.888,42.439
0 days 00:00:42.759000,2644.4952777777776,10955.200669338432,14569.342416428397,216.0,100.0,False,11964.0,5,0,3,333,2023,Italian Grand Prix,R,HAM,49.0,85.888,42.759
0 days 00:00:42.787000,2646.2181189387375,10956.0,14552.0,216.7875,100.0,False,11861.45,5,0,3,334,2023,Italian Grand Prix,R,HAM,49.0,85.888,42.787
0 days 00:00:42.826000,2648.628727923485,10957.0,14527.0,217.8843768,100.0,False,11718.6122656,5,0,3,335,2023,Italian Grand Prix,R,HAM,49.0,85.888,42.826
0 days 00:00:43.079000,2664.4952777777776,10973.390567214894,14289.515450600427,225.0,100.0,False,10792.0,6,0,3,336,2023,Italian Grand Prix,R,HAM,49.0,85.888,43.079
0 days 00:00:43.126000,2667.4624926992547,10976.0,14254.0,225.5875008,100.0,False,10810.9958592,6,0,3,337,2023,Italian Grand Prix,R,HAM,49.0,85.888,43.126
0 days 00:00:43.319000,2679.695277777778,10981.11583386307,14176.272276016602,228.0,100.0,False,10889.0,6,0,3,338,2023,Italian Grand Prix,R,HAM,49.0,85.888,43.319
0 days 00:00:43.466000,2689.0692535995813,10984.0,14127.0,229.47000064,100.0,False,10944.125024,6,0,3,339,2023,Italian Grand Prix,R,HAM,49.0,85.888,43.466
0 days 00:00:43.519000,2692.473055555555,10985.682181056245,14100.510051606961,230.0,100.0,False,10964.0,6,0,3,340,2023,Italian Grand Prix,R,HAM,49.0,85.888,43.519
0 days 00:00:43.759000,2708.073055555555,10997.161115824756,13938.816536070759,234.0,100.0,False,11107.0,6,0,3,341,2023,Italian Grand Prix,R,HAM,49.0,85.888,43.759
0 days 00:00:43.807000,2711.220025768179,11000.0,13907.0,234.72,100.0,False,11125.48,6,0,3,342,2023,Italian Grand Prix,R,HAM,49.0,85.888,43.807
0 days 00:00:43.887000,2716.4826034749467,11005.0,13856.0,235.92,100.0,False,11156.28,6,0,3,343,2023,Italian Grand Prix,R,HAM,49.0,85.888,43.887
0 days 00:00:43.959000,2721.239722222222,11009.40067725953,13809.541031443183,237.0,100.0,False,11184.0,6,0,3,344,2023,Italian Grand Prix,R,HAM,49.0,85.888,43.959
0 days 00:00:44.187000,2736.4348743307332,11023.0,13658.0,239.85,100.0,False,11350.25,6,0,3,345,2023,Italian Grand Prix,R,HAM,49.0,85.888,44.187
0 days 00:00:44.199000,2737.2397222222216,11023.75396413426,13649.997124891299,240.0,100.0,False,11359.0,6,0,3,346,2023,Italian Grand Prix,R,HAM,49.0,85.888,44.199
0 days 00:00:44.438000,2753.239444444444,11039.415432985708,13490.955777321535,241.0,100.0,False,11425.0,6,0,3,347,2023,Italian Grand Prix,R,HAM,49.0,85.888,44.438
0 days 00:00:44.447000,2753.830028001813,11040.0,13485.0,240.5500032,96.625024,False,11386.6377728,6,0,3,348,2023,Italian Grand Prix,R,HAM,49.0,85.888,44.447
0 days 00:00:44.607000,2764.1141852963124,11050.0,13380.0,232.5500032,36.625023999999996,False,10704.6377728,6,0,3,349,2023,Italian Grand Prix,R,HAM,49.0,85.888,44.607
0 days 00:00:44.678000,2768.5061111111104,11053.94233985712,13334.498725484358,229.0,10.0,True,10402.0,6,0,3,350,2023,Italian Grand Prix,R,HAM,49.0,85.888,44.678
0 days 00:00:44.807000,2776.1780895579277,11060.0,13255.0,217.39000576,3.5500032,True,9757.00032,6,0,3,351,2023,Italian Grand Prix,R,HAM,49.0,85.888,44.807
0 days 00:00:44.878000,2780.2283333333326,11062.555199466608,13213.948419371283,211.0,0.0,True,9402.0,6,0,3,352,2023,Italian Grand Prix,R,HAM,49.0,85.888,44.878
0 days 00:00:44.927000,2782.951388358981,11064.0,13186.0,207.3250048,0.0,True,9560.0247936,6,0,3,353,2023,Italian Grand Prix,R,HAM,49.0,85.888,44.927
0 days 00:00:45.118000,2793.0949999999993,11066.988326323988,13077.358571369587,193.0,0.0,True,10176.0,6,0,3,354,2023,Italian Grand Prix,R,HAM,49.0,85.888,45.118
0 days 00:00:45.126000,2793.509136409278,11067.0,13073.0,192.5,0.0,True,10176.0,6,0,3,355,2023,Italian Grand Prix,R,HAM,49.0,85.888,45.126
0 days 00:00:45.278000,2801.2283333333326,11065.214870612635,12994.00873005247,183.0,0.0,True,10176.0,5,0,3,356,2023,Italian Grand Prix,R,HAM,49.0,85.888,45.278
0 days 00:00:45.286000,2801.626103005312,11065.0,12990.0,182.75,0.049999999999999996,True,10147.35,5,0,3,357,2023,Italian Grand Prix,R,HAM,49.0,85.888,45.286
0 days 00:00:45.598000,2816.6061111111103,11045.718219913726,12842.322900233825,173.0,2.0,False,9030.0,5,0,3,358,2023,Italian Grand Prix,R,HAM,49.0,85.888,45.598
0 days 00:00:45.665000,2819.7693251564124,11038.0,12812.0,171.65999872,2.0,False,8975.39494784,5,0,3,359,2023,Italian Grand Prix,R,HAM,49.0,85.888,45.665
0 days 00:00:45.798000,2825.9949999999994,11018.675316263498,12753.06663874752,169.0,2.0,False,8867.0,5,0,3,360,2023,Italian Grand Prix,R,HAM,49.0,85.888,45.798
0 days 00:00:45.846000,2828.210338710351,11011.0,12733.0,168.0,3.6,False,8907.4,5,0,3,361,2023,Italian Grand Prix,R,HAM,49.0,85.888,45.846
0 days 00:00:45.906000,2830.955182561541,11001.0,12709.0,166.75,5.6,False,8957.9,5,0,3,362,2023,Italian Grand Prix,R,HAM,49.0,85.888,45.906
0 days 00:00:46.038000,2836.9283333333324,10974.257597851385,12657.067629658686,164.0,10.0,False,9069.0,5,0,3,363,2023,Italian Grand Prix,R,HAM,49.0,85.888,46.038
0 days 00:00:46.186000,2843.556576884106,10938.0,12601.0,161.78,22.58,False,8799.64,5,0,3,364,2023,Italian Grand Prix,R,HAM,49.0,85.888,46.186
0 days 00:00:46.238000,2845.8727777777767,10924.242071972474,12582.201973286827,161.0,27.0,False,8705.0,5,0,3,365,2023,Italian Grand Prix,R,HAM,49.0,85.888,46.238
0 days 00:00:46.366000,2851.552030316515,10888.0,12538.0,160.46666666666667,38.2,False,8759.4,5,0,3,366,2023,Italian Grand Prix,R,HAM,49.0,85.888,46.366
0 days 00:00:46.478000,2856.5394444444437,10853.26722560899,12501.877774441564,160.0,48.0,False,8807.0,5,0,3,367,2023,Italian Grand Prix,R,HAM,49.0,85.888,46.478
0 days 00:00:46.726000,2867.7710039625154,10767.0,12430.0,162.47381585617012,60.987533244893086,False,9053.144677688926,5,0,3,368,2023,Italian Grand Prix,R,HAM,49.0,85.888,46.726
0 days 00:00:46.806000,2871.441373743158,10737.0,12409.0,163.2718209710637,65.17706009808441,False,9132.546186620837,5,0,3,369,2023,Italian Grand Prix,R,HAM,49.0,85.888,46.806
0 days 00:00:46.879000,2874.8072222222213,10710.020117907921,12390.748790027712,164.0,69.0,False,9205.0,5,0,3,370,2023,Italian Grand Prix,R,HAM,49.0,85.888,46.879
0 days 00:00:47.047000,2882.6277032263783,10642.0,12348.0,167.36,81.6,False,9601.48,5,0,3,371,2023,Italian Grand Prix,R,HAM,49.0,85.888,47.047
0 days 00:00:47.079000,2884.140555555555,10626.04969970407,12338.716251170199,168.0,84.0,False,9677.0,5,0,3,372,2023,Italian Grand Prix,R,HAM,49.0,85.888,47.079
0 days 00:00:47.319000,2895.8072222222218,10490.74039362242,12264.744270922965,175.0,82.0,False,10017.0,5,0,3,373,2023,Italian Grand Prix,R,HAM,49.0,85.888,47.319
0 days 00:00:47.347000,2897.2121071814418,10478.0,12258.0,176.1,83.8,False,10085.7,5,0,3,374,2023,Italian Grand Prix,R,HAM,49.0,85.888,47.347
0 days 00:00:47.599000,2910.273888888888,10395.460796423431,12216.149869466313,186.0,100.0,False,10704.0,5,0,3,375,2023,Italian Grand Prix,R,HAM,49.0,85.888,47.599
0 days 00:00:47.627000,2911.767232847633,10385.0,12211.0,187.1,100.0,False,10732.2,5,0,3,376,2023,Italian Grand Prix,R,HAM,49.0,85.888,47.627
0 days 00:00:47.879000,2925.59611111111,10263.374827836988,12151.156512279158,197.0,100.0,False,10986.0,5,0,3,377,2023,Italian Grand Prix,R,HAM,49.0,85.888,47.879
0 days 00:00:47.907000,2927.180940177198,10249.0,12144.0,197.8909090909091,100.0,False,11026.918181818182,5,0,3,378,2023,Italian Grand Prix,R,HAM,49.0,85.888,47.907
0 days 00:00:48.086000,2937.5485949084386,10158.0,12098.0,203.58636567272728,100.0,False,11288.502366254546,5,0,3,379,2023,Italian Grand Prix,R,HAM,49.0,85.888,48.086
0 days 00:00:48.266000,2948.229990413445,10066.0,12050.0,209.3136384,100.0,False,11551.5478208,5,0,3,380,2023,Italian Grand Prix,R,HAM,49.0,85.888,48.266
0 days 00:00:48.319000,2951.3849999999993,10038.393869763113,12035.478788244538,211.0,100.0,False,11629.0,5,0,3,381,2023,Italian Grand Prix,R,HAM,49.0,85.888,48.319
0 days 00:00:48.467000,2960.231097657958,9960.0,11994.0,214.7,100.0,False,10922.3,5,0,3,382,2023,Italian Grand Prix,R,HAM,49.0,85.888,48.467
0 days 00:00:48.519000,2963.384999999999,9932.113089379323,11979.10810951774,216.0,100.0,False,10674.0,5,0,3,383,2023,Italian Grand Prix,R,HAM,49.0,85.888,48.519
0 days 00:00:48.727000,2976.3237361930837,9819.0,11918.0,222.68571428571428,100.0,False,10872.342857142858,5,0,3,384,2023,Italian Grand Prix,R,HAM,49.0,85.888,48.727
0 days 00:00:48.799000,2980.884999999999,9779.360355059744,11896.349443779478,225.0,100.0,False,10941.0,6,0,3,385,2023,Italian Grand Prix,R,HAM,49.0,85.888,48.799
0 days 00:00:48.866000,2985.1573934603775,9742.0,11876.0,227.01000192,100.0,False,11034.8000896,6,0,3,386,2023,Italian Grand Prix,R,HAM,49.0,85.888,48.866
0 days 00:00:48.999000,2993.7183333333323,9665.798267725135,11835.083444791335,231.0,100.0,False,11221.0,6,0,3,387,2023,Italian Grand Prix,R,HAM,49.0,85.888,48.999
0 days 00:00:49.186000,3005.940533166982,9549.0,11773.0,234.89583466666667,100.0,False,11415.791733333333,6,0,3,388,2023,Italian Grand Prix,R,HAM,49.0,85.888,49.186
0 days 00:00:49.239000,3009.4516666666655,9512.443166744346,11753.502165806702,236.0,100.0,False,11471.0,6,0,3,389,2023,Italian Grand Prix,R,HAM,49.0,85.888,49.239
0 days 00:00:49.406000,3020.6619554809613,9396.0,11691.0,240.1750016,100.0,False,11558.6750336,6,0,3,390,2023,Italian Grand Prix,R,HAM,49.0,85.888,49.406
0 days 00:00:49.519000,3028.3516666666656,9330.023895171282,11654.875635444072,243.0,100.0,False,11618.0,6,0,3,391,2023,Italian Grand Prix,R,HAM,49.0,85.888,49.519
0 days 00:00:49.746000,3044.039356320685,9216.0,11591.0,248.6750016,100.0,False,11144.1373664,6,0,3,392,2023,Italian Grand Prix,R,HAM,49.0,85.888,49.746
0 days 00:00:49.759000,3044.951666666666,9209.200283946384,11587.183262030605,249.0,100.0,False,11117.0,6,0,3,393,2023,Italian Grand Prix,R,HAM,49.0,85.888,49.759
0 days 00:00:49.966000,3059.7086677553043,9082.0,11515.0,253.65750144,100.0,False,10912.06993664,6,0,3,394,2023,Italian Grand Prix,R,HAM,49.0,85.888,49.966
0 days 00:00:50.159000,3073.6183333333324,8902.953384134551,11410.461451809551,258.0,100.0,False,10721.0,7,0,3,395,2023,Italian Grand Prix,R,HAM,49.0,85.888,50.159
0 days 00:00:50.167000,3074.1933695902944,8897.0,11407.0,258.05,100.0,False,10730.45,7,0,3,396,2023,Italian Grand Prix,R,HAM,49.0,85.888,50.167
0 days 00:00:50.319000,3085.129444444444,8824.431000353785,11365.513366198853,259.0,100.0,False,10910.0,7,0,3,397,2023,Italian Grand Prix,R,HAM,49.0,85.888,50.319
0 days 00:00:50.467000,3095.935715954666,8771.0,11336.0,262.7,100.0,False,11055.225,7,0,3,398,2023,Italian Grand Prix,R,HAM,49.0,85.888,50.467
0 days 00:00:50.479000,3096.8183333333322,8765.01983194087,11332.668316818508,263.0,100.0,False,11067.0,7,0,3,399,2023,Italian Grand Prix,R,HAM,49.0,85.888,50.479
0 days 00:00:50.727000,3115.2426774596765,8603.0,11242.0,266.875,100.0,False,11230.525,7,0,3,400,2023,Italian Grand Prix,R,HAM,49.0,85.888,50.727
0 days 00:00:50.799000,3120.6405555555543,8555.199207083082,11215.329196369199,268.0,100.0,False,11278.0,7,0,3,401,2023,Italian Grand Prix,R,HAM,49.0,85.888,50.799
0 days 00:00:50.927000,3130.2803335132903,8472.0,11169.0,269.8351250270681,100.0,False,11256.43728093195,7,0,3,402,2023,Italian Grand Prix,R,HAM,49.0,85.888,50.927
0 days 00:00:51.078000,3141.7205555555547,8372.200629878178,11113.382903154048,272.0,100.0,False,11231.0,7,0,3,403,2023,Italian Grand Prix,R,HAM,49.0,85.888,51.078
0 days 00:00:51.167000,3148.496103762195,8313.0,11080.0,273.33499904,100.0,False,11354.26491136,7,0,3,404,2023,Italian Grand Prix,R,HAM,49.0,85.888,51.167
0 days 00:00:51.278000,3156.998333333332,8239.160656981912,11037.695474879643,275.0,100.0,False,11508.0,7,0,3,405,2023,Italian Grand Prix,R,HAM,49.0,85.888,51.278
0 days 00:00:51.407000,3166.9817618534803,8153.0,10988.0,276.93499904,100.0,False,11517.35249536,7,0,3,406,2023,Italian Grand Prix,R,HAM,49.0,85.888,51.407
0 days 00:00:51.567000,3179.499155154951,8045.0,10926.0,279.33499904,100.0,False,11528.95249536,7,0,3,407,2023,Italian Grand Prix,R,HAM,49.0,85.888,51.567
0 days 00:00:51.678000,3188.2205555555543,7969.228119512622,10881.885174226933,281.0,100.0,False,11537.0,7,0,3,408,2023,Italian Grand Prix,R,HAM,49.0,85.888,51.678
0 days 00:00:51.846000,3201.4675028405277,7857.0,10815.0,283.52,100.0,False,10765.88,7,0,3,409,2023,Italian Grand Prix,R,HAM,49.0,85.888,51.846
0 days 00:00:51.878000,3203.998333333332,7836.660319322122,10802.590754381528,284.0,100.0,False,10619.0,8,0,3,410,2023,Italian Grand Prix,R,HAM,49.0,85.888,51.878
0 days 00:00:52.006000,3214.1478615052656,7750.0,10748.0,285.06666666666666,100.0,False,10632.333333333334,8,0,3,411,2023,Italian Grand Prix,R,HAM,49.0,85.888,52.006
0 days 00:00:52.118000,3223.0649999999987,7644.788873024815,10678.141568210576,286.0,100.0,False,10644.0,8,0,3,412,2023,Italian Grand Prix,R,HAM,49.0,85.888,52.118
0 days 00:00:52.286000,3236.5071951406817,7471.0,10558.0,287.4,100.0,False,10700.933333333332,8,0,3,413,2023,Italian Grand Prix,R,HAM,49.0,85.888,52.286
0 days 00:00:52.478000,3251.964999999999,7329.882928245119,10451.732806941623,289.0,100.0,False,10766.0,8,0,3,414,2023,Italian Grand Prix,R,HAM,49.0,85.888,52.478
0 days 00:00:52.706000,3270.45389430086,7225.0,10365.0,291.85,100.0,False,10829.65,8,0,3,415,2023,Italian Grand Prix,R,HAM,49.0,85.888,52.706
0 days 00:00:52.718000,3271.4316666666655,7220.6853624399055,10361.439702835974,292.0,100.0,False,10833.0,8,0,3,416,2023,Italian Grand Prix,R,HAM,49.0,85.888,52.718
0 days 00:00:52.926000,3288.455957663714,7148.0,10302.0,294.22857142857146,100.0,False,10888.714285714286,8,0,3,417,2023,Italian Grand Prix,R,HAM,49.0,85.888,52.926
0 days 00:00:52.998000,3294.3761111111094,7107.66587969115,10269.440061301508,295.0,100.0,False,10908.0,8,0,3,418,2023,Italian Grand Prix,R,HAM,49.0,85.888,52.998
0 days 00:00:53.146000,3306.5838053746343,7007.0,10188.0,296.85,100.0,False,11053.225,8,0,3,419,2023,Italian Grand Prix,R,HAM,49.0,85.888,53.146
0 days 00:00:53.158000,3307.5761111111096,6999.075034201407,10181.522890465301,297.0,100.0,False,11065.0,8,0,3,420,2023,Italian Grand Prix,R,HAM,49.0,85.888,53.158
0 days 00:00:53.406000,3328.165707373857,6843.0,10051.0,298.77142857142854,100.0,False,11043.742857142857,8,0,3,421,2023,Italian Grand Prix,R,HAM,49.0,85.888,53.406
0 days 00:00:53.438000,3330.831666666665,6822.538750309888,10033.3563640438,299.0,100.0,False,11041.0,8,0,3,422,2023,Italian Grand Prix,R,HAM,49.0,85.888,53.438
0 days 00:00:53.646000,3348.2066527565644,6691.0,9918.0,300.48042738344253,100.0,False,11157.21354960024,8,0,3,423,2023,Italian Grand Prix,R,HAM,49.0,85.888,53.646
0 days 00:00:53.719000,3354.3263888888873,6650.510398005934,9882.539087611836,301.0,100.0,False,11198.0,8,0,3,424,2023,Italian Grand Prix,R,HAM,49.0,85.888,53.719
0 days 00:00:53.906000,3370.061975556672,6526.0,9774.0,302.87000064,100.0,False,11239.14001408,8,0,3,425,2023,Italian Grand Prix,R,HAM,49.0,85.888,53.906
0 days 00:00:53.919000,3371.1597222222204,6513.013730284985,9762.681605579357,303.0,100.0,False,11242.0,8,0,3,426,2023,Italian Grand Prix,R,HAM,49.0,85.888,53.919
0 days 00:00:54.066000,3383.6076511289475,6347.0,9618.0,304.47000064,100.0,False,11308.1500288,8,0,3,427,2023,Italian Grand Prix,R,HAM,49.0,85.888,54.066
0 days 00:00:54.119000,3388.104166666665,6301.82693349064,9578.662801293136,305.0,100.0,False,11332.0,8,0,3,428,2023,Italian Grand Prix,R,HAM,49.0,85.888,54.119
0 days 00:00:54.279000,3401.7041666666655,6232.119636148631,9518.13094801354,306.0,100.0,False,11334.0,8,0,3,429,2023,Italian Grand Prix,R,HAM,49.0,85.888,54.279
0 days 00:00:54.467000,3417.81717986155,6166.0,9461.0,308.01428571428573,100.0,False,11392.414285714285,8,0,3,430,2023,Italian Grand Prix,R,HAM,49.0,85.888,54.467
0 days 00:00:54.559000,3425.7374999999984,6111.314614192181,9413.675032043364,309.0,100.0,False,11421.0,8,0,3,431,2023,Italian Grand Prix,R,HAM,49.0,85.888,54.559
0 days 00:00:54.687000,3436.77991423664,6023.0,9337.0,309.8,100.0,False,11458.2,8,0,3,432,2023,Italian Grand Prix,R,HAM,49.0,85.888,54.687
0 days 00:00:54.879000,3453.381944444443,5898.062043709981,9227.551581964053,311.0,100.0,False,11514.0,8,0,3,433,2023,Italian Grand Prix,R,HAM,49.0,85.888,54.879
0 days 00:00:54.967000,3461.000409153907,5841.0,9178.0,311.44,100.0,False,11532.92,8,0,3,434,2023,Italian Grand Prix,R,HAM,49.0,85.888,54.967
0 days 00:00:55.079000,3470.7152777777765,5766.963630954001,9114.450803646056,312.0,100.0,False,11557.0,8,0,3,435,2023,Italian Grand Prix,R,HAM,49.0,85.888,55.079
0 days 00:00:55.106000,3473.062521954307,5749.0,9099.0,312.22500053333334,100.0,False,11557.450001066667,8,0,3,436,2023,Italian Grand Prix,R,HAM,49.0,85.888,55.106
0 days 00:00:55.319000,3491.64861111111,5608.438548227954,8976.873980098875,314.0,100.0,False,11561.0,8,0,3,437,2023,Italian Grand Prix,R,HAM,49.0,85.888,55.319
0 days 00:00:55.326000,3492.261324722411,5604.0,8973.0,314.0437504,100.0,False,11563.0125184,8,0,3,438,2023,Italian Grand Prix,R,HAM,49.0,85.888,55.326
0 days 00:00:55.507000,3508.143516145036,5486.0,8870.0,315.175,100.0,False,11615.05,8,0,3,439,2023,Italian Grand Prix,R,HAM,49.0,85.888,55.507
0 days 00:00:55.639000,3519.737499999999,5368.765698996708,8768.251235897902,316.0,100.0,False,11653.0,8,0,3,440,2023,Italian Grand Prix,R,HAM,49.0,85.888,55.639
0 days 00:00:55.767000,3530.967861617013,5260.0,8674.0,316.0,100.0,False,11668.085714285715,8,0,3,441,2023,Italian Grand Prix,R,HAM,49.0,85.888,55.767
0 days 00:00:55.919000,3544.315277777776,5180.794074053402,8605.268004831036,316.0,100.0,False,11686.0,8,0,3,442,2023,Italian Grand Prix,R,HAM,49.0,85.888,55.919
0 days 00:00:56.067000,3557.347999659905,5114.0,8547.0,316.925,100.0,False,11624.95,8,0,3,443,2023,Italian Grand Prix,R,HAM,49.0,85.888,56.067
0 days 00:00:56.079000,3558.4041666666653,5107.2705190172355,8541.116246481348,317.0,100.0,False,11620.0,8,0,3,444,2023,Italian Grand Prix,R,HAM,49.0,85.888,56.079
0 days 00:00:56.307000,3578.428169427399,4955.0,8408.0,316.1857142857143,100.0,False,11624.885714285714,8,0,3,445,2023,Italian Grand Prix,R,HAM,49.0,85.888,56.307
0 days 00:00:56.359000,3582.9819444444433,4921.077847846476,8378.530200469448,316.0,100.0,False,11626.0,8,0,3,446,2023,Italian Grand Prix,R,HAM,49.0,85.888,56.359
0 days 00:00:56.587000,3602.8877620837493,4769.0,8247.0,314.86,100.0,False,11563.87,8,0,3,447,2023,Italian Grand Prix,R,HAM,49.0,85.888,56.587
0 days 00:00:56.759000,3617.870833333332,4620.27927621175,8117.711003441079,314.0,100.0,False,11517.0,8,0,3,448,2023,Italian Grand Prix,R,HAM,49.0,85.888,56.759
0 days 00:00:56.806000,3621.963830185052,4585.0,8087.0,313.83214262857143,100.0,False,11505.921413485714,8,0,3,449,2023,Italian Grand Prix,R,HAM,49.0,85.888,56.806
0 days 00:00:57.039000,3642.2152777777765,4466.667165398752,7983.97820879619,313.0,100.0,False,11451.0,8,0,3,450,2023,Italian Grand Prix,R,HAM,49.0,85.888,57.039
0 days 00:00:57.066000,3644.5514839303455,4454.0,7973.0,312.79749952,100.0,False,11445.46498688,8,0,3,451,2023,Italian Grand Prix,R,HAM,49.0,85.888,57.066
0 days 00:00:57.267000,3661.8656843098406,4343.0,7877.0,311.29,100.0,False,11404.26,8,0,3,452,2023,Italian Grand Prix,R,HAM,49.0,85.888,57.267
0 days 00:00:57.439000,3676.659722222221,4198.39889074566,7751.111144805893,310.0,100.0,False,11369.0,8,0,3,453,2023,Italian Grand Prix,R,HAM,49.0,85.888,57.439
0 days 00:00:57.527000,3684.2419596108693,4126.0,7688.0,310.0,100.0,False,11356.24,8,0,3,454,2023,Italian Grand Prix,R,HAM,49.0,85.888,57.527
0 days 00:00:57.639000,3693.8819444444434,4048.746210014506,7620.6745370876515,310.0,100.0,False,11340.0,8,0,3,455,2023,Italian Grand Prix,R,HAM,49.0,85.888,57.639
0 days 00:00:57.767000,3704.8463453183585,3971.0,7553.0,309.08243748646595,100.0,False,11340.917562513534,8,0,3,456,2023,Italian Grand Prix,R,HAM,49.0,85.888,57.767
0 days 00:00:57.918000,3717.7519444444433,3878.234254095386,7472.433991489067,308.0,100.0,False,11342.0,8,0,3,457,2023,Italian Grand Prix,R,HAM,49.0,85.888,57.918
0 days 00:00:58.027000,3727.082555801446,3803.0,7407.0,308.0,100.0,False,11323.9468856,8,0,3,458,2023,Italian Grand Prix,R,HAM,49.0,85.888,58.027
0 days 00:00:58.238000,3745.129722222221,3630.403473742579,7256.453774574556,308.0,100.0,False,11289.0,8,0,3,459,2023,Italian Grand Prix,R,HAM,49.0,85.888,58.238
0 days 00:00:58.247000,3745.8968679881964,3623.0,7250.0,307.93571474285716,100.0,False,11287.810722742857,8,0,3,460,2023,Italian Grand Prix,R,HAM,49.0,85.888,58.247
0 days 00:00:58.518000,3768.9297222222212,3414.068026349517,7068.2658633831525,306.0,100.0,False,11252.0,8,0,3,461,2023,Italian Grand Prix,R,HAM,49.0,85.888,58.518
0 days 00:00:58.646000,3779.82795972645,3341.0,7005.0,305.6,94.0,False,11248.4,8,0,3,462,2023,Italian Grand Prix,R,HAM,49.0,85.888,58.646
0 days 00:00:58.838000,3796.0408333333326,3269.2222242668777,6943.253456404398,305.0,85.0,False,11243.0,8,0,3,463,2023,Italian Grand Prix,R,HAM,49.0,85.888,58.838
0 days 00:00:58.906000,3801.674732539675,3239.0,6917.0,300.75,62.33333333333333,False,10998.2,8,0,3,464,2023,Italian Grand Prix,R,HAM,49.0,85.888,58.906
0 days 00:00:59.078000,3815.374166666666,3134.364142011637,6825.339488192576,290.0,5.0,True,10379.0,8,0,3,465,2023,Italian Grand Prix,R,HAM,49.0,85.888,59.078
0 days 00:00:59.146000,3820.378186477168,3095.0,6791.0,281.5,4.15,True,10115.84,8,0,3,466,2023,Italian Grand Prix,R,HAM,49.0,85.888,59.146
0 days 00:00:59.306000,3831.1976926207753,3020.0,6726.0,261.5,2.15,True,9496.64,8,0,3,467,2023,Italian Grand Prix,R,HAM,49.0,85.888,59.306
0 days 00:00:59.478000,3842.0408333333326,2939.545748406801,6654.058619717874,240.0,0.0,True,8831.0,8,0,3,468,2023,Italian Grand Prix,R,HAM,49.0,85.888,59.478
0 days 00:00:59.666000,3853.3796236144362,2853.0,6574.0,224.1375,0.0,True,9198.775,8,0,3,469,2023,Italian Grand Prix,R,HAM,49.0,85.888,59.666
0 days 00:00:59.798000,3860.974166666666,2797.619563687389,6521.186265150969,213.0,0.0,True,9457.0,8,0,3,470,2023,Italian Grand Prix,R,HAM,49.0,85.888,59.798
0 days 00:00:59.847000,3863.7089574243787,2778.0,6502.0,209.6868363130161,0.0,True,9361.790138258251,8,0,3,471,2023,Italian Grand Prix,R,HAM,49.0,85.888,59.847
0 days 00:01:00.026000,3873.341978945294,2711.0,6433.0,197.5836263820359,0.0,True,9013.982105504821,8,0,3,472,2023,Italian Grand Prix,R,HAM,49.0,85.888,60.026
0 days 00:01:00.079000,3876.1169444444436,2693.3679933634744,6412.823023234569,194.0,0.0,True,8911.0,6,0,3,473,2023,Italian Grand Prix,R,HAM,49.0,85.888,60.079
0 days 00:01:00.186000,3881.62563507606,2661.0,6372.0,190.4333312,0.0,True,8754.6610176,6,0,3,474,2023,Italian Grand Prix,R,HAM,49.0,85.888,60.186
0 days 00:01:00.346000,3889.6676776574895,2620.0,6309.0,185.09999786666665,0.0,True,8520.883239822222,6,0,3,475,2023,Italian Grand Prix,R,HAM,49.0,85.888,60.346
0 days 00:01:00.439000,3894.3169444444434,2600.533292379453,6271.009472285357,182.0,0.0,True,8385.0,6,0,3,476,2023,Italian Grand Prix,R,HAM,49.0,85.888,60.439
0 days 00:01:00.667000,3905.6829335493644,2566.0,6171.0,179.72,14.82,True,8237.37,6,0,3,477,2023,Italian Grand Prix,R,HAM,49.0,85.888,60.667
0 days 00:01:00.826000,3913.466999144449,2552.0,6093.0,178.12999936,25.15500416,True,8134.41745856,6,0,3,478,2023,Italian Grand Prix,R,HAM,49.0,85.888,60.826
0 days 00:01:00.839000,3914.094722222221,2551.1836008951304,6086.540726966448,178.0,26.0,False,8126.0,6,0,3,479,2023,Italian Grand Prix,R,HAM,49.0,85.888,60.839
0 days 00:01:00.999000,3921.739166666666,2544.9924650942753,6007.021841890586,172.0,46.0,False,8211.0,6,0,3,480,2023,Italian Grand Prix,R,HAM,49.0,85.888,60.999
0 days 00:01:01.106000,3926.8402908641897,2544.0,5954.0,172.0,54.56000512,False,8305.69505664,6,0,3,481,2023,Italian Grand Prix,R,HAM,49.0,85.888,61.106
0 days 00:01:01.199000,3931.294722222221,2544.7212376086177,5908.004778714431,172.0,62.0,False,8388.0,6,0,3,482,2023,Italian Grand Prix,R,HAM,49.0,85.888,61.199
0 days 00:01:01.227000,3932.6422663896738,2545.0,5894.0,172.42,63.26,False,8409.14,6,0,3,483,2023,Italian Grand Prix,R,HAM,49.0,85.888,61.227
0 days 00:01:01.386000,3940.37475152543,2546.0,5813.0,174.80500096,70.41500288,False,8529.18504832,6,0,3,484,2023,Italian Grand Prix,R,HAM,49.0,85.888,61.386
0 days 00:01:01.399000,3941.016944444443,2546.0230332268284,5806.404767646385,175.0,71.0,False,8539.0,6,0,3,485,2023,Italian Grand Prix,R,HAM,49.0,85.888,61.399
0 days 00:01:01.606000,3951.4700882370043,2545.0,5702.0,180.91428754285715,90.96072045714286,False,8814.753656685714,6,0,3,486,2023,Italian Grand Prix,R,HAM,49.0,85.888,61.606
0 days 00:01:01.679000,3955.250277777777,2543.9499656811786,5664.379360547535,183.0,98.0,False,8912.0,6,0,3,487,2023,Italian Grand Prix,R,HAM,49.0,85.888,61.679
0 days 00:01:01.879000,3965.805833333332,2538.2904338199046,5559.894204216192,190.0,99.0,False,9265.0,6,0,3,488,2023,Italian Grand Prix,R,HAM,49.0,85.888,61.879
0 days 00:01:01.906000,3967.2390729984713,2537.0,5546.0,190.3375008,98.4937488,False,9287.2750528,6,0,3,489,2023,Italian Grand Prix,R,HAM,49.0,85.888,61.906
0 days 00:01:01.986000,3971.4933033837806,2532.0,5504.0,191.3375008,96.9937488,False,9353.2750528,6,0,3,490,2023,Italian Grand Prix,R,HAM,49.0,85.888,61.986
0 days 00:01:02.039000,3974.3391666666657,2526.622608146348,5471.865946486671,192.0,96.0,False,9397.0,6,0,3,491,2023,Italian Grand Prix,R,HAM,49.0,85.888,62.039
0 days 00:01:02.287000,3988.017246742364,2487.0,5303.0,198.2,87.14285714285714,False,9805.314285714285,6,0,3,492,2023,Italian Grand Prix,R,HAM,49.0,85.888,62.287
0 days 00:01:02.319000,3989.8169444444434,2482.3746269778867,5286.924420669018,199.0,86.0,False,9858.0,6,0,3,493,2023,Italian Grand Prix,R,HAM,49.0,85.888,62.319
0 days 00:01:02.559000,4003.48361111111,2448.5123252356602,5199.313874427583,205.0,89.0,False,9943.0,6,0,3,494,2023,Italian Grand Prix,R,HAM,49.0,85.888,62.559
0 days 00:01:02.567000,4003.9403806152313,2447.0,5196.0,205.03333333333333,88.9,False,9944.633333333333,6,0,3,495,2023,Italian Grand Prix,R,HAM,49.0,85.888,62.567
0 days 00:01:02.799000,4017.2169444444435,2389.1290780077397,5077.31696820588,206.0,86.0,False,9992.0,6,0,3,496,2023,Italian Grand Prix,R,HAM,49.0,85.888,62.799
0 days 00:01:02.907000,4023.485231991135,2358.0,5022.0,208.25,86.0,False,10055.45,6,0,3,497,2023,Italian Grand Prix,R,HAM,49.0,85.888,62.907
0 days 00:01:03.039000,4031.28361111111,2319.0503512681266,4962.49297946206,211.0,86.0,False,10133.0,6,0,3,498,2023,Italian Grand Prix,R,HAM,49.0,85.888,63.039
0 days 00:01:03.147000,4037.820495358888,2275.0,4907.0,214.7125,90.725,False,10218.3875,6,0,3,499,2023,Italian Grand Prix,R,HAM,49.0,85.888,63.147
0 days 00:01:03.326000,4048.936811075568,2168.0,4788.0,220.8656272,98.5562528,False,10359.9094256,6,0,3,500,2023,Italian Grand Prix,R,HAM,49.0,85.888,63.326
0 days 00:01:03.359000,4051.0169444444437,2148.7391440014762,4767.267652320921,222.0,100.0,False,10386.0,6,0,3,501,2023,Italian Grand Prix,R,HAM,49.0,85.888,63.359
0 days 00:01:03.727000,4074.719868069533,1978.0,4584.0,231.2,96.32,False,10995.04,6,0,3,502,2023,Italian Grand Prix,R,HAM,49.0,85.888,63.727
0 days 00:01:03.759000,4076.7947222222215,1966.700458833641,4570.189345487437,232.0,96.0,False,11048.0,6,0,3,503,2023,Italian Grand Prix,R,HAM,49.0,85.888,63.759
0 days 00:01:03.999000,4092.3947222222214,1899.4146459112642,4473.42478697707,234.0,89.0,False,11251.0,6,0,3,504,2023,Italian Grand Prix,R,HAM,49.0,85.888,63.999
0 days 00:01:04.199000,4105.616944444443,1853.4971870105485,4367.687416364041,238.0,90.0,False,11531.0,6,0,3,505,2023,Italian Grand Prix,R,HAM,49.0,85.888,64.199
0 days 00:01:04.227000,4107.481716316925,1847.0,4349.0,238.35109710824383,90.8777427706096,False,11542.586204572046,6,0,3,506,2023,Italian Grand Prix,R,HAM,49.0,85.888,64.227
0 days 00:01:04.518000,4127.060833333332,1781.9135290398174,4115.512997398785,242.0,100.0,False,11663.0,6,0,3,507,2023,Italian Grand Prix,R,HAM,49.0,85.888,64.518
0 days 00:01:04.587000,4131.770381622082,1771.0,4069.0,243.20749888,100.0,False,11461.00268736,6,0,3,508,2023,Italian Grand Prix,R,HAM,49.0,85.888,64.587
0 days 00:01:04.918000,4154.727499999999,1745.6186893299846,3910.3957009153064,249.0,100.0,False,10492.0,6,0,3,509,2023,Italian Grand Prix,R,HAM,49.0,85.888,64.918
0 days 00:01:04.927000,4155.359538939847,1745.0,3905.0,249.281248,100.0,False,10510.8998656,6,0,3,510,2023,Italian Grand Prix,R,HAM,49.0,85.888,64.927
0 days 00:01:05.078000,4166.016388888887,1733.4652063561696,3798.6057033309107,254.0,100.0,False,10828.0,7,0,3,511,2023,Italian Grand Prix,R,HAM,49.0,85.888,65.078
0 days 00:01:05.126000,4169.418047711966,1730.0,3763.0,254.4,100.0,False,10832.8,7,0,3,512,2023,Italian Grand Prix,R,HAM,49.0,85.888,65.126
0 days 00:01:05.326000,4183.660787858167,1718.0,3620.0,256.06666666666666,100.0,False,10852.8,7,0,3,513,2023,Italian Grand Prix,R,HAM,49.0,85.888,65.326
0 days 00:01:05.438000,4191.716388888887,1711.6028612349369,3545.5516802343946,257.0,100.0,False,10864.0,7,0,3,514,2023,Italian Grand Prix,R,HAM,49.0,85.888,65.438
0 days 00:01:05.526000,4198.092848953344,1705.0,3475.0,259.2,100.0,False,10908.0,7,0,3,515,2023,Italian Grand Prix,R,HAM,49.0,85.888,65.526
0 days 00:01:05.638000,4206.271944444443,1692.9708307516903,3354.1889841688894,262.0,100.0,False,10964.0,7,0,3,516,2023,Italian Grand Prix,R,HAM,49.0,85.888,65.638
0 days 00:01:05.806000,4218.683723140533,1674.0,3168.0,264.52,100.0,False,11055.98,7,0,3,517,2023,Italian Grand Prix,R,HAM,49.0,85.888,65.806
0 days 00:01:06.038000,4236.04972222222,1663.4938318170814,3058.090917822792,268.0,100.0,False,11183.0,7,0,3,518,2023,Italian Grand Prix,R,HAM,49.0,85.888,66.038
0 days 00:01:06.186000,4247.227198101198,1656.0,2973.0,271.7,100.0,False,11359.675,7,0,3,519,2023,Italian Grand Prix,R,HAM,49.0,85.888,66.186
0 days 00:01:06.198000,4248.138611111109,1655.1079138087139,2962.9916097947576,272.0,100.0,False,11374.0,7,0,3,520,2023,Italian Grand Prix,R,HAM,49.0,85.888,66.198
0 days 00:01:06.426000,4265.612098483495,1634.0,2729.0,275.8,100.0,False,11514.6,7,0,3,521,2023,Italian Grand Prix,R,HAM,49.0,85.888,66.426
0 days 00:01:06.438000,4266.538611111109,1633.0838432573776,2719.0675915517754,276.0,100.0,False,11522.0,7,0,3,522,2023,Italian Grand Prix,R,HAM,49.0,85.888,66.438
0 days 00:01:06.726000,4288.956827099021,1618.0,2559.0,279.59102301702114,100.0,False,10948.154521880024,7,0,3,523,2023,Italian Grand Prix,R,HAM,49.0,85.888,66.726
0 days 00:01:06.839000,4297.838888888887,1611.0837193355217,2478.8826090312227,281.0,100.0,False,10723.0,7,0,3,524,2023,Italian Grand Prix,R,HAM,49.0,85.888,66.839
0 days 00:01:06.947000,4306.370207955022,1603.0,2387.0,282.8,100.0,False,10650.55,7,0,3,525,2023,Italian Grand Prix,R,HAM,49.0,85.888,66.947
0 days 00:01:07.079000,4316.838888888887,1590.8469708263337,2257.7230242329606,285.0,100.0,False,10562.0,8,0,3,526,2023,Italian Grand Prix,R,HAM,49.0,85.888,67.079
0 days 00:01:07.246000,4330.135873724011,1576.0,2102.0,286.67000064,100.0,False,10653.01503488,8,0,3,527,2023,Italian Grand Prix,R,HAM,49.0,85.888,67.246
0 days 00:01:07.279000,4332.783333333331,1573.7954825256875,2077.812235154045,287.0,100.0,False,10671.0,8,0,3,528,2023,Italian Grand Prix,R,HAM,49.0,85.888,67.279
0 days 00:01:07.507000,4351.271921305899,1562.0,1942.0,291.07142857142856,100.0,False,10725.557142857142,8,0,3,529,2023,Italian Grand Prix,R,HAM,49.0,85.888,67.507
0 days 00:01:07.559000,4355.494444444442,1558.5854624603958,1904.7252821202433,292.0,100.0,False,10738.0,8,0,3,530,2023,Italian Grand Prix,R,HAM,49.0,85.888,67.559
0 days 00:01:07.719000,4368.472222222219,1545.5091108837887,1767.4701431914243,292.0,100.0,False,10827.0,8,0,3,531,2023,Italian Grand Prix,R,HAM,49.0,85.888,67.719
0 days 00:01:07.886000,4382.140204663488,1533.0,1634.0,294.0875008,100.0,False,10895.8875264,8,0,3,532,2023,Italian Grand Prix,R,HAM,49.0,85.888,67.886
0 days 00:01:07.959000,4388.138888888886,1528.8783430030423,1587.3695260571071,295.0,100.0,False,10926.0,8,0,3,533,2023,Italian Grand Prix,R,HAM,49.0,85.888,67.959
0 days 00:01:08.106000,4400.236563773169,1517.0,1454.0,295.81666702222225,100.0,False,10954.991679288889,8,0,3,534,2023,Italian Grand Prix,R,HAM,49.0,85.888,68.106
0 days 00:01:08.226000,4410.137192439984,1497.0,1239.0,296.4833336888889,100.0,False,10978.658345955555,8,0,3,535,2023,Italian Grand Prix,R,HAM,49.0,85.888,68.226
0 days 00:01:08.319000,4417.838888888886,1486.005993860418,1120.6891686080392,297.0,100.0,False,10997.0,8,0,3,536,2023,Italian Grand Prix,R,HAM,49.0,85.888,68.319
0 days 00:01:08.559000,4437.838888888886,1477.4454540300644,1026.288632056236,300.0,100.0,False,11107.0,8,0,3,537,2023,Italian Grand Prix,R,HAM,49.0,85.888,68.559
0 days 00:01:08.647000,4445.224422258804,1473.0,978.0,300.9428571428571,100.0,False,11123.971428571429,8,0,3,538,2023,Italian Grand Prix,R,HAM,49.0,85.888,68.647
0 days 00:01:08.827000,4460.393609992342,1459.0,827.0,302.87142857142857,100.0,False,11158.685714285713,8,0,3,539,2023,Italian Grand Prix,R,HAM,49.0,85.888,68.827
0 days 00:01:08.839000,4461.405555555552,1458.0314235290527,816.4759776456026,303.0,100.0,False,11161.0,8,0,3,540,2023,Italian Grand Prix,R,HAM,49.0,85.888,68.839
0 days 00:01:08.999000,4474.916666666663,1445.6202935424367,680.1972258433162,304.0,100.0,False,11232.0,8,0,3,541,2023,Italian Grand Prix,R,HAM,49.0,85.888,68.999
0 days 00:01:09.127000,4485.801969462432,1436.0,575.0,305.37142857142857,100.0,False,11290.057142857142,8,0,3,542,2023,Italian Grand Prix,R,HAM,49.0,85.888,69.127
0 days 00:01:09.266000,4497.682170905181,1425.0,456.0,306.8607149714286,100.0,False,11353.103600457143,8,0,3,543,2023,Italian Grand Prix,R,HAM,49.0,85.888,69.266
0 days 00:01:09.279000,4498.794444444441,1423.7853234240945,442.66194439922737,307.0,100.0,False,11359.0,8,0,3,544,2023,Italian Grand Prix,R,HAM,49.0,85.888,69.279
0 days 00:01:09.487000,4516.617852552557,1402.0,201.0,308.04,100.0,False,11341.32,8,0,3,545,2023,Italian Grand Prix,R,HAM,49.0,85.888,69.487
0 days 00:01:09.679000,4533.127777777775,1390.325919807547,79.30219176461578,309.0,100.0,False,11325.0,8,0,3,546,2023,Italian Grand Prix,R,HAM,49.0,85.888,69.679
0 days 00:01:09.787000,4542.443797719118,1384.0,13.0,309.54,100.0,False,11373.6,8,0,3,547,2023,Italian Grand Prix,R,HAM,49.0,85.888,69.787
0 days 00:01:09.967000,4558.006850967407,1370.0,-141.0,310.44,100.0,False,11454.6,8,0,3,548,2023,Italian Grand Prix,R,HAM,49.0,85.888,69.967
0 days 00:01:10.079000,4567.68333333333,1361.2011126071445,-239.03472095687073,311.0,100.0,False,11505.0,8,0,3,549,2023,Italian Grand Prix,R,HAM,49.0,85.888,70.079
0 days 00:01:10.239000,4581.505555555553,1348.9396128430521,-375.6338134934908,311.0,100.0,False,11538.0,8,0,3,550,2023,Italian Grand Prix,R,HAM,49.0,85.888,70.239
0 days 00:01:10.327000,4589.148535034922,1342.0,-451.0,312.1,100.0,False,11535.25,8,0,3,551,2023,Italian Grand Prix,R,HAM,49.0,85.888,70.327
0 days 00:01:10.399000,4595.416666666663,1336.1875016134368,-512.9637960165828,313.0,100.0,False,11533.0,8,0,3,552,2023,Italian Grand Prix,R,HAM,49.0,85.888,70.399
0 days 00:01:10.487000,4603.083659244171,1329.0,-589.0,313.275,100.0,False,11541.8,8,0,3,553,2023,Italian Grand Prix,R,HAM,49.0,85.888,70.487
0 days 00:01:10.719000,4623.327777777774,1310.2142244492045,-790.5855587369443,314.0,100.0,False,11565.0,8,0,3,554,2023,Italian Grand Prix,R,HAM,49.0,85.888,70.719
0 days 00:01:10.747000,4625.774055036691,1308.0,-815.0,314.0701754273403,100.0,False,11569.77192905914,8,0,3,555,2023,Italian Grand Prix,R,HAM,49.0,85.888,70.747
0 days 00:01:10.966000,4644.929388707977,1291.0,-1006.0,314.61904768015273,100.0,False,11607.095242250387,8,0,3,556,2023,Italian Grand Prix,R,HAM,49.0,85.888,70.966
0 days 00:01:11.118000,4658.240277777774,1278.9305007234586,-1137.3711937277399,315.0,100.0,False,11633.0,8,0,3,557,2023,Italian Grand Prix,R,HAM,49.0,85.888,71.118
0 days 00:01:11.167000,4662.533310261148,1275.0,-1180.0,315.1361109333333,100.0,False,11640.7583232,8,0,3,558,2023,Italian Grand Prix,R,HAM,49.0,85.888,71.167
0 days 00:01:11.267000,4671.297680229017,1267.0,-1267.0,315.4138887111111,100.0,False,11656.591656533334,8,0,3,559,2023,Italian Grand Prix,R,HAM,49.0,85.888,71.267
0 days 00:01:11.478000,4689.840277777775,1250.6147276392423,-1441.5221958224686,316.0,100.0,False,11690.0,8,0,3,560,2023,Italian Grand Prix,R,HAM,49.0,85.888,71.478
0 days 00:01:11.546000,4695.840881547564,1244.0,-1512.0,316.85,100.0,False,11699.775,8,0,3,561,2023,Italian Grand Prix,R,HAM,49.0,85.888,71.546
0 days 00:01:11.638000,4703.973611111109,1233.3604130929712,-1625.9293236133722,318.0,100.0,False,11713.0,8,0,3,562,2023,Italian Grand Prix,R,HAM,49.0,85.888,71.638
0 days 00:01:11.746000,4713.531806065343,1221.0,-1759.0,318.3375,100.0,False,11725.825,8,0,3,563,2023,Italian Grand Prix,R,HAM,49.0,85.888,71.746
0 days 00:01:11.958000,4732.329166666664,1206.5179067791728,-1917.7481808114126,319.0,100.0,False,11751.0,8,0,3,564,2023,Italian Grand Prix,R,HAM,49.0,85.888,71.958
0 days 00:01:12.126000,4747.25901537316,1197.0,-2023.0,319.46666666666664,100.0,False,11759.866666666667,8,0,3,565,2023,Italian Grand Prix,R,HAM,49.0,85.888,72.126
0 days 00:01:12.286000,4761.486019229544,1184.0,-2165.0,319.9111111111111,100.0,False,11768.31111111111,8,0,3,566,2023,Italian Grand Prix,R,HAM,49.0,85.888,72.286
0 days 00:01:12.318000,4764.329166666664,1180.5376454341372,-2202.867331059218,320.0,100.0,False,11770.0,8,0,3,567,2023,Italian Grand Prix,R,HAM,49.0,85.888,72.318
0 days 00:01:12.566000,4786.363838703243,1150.0,-2537.0,320.0,100.0,False,11801.0,8,0,3,568,2023,Italian Grand Prix,R,HAM,49.0,85.888,72.566
0 days 00:01:12.598000,4789.218055555552,1147.4550547218548,-2564.6422900260177,320.0,100.0,False,11805.0,8,0,3,569,2023,Italian Grand Prix,R,HAM,49.0,85.888,72.598
0 days 00:01:12.798000,4807.106944444442,1139.756830055364,-2646.3392222962466,322.0,100.0,False,11665.0,8,0,3,570,2023,Italian Grand Prix,R,HAM,49.0,85.888,72.798
0 days 00:01:12.886000,4814.949119059384,1135.0,-2697.0,321.37142857142857,100.0,False,11683.857142857143,8,0,3,571,2023,Italian Grand Prix,R,HAM,49.0,85.888,72.886
0 days 00:01:13.078000,4831.995833333331,1117.493482044202,-2885.8291061270834,320.0,100.0,False,11725.0,8,0,3,572,2023,Italian Grand Prix,R,HAM,49.0,85.888,73.078
0 days 00:01:13.106000,4834.48025166918,1115.0,-2913.0,319.9127725682786,100.0,False,11725.523364590328,8,0,3,573,2023,Italian Grand Prix,R,HAM,49.0,85.888,73.106
0 days 00:01:13.366000,4857.5236066467205,1094.0,-3144.0,319.10280355943746,100.0,False,11730.383178643375,8,0,3,574,2023,Italian Grand Prix,R,HAM,49.0,85.888,73.366
0 days 00:01:13.399000,4860.439999999997,1090.4256908814818,-3182.71026947499,319.0,100.0,False,11731.0,8,0,3,575,2023,Italian Grand Prix,R,HAM,49.0,85.888,73.399
0 days 00:01:13.626000,4880.441162786578,1063.0,-3477.0,317.5812496,100.0,False,11652.2593528,8,0,3,576,2023,Italian Grand Prix,R,HAM,49.0,85.888,73.626
0 days 00:01:13.719000,4888.617777777774,1056.1123258766775,-3550.92604486628,317.0,100.0,False,11620.0,8,0,3,577,2023,Italian Grand Prix,R,HAM,49.0,85.888,73.719
0 days 00:01:13.966000,4910.303178146904,1045.0,-3669.0,316.1178569142857,100.0,False,11577.657131885715,8,0,3,578,2023,Italian Grand Prix,R,HAM,49.0,85.888,73.966
0 days 00:01:13.999000,4913.195555555551,1042.7183035493765,-3692.8202473410356,316.0,100.0,False,11572.0,8,0,3,579,2023,Italian Grand Prix,R,HAM,49.0,85.888,73.999
0 days 00:01:14.199000,4930.695555555551,1025.5842715842284,-3871.804660397607,315.0,100.0,False,11562.0,8,0,3,580,2023,Italian Grand Prix,R,HAM,49.0,85.888,74.199
0 days 00:01:14.206000,4931.307019087373,1025.0,-3878.0,314.9749997714286,99.94999954285714,False,11561.099991771429,8,0,3,581,2023,Italian Grand Prix,R,HAM,49.0,85.888,74.206
0 days 00:01:14.267000,4936.632294723063,1020.0,-3931.0,314.75714285714287,99.51428571428572,False,11553.257142857143,8,0,3,582,2023,Italian Grand Prix,R,HAM,49.0,85.888,74.267
0 days 00:01:14.479000,4955.117777777774,1001.2093491031076,-4115.219197035331,314.0,98.0,False,11526.0,8,0,3,583,2023,Italian Grand Prix,R,HAM,49.0,85.888,74.479
0 days 00:01:14.526000,4959.218993838246,997.0,-4156.0,313.73888853333335,98.13055573333334,False,11517.513877333333,8,0,3,584,2023,Italian Grand Prix,R,HAM,49.0,85.888,74.526
0 days 00:01:14.706000,4974.922886343227,981.0,-4311.0,312.73888853333335,98.63055573333334,False,11485.013877333333,8,0,3,585,2023,Italian Grand Prix,R,HAM,49.0,85.888,74.706
0 days 00:01:14.839000,4986.317777777774,968.2476515187377,-4423.559618697355,312.0,99.0,False,11461.0,8,0,3,586,2023,Italian Grand Prix,R,HAM,49.0,85.888,74.839
0 days 00:01:14.887000,4990.365381876248,963.0,-4466.0,309.46666666666664,85.8,False,11309.533333333333,8,0,3,587,2023,Italian Grand Prix,R,HAM,49.0,85.888,74.887
0 days 00:01:15.199000,5015.617777777774,918.7413928534588,-4770.902907432853,293.0,0.0,True,10325.0,8,0,3,588,2023,Italian Grand Prix,R,HAM,49.0,85.888,75.199
0 days 00:01:15.286000,5022.198666953116,905.0,-4848.0,281.68999168,0.0,True,9906.52969216,8,0,3,589,2023,Italian Grand Prix,R,HAM,49.0,85.888,75.286
0 days 00:01:15.399000,5030.451111111108,886.8773091431583,-4936.781464024618,267.0,0.0,True,9363.0,8,0,3,590,2023,Italian Grand Prix,R,HAM,49.0,85.888,75.399
0 days 00:01:15.679000,5049.5066666666635,843.7121612547551,-5104.022967975072,245.0,0.0,True,9555.0,7,0,3,591,2023,Italian Grand Prix,R,HAM,49.0,85.888,75.679
0 days 00:01:15.707000,5051.273006097548,840.0,-5117.0,242.62,0.0,True,9558.08,7,0,3,592,2023,Italian Grand Prix,R,HAM,49.0,85.888,75.707
0 days 00:01:16.027000,5069.957897842549,798.0,-5241.0,215.42000000000002,0.0,True,9593.28,7,0,3,593,2023,Italian Grand Prix,R,HAM,49.0,85.888,76.027
0 days 00:01:16.079000,5072.951111111108,787.6779804378011,-5266.6322895717785,211.0,0.0,True,9599.0,6,0,3,594,2023,Italian Grand Prix,R,HAM,49.0,85.888,76.079
0 days 00:01:16.187000,5079.208985212183,763.0,-5324.0,208.975,0.0,True,9483.575,6,0,3,595,2023,Italian Grand Prix,R,HAM,49.0,85.888,76.187
0 days 00:01:16.239000,5082.195555555553,750.408572442272,-5350.477750596063,208.0,0.0,True,9428.0,6,0,3,596,2023,Italian Grand Prix,R,HAM,49.0,85.888,76.239
0 days 00:01:16.439000,5093.362222222219,697.4601714372682,-5444.361743867915,201.0,1.0,True,9141.0,6,0,3,597,2023,Italian Grand Prix,R,HAM,49.0,85.888,76.439
0 days 00:01:16.507000,5097.0634472163965,677.0,-5474.0,199.05714285714285,2.7,True,9116.471428571429,6,0,3,598,2023,Italian Grand Prix,R,HAM,49.0,85.888,76.507
0 days 00:01:16.686000,5106.625751657007,617.0,-5547.0,193.9428553142857,7.1750016,True,9051.903548342858,6,0,3,599,2023,Italian Grand Prix,R,HAM,49.0,85.888,76.686
0 days 00:01:16.719000,5108.37333333333,605.2472999478941,-5559.668594319421,193.0,8.0,False,9040.0,6,0,3,600,2023,Italian Grand Prix,R,HAM,49.0,85.888,76.719
0 days 00:01:16.867000,5116.164205972266,550.0,-5613.0,190.53333333333333,27.116666666666667,False,8944.416666666666,6,0,3,601,2023,Italian Grand Prix,R,HAM,49.0,85.888,76.867
0 days 00:01:16.959000,5120.973333333331,513.1367058013728,-5642.519612182763,189.0,39.0,False,8885.0,6,0,3,602,2023,Italian Grand Prix,R,HAM,49.0,85.888,76.959
0 days 00:01:17.127000,5129.699914652755,441.0,-5691.0,187.6,46.0,False,8888.5,6,0,3,603,2023,Italian Grand Prix,R,HAM,49.0,85.888,77.127
0 days 00:01:17.167000,5131.776744530179,423.0,-5702.0,187.26666666666668,47.66666666666667,False,8889.333333333334,6,0,3,604,2023,Italian Grand Prix,R,HAM,49.0,85.888,77.167
0 days 00:01:17.199000,5133.439999999997,408.4219485183663,-5710.329662365485,187.0,49.0,False,8890.0,6,0,3,605,2023,Italian Grand Prix,R,HAM,49.0,85.888,77.199
0 days 00:01:17.407000,5144.289165036338,310.0,-5754.0,187.65,54.2,False,8987.5,6,0,3,606,2023,Italian Grand Prix,R,HAM,49.0,85.888,77.407
0 days 00:01:17.519000,5150.151111111109,254.40764222268007,-5771.397098974024,188.0,57.0,False,9040.0,6,0,3,607,2023,Italian Grand Prix,R,HAM,49.0,85.888,77.519
0 days 00:01:17.587000,5153.715349389498,220.0,-5780.0,188.425,58.7,False,9026.825,6,0,3,608,2023,Italian Grand Prix,R,HAM,49.0,85.888,77.587
0 days 00:01:17.679000,5158.551111111108,172.85076356484734,-5789.312557733972,189.0,61.0,False,9009.0,6,0,3,609,2023,Italian Grand Prix,R,HAM,49.0,85.888,77.679
0 days 00:01:17.867000,5168.514985376365,74.0,-5800.0,190.41353360785425,68.0676680392713,False,9153.651605870418,6,0,3,610,2023,Italian Grand Prix,R,HAM,49.0,85.888,77.867
0 days 00:01:18.046000,5178.105747983588,-22.0,-5800.0,191.7593985348333,74.79699267416659,False,9291.378450064609,6,0,3,611,2023,Italian Grand Prix,R,HAM,49.0,85.888,78.046
0 days 00:01:18.078000,5179.831111111108,-38.25477761669474,-5799.110882318347,192.0,76.0,False,9316.0,6,0,3,612,2023,Italian Grand Prix,R,HAM,49.0,85.888,78.078
0 days 00:01:18.226000,5187.860739274827,-118.0,-5789.0,194.96,78.22,False,9367.06,6,0,3,613,2023,Italian Grand Prix,R,HAM,49.0,85.888,78.226
0 days 00:01:18.278000,5190.719999999997,-154.9297969467102,-5781.09604255495,196.0,79.0,False,9385.0,6,0,3,614,2023,Italian Grand Prix,R,HAM,49.0,85.888,78.278
0 days 00:01:18.486000,5202.411578988743,-322.0,-5736.0,199.9,79.43333333333334,False,9572.2,6,0,3,615,2023,Italian Grand Prix,R,HAM,49.0,85.888,78.486
0 days 00:01:18.758000,5218.05333333333,-426.1489412835046,-5696.971952949061,205.0,80.0,False,9817.0,6,0,3,616,2023,Italian Grand Prix,R,HAM,49.0,85.888,78.758
0 days 00:01:18.926000,5227.745724543371,-489.0,-5661.0,207.52,82.52,False,9907.72,6,0,3,617,2023,Italian Grand Prix,R,HAM,49.0,85.888,78.926
0 days 00:01:18.958000,5229.608888888885,-505.2519411242711,-5651.528708397602,208.0,83.0,False,9925.0,6,0,3,618,2023,Italian Grand Prix,R,HAM,49.0,85.888,78.958
0 days 00:01:19.146000,5240.721143599983,-614.0,-5585.0,212.7,98.98,False,10315.1,6,0,3,619,2023,Italian Grand Prix,R,HAM,49.0,85.888,79.146
0 days 00:01:19.158000,5241.442222222219,-620.1535001367643,-5580.775943468502,213.0,100.0,False,10340.0,6,0,3,620,2023,Italian Grand Prix,R,HAM,49.0,85.888,79.158
0 days 00:01:19.226000,5245.557412226861,-653.0,-5557.0,214.7,100.0,False,10425.85,6,0,3,621,2023,Italian Grand Prix,R,HAM,49.0,85.888,79.226
0 days 00:01:19.466000,5260.346509646016,-766.0,-5465.0,220.7,100.0,False,10728.85,6,0,3,622,2023,Italian Grand Prix,R,HAM,49.0,85.888,79.466
0 days 00:01:19.478000,5261.086666666663,-771.5353777282394,-5460.037868056841,221.0,100.0,False,10744.0,6,0,3,623,2023,Italian Grand Prix,R,HAM,49.0,85.888,79.478
0 days 00:01:19.638000,5270.997777777775,-843.9659611200995,-5390.709739097079,223.0,100.0,False,10744.0,6,0,3,624,2023,Italian Grand Prix,R,HAM,49.0,85.888,79.638
0 days 00:01:19.686000,5274.039282691492,-865.0,-5369.0,224.6448601410313,100.0,False,10806.95328357947,6,0,3,625,2023,Italian Grand Prix,R,HAM,49.0,85.888,79.686
0 days 00:01:19.959000,5291.862777777775,-977.961628189579,-5237.562440289313,234.0,100.0,False,11165.0,6,0,3,626,2023,Italian Grand Prix,R,HAM,49.0,85.888,79.959
0 days 00:01:19.987000,5293.700062614534,-989.0,-5223.0,234.2625,100.0,False,11195.8,6,0,3,627,2023,Italian Grand Prix,R,HAM,49.0,85.888,79.987
0 days 00:01:20.186000,5306.7622596567735,-1064.0,-5115.0,236.1281256,100.0,False,11414.7000704,6,0,3,628,2023,Italian Grand Prix,R,HAM,49.0,85.888,80.186
0 days 00:01:20.279000,5312.929444444441,-1095.767088914625,-5065.2324034095545,237.0,100.0,False,11517.0,6,0,3,629,2023,Italian Grand Prix,R,HAM,49.0,85.888,80.279
0 days 00:01:20.346000,5317.409095377976,-1120.0,-5024.0,239.093752,100.0,False,11564.3187952,6,0,3,630,2023,Italian Grand Prix,R,HAM,49.0,85.888,80.346
0 days 00:01:20.439000,5323.684999999997,-1158.4556433572068,-4952.892781611459,242.0,100.0,False,11630.0,6,0,3,631,2023,Italian Grand Prix,R,HAM,49.0,85.888,80.439
0 days 00:01:20.606000,5335.1504428112785,-1226.0,-4818.0,245.6531264,100.0,False,10985.484128,6,0,3,632,2023,Italian Grand Prix,R,HAM,49.0,85.888,80.606
0 days 00:01:20.759000,5345.818333333331,-1259.7875703689733,-4742.692132529121,249.0,100.0,False,10395.0,6,0,3,633,2023,Italian Grand Prix,R,HAM,49.0,85.888,80.759
0 days 00:01:20.906000,5356.166829068774,-1285.0,-4676.0,252.06250133333333,100.0,False,10579.362580266667,6,0,3,634,2023,Italian Grand Prix,R,HAM,49.0,85.888,80.906
0 days 00:01:20.999000,5362.751666666664,-1306.5757017601682,-4617.181884365673,254.0,100.0,False,10696.0,7,0,3,635,2023,Italian Grand Prix,R,HAM,49.0,85.888,80.999
0 days 00:01:21.087000,5369.0032891470955,-1328.0,-4556.0,255.1,100.0,False,10703.333333333334,7,0,3,636,2023,Italian Grand Prix,R,HAM,49.0,85.888,81.087
0 days 00:01:21.239000,5379.884999999998,-1360.8572238441104,-4451.311837190999,257.0,100.0,False,10716.0,7,0,3,637,2023,Italian Grand Prix,R,HAM,49.0,85.888,81.239
0 days 00:01:21.306000,5384.736075672484,-1374.0,-4405.0,257.9852950588235,100.0,False,10765.46181195294,7,0,3,638,2023,Italian Grand Prix,R,HAM,49.0,85.888,81.306
0 days 00:01:21.919000,5430.318333333331,-1461.6384511751253,-3966.8206488005935,267.0,100.0,False,11218.0,7,0,3,639,2023,Italian Grand Prix,R,HAM,49.0,85.888,81.919
0 days 00:01:22.086000,5442.877638921646,-1475.0,-3843.0,270.34000128,100.0,False,11344.92004864,7,0,3,640,2023,Italian Grand Prix,R,HAM,49.0,85.888,82.086
0 days 00:01:22.119000,5445.3738888888865,-1477.098301993561,-3818.3092387486195,271.0,100.0,False,11370.0,7,0,3,641,2023,Italian Grand Prix,R,HAM,49.0,85.888,82.119
0 days 00:01:22.267000,5456.646831845265,-1485.0,-3707.0,273.46666666666664,100.0,False,11447.083333333334,7,0,3,642,2023,Italian Grand Prix,R,HAM,49.0,85.888,82.267
0 days 00:01:22.359000,5463.70722222222,-1489.6745832192607,-3635.9428230325284,275.0,100.0,False,11495.0,7,0,3,643,2023,Italian Grand Prix,R,HAM,49.0,85.888,82.359
0 days 00:01:22.366000,5464.2458409714945,-1490.0,-3630.0,275.0875008,100.0,False,11493.8843648,7,0,3,644,2023,Italian Grand Prix,R,HAM,49.0,85.888,82.366
0 days 00:01:22.679000,5488.50722222222,-1498.7183707091187,-3310.6749217151532,279.0,100.0,False,11444.0,7,0,3,645,2023,Italian Grand Prix,R,HAM,49.0,85.888,82.679
0 days 00:01:22.707000,5490.689380966116,-1499.0,-3290.0,279.2625,100.0,False,11362.1875,7,0,3,646,2023,Italian Grand Prix,R,HAM,49.0,85.888,82.707
0 days 00:01:22.967000,5511.04929002315,-1499.0,-3165.0,281.7,100.0,False,10602.5,7,0,3,647,2023,Italian Grand Prix,R,HAM,49.0,85.888,82.967
0 days 00:01:22.999000,5513.573888888885,-1498.996379197635,-3143.3910872244332,282.0,100.0,False,10509.0,8,0,3,648,2023,Italian Grand Prix,R,HAM,49.0,85.888,82.999
0 days 00:01:23.146000,5525.231910420166,-1499.0,-3022.0,284.296876,100.0,False,10591.2281608,8,0,3,649,2023,Italian Grand Prix,R,HAM,49.0,85.888,83.146
0 days 00:01:23.319000,5539.084999999997,-1497.6009699486917,-2883.985466743652,287.0,100.0,False,10688.0,8,0,3,650,2023,Italian Grand Prix,R,HAM,49.0,85.888,83.319
0 days 00:01:23.426000,5547.7286040671415,-1496.0,-2799.0,288.486112,100.0,False,10698.7000064,8,0,3,651,2023,Italian Grand Prix,R,HAM,49.0,85.888,83.426
0 days 00:01:23.627000,5564.065636630421,-1492.0,-2637.0,291.27777777777777,100.0,False,10718.8,8,0,3,652,2023,Italian Grand Prix,R,HAM,49.0,85.888,83.627
0 days 00:01:23.679000,5568.284999999997,-1491.0574304121603,-2598.498089553636,292.0,100.0,False,10724.0,8,0,3,653,2023,Italian Grand Prix,R,HAM,49.0,85.888,83.679
0 days 00:01:23.839000,5581.262777777774,-1487.821028038112,-2477.4321154651043,292.0,100.0,False,10724.0,8,0,3,654,2023,Italian Grand Prix,R,HAM,49.0,85.888,83.839
0 days 00:01:23.887000,5585.179470276307,-1486.0,-2427.0,292.6857142857143,100.0,False,10767.2,8,0,3,655,2023,Italian Grand Prix,R,HAM,49.0,85.888,83.887
0 days 00:01:24.087000,5601.637118839422,-1475.0,-2165.0,295.54285714285714,100.0,False,10947.2,8,0,3,656,2023,Italian Grand Prix,R,HAM,49.0,85.888,84.087
0 days 00:01:24.119000,5604.284999999996,-1473.5570797691844,-2131.6858734688985,296.0,100.0,False,10976.0,8,0,3,657,2023,Italian Grand Prix,R,HAM,49.0,85.888,84.119
0 days 00:01:24.479000,5634.284999999996,-1464.1069571492585,-1935.2567567031251,300.0,100.0,False,11104.0,8,0,3,658,2023,Italian Grand Prix,R,HAM,49.0,85.888,84.479
0 days 00:01:24.507000,5636.628918493171,-1463.0,-1916.0,300.234309560687,100.0,False,11107.748952970991,8,0,3,659,2023,Italian Grand Prix,R,HAM,49.0,85.888,84.507
0 days 00:01:24.667000,5650.046795051735,-1455.0,-1782.0,301.5732213360412,100.0,False,11129.171541376658,8,0,3,660,2023,Italian Grand Prix,R,HAM,49.0,85.888,84.667
0 days 00:01:24.718000,5654.334444444441,-1452.2511054039594,-1738.4651026618178,302.0,100.0,False,11136.0,8,0,3,661,2023,Italian Grand Prix,R,HAM,49.0,85.888,84.718
0 days 00:01:24.886000,5668.497969761755,-1443.0,-1598.0,303.05,100.0,False,11182.2,8,0,3,662,2023,Italian Grand Prix,R,HAM,49.0,85.888,84.886
0 days 00:01:25.038000,5681.356666666663,-1434.4592318806692,-1469.599545054909,304.0,100.0,False,11224.0,8,0,3,663,2023,Italian Grand Prix,R,HAM,49.0,85.888,85.038
0 days 00:01:25.046000,5682.03440405648,-1434.0,-1463.0,304.0571428571429,100.0,False,11225.742857142857,8,0,3,664,2023,Italian Grand Prix,R,HAM,49.0,85.888,85.046
0 days 00:01:25.286000,5702.424343367487,-1420.0,-1273.0,305.77142857142854,100.0,False,11278.028571428571,8,0,3,665,2023,Italian Grand Prix,R,HAM,49.0,85.888,85.286
0 days 00:01:25.318000,5705.156666666663,-1418.2101637209219,-1247.7061797110955,306.0,100.0,False,11285.0,8,0,3,666,2023,Italian Grand Prix,R,HAM,49.0,85.888,85.318
0 days 00:01:25.446000,5716.124203564195,-1411.0,-1145.0,307.1636363636364,100.0,False,11326.018181818183,8,0,3,667,2023,Italian Grand Prix,R,HAM,49.0,85.888,85.446
0 days 00:01:25.626000,5731.639889779042,-1399.0,-992.0,308.8,100.0,False,11383.7,8,0,3,668,2023,Italian Grand Prix,R,HAM,49.0,85.888,85.626
0 days 00:01:25.758000,5743.045555555552,-1389.1051912765213,-867.7695832817325,310.0,100.0,False,11426.0,8,0,3,669,2023,Italian Grand Prix,R,HAM,49.0,85.888,85.758
0 days 00:01:25.888000,5754.293891349379,-1378.524770805704,-734.5542484470819,310.5909085090909,100.0,False,11464.9999616,8,0,3,670,2023,Italian Grand Prix,R,HAM,49.0,85.888,85.888
