u,s,X,Y,dx,dy,ddx,ddy,Curvature,ICC,Radius_m
0.0,0.0,-766.7681785624031,-658.7160993336815,-128.90146268028252,3279.6119198021943,13461.66273589247,-546.8487807291681,0.0012466779118196765,0.0012466779118196765,802.131802062956
0.00066711140760507,2.1893145919033867,-766.8511573168272,-656.5283578250395,-119.84274767284337,3279.232129288558,13696.36485641003,-591.7631791499139,0.0012691273751743082,0.0012691273751743082,787.942975276737
0.00133422281521014,4.378143437417675,-766.9280406734939,-654.3408796732805,-110.6274602034179,3278.822375867371,13931.06697692759,-636.6775775706597,0.0012916273600817438,0.0012916273600817438,774.2171085139545
0.00200133422281521,6.566480084020431,-766.9987241811276,-652.1536848670016,-101.25560027200603,3278.3826595386313,14165.769097445147,-681.5919759914054,0.0013141769786701692,0.0013141769786701692,760.9325199197383
0.00266844563042028,8.754318970575282,-767.0631033884528,-649.9667933948006,-91.72716787860786,3277.9129803023397,14400.471217962706,-726.5063744121513,0.0013367752056551105,0.0013367752056551105,748.068931686934
0.00333555703802535,10.941655443608287,-767.1210738441941,-647.7802252452746,-82.04216302322324,3277.413338158495,14635.173338480265,-771.420772832897,0.0013594208749778895,0.0013594208749778895,735.6073592854492
0.00400266844563042,13.12848577362247,-767.1725310970756,-645.5940004070212,-72.20058570585229,3276.8837331070986,14869.875458997823,-816.3351712536428,0.0013821126764303954,0.0013821126764303954,723.5300110138024
0.00466977985323549,15.31480717145013,-767.2173706958225,-643.4081388686379,-62.202435926495006,3276.3241651481503,15104.577579515384,-861.2495696743887,0.0014048491522717184,0.0014048491522717184,711.8201967684182
0.00533689126084056,17.50061780463714,-767.2554881891587,-641.2226606187221,-52.04771368515132,3275.734634281649,15339.279700032941,-906.1639680951345,0.0014276286938426017,0.0014276286938426017,700.4622450592545
0.00600400266844563,19.685916813856643,-767.286779125809,-639.0375856458712,-41.736418981821316,3275.1151405075966,15573.9818205505,-951.0783665158804,0.0014504495381840584,0.0014504495381840584,689.4414274156586
0.0066711140760507,21.87070432934838,-767.3111390544976,-636.8529339386824,-31.2685518165049,3274.4656838259907,15808.683941068059,-995.992764936626,0.0014733097646669518,0.0014733097646669518,678.7438894264401
0.00733822548365577,24.054981487377333,-767.3284635239493,-634.6687254857537,-20.644112189202108,3273.7862642368336,16043.386061585617,-1040.907163357372,0.0014962072916397146,0.0014962072916397146,668.356587745329
0.00800533689126084,26.238750446711624,-767.3386480828884,-632.484980275682,-9.863100099913034,3273.0768817401236,16278.088182103178,-1085.8215617781177,0.0015191398731018884,0.0015191398731018884,658.2672324689421
0.00867244829886591,28.422014405108293,-767.3415882800394,-630.301718297065,1.0744844513624727,3272.3375363358623,16512.790302620735,-1130.7359601988635,0.0015421050954115235,0.0015421050954115235,648.4642343608506
0.00933955970647098,30.604777615808548,-767.337179664127,-628.1189595385,12.168641464624322,3271.5682280240485,16747.492423138294,-1175.6503586196093,0.0015651003740350283,0.0015651003740350283,638.9366564534596
0.01000667111407605,32.7870454040321,-767.3253177838754,-625.9367239885845,23.419370939872564,3270.7689568046817,16982.194543655853,-1220.564757040355,0.0015881229503484134,0.0015881229503484134,629.6741696104908
0.01067378252168112,34.96882418346778,-767.3058981880093,-623.755031635916,34.82667287710713,3269.9397226777637,17216.89666417341,-1265.4791554611008,0.0016111698884994183,0.0016111698884994183,620.6670116776831
0.011340893929286189,37.150121472753646,-767.2788164252531,-621.5739024690916,46.390547276328014,3269.0805256432927,17451.59878469097,-1310.3935538818466,0.0016342380723404191,0.0016342380723404191,611.9059498888578
0.01200800533689126,39.330945911939,-767.2439680443313,-619.3933564767092,58.11099413753537,3268.1913657012697,17686.30090520853,-1355.3079523025926,0.0016573242024424907,0.0016573242024424907,603.3822462293404
0.01267511674449633,41.51130727892455,-767.2012485939684,-617.2134136473662,69.98801346072904,3267.2722428516954,17921.003025726088,-1400.2223507233384,0.0016804247932014828,0.0016804247932014828,595.0876254895271
0.0133422281521014,43.69121650587246,-767.1505536228888,-615.0340939696595,82.02160524590906,3266.3231570945677,18155.705146243647,-1445.136749144084,0.0017035361700473818,0.0017035361700473818,587.0142457686626
0.01400933955970647,45.87068569557569,-767.0917786798173,-612.8554174321871,94.21176949307544,3265.3441084298884,18390.407266761205,-1490.0511475648295,0.0017266544667687265,0.0017266544667687265,579.1546712130581
0.01467645096731154,48.04972813778758,-767.0248193134779,-610.677404023546,106.55850620222826,3264.335096857656,18625.109387278764,-1534.9655459855758,0.001749775622964264,0.001749775622964264,571.501846794458
0.01534356237491661,50.22835832549389,-766.9495710725955,-608.500073732334,119.06181537336732,3263.2961223778725,18859.811507796323,-1579.8799444063216,0.0017728953816344897,0.0017728953816344897,564.0490749533499
0.01601067378252168,52.40659197112709,-766.8659295058948,-606.3234465471486,131.7216970064928,3262.227184990537,19094.513628313885,-1624.7943428270673,0.0017960092869261132,0.0017960092869261132,556.7899939490343
0.016677785190126748,54.584446022710516,-766.7737901620997,-604.1475424565868,144.53815110160465,3261.1282846956487,19329.21574883144,-1669.708741247813,0.0018191126820429281,0.0018191126820429281,549.718557773433
0.01734489659773182,56.761938679923496,-766.6730485899348,-601.9723814492464,157.51117765870288,3259.9994214932076,19563.917869349,-1714.623139668559,0.0018422007073369336,0.0018422007073369336,542.8290174991788
0.01801200800533689,58.93908941008122,-766.5636003381248,-599.7979835137245,170.64077667778747,3258.840595383215,19798.619989866558,-1759.5375380893047,0.0018652682985939241,0.0018652682985939241,536.1159039446602
0.01867911941294196,61.11591896401607,-766.4453409553944,-597.6243686386189,183.92694815885835,3257.6518063656704,20033.322110384117,-1804.4519365100502,0.0018883101855281447,0.0018883101855281447,529.5740115495422
0.01934623082054703,63.29244939185505,-766.3181659904676,-595.451556812527,197.36969210191563,3256.4330544405743,20268.024230901676,-1849.366334930796,0.0019113208905008603,0.0019113208905008603,523.198383364057
0.0200133422281521,65.46870405868005,-766.1819709920691,-593.2795680240456,210.96900850695937,3255.1843396079244,20502.726351419235,-1894.280733351542,0.0019342947274780464,0.0019342947274780464,516.9842970640831
0.02068045363575717,67.64470766005948,-766.0366515089233,-591.108422261773,224.72489737398934,3253.9056618677223,20737.428471936793,-1939.1951317722878,0.00195722580124259,0.00195722580124259,510.9272519119291
0.02134756504336224,69.8204862374472,-765.8821030897552,-588.9381395143062,238.63735870300582,3252.5970212199695,20972.130592454352,-1984.1095301930336,0.0019801080068766715,0.0019801080068766715,505.0229565898037
0.02201467645096731,71.9960671934298,-765.7182212832886,-586.7687397702425,252.70639249400853,3251.2584176646637,21206.83271297191,-2029.0239286137792,0.0020029350295301136,0.0020029350295301136,499.26731783936043
0.022681787858572378,74.17147930681513,-765.5449016382482,-584.6002430181798,266.9319987469976,3249.8898512018054,21441.53483348947,-2073.938327034525,0.002025700344490615,0.002025700344490615,493.65642984646934
0.02334889926617745,76.34675274755155,-765.362039703359,-582.432669246715,281.31417746197315,3248.491321831396,21676.23695400703,-2118.8527254552714,0.002048397217571902,0.002048397217571902,488.18656431557
0.02401601067378252,78.52191909146227,-765.1695310273448,-580.2660384444459,295.85292863893505,3247.0628295534334,21910.939074524587,-2163.7671238760167,0.002071018705835792,0.002071018705835792,482.8541611826892
0.02468312208138759,80.69701133478634,-764.9672711589303,-578.1003705999699,310.5482522778832,3245.6043743679184,22145.641195042146,-2208.6815222967625,0.0020935576586641512,0.0020935576586641512,477.6558199204678
0.02535023348899266,82.87206390851169,-764.7551556468401,-575.9356857018843,325.4001483788178,3244.1159562748517,22380.343315559705,-2253.5959207175083,0.00211600671919664,0.00211600671919664,472.5882913924104
0.02601734489659773,85.04711269248818,-764.5330800397987,-573.7720037387865,340.4086169417387,3242.5975752742324,22615.045436077264,-2298.5103191382545,0.002138358326149935,0.002138358326149935,467.64847021709267
0.0266844563042028,87.2221950293078,-764.3009398865303,-571.609344699274,355.57365796664595,3241.0492313660607,22849.747556594823,-2343.424717559,0.0021606047160338975,0.0021606047160338975,462.833387606246
0.02735156771180787,89.39734973793837,-764.0586307357602,-569.4477285719445,370.89527145353964,3239.470924550338,23084.44967711238,-2388.3391159797457,0.0021827379257798444,0.0021827379257798444,458.1402046435428
0.02801867911941294,91.57261712709968,-763.8060481362116,-567.2871753453949,386.3734574024196,3237.8626548270618,23319.15179762994,-2433.253514400491,0.0022047497957956744,0.0022047497957956744,453.56620597354856
0.02868579052701801,93.74803900836214,-763.5430876366102,-565.1277050082231,402.008215813286,3236.224422196234,23553.8539181475,-2478.167912821237,0.002226631973462112,0.002226631973462112,449.1087938727185
0.02935290193462308,95.92365870896349,-763.2696447856798,-562.9693375490262,417.79954668613885,3234.5562266578545,23788.55603866506,-2523.0823112419835,0.002248375917083826,0.002248375917083826,444.76548267649724
0.03002001334222815,98.09952108432057,-762.9856151321451,-560.8120929564018,433.7474500209779,3232.858068211922,24023.258159182617,-2567.996709662729,0.002269972900308437,0.002269972900308437,440.533893538607
0.03068712474983322,100.27567253022696,-762.6908942247308,-558.6559912189475,449.8519258178034,3231.129946858438,24257.960279700175,-2612.911108083475,0.0022914140170257774,0.0022914140170257774,436.41174950041795
0.03135423615743829,102.45216099472225,-762.385377612161,-556.5010523252605,466.11297407661533,3229.3718625974016,24492.662400217734,-2657.825506504221,0.0023126901867588606,0.0023126901867588606,432.39687084998553
0.03202134756504336,104.6290359896145,-762.0689608431605,-554.3472962639382,482.5305947974134,3227.583815428812,24727.364520735293,-2702.739904924966,0.002333792160557126,0.002333792160557126,428.4871707518628
0.03268845897264843,106.80634860164558,-761.7415394664536,-552.1947430235781,499.104787980198,3225.765805352671,24962.06664125285,-2747.654303345712,0.002354710527401465,0.002354710527401465,424.68065113020396
0.033355570380253496,108.98415150328188,-761.4030090307647,-550.0434125927777,515.8355536249688,3223.9178323689785,25196.768761770407,-2792.5687017664577,0.002375435721129408,0.002375435721129408,420.9753987889628
0.03402268178785857,111.16249896311714,-761.0532650848188,-547.8933249601346,532.7228917317262,3222.0398964777332,25431.47088228797,-2837.4831001872035,0.002395958027887644,0.002395958027887644,417.369581754165
0.03468979319546364,113.34144685587216,-760.6922031773398,-545.7445001142457,549.76680230047,3220.1319976789355,25666.17300280553,-2882.3974986079497,0.0024162675941176563,0.0024162675941176563,413.86144582432644
0.03535690460306871,115.52105267197426,-760.3197188570523,-543.5969580437088,566.9672853311998,3218.194135972585,25900.875123323087,-2927.311897028695,0.002436354435078854,0.002436354435078854,410.44931131608297
0.03602401601067378,117.70137552670522,-759.9357076726815,-541.4507187371215,584.3243408239164,3216.226311358684,26135.577243840646,-2972.2262954494413,0.00245620844391208,0.00245620844391208,407.13156999300463
0.03669112741827885,119.8824761689021,-759.5400651729507,-539.3058021830807,601.8379687786191,3214.2285238372297,26370.279364358204,-3017.140693870187,0.002475819401244654,0.002475819401244654,403.9066821664278
0.03735823882588392,122.06441698919068,-759.1326869065854,-537.1622283701844,619.5081691953081,3212.2007734082235,26604.981484875763,-3062.0550922909324,0.0024951769853364474,0.0024951769853364474,400.773173957903
0.03802535023348899,124.24726202774691,-758.7134684223095,-535.0200172870296,637.3349420739837,3210.1430600716644,26839.683605393322,-3106.969490711678,0.002514270782764653,0.002514270782764653,397.72963471357514
0.03869246164109406,126.43107698156096,-758.2823052688477,-532.8791889222141,655.3182874146455,3208.0553838275537,27074.38572591088,-3151.883889132424,0.0025330902996429836,0.0025330902996429836,394.774714561475
0.03935957304869913,128.61592921119743,-757.8390929949246,-530.739763264335,673.4582052172937,3205.937744675891,27309.08784642844,-3196.7982875531698,0.0025516249733690483,0.0025516249733690483,391.9071221033105
0.0400266844563042,130.8018877470324,-757.3837271492646,-528.60176030199,691.7546954819284,3203.7901426166754,27543.789966946,-3241.712685973916,0.0025698641848915867,0.0025698641848915867,389.1256222329066
0.04069379586390927,132.98902329495635,-756.9161032805921,-526.4652000237763,710.2077582085492,3201.6125776499084,27778.492087463557,-3286.627084394662,0.0025877972714870765,0.0025877972714870765,386.42903407396767
0.04136090727151434,135.17740824152682,-756.4361169376315,-524.3301024182914,728.8173933971565,3199.4050497755884,28013.194207981116,-3331.5414828154076,0.002605413540033057,0.002605413540033057,383.8162290303106
0.04202801867911941,137.36711665855776,-755.9436636691077,-522.1964874741329,747.5836010477501,3197.1675589937167,28247.89632849867,-3376.455881236153,0.0026227022807631885,0.0026227022807631885,381.28612894217133
0.04269513008672448,139.5582243071343,-755.4386390237449,-520.0643751798982,766.5063811603303,3194.900105304293,28482.598449016234,-3421.3702796568987,0.0026396527814868207,0.0026396527814868207,378.8377043425902
0.04336224149432955,141.75080864103646,-754.9209385502675,-517.9337855241845,785.5857337348966,3192.6026887073167,28717.300569533792,-3466.284678077645,0.002656254342253437,0.002656254342253437,376.46997280826974
0.04402935290193462,143.94494880956069,-754.3904577974004,-515.8047384955895,804.8216587714493,3190.2753092027883,28952.00269005135,-3511.1990764983902,0.002672496290439983,0.002672496290439983,374.18199739965445
0.04469646430953969,146.1407256597297,-753.8470923138677,-513.6772540827104,824.2141562699885,3187.9179667907074,29186.70481056891,-3556.113474919136,0.002688367996236719,0.002688367996236719,371.97288518530144
0.045363575717144757,148.33822173787337,-753.2907376483939,-511.55135227414485,843.7632262305137,3185.530661471075,29421.406931086465,-3601.0278733398823,0.002703858888504798,0.002703858888504798,369.84178584592786
0.04603068712474983,150.5375212905748,-752.7212893497037,-509.42705305849006,863.4688686530258,3183.1133932438897,29656.109051604028,-3645.942271760628,0.0027189584709764293,0.0027189584709764293,367.7878903537946
0.0466977985323549,152.73871026496712,-752.1386429665215,-507.3043764243437,883.331083537524,3180.666162109153,29890.81117212159,-3690.8566701813743,0.0027336563387660895,0.0027336563387660895,365.81042972335626
0.04736490993995997,154.94187630837345,-751.5426940475718,-505.1833423603029,903.3498708840084,3178.1889680668633,30125.513292639145,-3735.771068602119,0.0027479421951589695,0.0027479421951589695,363.9086738293451
0.04803202134756504,157.1471087672775,-750.9333381415793,-503.06397085496553,923.5252306924796,3175.6818111170223,30360.215413156704,-3780.685467022866,0.0027618058686405228,0.0027618058686405228,362.08193028869266
0.048699132755170106,159.3544986856202,-750.310470797268,-500.9462818969286,943.8571629629366,3173.144691259628,30594.91753367426,-3825.5998654436107,0.0027752373301288395,0.0027752373301288395,360.3295434028971
0.04936624416277518,161.56413880240805,-749.6739875633627,-498.8302954747898,964.3456676953804,3170.577608494682,30829.619654191825,-3870.514263864357,0.0027882267103694026,0.0027882267103694026,358.6508931576491
0.05003335557038025,163.77612354863214,-749.0237839885879,-496.71603157714645,984.9907448898107,3167.9805628221848,31064.321774709384,-3915.4286622851027,0.0028007643174498224,0.0028007643174498224,357.04539427670557
0.05070046697798532,165.99054904348566,-748.359755621668,-494.603510192596,1005.7923945462269,3165.353554242134,31299.023895226943,-3960.343060705849,0.0028128406543902152,0.0028128406543902152,355.51249532717884
0.05136757838559039,168.2075130898769,-747.6817980113276,-492.49275130973587,1026.7506166646294,3162.696582754531,31533.726015744498,-4005.2574591265948,0.0028244464367631096,0.0028244464367631096,354.0516778735682
0.05203468979319546,170.42690947258077,-746.9894234557572,-490.3841172072046,1050.7591462104297,3157.4251857886848,46334.53447903683,-17059.50308297105,0.00445668041297073,0.00445668041297073,224.38225480328327
0.05270180120080053,172.64557131028167,-746.2763083084818,-488.28318238270464,1089.9053766178733,3138.743828756442,71025.86428247974,-38947.20529969312,0.007235008452693904,0.007235008452693904,138.21683921152257
0.0533689126084056,174.85826446728515,-745.5315839788864,-486.1995805301525,1145.5234748061332,3105.460935889161,95717.1940859229,-60834.90751641542,0.010118195581219694,0.010118195581219694,98.83185119055145
0.05403602401601067,177.06035065954208,-744.7442618960698,-484.14305250067224,1217.6134407752083,3057.576507186842,120408.52388936582,-82722.6097331375,0.013153450153427962,0.013153450153427962,76.0256805884034
0.05470313542361574,179.24812783886708,-743.9033534891305,-482.1233391453879,1306.1752745251001,2995.090542649484,145099.85369280897,-104610.31194985981,0.016374016809937265,0.016374016809937265,61.0723692058938
0.05537024683122081,181.41913033358728,-742.9978701871679,-480.1501813154239,1411.2089760558079,2918.0030422770883,169791.18349625214,-126498.01416658211,0.01979094095616715,0.01979094095616715,50.52816852997509
0.05603735823882588,183.57245580661098,-742.0168234192805,-478.23331986190396,1532.7145453673306,2826.314006069655,194482.51329969507,-148385.71638330419,0.023381337101577998,0.023381337101577998,42.76915369106544
0.05670446964643095,185.70911617344376,-740.9492246145672,-476.3824956359525,1670.6919824596707,2720.023434027183,219173.84310313824,-170273.41860002652,0.027073853228077812,0.027073853228077812,36.936005805147744
0.05737158105403602,187.83240105195645,-739.7840852021272,-474.60744948869336,1825.1412873328247,2599.1313261496734,243865.17290658117,-192161.12081674856,0.030734269069600847,0.030734269069600847,32.53697030293446
0.05803869246164109,189.94804719440856,-738.5107789413046,-472.9178786064211,1993.0902385301554,2463.995868223777,252302.26965519012,-212090.0069297256,0.032811159085319834,0.032811159085319834,30.477435966211075
0.05870580386924616,192.06086159903805,-737.1253914809271,-471.32267131799784,2159.75007113149,2316.399271122341,247343.90848361072,-230404.59118037624,0.033701279578811756,0.033701279578811756,29.672463849969287
0.05937291527685123,194.17379190197101,-735.6299266736843,-469.8300027428109,2323.1021244322374,2156.5848059417544,242385.5473120314,-248719.17543102673,0.03455432646937948,0.03455432646937948,28.9399360999311
0.0600400266844563,196.29052315013203,-734.0265911768815,-468.44802356003225,2483.146398432399,1984.5524726820124,237427.18614045202,-267033.75968167733,0.035313985070868976,0.035313985070868976,28.317393179874074
0.060707138092061366,198.4156583939594,-732.317591647824,-467.18488444883417,2639.882893131972,1800.302271343119,232468.8249688727,-285348.34393232776,0.035917868190011894,0.035917868190011894,27.84129600091583
0.06137424949966644,200.55477810211616,-730.505134743817,-466.048736088389,2793.311608530961,1603.8342019250708,227510.46379729334,-303662.92818297836,0.03630174176154449,0.03630174176154449,27.54688760028946
0.06204136090727151,202.71427929453586,-728.592235026146,-465.04660831699647,2938.244740999919,1402.3455335195913,200343.76503767594,-291166.9048783013,0.032931263187141,0.032931263187141,30.366281254296982
0.06270847231487658,204.89819417063026,-726.5902380960962,-464.173972953229,3059.6649068850074,1216.6705457044295,163673.8922858166,-265486.7085915514,0.0283324934643047,0.0283324934643047,35.29516388170605
0.06337558372248164,207.10595285156916,-724.5154001249048,-463.41948916509085,3156.6221823419014,1048.1271097816993,127004.019533958,-239806.51230480202,0.024190047578124575,0.024190047578124575,41.33931513654049
0.06404269513008672,209.33357212436928,-722.3840405858398,-462.77172829888536,3229.116567370607,896.7152257513939,90334.14678209867,-214126.3160180521,0.020522098780360886,0.020522098780360886,48.727959586520164
0.06470980653769179,211.57430844770278,-720.2124789521686,-462.2192617009147,3277.14806197112,762.4348936135166,53664.27403023932,-188446.1197313022,0.017286852511263846,0.017286852511263846,57.84743054575235
0.06537691794529686,213.8192054071489,-718.0170346971587,-461.75066071748154,3300.716666143441,645.2861133680678,16994.401278379955,-162765.92344455226,0.014410817673494667,0.014410817673494667,69.39231504116982
0.06604402935290193,216.05755299141742,-715.8140244091945,-461.3544971412598,3299.951632514926,545.2488860431147,-15814.832001320714,-137683.07532800792,0.011912347444075067,0.011912347444075067,83.94651051731852
0.06671114076050699,218.28091902859413,-713.6159750983148,-461.01992911796395,3289.9996134153625,459.9796037676863,-14021.321259171289,-117954.23293373035,0.010409560548677501,0.010409560548677501,96.06553469032336
0.06737825216811207,220.49080447828965,-711.42416580302,-460.73785516696006,3281.244065791549,387.87165731232153,-12227.81051702183,-98225.3905394524,0.008803767673219607,0.008803767673219607,113.58773165288358
0.06804536357571714,222.69012667762473,-709.2377983435396,-460.49949521098296,3273.6849896434856,328.9250466770221,-10434.299774872366,-78496.54814517443,0.0071185866239710195,0.0071185866239710195,140.47732405652204
0.06871247498332221,224.88131377769295,-707.056074540103,-460.2960691727678,3267.322384971172,283.1397718617882,-8640.789032722905,-58767.70575089646,0.0053741749791872484,0.0053741749791872484,186.0750727084128
0.06937958639092728,227.0663948837409,-704.8781962129406,-460.11879697504986,3262.156251774609,250.51583286661963,-6847.278290573443,-39038.86335661849,0.0035872994861196293,0.0035872994861196293,278.76122522507785
0.07004669779853234,229.24709603733066,-702.7033651822817,-459.9588985405642,3258.1865900537964,231.05322969151678,-5053.767548424019,-19310.020962340925,0.001771850002709831,0.001771850002709831,564.3818599038409
0.07071380920613742,231.42494022359438,-700.5307832683557,-459.80759379204585,3255.4133998087327,224.75196233647875,-3260.2568062745568,418.82143193704906,6.03272729683444e-05,6.03272729683444e-05,16576.250687226177
0.07138092061374249,233.6013499471003,-698.3596522913926,-459.65610265223,3253.8366810394205,231.61203080150617,-1466.746064125095,20147.66382621502,0.0018983903605101682,0.0018983903605101682,526.7620510521675
0.07204803202134756,235.7775981653857,-696.1892593390612,-459.4965697714171,3253.0078832494023,246.768893459766,-1246.305880577662,22816.51570718434,0.0021465298224497458,0.0021465298224497458,465.86820715993656
0.07271514342895263,237.95406057176524,-694.0194214570607,-459.3268872083206,3252.1609012923213,261.91412036982894,-1292.9460267515433,22588.874569184325,0.0021248894281411666,0.0021248894281411666,470.6127230699202
0.0733822548365577,240.13075634986987,-691.8501589846961,-459.1471517460182,3251.2828051616752,276.90748527989194,-1339.5861729254245,22361.233431184308,0.0021032367455025144,0.0021032367455025144,475.4576498049323
0.07404936624416276,242.30770254240443,-689.681492678587,-458.957464693382,3250.373594857464,291.7489881899546,-1386.2263190993049,22133.5922931843,0.0020815773184723707,0.0020815773184723707,480.4049271318351
0.07471647765176784,244.48491481405733,-687.5134432953539,-458.75792735928474,3249.433270379688,306.4386291000175,-1432.866465273186,21905.951155184284,0.002059916479303996,0.002059916479303996,485.4565755684812
0.07538358905937291,246.6624074665505,-685.346031591617,-458.5486410525993,3248.4618317283475,320.9764080100806,-1479.506611447067,21678.31001718427,0.002038259350118525,0.002038259350118525,490.6147002057662
0.07605070046697798,248.84019345377268,-683.1792783239962,-458.3297070821978,3247.4592789034414,335.36232492014346,-1526.1467576209482,21450.668879184257,0.002016610844671146,0.002016610844671146,495.8814947576426
0.07671781187458306,251.01828439698696,-681.0132042491114,-458.10122675695305,3246.4256119049705,349.5963798302064,-1572.7869037948294,21223.02774118424,0.001994975670314876,0.001994975670314876,501.25924585444466
0.07738492328218811,253.19669060010295,-678.8478301235833,-457.8633013857377,3245.360830732934,363.67857274026903,-1619.4270499687098,20995.386603184234,0.0019733583301468943,0.0019733583301468943,506.7503375960925
0.07805203468979319,255.37542106500754,-676.6831767040316,-457.6160322774241,3244.2649353873335,377.60890365033197,-1666.067196142591,20767.745465184216,0.0019517631253227934,0.0019517631253227934,512.3572563830534
0.07871914609739826,257.55448350693763,-674.5192647470766,-457.35952074088505,3243.1379258681677,391.38737256039485,-1712.707342316472,20540.104327184203,0.0019301941575245365,0.0019301941575245365,518.0825960443765
0.07938625750500333,259.733884369895,-672.3561150093384,-457.09386808499306,3241.9798021754373,405.0139794704577,-1759.347488490353,20312.46318918419,0.001908655331568303,0.001908655331568303,523.9290632836891
0.0800533689126084,261.9136288420885,-670.1937482474369,-456.81917561862065,3240.7905643091412,418.4887243805206,-1805.9876346642345,20084.822051184172,0.0018871503581388898,0.0018871503581388898,529.8994834657485
0.08072048032021346,264.09372087139764,-668.0321852179927,-456.5355446506406,3239.5702122692805,431.8116072905832,-1852.6277808381146,19857.180913184166,0.0018656827566377765,0.0018656827566377765,535.9968067680172
0.08138759172781854,266.2741631808523,-665.8714466776256,-456.2430764899252,3238.3187460558547,444.98262820064605,-1899.267927011996,19629.539775184152,0.001844255858132424,0.001844255858132424,542.2241147237806
0.08205470313542361,268.454957284116,-663.7115533829558,-455.94187244534737,3237.0361656688647,458.0017871107089,-1945.908073185877,19401.898637184135,0.0018228728083948696,0.0018228728083948696,548.5846271855631
0.08272181454302868,270.6361035009707,-661.5525260906031,-455.6320338257793,3235.7224711083086,470.8690840207717,-1992.5482193597581,19174.25749918412,0.00180153657101815,0.00180153657101815,555.0817097400602
0.08338892595063375,272.8176009727921,-659.3943855571882,-455.3136619400939,3234.3776623741883,483.58451893083463,-2039.1883655336396,18946.616361184108,0.0017802499305995517,0.0017802499305995517,561.7188816085056
0.08405603735823881,274.99944767801384,-657.2371525393311,-454.9868580971636,3233.001739466503,496.1480918408972,-2085.8285117075197,18718.975223184098,0.0017590154959802123,0.0017590154959802123,568.4998240693437
0.08472314876584389,277.1816404475697,-655.0808477936513,-454.651723605861,3231.5947023852523,508.5598027509601,-2132.4686578814008,18491.334085184084,0.0017378357035310276,0.0017378357035310276,575.4283894433441
0.08539026017344896,279.36417498030846,-652.9254920767697,-454.30835977505876,3230.1565511304375,520.8196516610229,-2179.1088040552822,18263.69294718407,0.0017167128204753264,0.0017167128204753264,582.5086106848776
0.08605737158105403,281.54704585838175,-650.7711061453059,-453.95686791362925,3228.687285702056,532.9276385710856,-2225.7489502291633,18036.051809184057,0.0016956489482392516,0.0016956489482392516,589.7447116270099
0.0867244829886591,283.7302465625896,-648.6177107558804,-453.59734933044524,3227.186906100111,544.8837634811483,-2272.3890964030443,17808.41067118404,0.0016746460258212166,0.0016746460258212166,597.1411179324406
0.08739159439626416,285.91376948768846,-646.4653266651133,-453.2299053343794,3225.6554123246005,556.688026391211,-2319.029242576925,17580.769533184033,0.0016537058331723225,0.0016537058331723225,604.7024688070966
0.08805870580386924,288.09760595765056,-644.3139746296243,-452.85463723430394,3224.0928043755252,568.3404273012736,-2365.669388750806,17353.128395184016,0.0016328299945800018,0.0016328299945800018,612.4336295385247
0.08872581721147431,290.2817462408716,-642.1636754060339,-452.47164633909193,3222.4990822528853,579.8409662113365,-2412.3095349246873,17125.487257184002,0.0016120199820476675,0.0016120199820476675,620.3397049270758
0.08939292861907938,292.4661795653247,-640.0144497509622,-452.08103395761555,3220.87424595668,591.1896431213993,-2458.9496810985684,16897.84611918399,0.0015912771186635084,0.0015912771186635084,628.4260536844055
0.09006004002668445,294.6508941336543,-637.866318421029,-451.6829013987475,3219.2182954869095,602.3864580314619,-2505.5898272724494,16670.20498118397,0.0015706025819520466,0.0015706025819520466,636.6983038810081
0.09072715143428951,296.83587713820583,-635.7193021728549,-451.2773499713605,3217.531230843575,613.4314109415245,-2552.2299734463295,16442.563843183965,0.0015499974072024335,0.0015499974072024335,645.1623695325302
0.09139426284189459,299.02111477599186,-633.5734217630597,-450.86448098432703,3215.8130520266745,624.3245018515872,-2598.870119620211,16214.92270518395,0.0015294624907678973,0.0015294624907678973,653.8244684234982
0.09206137424949966,301.20659226358504,-631.4286979482638,-450.4443957465197,3214.0637590362094,635.06573076165,-2645.510265794092,15987.281567183936,0.0015089985933310934,0.0015089985933310934,662.6911412770199
0.09272848565710473,303.3922938519407,-629.2851514850871,-450.017195566811,3212.2833518721795,645.6550976717126,-2692.1504119679735,15759.64042918392,0.0014886063431305092,0.0014886063431305092,671.7692723900532
0.0933955970647098,305.578202841143,-627.1428031301496,-449.58298175407344,3210.4718305345846,656.0926025817753,-2738.7905581418545,15531.999291183907,0.0014682862391434271,0.0014682862391434271,681.0661118661595
0.09406270847231486,307.7643015950725,-625.0016736400717,-449.1418556171799,3208.629195023424,666.3782454918377,-2785.4307043157346,15304.358153183897,0.0014480386542212525,0.0014480386542212525,690.5892995914496
0.09472981987991994,309.95057155599454,-622.8617837714734,-448.6939184650028,3206.7554453386997,676.5120264019005,-2832.070850489616,15076.717015183882,0.0014278638381733945,0.0014278638381733945,700.346891114812
0.09539693128752501,312.1369932590642,-620.7231542809749,-448.2392716064146,3204.85058148041,686.4939453119632,-2878.710996663497,14849.075877183868,0.0014077619207961726,0.0014077619207961726,710.3473856108005
0.09606404269513008,314.3235463467469,-618.585805925196,-447.7780163502881,3202.9146034485548,696.3240022220257,-2925.3511428373786,14621.434739183855,0.0013877329148434994,0.0013877329148434994,720.5997561229383
0.09673115410273515,316.5102095831521,-616.4497594607575,-447.3102540054958,3200.9475112431355,706.0021971320884,-2971.9912890112596,14393.79360118384,0.0013677767189364234,0.0013677767189364234,731.1134823069625
0.09739826551034021,318.6969608682813,-614.3150356442789,-446.8360858809102,3198.94930486415,715.5285300421508,-3018.6314351851397,14166.15246318383,0.001347893120408852,0.001347893120408852,741.8985859180536
0.09806537691794528,320.8837772521839,-612.1816552323803,-446.355613285404,3196.9199843116003,724.9030009522135,-3065.271581359021,13938.511325183816,0.0013280817980870308,0.0013280817980870308,752.9656693137428
0.09873248832555036,323.0706349490244,-610.0496389816825,-445.8689375278497,3194.859549585486,734.1256098622762,-3111.911727532902,13710.8701871838,0.0013083423250006376,0.0013083423250006376,764.3259572753734
0.09939959973315543,325.2575093510597,-607.9190076488047,-445.37615991711976,3192.7680006858063,743.1963567723387,-3158.5518737067837,13483.229049183788,0.0012886741710235307,0.0012886741710235307,775.9913424863238
0.1000667111407605,327.4443750425194,-605.7897819903678,-444.87738176208717,3190.645337612562,752.1152416824013,-3205.1920198806647,13255.587911183771,0.0012690767054424326,0.0012690767054424326,787.9744350451807
0.10073382254836558,329.63120581339933,-603.6619827629917,-444.3727043716241,3188.491560365752,760.8822645924638,-3251.8321660545457,13027.946773183758,0.0012495491994520649,0.0012495491994520649,800.288616437437
0.10140093395597063,331.8179746731566,-601.5356307232963,-443.8622290546033,3186.306668945377,769.4974255025262,-3298.4723122284263,12800.305635183748,0.001230090828575375,0.001230090828575375,812.948098440947
0.10206804536357571,334.00465386431347,-599.4107466279019,-443.34605711989735,3184.090663351438,777.9607244125889,-3345.1124584023073,12572.664497183734,0.0012107006750077553,0.0012107006750077553,825.967987499135
0.10273515677118078,336.19121487596607,-597.2873512334286,-442.8242898763788,3181.8435435839333,786.2721613226514,-3391.752604576189,12345.023359183719,0.0011913777298842632,0.0011913777298842632,839.3643551631146
0.10340226817878585,338.37762845719993,-595.1654652964964,-442.2970286329203,3179.565309642864,794.431736232714,-3438.3927507500694,12117.382221183707,0.001172120895469043,0.001172120895469043,853.1543152806213
0.10406937958639093,340.5638646304099,-593.0451095737259,-441.7643746983944,3177.2559615282294,802.4394491427765,-3485.032896923951,11889.741083183691,0.0011529289872662888,0.0011529289872662888,867.3561086976407
0.10473649099399598,342.7498927045285,-590.9263048217365,-441.22642938167354,3174.91549924003,810.2953000528388,-3531.673043097831,11662.099945183681,0.0011338007360522314,0.0011338007360522314,881.9891963396401
0.10540360240160106,344.9356812881573,-588.8090717971488,-440.68329399163053,3172.5439227782654,817.9992889629013,-3578.313189271712,11434.458807183666,0.0011147347898277414,0.0011147347898277414,897.0743616555905
0.10607071380920613,347.1211983026085,-586.6934312565828,-440.13506983713773,3170.141232142936,825.5514158729638,-3624.9533354455934,11206.817669183652,0.0010957297156912891,0.0010957297156912891,912.6338235420641
0.1067378252168112,349.30641099485155,-584.5794039566588,-439.581858227068,3167.707427334042,832.9516807830265,-3671.5934816194745,10979.176531183639,0.001076784001632078,0.001076784001632078,928.6913610197619
0.10740493662441628,351.4912859503693,-582.4670106539966,-439.02376047029367,3165.2425083515827,840.200083693089,-3718.233627793356,10751.535393183625,0.0010578960582432917,0.0010578960582432917,945.272451114496
0.10807204803202133,353.67578910592147,-580.3562721052164,-438.46087787568734,3162.7464751955586,847.2966246031513,-3764.8737739672356,10523.894255183615,0.0010390642203554755,0.0010390642203554755,962.4044216034008
0.1087391594396264,355.8598857622188,-578.2472090669385,-437.8933117521217,3160.2193278659693,854.2413035132138,-3811.513920141117,10296.2531171836,0.0010202867485901558,0.0010202867485901558,980.1166205302693
0.10940627084723148,358.04354182935367,-576.1398365027071,-437.321180040835,3157.713136749978,860.8846223439076,-3546.134996935172,9172.781275000116,0.0009132071060489974,0.0009132071060489974,1095.0418512691094
0.11007338225483655,360.22674996846473,-574.0340363305938,-436.74498266683145,3155.5399340475556,866.3307126921098,-2969.126704926398,7154.597588909895,0.0007177251938908836,0.0007177251938908836,1393.2909259864032
0.11074049366244162,362.40952661014967,-571.9295575315932,-436.1656012276722,3153.751660159015,870.4304496806787,-2392.118412917623,5136.413902819673,0.0005220312856170008,0.0005220312856170008,1915.594002796359
0.11140760507004668,364.59188502612955,-569.826143315302,-435.5839338910422,3152.3483150843563,873.1838333096143,-1815.1101209088608,3118.2302167294947,0.00032613921287321225,0.00032613921287321225,3066.1753034547046
0.11207471647765176,366.77383529702365,-567.7235368913174,-435.0008788246261,3151.3298988235797,874.5908635789167,-1238.1018289000867,1100.0465306392725,0.0001300585417243999,0.0001300585417243999,7688.845244159714
0.11274182788525683,368.9553855098242,-565.6214814692366,-434.4173341961091,3150.696411376684,874.6515404885859,-661.0935368913119,-918.1371554509496,6.620382690818781e-05,6.620382690818781e-05,15104.866994876456
0.1134089392928619,371.1365429565803,-563.519720258657,-433.83419817317593,3150.4478527436713,873.3658640386219,-84.08524488253852,-2936.320841541168,0.0002626420476853728,0.0002626420476853728,3807.4634614406127
0.11407605070046697,373.31731533421123,-561.4179964691754,-433.2523689235114,3150.58422292454,870.7338342290249,492.9230471262358,-4954.504527631391,0.0004592497129586411,0.0004592497129586411,2177.464616270882
0.11474316210807203,375.4977119453848,-559.3160533103891,-432.6727446148005,3151.10552191929,866.7554510597943,1069.9313391349988,-6972.688213721572,0.0006560182271637397,0.0006560182271637397,1524.3478894229013
0.1154102735156771,377.6777449003902,-557.2136339918951,-432.09622341472794,3152.0117497279216,861.4307145309306,1646.9396311437727,-8990.871899811791,0.0008529351742143175,0.0008529351742143175,1172.4220435874877
0.11607738492328218,379.85743031990046,-555.1104817232907,-431.52370349097873,3153.3029063504355,854.7596246424336,2223.947923152547,-11009.055585902011,0.0010499826789936908,0.0010499826789936908,952.3966633034419
0.11674449633088725,382.0367895384681,-553.0063397141729,-430.95608301123787,3154.9789917868316,846.7421813943034,2800.956215161321,-13027.239271992234,0.001247135764711618,0.001247135764711618,801.8373205993619
0.11741160773849232,384.21585030851736,-550.900951174139,-430.39426014318997,3157.040006037109,837.37838478654,3377.964507170096,-15045.422958082456,0.0014443607088487735,0.0014443607088487735,692.3478282630999
0.11807871914609738,386.39464800449775,-548.7940593127862,-429.8391330545202,3159.485949101268,826.6682348191435,3954.972799178858,-17063.606644172636,0.001641613401655024,0.001641613401655024,609.1568203523624
0.11874583055370246,388.5732268267373,-546.6854073397113,-429.29159991291306,3162.316820979309,814.6117314921137,4531.981091187632,-19081.790330262855,0.0018388377126961782,0.0018388377126961782,543.8217810606894
0.11941294196130753,390.7516410043844,-544.5747384645117,-428.7525588860538,3165.532621671231,801.2088748054505,5108.989383196407,-21099.97401635308,0.0020359638727517958,0.0020359638727517958,491.1678509542541
0.1200800533689126,392.92995599666284,-542.4617958967846,-428.22290814162716,3169.133351177036,786.4596647591542,5685.997675205181,-23118.157702443295,0.0022329068804434337,0.0022329068804434337,447.846709935978
0.12074716477651767,395.1082496914635,-540.346322846127,-427.70354584731797,3173.119009496722,770.3641013532246,6263.005967213954,-25136.341388533518,0.0024295649453005912,0.0024295649453005912,411.5963238333099
0.12141427618412273,397.28661360008556,-538.2280625221362,-427.1953701708111,3177.4895966302897,752.9221845876621,6840.014259222718,-27154.5250746237,0.002625817981525298,0.002625817981525298,380.83370859510796
0.1220813875917278,399.46515404670157,-536.1067581344092,-426.69927927979165,3182.2451125777397,734.133914462466,7417.022551231492,-29172.708760713926,0.0028215261694593792,0.0028215261694593792,354.418119819036
0.12274849899933288,401.6439933508673,-533.9821528925429,-426.21617134194406,3187.385557339071,713.9992909776365,7994.030843240264,-31190.89244680414,0.003016528604642311,0.003016528604642311,331.5068845894721
0.12341561040693795,403.82327100111445,-531.8539900061351,-425.7469445249535,3192.910930914284,692.518314133174,8571.03913524904,-33209.07613289436,0.0032106420573096337,0.0032106420573096337,311.4641813537921
0.12408272181454302,406.00314481738803,-529.7220126847824,-425.29249699650495,3198.821233303379,669.6909839290782,9148.047427257816,-35227.25981898458,0.003403659868142377,0.003403659868142377,293.8013898979196
0.12474983322214808,408.18379209976496,-527.5859641380821,-424.85372692428314,3205.116464506356,645.5173003653497,9725.055719266576,-37245.44350507476,0.0035953510089405134,0.0035953510089405134,278.136960066851
0.12541694462975317,410.3654107605929,-525.4455875756313,-424.4315324759729,3211.7966245232146,619.997263441987,10302.064011275364,-39263.627191165026,0.0037854593395423106,0.0037854593395423106,264.16873364723745
0.12608405603735823,412.5482204368529,-523.3006262070273,-424.02681181925925,3218.8617133539547,593.1308731589919,10879.072303284125,-41281.81087725521,0.003973703094612388,0.003973703094612388,251.65443320509186
0.1267511674449633,414.7324635792295,-521.1508232418671,-423.64046312182705,3226.3117309985764,564.9181295163637,11456.08059529289,-43299.99456334538,0.004159774635722903,0.004159774635722903,240.39763871155387
0.12741827885256837,416.91840651404283,-518.9959218897479,-423.273384551361,3234.146677457081,535.3590325141013,12033.088887301672,-45318.178249435645,0.0043433405052863095,0.0043433405052863095,230.23753232860585
0.12808539026017343,419.1063404738851,-516.835665360267,-422.9264742755462,3242.3665527294665,504.45358215220665,12610.097179310438,-47336.36193552583,0.004524041819186656,0.004524041819186656,221.0412812187007
0.12875250166777852,421.2965825924976,-514.6697968630211,-422.6006304620674,3250.971356815734,472.20177843067756,13187.105471319222,-49354.5456216161,0.0047014950342140075,0.0047014950342140075,212.69829973715568
0.12941961307538358,423.48947685914374,-512.4980596076077,-422.29675127860946,3259.9610897158827,438.6036213495165,13764.113763327985,-51372.72930770627,0.0048752931244500355,0.0048752931244500355,205.11587190212413
0.13008672448298864,425.6853950274818,-510.320196803624,-422.0157348928574,3269.335751429914,403.65911090872237,14341.122055336746,-53390.912993796446,0.005045007197411637,0.005045007197411637,198.21577271744118
0.13075383589059372,427.8847374737228,-508.1359516606668,-421.7584794724959,3279.095341957827,367.3682471082935,14918.130347345534,-55409.096679886716,0.005210188575883764,0.005210188575883764,191.93163269150534
0.13142094729819878,430.0879339986875,-505.94506738833354,-421.52588318521,3289.239861299621,329.73102994823284,15495.138639354294,-57427.2803659769,0.005370371364851672,0.005370371364851672,186.20686207007208
0.13208805870580387,432.295328225274,-503.747457413654,-421.31827858324715,3298.854520832987,293.7872101666048,12794.62041627019,-48554.57253864975,0.00451264872502759,0.00451264872502759,221.59934462744738
0.13275517011340893,434.50646804286595,-501.5441546149523,-421.1322783946078,3306.275925477616,265.06408259387877,9454.750708328529,-37557.363924384306,0.0034715310563894763,0.0034715310563894763,288.0573394725836
0.13342228152101399,436.72045999274366,-499.33664409640187,-420.9629926462044,3311.469264940163,243.67731833954184,6114.881000386867,-26560.15531011887,0.002443245797482536,0.002443245797482536,409.2916075125871
0.13408939292861907,438.9362939891421,-497.1264122257019,-420.80552716637663,3314.434539220627,229.62691740359358,2775.0112924450677,-15562.946695852974,0.001423920509573244,0.001423920509573244,702.28639399239
0.13475650433622413,441.1528786947714,-494.91494537055297,-420.6549877834647,3315.1717483190096,222.91287978603515,-564.8584154965956,-4565.738081587529,0.00040919690725979324,0.00040919690725979324,2443.8112367381955
0.13542361574382922,443.3690755109731,-492.7037298986545,-420.50648032580847,3313.6808922353084,223.535205486866,-3904.7281234383936,6431.470532678359,0.0006055687865039949,0.0006055687865039949,1651.3400662096428
0.13609072715143428,445.5837322759532,-490.4942521777067,-420.3551106217481,3309.9619709695253,231.49389450608606,-7244.597831380057,17428.679146943796,0.0016251194677308367,0.0016251194677308367,615.3393764929206
0.13675783855903934,447.79571692336685,-488.28799857540906,-420.1959844996233,3304.0149845216592,246.78894684369521,-10584.467539321715,28425.887761209236,0.002654113520008595,0.002654113520008595,376.77363551381245
0.13742494996664442,450.003951360674,-486.0864554594616,-420.02420778777423,3295.8399328917108,269.4203624996946,-13924.337247263513,39423.09637547513,0.00369693229694675,0.00369693229694675,270.4945397095552
0.13809206137424948,452.2074458194495,-483.8911091975642,-419.8348863145407,3285.43681607968,299.3881414740822,-17264.206955205176,50420.30498974056,0.004757467186370334,0.004757467186370334,210.1958796194958
0.13875917278185457,454.40533390734095,-481.7034461574166,-419.62312590826275,3272.8056340855655,336.6922837668606,-20604.076663146974,61417.51360400647,0.005838875420246194,0.005838875420246194,171.26585652650135
0.13942628418945963,456.5969085516837,-479.524952706719,-419.3840323972804,3257.9463869093706,381.33278937802675,-23943.946371088638,72414.7222182719,0.006943295392499667,0.006943295392499667,144.02383068423487
0.14009339559706468,458.7816589649072,-477.35711521317074,-419.1127116099335,3240.8590745510924,433.3096583075821,-27283.8160790303,83411.93083253734,0.008071515230925969,0.008071515230925969,123.8924751288959
0.14076050700466977,460.9593086779951,-475.201420044472,-418.8042693745622,3221.5436970107303,492.6228905555291,-30623.6857869721,94409.13944680324,0.009222593383818891,0.009222593383818891,108.42937104377901
0.14142761841227483,463.12985457624603,-473.05935356832254,-418.4538115195062,3200.0002542882876,559.2724861218628,-33963.55549491376,105406.34806106867,0.010393437761451994,0.010393437761451994,96.21455604505367
0.14209472981987992,465.29360672748857,-470.9324021524221,-418.0564438731057,3176.22874638376,633.2584450065888,-37303.42520285556,116403.55667533456,0.01157836118456611,0.01157836118456611,86.36800874142658
0.14276184122748498,467.451355929566,-468.8216814642918,-417.6084039242568,3151.9498756527937,709.3278671725728,-35318.56662039989,111145.62078850619,0.011131324473079959,0.011131324473079959,89.83656908199956
0.14342895263509006,469.60461997708114,-466.72667885498475,-417.11090002948004,3129.107692094624,781.546024699157,-33162.299686992876,105364.41547618753,0.010599760639012615,0.010599760639012615,94.34175299388191
0.14409606404269512,471.7549180068002,-464.6464347169408,-416.56650500493686,3107.7039788055713,849.9074742121833,-31006.032753585954,99583.2101638691,0.01004175519140141,0.01004175519140141,99.5841843322653
0.14476317545030018,473.9035872398411,-462.5799894302344,-415.977791704539,3087.738735785637,914.4122157116551,-28849.765820179036,93802.00485155068,0.009462899879472592,0.009462899879472592,105.67585124399882
0.14543028685790527,476.0517902169645,-460.5263833749389,-415.34733298219817,3069.2119630348193,975.060249197575,-26693.498886772024,88020.79953923202,0.008868299841249263,0.008868299841249263,112.76118510886205
0.14609739826551033,478.20052308458673,-458.48465693112865,-414.6777016918257,3052.123660553119,1031.8515746699372,-24537.2319533651,82239.59422691358,0.00826250627126932,0.00826250627126932,121.02865246556428
0.1467645096731154,480.3506247282796,-456.4538504788775,-413.9714706873336,3036.473828340536,1084.7861921287474,-22380.96501995809,76458.38891459492,0.007649481117757939,0.007649481117757939,130.7278212215654
0.14743162108072047,482.5027865688017,-454.43300439825964,-413.23121282263315,3022.262466397071,1133.8641015740006,-20224.698086551165,70677.1836022765,0.007032588885152954,0.007032588885152954,142.19514553327267
0.14809873248832553,484.6575628540105,-452.42115906934873,-412.45950095163624,3009.4895747227233,1179.0853030056987,-18068.431153144247,64895.97828995808,0.006414610182657693,0.006414610182657693,155.89411850833332
0.14876584389593062,486.81538130085045,-450.4173548722188,-411.6589079282546,2998.155153317492,1220.4497964238449,-15912.164219737233,59114.77297763941,0.00579777174796642,0.00579777174796642,172.48005673054516
0.14943295530353568,488.9765539635446,-448.42063218694403,-410.8320066063996,2988.259202181379,1257.957581828434,-13755.897286330313,53333.567665320996,0.0051837881272297735,0.0051837881272297735,192.909118863699
0.15010006671114076,491.1412882259539,-446.43003139359814,-409.98136983998313,2979.801721314383,1291.60865921947,-11599.630352923301,47552.362353002325,0.004573910861084082,0.004573910861084082,218.6312830248261
0.15076717811874582,493.3096978369394,-444.44459287225516,-409.1095704829166,2972.782710716505,1321.4030285969498,-9443.36341951638,41771.15704068391,0.003968981791860755,0.003968981791860755,251.95378876534875
0.15143428952635088,495.48181392684637,-442.4633570029892,-408.2191813891117,2967.2021703877435,1347.340689960875,-7287.096486109456,35989.951728365486,0.0033694878793737036,0.0033694878793737036,296.7810052445931
0.15210140093395597,497.65759596054176,-440.48536416587416,-407.31277541248033,2963.0601003280995,1369.4216433112465,-5130.8295527024475,30208.746416046823,0.0027756156319101153,0.0027756156319101153,360.2804323853094
0.15276851234156102,499.83694259756487,-438.50965474098393,-406.39292540693384,2960.3565005375735,1387.6458886480623,-2974.562619295525,24427.5411037284,0.0021873038901622597,0.0021873038901622597,457.1838437711632
0.1534356237491661,502.01970244283115,-436.53526910839264,-405.4622042263841,2959.091371016165,1402.0134259713248,-818.2956858885136,18646.335791409736,0.0016042942289615121,0.0016042942289615121,623.3270568125884
0.15410273515677117,504.20568468197825,-434.56124764817406,-404.5231847247426,2959.2647117638726,1412.5242552810312,1337.9712475184078,12865.130479091313,0.0010261786622912693,0.0010261786622912693,974.4891769306358
0.15476984656437623,506.3946696039391,-432.58663074040226,-403.57843975592095,2960.876522780698,1419.178376577183,3494.23818092533,7083.925166772888,0.0004524446569082494,0.0004524446569082494,2210.215072122707
0.15543695797198132,508.5864190197938,-430.6104587651513,-402.6305421738309,2963.926804066642,1421.9757898597807,5650.505114332342,1302.7198544542255,0.00011748231102848556,0.00011748231102848556,8511.919720046477
0.15610406937958637,510.78068517830167,-428.6317941648847,-401.68202207703564,2968.228008655569,1421.2799478667523,6743.911522757714,-2418.737034285679,0.00047034778154427795,0.00047034778154427795,2126.086354052169
0.15677118078719146,512.9771925626134,-426.6501438401341,-400.7345482358392,2972.776022937819,1419.0367516603533,6891.0352954287955,-4306.3651924982305,0.0006317205268257751,0.0006317205268257751,1582.9784810456133
0.15743829219479652,515.1756421622271,-424.66542674536635,-399.7889908892027,2977.4221851671477,1415.534297176294,7038.1590680998725,-6193.993350710705,0.0007927237738185413,0.0007927237738185413,1261.4734577506254
0.15810540360240158,517.3757372336232,-422.67757740496626,-398.8461901026882,2982.1664953435557,1410.772584414575,7185.282840770949,-8081.621508923179,0.0009535510057663513,0.0009535510057663513,1048.7115990154282
0.15877251501000667,519.5771851338509,-420.6865303433186,-397.90698594185784,2987.008953467043,1404.751613375196,7332.406613442033,-9969.24966713573,0.0011143899422878245,0.0011143899422878245,897.3519609724906
0.15943962641761172,521.7796981597809,-418.69222008480847,-396.97221847227377,2991.9495595376084,1397.4713840581567,7479.530386113108,-11856.877825348205,0.0012754221476372204,0.0012754221476372204,784.0541281587019
0.1601067378252168,523.9829943912791,-416.6945811538206,-396.0427277594983,2996.9883135552527,1388.9318964634572,7626.654158784191,-13744.505983560757,0.0014368225939810984,0.0014368225939810984,695.9801468803706
0.16077384923282187,526.1867985398044,-414.69354807473985,-395.11935386909323,3002.125215519976,1379.1331505910975,7773.777931455268,-15632.134141773231,0.0015987591710853342,0.0015987591710853342,625.4850749792038
0.16144096064042693,528.3908428038683,-412.6890553719512,-394.202936866621,3007.3602654317774,1368.075146441078,7920.901704126345,-17519.762299985705,0.001761392134112161,0.001761392134112161,567.7327499274063
0.16210807204803201,530.5948677327203,-410.6810375698394,-393.2943168176437,3012.693463290658,1355.757884013398,8068.0254767974275,-19407.390458198257,0.0019248734815419536,0.0019248734815419536,519.5146639969981
0.16277518345563707,532.7986230995347,-408.6694291927892,-392.3943337877233,3018.1248090966164,1342.1813633080583,8215.149249468504,-21295.018616410725,0.002089346255584992,0.002089346255584992,478.61860968564633
0.16344229486324216,535.0018687852856,-406.65416476518584,-391.50382784242225,3023.6543028496553,1327.345584325058,8362.273022139587,-23182.64677462328,0.0022549437578605973,0.0022549437578605973,443.47004066689493
0.16410940627084722,537.2043756743968,-404.635178811414,-390.6236390473025,3029.2819445497726,1311.2505470643985,8509.396794810662,-25070.274932835753,0.0024217886736249404,0.0024217886736249404,412.91794403481003
0.16477651767845228,539.4059265631298,-402.6124058558583,-389.7546074679262,3035.0077341969672,1293.8962515260785,8656.52056748174,-26957.90309104823,0.002589992098458178,0.002589992098458178,386.10156401453884
0.16544362908605736,541.6063170815529,-400.58578042290407,-388.8975731698556,3040.831671791242,1275.2826977100976,8803.644340152823,-28845.531249260785,0.0027596524621113726,0.0027596524621113726,362.3644693415176
0.16611074049366242,543.8053566297921,-398.5552370369358,-388.0533762186527,3046.7537573325953,1255.4098856164571,8950.768112823898,-30733.159407473253,0.0029308543452044064,0.0029308543452044064,341.1974401376323
0.1667778519012675,546.0028693290952,-396.5207102223386,-387.2228566798798,3052.773990821027,1234.2778152451565,9097.891885494982,-32620.78756568581,0.0031036671856988145,0.0031036671856988145,322.1994950385901
0.16744496330887257,548.198694988078,-394.4821345034974,-386.406854619099,3058.8923722565373,1211.886486596196,9245.01565816606,-34508.41572389829,0.0032781438735887975,0.0032781438735887975,305.0506745773897
0.16811207471647763,550.3926900843112,-392.43944440479663,-385.60621010187225,3065.108901639127,1188.2358996695755,9392.139430837135,-36396.04388211076,0.0034543192341058436,0.0034543192341058436,289.4926415968186
0.16877918612408271,552.5847287611936,-390.39257445062157,-384.821763193762,3071.4235789687955,1163.3260544652942,9539.263203508217,-38283.672040323305,0.0036322084019624053,0.0036322084019624053,275.31459909065825
0.16944629753168777,554.7747038398193,-388.34145916535715,-384.0543539603304,3077.836404245543,1137.1569509833537,9686.386976179296,-40171.300198535784,0.003811805091813852,0.003811805091813852,262.34289946974934
0.17011340893929286,556.9625278452717,-386.2860330733878,-383.3048224671393,3084.3473774693684,1109.728589223752,9833.510748850378,-42058.92835674833,0.003993079773236014,0.003993079773236014,250.43326374358767
0.17078052034689792,559.1481340464891,-384.2262306990989,-382.57400877975124,3090.956498640273,1081.0409691864913,9980.634521521453,-43946.5565149608,0.004175977762132679,0.004175977762132679,239.46487672130186
0.17144763175450298,561.3314775085325,-382.16198656687493,-381.86275296372787,3097.663767758256,1051.0940908715702,10127.758294192532,-45834.18467317328,0.004360417244629691,0.004360417244629691,229.33585111186423
0.17211474316210806,563.5125361557268,-380.0932352011009,-381.17189508463184,3104.4691848233183,1019.8879542789881,10274.882066863614,-47721.81283138583,0.0045462872541894885,0.0045462872541894885,219.95970427924047
0.17278185456971312,565.6913118437841,-378.01991112616173,-380.5022752080249,3111.372749835459,987.4225594087471,10422.00583953469,-49609.440989598304,0.004733445627886,0.004733445627886,211.26259359751197
0.1734489659773182,567.8678314386066,-375.9419488664422,-379.8547333994694,3118.3744627946785,953.6979062608445,10569.129612205774,-51497.06914781086,0.004921716973481989,0.004921716973481989,203.18112670597665
0.17411607738492327,570.0421478990386,-373.85928294632737,-379.2301097245276,3125.474323700977,918.7139948352834,10716.25338487685,-53384.69730602333,0.005110890685087074,0.005110890685087074,195.66061213515528
0.17478318879252833,572.2143413603833,-371.771847890202,-378.6292442487615,3132.6723325543544,882.4708251320623,10863.377157547926,-55272.3254642358,0.005300719051647093,0.005300719051647093,188.65365061920608
0.1754503002001334,574.384520215017,-369.67957822245063,-378.052977037733,3139.96848935481,844.9683971511791,11010.500930219008,-57159.95362244836,0.005490915509180363,0.005490915509180363,182.1189924208598
0.17611741160773847,576.5528221859372,-367.58240846745883,-377.5021481570049,3147.362794102345,806.2067108926377,11157.624702890085,-59047.58178066084,0.005681153094345395,0.005681153094345395,176.0206041613853
0.17678452301534356,578.7194153885753,-365.4802731496108,-376.97759767213876,3154.8552467969585,766.1857663564346,11304.74847556117,-60935.209938873384,0.005871063163352001,0.005871063163352001,170.32690198976908
0.17745163442294862,580.8844993756641,-363.3731067932918,-376.48016564869687,3162.44584743865,724.905563542573,11451.872248232245,-62822.838097085856,0.006060234446113007,0.006060234446113007,165.0101178249619
0.17811874583055368,583.048306159452,-361.26084392288664,-376.0106921522415,3170.1345960274216,682.3661024510513,11598.996020903322,-64710.466255298335,0.006248212510520999,0.006248212510520999,160.04577282161236
0.17878585723815876,585.2111012050194,-359.14341906277997,-375.5700172483347,3177.921492563272,638.5673830818678,11746.119793574404,-66598.09441351089,0.006434499715411247,0.006434499715411247,155.41223781623668
0.17945296864576382,587.3732040227608,-357.02079602942865,-375.1587265326951,3185.6417134477647,594.941282150892,11274.946143307556,-63114.36985409658,0.006104546018433773,0.006104546018433773,163.81234525553913
0.1801200800533689,589.5350783580852,-354.89315568539087,-374.77552005028974,3192.954377645719,554.449145131656,10648.42112215832,-58281.05692956965,0.005640970064959547,0.005640970064959547,177.27447380225928
0.18078719146097397,591.6971798220201,-352.760776393252,-374.4182508313433,3199.8490798549133,517.1813663008985,10021.896101009108,-53447.74400504292,0.005174131920797307,0.005174131920797307,193.26913486309124
0.18145430286857903,593.8598849713096,-350.6239369802229,-374.08476786972625,3206.3258200753503,483.13794565861787,9395.371079859899,-48614.431080516195,0.004705337288535696,0.004705337288535696,212.52461591572762
0.1821214142761841,596.023497381389,-348.4829162735138,-373.7729201593086,3212.384598307029,452.31888320481283,8768.846058710662,-43781.11815598927,0.0042356584176158705,0.0042356584176158705,236.0908036967889
0.18278852568378917,598.1882541378646,-346.3379931003356,-373.48055669396075,3218.025414549948,424.72417893948574,8142.321037561452,-38947.80523146255,0.003765951167252313,0.003765951167252313,265.5371659345262
0.18345563709139426,600.3543323983786,-344.18944628789865,-373.205526467553,3223.2482688041086,400.35383286263453,7515.796016412214,-34114.492306935615,0.0032968745775387985,0.0032968745775387985,303.3175744121045
0.18412274849899932,602.5218559953214,-342.037554663414,-372.9456784739553,3228.0531610695107,379.2078449742611,6889.270995263005,-29281.179382408893,0.0028289120679974803,0.0028289120679974803,353.4927830782228
0.18478985990660438,604.6909020562445,-339.8825970540921,-372.6988617070383,3232.440091346153,361.2862152743644,6262.745974113795,-24447.866457882166,0.002362393560687786,0.002362393560687786,423.2994944791758
0.18545697131420946,606.8615076245605,-337.72485228714356,-372.46292516067217,3236.409059634039,346.58894376294404,5636.220952964559,-19614.553533355247,0.0018975179928604534,0.0018975179928604534,527.0042253947373
0.18612408272181452,609.0336762681889,-335.5645991897792,-372.23571782872705,3239.9600659331654,335.11603044000105,5009.695931815348,-14781.240608828513,0.0014343758351860433,0.0014343758351860433,697.167350055292
0.1867911941294196,611.2073846681293,-333.4021165892093,-372.0150887050732,3243.0931102435325,326.8674753055344,4383.170910666111,-9947.927684301594,0.0009729713618402141,0.0009729713618402141,1027.7794796638882
0.18745830553702467,613.3825891825499,-331.237683312645,-371.798886783581,3245.8081925651413,321.8432783595451,3756.645889516901,-5114.614759774857,0.0005132445263533715,0.0005132445263533715,1948.3890205416333
0.18812541694462973,615.5592323848397,-329.07157818729655,-371.58496105812065,3248.105312897991,320.04343960203244,3130.12086836769,-281.30183524813765,5.50923817518902e-05,5.50923817518902e-05,18151.32996978644
0.1887925283522348,617.7372495762123,-326.9040800403747,-371.3711605225623,3249.9844712420827,321.46795903299665,2503.5958472184557,4552.011089278785,0.00040160995434825074,0.00040160995434825074,2489.978122237636
0.18945963975983987,619.9165752748852,-324.7354676990903,-371.15533417077654,3251.445667597415,326.11683665243766,1877.0708260692436,9385.324013805512,0.0008569887484308889,0.0008569887484308889,1166.876463466946
0.19012675116744496,622.0971496845934,-322.5660199906536,-370.9353309966333,3252.488901963989,333.99007246035575,1250.5458049200079,14218.636938332438,0.0013111514521338588,0.0013111514521338588,762.6883975703422
0.19079386257505002,624.2789251452516,-320.3960157422756,-370.70899999400297,3253.1141743418048,345.08766645675036,624.0207837707967,19051.94986285917,0.0017641667935567153,0.0017641667935567153,566.839826966651
0.19146097398265507,626.4618725679768,-318.2257337811668,-370.47419015675575,3253.321484730861,359.4096186416217,-2.504237378412654,23885.262787385884,0.0022160451146818476,0.0022160451146818476,451.25435099436936
0.19212808539026016,628.6459878554051,-316.0554529345379,-370.2287504787621,3253.1108331311593,376.9559290149706,-629.0292585276493,28718.575711912814,0.00266671894679177,0.00266671894679177,374.9926482515387
0.19279519679786522,630.8312983063245,-313.88545202959955,-369.970529953892,3252.4822195426996,397.7265975767956,-1255.5542796768596,33551.888636439544,0.0031160238693374426,0.0031160238693374426,320.92180353311255
0.1934623082054703,633.0178690010775,-311.71600989356233,-369.697377576016,3251.435643965481,421.7216243270985,-1882.0793008260957,38385.20156096647,0.003563679768251175,0.003563679768251175,280.6088271199339
0.19412941961307537,635.205809160997,-309.5474053536369,-369.4071423390042,3249.971106399503,448.9410092658771,-2508.6043219753064,43218.51448549319,0.004009272696293526,0.004009272696293526,249.42179685718943
0.19479653102068042,637.3952784713275,-307.37991723703396,-369.09767323672673,3248.0886068447658,479.3847523931324,-3135.1293431245163,48051.82741001991,0.004452237639109242,0.004452237639109242,224.60616010606068
0.1954636424282855,639.5864933526967,-305.21382437096406,-368.7668192630541,3245.7881453012706,513.052853708866,-3761.6543642737524,52885.14033454685,0.004891842603618867,0.004891842603618867,204.42194915679096
0.19613075383589057,641.7797331612655,-303.0494055826379,-368.4124294118564,3243.0697217690167,549.9453132130749,-4388.179385422964,57718.453259073576,0.005327174566093276,0.005327174566093276,187.71676947942737
0.19679786524349566,643.975346292289,-300.8869396992661,-368.0323526770041,3239.9333362480047,590.0621309057624,-5014.704406572199,62551.7661836005,0.005757127939739664,0.005757127939739664,173.69772054174982
0.19746497665110072,646.1737561560388,-298.72670554805944,-367.6244380523673,3236.378988738234,633.4033067869251,-5641.22942772141,67385.07910812722,0.006180396337592236,0.006180396337592236,161.80192100585913
0.19813208805870577,648.3754669890175,-296.5689819562284,-367.1865345318162,3232.406679239704,679.9688408565644,-6267.75444887062,72218.39203265394,0.006595468505184096,0.006595468505184096,151.61925179598558
0.19879919946631086,650.581069457292,-294.41404775098374,-366.71649110922124,3228.0164077524155,729.7587331146827,-6894.2794700198565,77051.70495718087,0.007000629365650506,0.007000629365650506,142.8442998149037
0.19946631087391592,652.7912460028061,-292.2621817595361,-366.2121567784525,3223.2081742763685,782.7729835612757,-7520.804491169067,81885.0178817076,0.007393967142301051,0.007393967142301051,135.2453940833707
0.200133422281521,655.006760464471,-290.11367512590647,-365.6713947465979,3217.82538718088,838.8308903082581,-9474.563738023948,85186.74364875296,0.007670611609526721,0.007670611609526721,130.36770089597854
0.20080053368912607,657.2276657577004,-287.96946015979586,-365.0928081060661,3210.044223013511,895.8278176227831,-13853.366435749715,85690.04444019592,0.007766358484235973,0.007766358484235973,128.7604740406696
0.20146764509673115,659.4528853986909,-285.8314104630535,-364.47608617122853,3199.3419096148364,953.1605026367389,-18232.16913347566,86193.34523163893,0.007879450400065576,0.007879450400065576,126.91240495551284
0.2021347565043362,661.6812833585071,-283.701474767655,-363.8210049542939,3185.718446984858,1010.8289453501205,-22610.971831201427,86696.64602308192,0.008009878474364653,0.008009878474364653,124.84583919724454
0.20280186791194127,663.9117612883765,-281.58160180557576,-363.12734046747045,3169.173835123574,1068.8331457629304,-26989.77452892719,87199.9468145249,0.008157695349602326,0.008157695349602326,122.58364123008693
0.20346897931954636,666.1432618924819,-279.4737403087912,-362.394868722967,3149.7080740309852,1127.1731038751707,-31368.577226653142,87703.2476059679,0.008323003079962421,0.008323003079962421,120.14894027943998
0.20413609072715141,668.3747724830118,-277.37983900927713,-361.6233657329919,3127.3211637070926,1185.8488196868373,-35747.3799243789,88206.5483974109,0.008505940276512268,0.008505940276512268,117.5648978821698
0.2048032021347565,670.6053287336905,-275.30184663900883,-360.8126075097536,3102.0131041518935,1244.860293197934,-40126.182622104854,88709.84918885388,0.008706668128716516,0.008706668128716516,114.85449832431065
0.20547031354236156,672.8340186473162,-273.24171192996204,-359.96237006546085,3073.7838953653913,1304.2075244084572,-44504.98531983062,89213.14998029688,0.008925354909758461,0.008925354909758461,112.04036255260375
0.20613742494996662,675.0599867518874,-271.20138361411205,-359.0724294123219,3042.633537347584,1363.8905133184082,-48883.78801755638,89716.45077173985,0.009162158564108897,0.009162158564108897,109.14458563480004
0.2068045363575717,677.2824385385793,-269.1828104234345,-358.1425615625456,3008.562030098472,1423.9092599277906,-53262.590715282335,90219.75156318286,0.009417206971887427,0.009417206971887427,106.18859742439926
0.20747164776517676,679.5006451530717,-267.18794108990494,-357.17254252834016,2971.569373618055,1484.2637642365983,-57641.393413008096,90723.05235462583,0.009690575490718176,0.009690575490718176,103.19304575438473
0.20813875917278185,681.713948349389,-265.2187243454988,-356.1621483219142,2931.6555679063317,1544.9540262448365,-62020.19611073404,91226.35314606884,0.009982261398217767,0.009982261398217767,100.17770123496666
0.2088058705803869,683.9217657123792,-263.2771089221916,-355.1111549554763,2888.820612963306,1605.9800459525009,-66398.99880845982,91729.65393751183,0.010292154904682714,0.010292154904682714,97.16138255410644
0.20947298198799197,686.1235961510853,-261.365043551959,-354.01933844123505,2843.064508788975,1667.3418233595935,-70777.80150618557,92232.95472895482,0.010620006485261239,0.010620006485261239,94.16190106737032
0.21014009339559706,688.3190256604126,-259.4844769667764,-352.8864747913988,2794.3872553833385,1729.0393584661172,-75156.60420391153,92736.25552039781,0.010965390404695704,0.010965390404695704,91.1960234057668
0.21080720480320211,690.5077333425029,-257.63735789861926,-351.712340018176,2742.7888527463974,1791.0726512720657,-79535.40690163728,93239.5563118408,0.01132766448756242,0.01132766448756242,88.27945081689016
0.2114743162108072,692.6894976719616,-255.8256350794632,-350.49671013377554,2688.269300878151,1853.4417017774463,-83914.20959936324,93742.85710328381,0.011705926435173517,0.011705926435173517,85.42681397648617
0.21214142761841226,694.8642029804124,-254.05125724128374,-349.2393611504055,2630.828599778601,1916.1465099822517,-88293.012297089,94246.15789472678,0.012098967318396993,0.012098967318396993,82.65168205549722
0.21280853902601732,697.0318461256558,-252.31617311605646,-347.9400690802747,2570.4667494477476,1979.1870758864857,-92671.81499481476,94749.45868616976,0.012505223292122948,0.012505223292122948,79.9665848933622
0.2134756504336224,699.1925432989715,-250.62233143575673,-346.5986099355916,2507.183749885586,2042.5633994901505,-97050.6176925407,95252.75947761277,0.012922727084677817,0.012922727084677817,77.38304720415222
0.21414276184122746,701.3465369108123,-248.97168093236021,-345.21475972856473,2440.9796010921227,2106.275480793241,-101429.42039026647,95756.06026905576,0.01334906140732904,0.01334906140732904,74.91163382100929
0.21480987324883255,703.4942024804485,-247.36617033784222,-343.78829447140237,2371.8543030673513,2170.3233197957625,-105808.22308799242,96259.36106049875,0.013781317084236206,0.013781317084236206,72.56200506001363
0.2154769846564376,705.6360554392736,-245.8077483841785,-342.3189901763134,2299.8078558112784,2234.7069164977097,-110187.02578571819,96762.66185194172,0.014216059382007722,0.014216059382007722,70.34298135147286
0.21614409606404267,707.7727577409303,-244.29836380334453,-340.80662285550613,2224.8402593239,2299.426270899085,-114565.82848344395,97265.96264338472,0.014649306657415265,0.014649306657415265,68.26261633985351
0.21681120747164775,709.9051241547445,-242.83996532731567,-339.250968521189,2146.9515136052146,2364.4813829998907,-118944.6311811699,97769.2634348277,0.015076525953010754,0.015076525953010754,66.32827768921804
0.2174783188792528,712.0341281030478,-241.4345016880676,-337.6518031855708,2066.1416186552274,2429.8722528001226,-123323.43387889567,98272.5642262707,0.015492650439793384,0.015492650439793384,64.54673484605752
0.2181454302868579,714.1609068888516,-240.0839216175758,-336.00890286085985,1982.4105744739322,2495.598880299786,-127702.23657662161,98775.8650177137,0.015892123501830405,0.015892123501830405,62.924253004000576
0.21881254169446296,716.286766149277,-238.79017384781585,-334.32204355926484,1895.7583810613355,2561.6612654988744,-132081.0392743474,99279.1658091567,0.016268973643752675,0.016268973643752675,61.46669248456263
0.21947965310206802,718.4131833635702,-237.55520711076318,-332.59100129299406,1806.1850384174343,2628.059408397391,-136459.84197207313,99782.46660059967,0.016616923160521723,0.016616923160521723,60.179612696036735
0.2201467645096731,720.5418102438847,-236.3809701383933,-330.8155520742562,1713.6905465422246,2694.7933089953385,-140838.6446697991,100285.76739204268,0.016929531570566828,0.016929531570566828,59.06837976182222
0.22081387591727816,722.6744738437285,-235.26941166268176,-328.9954719152597,1618.274905435714,2761.8629672927123,-145217.44736752487,100789.06818348567,0.017200372192175094,0.017200372192175094,58.138276824900714
0.22148098732488325,724.812965731688,-234.22221127691643,-327.13092936897084,1521.2403242664884,2827.3691016281787,-145395.81661685396,95166.00586014583,0.016795400265909508,0.016795400265909508,59.54011123091551
0.2221480987324883,726.9580862731458,-233.23971738302012,-325.22403454076436,1424.2919962604115,2888.8246751254705,-145255.27074537013,89077.8034847383,0.016355657188031666,0.016355657188031666,61.14092442165852
0.22281521014009337,729.1101684584983,-232.32186755058405,-323.2774967379955,1327.4374280084928,2946.2187393663194,-145114.72487388627,82989.60110933076,0.015934876598233692,0.015934876598233692,62.75542793414826
0.22348232154769845,731.2693871169932,-231.46859923140676,-321.29402543982116,1230.676619510729,2999.5512943507283,-144974.1790024024,76901.39873392296,0.01553618443871317,0.01553618443871317,64.36586820559322
0.2241494329553035,733.4357711839277,-230.67984987728664,-319.27633012539866,1134.009570767128,3048.8223400786924,-144833.63313091855,70813.19635851544,0.01516205678930432,0.01516205678930432,65.95411255189494
0.2248165443629086,735.609215748326,-229.9555569400221,-317.2271202738848,1037.4362817776814,3094.031876550216,-144693.0872594347,64724.99398310766,0.01481441160090987,0.01481441160090987,67.50183719335719
0.22548365577051366,737.7894938830237,-229.2956578714116,-315.14910536443693,940.9567525423979,3135.179903765294,-144552.54138795083,58636.79160770014,0.014494698095785699,0.014494698095785699,68.99074360788154
0.22615076717811872,739.9762681944936,-228.70009012325343,-313.04499487621194,844.5709830612727,3172.26642172393,-144411.99551646697,52548.58923229261,0.01420398076205687,0.01420398076205687,70.4027988175894
0.2268178785857238,742.1691020534745,-228.1687911473462,-310.9174982883668,748.2789733343022,3205.291430426125,-144271.4496449831,46460.38685688481,0.013943016038099412,0.013943016038099412,71.72049413609591
0.22748498999332886,744.3674704875024,-227.70169839548825,-308.7693250800588,652.0807233614944,3234.2549298718754,-144130.90377349925,40372.18448147729,0.013712320684256435,0.013712320684256435,72.92711591467759
0.22815210140093395,746.570770733062,-227.29874931947805,-306.60318473044487,555.9762331428415,3259.156920061185,-143990.35790201538,34283.982106069496,0.013512231497217048,0.013512231497217048,74.00702098731493
0.228819212808539,748.7783324586204,-226.95988137111397,-304.4217867186822,459.9655026783512,3279.9974009940506,-143849.81203053155,28195.77973066198,0.013342956471227997,0.013342956471227997,74.94590888880916
0.22948632421614407,750.9894276806932,-226.68503200219448,-302.22784052392774,364.04853196801946,3296.7763726704725,-143709.26615904766,22107.57735525445,0.013204617788899468,0.013204617788899468,75.73108256421138
0.23015343562374915,753.2032804036913,-226.47413866451797,-300.0240556253386,268.2253210118425,3309.493835090454,-143568.72028756383,16019.374979846663,0.013097287169880905,0.013097287169880905,76.35168924902584
0.2308205470313542,755.4190760210088,-226.3271388098829,-297.8131415020718,172.49586980982815,3318.149788253991,-143428.17441607997,9931.172604439125,0.013021014150771856,0.013021014150771856,76.79893351016152
0.2314876584389593,757.6359705199457,-226.24396989008764,-295.5978076332844,76.86017836196856,3322.744232161086,-143287.62854459608,3842.970229031347,0.012975847841271395,0.012975847841271395,77.0662551096945
0.23215476984656436,759.8530995369163,-226.22456935693074,-293.3807634981336,-18.681753331728487,3323.2771668117384,-143147.08267311225,-2245.2321463761873,0.01296185262100017,0.01296185262100017,77.1494653765657
0.23282188125416942,762.0695873121998,-226.26887466221046,-291.1647185757763,-114.12992527126676,3319.7485922059477,-143006.5368016284,-8333.43452178371,0.012979118124766133,0.012979118124766133,77.04683711074698
0.2334889926617745,764.2845555954137,-226.37682325772536,-288.95238234536964,-209.4843374566504,3312.158508343714,-142865.99093014453,-14421.6368971915,0.013027763723226308,0.013027763723226308,76.7591446425428
0.23415610406937956,766.497132554071,-226.54835259527377,-286.74646428607076,-304.74498988787127,3300.5069152250385,-142725.44505866067,-20509.839272599023,0.013107937549775855,0.013107937549775855,76.28965244933593
0.23482321547698465,768.7064617380615,-226.78340012665424,-284.54967387703664,-399.91188256493757,3284.7938128499195,-142584.8991871768,-26598.041648006816,0.013219809960001579,0.013219809960001579,75.64405260178798
0.2354903268845897,770.9117111527024,-227.08190330366506,-282.36472059742437,-494.98501548784117,3265.019201218359,-142444.35331569295,-32686.244023414343,0.013363561143354321,0.013363561143354321,74.83035317253729
0.23615743829219477,773.1120824920722,-227.4437995781047,-280.1943139263909,-589.964388656586,3241.1830803303546,-142303.8074442091,-38774.44639882188,0.013539362444479125,0.013539362444479125,73.85872149450913
0.23682454969979985,775.3068205825787,-227.8690264017716,-278.04116334309344,-684.8500020711763,3213.2854501859074,-142163.26157272523,-44862.64877422966,0.013747350802289834,0.013747350802289834,72.74128771293408
0.2374916611074049,777.4953023113444,-228.35745367401944,-275.90788158090965,-779.1253554985486,3182.066020766386,-139389.9712056904,-47180.34485145056,0.013660391055274869,0.013660391055274869,73.20434649005577
0.23815877251501,779.6781602907644,-228.90789153581727,-273.7955636316849,-870.574033559065,3150.6990492632754,-134773.16561973104,-46857.83571487125,0.013325942325178981,0.013325942325178981,75.04159747941645
0.23882588392261506,781.8568829545886,-229.51830852785125,-271.70409918262106,-958.9427879464895,3119.5472272842358,-130156.3600337718,-46535.32657829196,0.012964278566993042,0.012964278566993042,77.1350287509243
0.23949299533022012,784.0328205518357,-230.18664999790437,-269.63334470501616,-1044.2316186608257,3088.610554829265,-125539.55444781258,-46212.81744171267,0.012580278787994533,0.012580278787994533,79.48949437863877
0.2401601067378252,786.2071602169474,-230.91086129375998,-267.58315667016836,-1126.4405257020774,3057.8890318983613,-120922.74886185318,-45890.30830513337,0.01217861927892502,0.01217861927892502,82.11111433054567
0.24082721814543026,788.3809292094434,-231.68888776320114,-265.5533915493759,-1205.569509070237,3027.3826584915287,-116305.94327589398,-45567.799168554084,0.011763684995691073,0.011763684995691073,85.0073765462345
0.24149432955303535,790.5549989808744,-232.5186747540109,-263.54390581393676,-1281.618568765312,2997.091434608763,-111689.13768993455,-45245.29003197477,0.011339504488099355,0.011339504488099355,88.18727494217102
0.2421614409606404,792.7300899286178,-233.3981676139725,-261.5545559351493,-1354.5877047872953,2967.015360250067,-107072.33210397535,-44922.78089539548,0.010909706917979359,0.010909706917979359,91.66149077313756
0.24282855236824546,794.9067767003802,-234.32531169086894,-259.58519838431164,-1424.4769171361907,2937.154435415441,-102455.52651801612,-44600.2717588162,0.010477498738689764,0.010477498738689764,95.4426266173001
0.24349566377585055,797.0854939212178,-235.29805233248354,-257.6356896327218,-1491.2862058120002,2907.508660104882,-97838.72093205673,-44277.762622236885,0.010045657037655314,0.010045657037655314,99.54550471428426
0.2441627751834556,799.2665422254165,-236.31433488659923,-255.7058861516781,-1555.0155708147192,2878.0780343183937,-93221.9153460975,-43955.253485657595,0.009616536316453405,0.009616536316453405,103.98754469309816
0.2448298865910607,801.4500944877717,-237.37210470099922,-253.7956444124784,-1615.6650121443522,2848.862558055973,-88605.10976013809,-43632.74434907829,0.009192085524527263,0.009192085524527263,108.78924019273947
0.24549699799866576,803.6362021618262,-238.46930712346668,-251.9048208864212,-1673.2345298008945,2819.8622313176215,-83988.30417417888,-43310.235212499,0.00877387239457354,0.00877387239457354,113.97475994960668
0.24616410940627081,805.824801645839,-239.60388750178464,-250.03327204480448,-1727.7241237843489,2791.0770541033394,-79371.49858821966,-42987.72607591971,0.008363112477842391,0.008363112477842391,119.57270724858063
0.2468312208138759,808.015720610109,-240.77379118373642,-248.1808543589264,-1779.1337940947174,2762.5070264131255,-74754.69300226026,-42665.216939340404,0.007960700685555098,0.007960700685555098,125.61708315632649
0.24749833222148096,810.208684231432,-241.97696351710496,-246.34742430008518,-1827.463540731995,2734.1521482469816,-70137.88741630105,-42342.70780276111,0.007567243561953988,0.007567243561953988,132.14851508516574
0.24816544362908605,812.4033212916538,-243.21134984967347,-244.5328383395788,-1872.7133636961862,2706.012419604905,-65521.08183034164,-42020.19866618181,0.0071830909125584095,0.0071830909125584095,139.21583510124736
0.2488325550366911,814.599170107366,-244.47489552922508,-242.73695294870572,-1914.883262987288,2678.087840486899,-60904.276244382425,-41697.68952960252,0.006808365767580184,0.006808365767580184,146.8781252561021
0.24949966644429616,816.795684266718,-245.76554590354286,-240.9596245987638,-1953.973238605301,2650.3784108929617,-56287.470658423204,-41375.18039302323,0.0064429919645136585,0.0064429919645136585,155.20739518344
0.2501667778519012,818.9922381570811,-247.08124632041,-239.20070976105137,-1989.9832905502262,2622.884130823093,-51670.66507246399,-41052.67125644394,0.0060867188822957405,0.0060867188822957405,164.29212837620454
0.25083388925950634,821.1881322739763,-248.41994212760966,-237.4600649068663,-2022.9134188220655,2595.605000277291,-47053.859486504385,-40730.16211986462,0.005739143053716872,0.005739143053716872,174.24204112709208
0.2515010006671114,823.3825983073174,-249.7795786729249,-235.73754650750718,-2052.7636234208144,2568.5410192555605,-42437.05390054518,-40407.652983285334,0.005399726527570986,0.005399726527570986,185.19456400134402
0.25216811207471646,825.5748040057605,-251.15810130413882,-234.03301103427188,-2079.5339043464746,2541.692187757899,-37820.24831458596,-40085.143846706036,0.005067811953506957,0.005067811953506957,197.32381729515316
0.2528352234823215,827.7638578238711,-252.55345536903462,-232.3463149584586,-2103.2242615990467,2515.0585057843055,-33203.442728626746,-39762.634710126746,0.004742634427295595,0.004742634427295595,210.8532747632064
0.2535023348899266,829.9488133948394,-253.96358609897385,-230.67731460747413,-2123.8240273025885,2488.6531583107444,-27934.96175948908,-38634.686486097664,0.004328160100364512,0.004328160100364512,231.0450576714529
0.2541694462975317,832.1289968461609,-255.38530203338806,-229.0244614127684,-2136.4906366246364,2468.4613200119975,-10039.532988006467,-21900.44473354401,0.002057016952914552,0.002057016952914552,486.1408646064473
0.25483655770513675,834.3047266241741,-256.811485937771,-227.38135474008638,-2137.219001269244,2459.4330852840008,7855.895783474658,-5166.202980991751,0.0002393557196988233,0.0002393557196988233,4177.882196666455
0.2555036691127418,836.4764286531557,-258.2341736729117,-225.7405472221359,-2126.009121236412,2461.568454126752,25751.324554955794,11568.038771560514,0.002556904382854346,0.002556904382854346,391.0979255640648
0.25617078052034686,838.6445460661748,-259.64540109959904,-224.09459149162493,-2102.8609965261408,2474.8674265402515,43646.75332643691,28302.28052411277,0.004891187849360282,0.004891187849360282,204.44931390864286
0.2568378919279519,840.8097037928833,-261.037204078622,-222.43604018126152,-2067.7746271384317,2499.3300025245,61542.182097918034,45036.522276665026,0.007234726168362479,0.007234726168362479,138.22223215206247
0.25750500333555704,842.9728739930382,-262.4016184707695,-220.7574459237535,-2020.7500130732788,2534.9561820795,79437.61086940064,61770.76402921868,0.009574303513081663,0.009574303513081663,104.44623973259982
0.2581721147431621,845.1355412071097,-263.73068013683024,-219.0513613518089,-1961.78715433069,2581.745965205246,97333.03964088178,78505.00578177093,0.011888377392136553,0.011888377392136553,84.11576845309771
0.25883922615076715,847.2998651617139,-265.0164249375933,-217.31033909813596,-1890.8860509106635,2639.699351901741,115228.4684123629,95239.2475343232,0.014144880508531214,0.014144880508531214,70.69695635794655
0.2595063375583722,849.4688378382507,-266.25088873384743,-215.5269317954423,-1808.0467028131975,2708.816342168984,133123.897183844,111973.48928687547,0.01629987358512523,0.01629987358512523,61.350169053615836
0.26017344896597727,851.6464297992495,-267.4261073863817,-213.693692076436,-1713.2691100382926,2789.0969360069757,151019.32595532513,128707.73103942772,0.018297664530959726,0.018297664530959726,54.65178347258448
0.2608405603735824,853.8377190893436,-268.534116755985,-211.80317257382495,-1606.5532725859393,2880.5411334157243,168914.7547268078,145441.9727919814,0.02007305815111248,0.02007305815111248,49.818019380598386
0.26150767178118745,856.0486568439462,-269.5670075685612,-209.84833694799275,-1488.3767091553918,2979.5715537541896,184039.45984975636,141419.0522433359,0.020538662822239994,0.020538662822239994,48.68866141164577
0.2621747831887925,858.2790174629761,-270.5180388007158,-207.83090093007647,-1361.4214442455284,3066.095533559286,196572.42435002117,117979.83921234655,0.02021753893657785,0.02021753893657785,49.46200440800369
0.26284189459639756,860.5218671713286,-271.38158790698327,-205.7609594441108,-1226.1052957464287,3136.9829469661236,209105.38885028596,94540.62618135719,0.02020220992361568,0.02020220992361568,49.49953513902629
0.2635090060040026,862.7700361620346,-272.1520772465438,-203.64894382191582,-1082.4282636580933,3192.2337939747035,221638.35335055075,71101.41315036784,0.02048336342885559,0.02048336342885559,48.82010727746338
0.26417611741160774,865.0165126182942,-272.82392917857754,-201.50528539531152,-930.3903479805093,3231.8480745850284,234171.3178508166,47662.200119376546,0.021061692838992115,0.021061692838992115,47.479564327738714
0.2648432288192128,867.2545638491991,-273.3915660622642,-199.34041549611817,-769.9915487137015,3255.8257887970904,246704.28235108138,24222.987088387188,0.02194677071159744,0.02194677071159744,45.56479006141733
0.26551034022681785,869.4778664383318,-273.8494102567837,-197.16476545615564,-601.2318658576577,3264.1669366108945,259237.24685134622,783.7740573978444,0.023155808609576042,0.023155808609576042,43.18570846998847
0.2661774516344229,871.68065088951,-274.19188412131615,-194.98876660724406,-424.11129941237795,3256.8715180264403,271770.211351611,-22655.43897359151,0.02471190464786463,0.02471190464786463,40.46632642241158
0.26684456304202797,873.8578664358222,-274.41341007442446,-192.82285022215373,-238.63816846956593,3233.9478054343135,283526.2168676372,-45322.05465669507,0.02657274058388003,0.02657274058388003,37.6325504267571
0.2675116744496331,876.0074200882244,-274.5103840822828,-190.67548510500305,-53.38756321404107,3203.922750796047,271855.0976883892,-44693.0591488233,0.02639983423185728,0.02639983423185728,37.879025724838726
0.26817878585723814,878.1350306121512,-274.48637234172,-188.54801008098065,124.07710529747419,3174.3173062364162,260183.9785091422,-44064.06364095158,0.025932882841846482,0.025932882841846482,38.561081160878665
0.2688458972648432,880.2475265882185,-274.3465689399566,-186.44014522341604,293.7558370649955,3145.131471755418,248512.8593298952,-43435.068133079854,0.025202601685077666,0.025202601685077666,39.67844322168116
0.26951300867244826,882.3510183277568,-274.0961679642137,-184.35161060563908,455.648632088523,3116.365247353055,236841.74015064823,-42806.07262520814,0.02424987374594522,0.02424987374594522,41.23732809813941
0.2701801200800533,884.4508664419709,-273.74036350171184,-182.2821263009796,609.7554903680561,3088.0186330293245,225170.62097140122,-42177.07711733641,0.023121071040492186,0.023121071040492186,43.2505915599104
0.27084723148765844,886.5516701492988,-273.2843496396719,-180.2314123827672,756.076411903608,3060.091628784226,213499.50179215326,-41548.08160946464,0.021863597353686256,0.021863597353686256,45.73812734579095
0.2715143428952635,888.6572734680669,-272.7333204653147,-178.19918892433193,894.6113966951531,3032.5842346177624,201828.38261290628,-40919.08610159292,0.02052224350874094,0.02052224350874094,48.727615943845265
0.27218145430286855,890.7707864909437,-272.09247006586116,-176.18517599900355,1025.3604447427044,3005.496450529933,190157.26343365927,-40290.090593721194,0.019136647207130462,0.019136647207130462,52.25575771848855
0.2728485657104736,892.8946184713417,-271.36699252853197,-174.18909368011182,1148.323556046262,2978.8282765207373,178486.1442544123,-39661.095085849476,0.017739877469529444,0.017739877469529444,56.370175144536965
0.27351567711807867,895.0305194066242,-270.56208194054796,-172.2106620409865,1263.5007306058255,2952.579712590175,166815.02507516532,-39032.09957797775,0.01635797776348707,0.01635797776348707,61.13225084778618
0.2741827885256838,897.1796270662059,-269.6829323891299,-170.24960115495722,1370.8919684214043,2926.7507587382443,155143.90589591733,-38403.104070105976,0.015010214026812786,0.015010214026812786,66.62130188241802
0.27484989993328884,899.3425168611848,-268.73473796149864,-168.30563109535416,1470.4972694929793,2901.3414149649493,143472.78671667032,-37774.10856223425,0.013709764676615097,0.013709764676615097,72.940712228687
0.2755170113408939,901.5192524785424,-267.72269274487513,-166.37847193550698,1562.3166338205608,2876.3516812702874,131801.66753742337,-37145.11305436253,0.012464628426131321,0.012464628426131321,80.22702047848951
0.27618412274849896,903.7094357279768,-266.65199082647996,-164.46784374874534,1646.3500614041482,2851.781557654259,120130.54835817635,-36516.117546490816,0.011278583982834631,0.011278583982834631,88.66361251748833
0.276851234156104,905.9122545237473,-265.5278262935341,-162.57346660839912,1722.5975522437423,2827.631044116865,108459.42917892936,-35887.12203861909,0.010152094011684893,0.010152094011684893,98.50184590972232
0.27751834556370913,908.1265283232262,-264.35539323325804,-160.69506058779794,1791.059106339347,2803.900140658102,96788.30999968141,-35258.12653074732,0.009083093967291112,0.009083093967291112,110.09464435808694
0.2781854569713142,910.3507506619723,-263.1398857328731,-158.832345760272,1851.7347236909527,2780.5888472779748,85117.1908204344,-34629.1310228756,0.008067641321587635,0.008067641321587635,123.95196565372461
0.27885256837891925,912.5831286670744,-261.8864978795998,-156.98504219915083,1904.6244042985643,2757.697163976481,73446.07164118742,-34000.13551500387,0.007100423181162505,0.007100423181162505,140.8366761368548
0.2795196797865243,914.8216196070226,-260.6004237606589,-155.15286997776425,1949.7281481621812,2735.2250907536204,61774.95246194043,-33371.140007132155,0.006175132890220018,0.006175132890220018,161.93983478214187
0.28018679119412937,917.0639646603079,-259.28685746327136,-153.33554916944212,1987.0459552818054,2713.172627609394,50103.83328269344,-32742.14449926043,0.005284731857024791,0.005284731857024791,189.2243593533962
0.2808539026017345,919.3077201689313,-257.9509930746578,-151.53279984751404,2016.5778256574376,2691.539774543799,38432.71410344548,-32113.148991388658,0.004421614041476262,0.004421614041476262,226.16175691040777
0.28152101400933954,921.5502866982928,-256.5980246820392,-149.74434208531005,2038.3237592890728,2670.3265315568397,26761.594924198493,-31484.153483516937,0.003577689198497033,0.003577689198497033,279.510025750726
0.2821881254169446,923.7889362610279,-255.2331463726364,-147.96989595615995,2052.2837561767146,2649.5328986485138,15090.4757449515,-30855.157975645216,0.0027443983870218958,0.0027443983870218958,364.37858465773166
0.28285523682454966,926.0213076916334,-253.86088758974577,-146.20910407834953,2061.5986326393086,2629.5248944595555,13314.105507502984,-29073.06652382016,0.0025451653562286497,0.0025451653562286497,392.90178044925545
0.2835223482321547,928.2471519432074,-252.48270344162867,-144.4612507989969,2070.055852971394,2610.743895495986,12040.641048089083,-27232.36836895964,0.002374006915682603,0.002374006915682603,421.22876449686663
0.28418945963975983,930.4668281280734,-251.09916075515375,-142.72551694832654,2077.663530635425,2593.1908472694813,10767.17658867507,-25391.670214098966,0.002198954864582675,0.002198954864582675,454.76149424730613
0.2848565710473649,932.6806808536053,-249.7108262699264,-141.00108334639413,2084.4216656314006,2576.8657497800427,9493.71212926117,-23550.97205923845,0.0020202459451581084,0.0020202459451581084,494.9892375216415
0.28552368245496995,934.8890411888956,-248.3182667255517,-139.2871308132549,2090.3302579593224,2561.7686030276695,8220.247669847266,-21710.273904377933,0.001838112148733228,0.001838112148733228,544.0364455940135
0.286190793862575,937.092227727466,-246.92204886163472,-137.5828401689641,2095.389307619189,2547.8994070123613,6946.783210433363,-19869.57574951742,0.0016527806362703196,0.0016527806362703196,605.0409703834681
0.2868579052701801,939.2905476817193,-245.52273941778046,-135.887392233577,2099.598814611001,2535.258161734116,5673.318751019354,-18028.877594656744,0.0014644738527755223,0.0014644738527755223,682.8390948085313
0.2875250166777852,941.4842980065578,-244.1209051335942,-134.1999678271491,2102.9587789347584,2523.844867192938,4399.854291605452,-16188.179439796228,0.0012734098260209516,0.0012734098260209516,785.2931393852358
0.28819212808539024,943.6737665496693,-242.717112748681,-132.51974776973566,2105.4692005904617,2513.659523388825,3126.3898321915485,-14347.481284935711,0.0010798026385688156,0.0010798026385688156,926.0951624691462
0.2888592394929953,945.859233226047,-241.31192900264594,-130.845912881392,2107.13007957811,2504.702130321777,1852.9253727776459,-12506.783130075193,0.0008838630608377232,0.0008838630608377232,1131.396982528269
0.28952635090060036,948.0409712143778,-239.90592063509408,-129.17764398217344,2107.9414158977033,2496.972687991794,579.4609133637423,-10666.084975214677,0.0006857993318800273,0.0006857993318800273,1458.1524850113713
0.2901934623082055,950.2192481729912,-238.49965438563044,-127.51412189213511,2107.9032095492416,2490.471196398875,-694.0035460502659,-8825.386820354006,0.0004858180735970399,0.0004858180735970399,2058.3836920596873
0.29086057371581053,952.3943274731085,-237.09369699386042,-125.85452743133267,2107.015460532726,2485.197655543022,-1967.4680054641685,-6984.68866549349,0.00028412532325848653,0.00028412532325848653,3519.573646345622
0.2915276851234156,954.5664694471719,-235.68861519938895,-124.19804141982137,2105.278168848156,2481.1520654242345,-3240.932464878072,-5143.990510632972,8.09276683693923e-05,8.09276683693923e-05,12356.7133484623
0.29219479653102065,956.7359326500473,-234.2849757418211,-122.54384467765642,2102.691334495531,2478.3344260425115,-4514.396924291974,-3303.2923557724553,0.0001235665328973244,0.0001235665328973244,8092.806171319331
0.2928619079386257,958.9029751309096,-232.88334536076212,-120.8911180248932,2099.2549574748514,2476.7447373978534,-5787.861383705877,-1462.5942009119372,0.00032914586334762747,0.00032914586334762747,3038.1666955475293
0.2935290193462308,961.0678557136013,-231.48429079581683,-119.2390422815869,2094.969037786116,2476.3829994902608,-7061.325843119886,378.10395394873194,0.0005355945090649039,0.0005355945090649039,1867.0841150815813
0.2941961307538359,963.2308352832272,-230.08837878659065,-117.58679826779313,2089.833575429327,2477.249212319733,-8334.79030253379,2218.80210880925,0.0007426908919443635,0.0007426908919443635,1346.4551818886612
0.29486324216144094,965.3921780767015,-228.6961760726886,-115.93356680356707,2083.848570404484,2479.34337588627,-9608.254761947694,4059.5002636697664,0.0009502062931528906,0.0009502062931528906,1052.403048902032
0.295530353569046,967.5521529748871,-227.30824939371573,-114.27852870896406,2077.0140227115853,2482.665490189873,-10881.719221361594,5900.1984185302845,0.0011579034894005655,0.0011579034894005655,863.6298354344623
0.29619746497665106,969.7110347938868,-225.92516548927713,-112.62086480403937,2069.329932350632,2487.21555523054,-12155.183680775499,7740.896573390801,0.0013655354251864318,0.0013655354251864318,732.3134805261266
0.2968645763842562,971.8691055729322,-224.54749109897784,-110.95975590884827,2060.7962993216247,2492.993571008273,-13428.648140189509,9581.594728251475,0.0015728439455086152,0.0015728439455086152,635.7909841313768
0.29753168779186123,974.0266558561918,-223.17579296242323,-109.29438284344629,2051.413123624562,2499.9995375230706,-14702.112599603412,11422.29288311199,0.0017795586148686262,0.0017795586148686262,561.9370958870179
0.2981987991994663,976.1839859656783,-221.81063781921824,-107.62392642788868,2041.1804052594453,2508.2334547749333,-15975.577059017312,13262.991037972508,0.001985395649696988,0.001985395649696988,503.6779445712095
0.29886591060707135,978.3414072622704,-220.45259240896794,-105.94756748223072,2030.0981442262737,2517.6953227638605,-17249.04151843122,15103.689192833026,0.0021900569925118693,0.0021900569925118693,456.60912178046
0.2995330220146764,980.4992433917021,-219.10222347127748,-104.26448682652777,2018.1663405250474,2528.3851414898536,-18522.50597784512,16944.387347693544,0.002393229557112952,0.002393229557112952,417.8454160520815
0.3002001334222815,982.6578315121822,-217.76009774575198,-102.57386528083504,2005.3849941557662,2540.3029109529125,-19795.97043725913,18785.08550255421,0.0025945846748105525,0.0025945846748105525,385.41814021660963
0.3008672448298866,984.8175235001248,-216.4267819719965,-100.87488366520803,1991.7541051184307,2553.4486311530354,-21069.434896673032,20625.78365741473,0.0027937777719880463,0.0027937777719880463,357.9382762747096
0.30153435623749164,986.9786871302788,-215.10284288961623,-99.16672279970204,1977.2736734130408,2567.8223020902233,-22342.899356086935,22466.481812275248,0.0029904483090764937,0.0029904483090764937,334.3980221844459
0.3022014676450967,989.1417063328126,-213.78884345590626,-97.44856752187056,1962.0108230783567,2583.3526258778265,-22822.204225390466,23463.63864449327,0.0030756841328264525,0.0030756841328264525,325.130916184502
0.30286857905270176,991.3068742378837,-212.48490401876296,-95.72007280061392,1947.4064790693676,2598.509079233754,-20961.61911355925,21975.408516578977,0.002840563149963952,0.002840563149963952,352.04286868703855
0.3035356904603069,993.4742725720613,-211.19029329091418,-93.9817981956292,1934.0433526133004,2612.67271729421,-19101.034001727876,20487.178388664564,0.002606491404372163,0.002606491404372163,383.65750921817227
0.30420280186791193,995.6439403933716,-209.9041832419711,-92.2344060253259,1921.921443710157,2625.8435400591916,-17240.448889896656,18998.948260750272,0.00237357197710751,0.00237357197710751,421.30595138666206
0.304869913275517,997.815898574217,-208.62574584154487,-90.47855860811318,1911.0407523599365,2638.0215475286996,-15379.863778065439,17510.718132835984,0.002141877928156973,0.002141877928156973,466.8800153613201
0.30553702468312205,999.9901514281922,-207.35415305924656,-88.7149182624003,1901.4012785626385,2649.206739702735,-13519.278666234217,16022.488004921692,0.0019114553641997446,0.0019114553641997446,523.1615755875434
0.3062041360907271,1002.1666883293619,-206.0885768646873,-86.94414730659649,1893.0030223182632,2659.3991165812968,-11658.693554402998,14534.257877007403,0.0016823264581338902,0.0016823264581338902,594.4149514888112
0.3068712474983322,1004.3454853228501,-204.8281892274781,-85.16690805911084,1885.8459836268105,2668.5986781643865,-9798.108442571629,13046.027749092991,0.001454492401672415,0.001454492401672415,687.5250766866659
0.3075383589059373,1006.5265067259879,-203.57216211723028,-83.38386283835293,1879.9301624882805,2676.8054244520013,-7937.523330740407,11557.797621178699,0.0012279362784418507,0.0012279362784418507,814.3745058733153
0.30820547031354234,1008.7097067196167,-202.3196675035549,-81.59567396273184,1875.2555589026738,2684.019355444144,-6076.938218909188,10069.56749326441,0.0010026258502728747,0.0010026258502728747,997.3810267587255
0.3088725817211474,1010.8950309294374,-201.06987735606316,-79.80300375065687,1871.8221728699898,2690.2404711408135,-4216.353107077968,8581.337365350118,0.0007785162537909541,0.0007785162537909541,1284.494697612978
0.30953969312875246,1013.0824179975572,-199.82196364436598,-78.00651452053724,1869.6300043902284,2695.468771542009,-2355.7679952467515,7093.10723743583,0.0005555526080391502,0.0005555526080391502,1800.009550003821
0.31020680453635757,1015.2718011445913,-198.57509833807455,-76.2068685907821,1868.67905346339,2699.7042566477326,-495.1828834153803,5604.877109521417,0.00033367253675031095,0.00033367253675031095,2996.9502726809837
0.31087391594396263,1017.4631097228466,-197.32845340680018,-74.4047282798009,1868.969320089474,2702.946926457982,1365.40222841584,4116.646981607126,0.00011280861108571306,0.00011280861108571306,8864.57151077049
0.3115410273515677,1019.656270761239,-196.08120082015384,-72.60075590600286,1870.5008042684808,2705.1967809727585,3225.9873402470585,2628.4168536928355,0.0001071092797746079,0.0001071092797746079,9336.25921212727
0.31220813875917275,1021.8512105026824,-194.83251254774666,-70.79561378779718,1873.2735060004109,2706.4538201920623,5086.572452078281,1140.186725778547,0.0003261516218170987,0.0003261516218170987,3066.0586460636587
0.3128752501667778,1024.0478559347353,-193.5815605591898,-68.9899642435931,1877.2874252852625,2706.7180441158916,6947.157563909497,-348.04340213574324,0.0005443870243346845,0.0005443870243346845,1836.928426466698
0.3135423615743829,1026.2461363143016,-192.32751682409426,-67.1844695917998,1882.5425621230386,2705.9894527442484,8807.742675740868,-1836.2735300501554,0.0007618800142530687,0.0007618800142530687,1312.5426330816397
0.314209472981988,1028.4459846871532,-191.0695533120714,-65.37979215082673,1889.0389165137367,2704.2680460771326,10668.327787572089,-3324.5036579644475,0.0009786888683997151,0.0009786888683997151,1021.7751854428786
0.31487658438959304,1030.6473394029827,-189.80684199273222,-63.576594239083065,1896.7764884573571,2701.553824114543,12528.912899403305,-4812.733785878738,0.0011948634764468676,0.0011948634764468676,836.9156976608509
0.3155436957971981,1032.8501456265922,-188.53855483568785,-61.77553817497805,1905.755277953901,2697.8467868564803,14389.498011234527,-6300.963913793027,0.0014104432286678784,0.0014104432286678784,708.9969873828032
0.31621080720480316,1035.0543568456985,-187.26386381054942,-59.97728627692093,1915.975285003367,2693.146934302945,16250.083123065744,-7789.194041707317,0.0016254549244784239,0.0016254549244784239,615.2123845088354
0.31687791861240827,1037.2599363756583,-185.9819408869279,-58.18250086332081,1927.4365096057568,2687.454266453935,18110.66823489712,-9277.424169621729,0.0018399106999815065,0.0018399106999815065,543.504638572976
0.31754503002001333,1039.4668588612228,-184.6919580344347,-56.39184425258724,1940.1389517610687,2680.7687833094533,19971.25334672834,-10765.65429753602,0.0020538059753930802,0.0020538059753930802,486.9009107876458
0.3182121414276184,1041.6751117751942,-183.3930872226808,-54.60597876312935,1954.0826114693032,2673.090484869498,21831.838458559556,-12253.884425450311,0.002267117426287053,0.002267117426287053,441.0887536768394
0.31887925283522345,1043.884696913582,-182.08450042127737,-52.82556671335638,1969.2674887304606,2664.4193711340695,23692.423570390776,-13742.114553364601,0.002479800986052308,0.002479800986052308,403.2581669353794
0.3195463642428285,1046.0956318865615,-180.76536959983548,-51.05127042167758,1985.6935835445408,2654.755442103168,25553.008682221993,-15230.344681278892,0.0026917898907848,0.0026917898907848,371.5000206455366
0.3202134756504336,1048.307933428887,-179.4348529425587,-49.283785332947,2003.5098856731793,2643.740674183465,28487.093630346688,-19298.203534091856,0.0031226583856759677,0.0031226583856759677,320.23996111362277
0.3208805870580387,1050.5210012537177,-178.0916203586832,-47.524980220685954,2023.9951257763898,2628.302267333016,32927.65619908058,-26986.14020355271,0.003866924428694601,0.003866924428694601,258.60345047849324
0.32154769846564374,1052.7334997950659,-176.73373372872635,-45.77818495630819,2047.4427158253873,2607.7351502294255,37368.21876781447,-34674.07687301356,0.004621799464958479,0.004621799464958479,216.36594308813952
0.3222148098732488,1054.9441372540255,-175.35921683524583,-44.04682096092986,2073.8526558201706,2582.039322872692,41808.78133654836,-42362.013542474415,0.005390683667435024,0.005390683667435024,185.50522747995274
0.32288192128085386,1057.1517349771357,-173.96609346079958,-42.33430965566715,2103.224945760741,2551.214785262816,46249.34390528225,-50049.95021193527,0.0061765105282920625,0.0061765105282920625,161.90371495675592
0.32354903268845897,1059.355247317131,-172.5523873879453,-40.64407246163607,2135.5595856471,2515.261537399794,50689.906474016505,-57737.886881396764,0.006981644886233028,0.006981644886233028,143.23272184351296
0.32421614409606403,1061.553782297807,-171.11612239924105,-38.97953079995311,2170.856575479243,2474.179579283633,55130.469042750396,-65425.82355085762,0.007807753437362115,0.007807753437362115,128.0778149595173
0.3248832555036691,1063.7466231430753,-169.6553222772446,-37.34410609173428,2209.1159152571727,2427.9689109143287,59571.03161148429,-73113.76022031847,0.008655645733030841,0.008655645733030841,115.53153061520256
0.32555036691127415,1065.933250686916,-168.16801080451376,-35.74121975809575,2250.3376049808885,2376.629532291882,64011.594180218184,-80801.69688977933,0.009525085471097872,0.009525085471097872,104.98593456555503
0.3262174783188792,1068.1133666259711,-166.65221176360643,-34.17429322015369,2294.5216446503914,2320.161443416293,68452.15674895208,-88489.63355924017,0.010414574707001455,0.010414574707001455,96.01928337291827
0.3268845897264843,1070.2869175080075,-165.10594893708026,-32.64674789902416,2341.6680342656837,2258.5646442875554,72892.71931768634,-96177.57022870166,0.011321117709071904,0.011321117709071904,88.33050107752825
0.3275517011340894,1072.4541192659117,-163.52724610749345,-31.16200521582358,2391.7767738267594,2191.8391349056806,77333.28188642024,-103865.50689816254,0.012239976738368692,0.012239976738368692,81.69950167186977
0.32821881254169444,1074.6154820077497,-161.9141270574036,-29.723486591667985,2444.847863333621,2119.9849152706634,81773.84445515412,-111553.44356762338,0.013164439033979678,0.013164439033979678,75.96221893077465
0.3288859239492995,1076.7718346596293,-160.2646155693686,-28.334613447673558,2500.8813027862693,2043.0019853825029,86214.40702388801,-119241.38023708423,0.014085622370787127,0.014085622370787127,70.99437807405299
0.32955303535690456,1078.9243489329017,-158.57673542594634,-26.998807204956467,2559.8770921847035,1960.8903452412,90654.9695926219,-126929.31690654508,0.014992354844409238,0.014992354844409238,66.70066246283568
0.33022014676450967,1081.0745619567808,-156.84851040969454,-25.719489284632793,2621.8352315289303,1873.649994846748,95095.53216135617,-134617.2535760066,0.015871171464406142,0.015871171464406142,63.00732130849154
0.33088725817211473,1083.2243967916008,-155.0779643031712,-24.5000811078189,2686.755720818938,1781.2809341991597,99536.09473009006,-142305.1902454674,0.01670647341561826,0.01670647341561826,59.85703715693446
0.3315543695797198,1085.3761792541459,-153.26312098500475,-23.3440052034669,2754.6301208610716,1683.6858468518765,103482.43714364433,-155692.21989113497,0.01792331159476114,0.01792331159476114,55.7932609000835
0.33222148098732485,1087.5271062307154,-151.40283571602163,-22.264271173004452,2821.9254557422837,1540.1242692683006,98268.97683023673,-274705.38970443036,0.027885926889224377,0.027885926889224377,35.860382334517915
0.3328885923949299,1089.6583158921635,-149.49881705447208,-21.306791378167368,2885.7428317753274,1317.1676484470386,93055.51651682913,-393718.55951772566,0.039434923861070295,0.039434923861070295,25.358233314282838
0.333555703802535,1091.7551316221309,-147.5533851863787,-20.52453115800675,2946.082248960204,1014.8159843880602,87842.05620342109,-512731.729331031,0.05287593720042756,0.05287593720042756,18.912194335383127
0.3342228152101401,1093.8155535397796,-145.56886029776462,-19.970455851573885,3002.943707296906,633.0692770914163,82628.59589001349,-631744.8991443263,0.06744237591855616,0.06744237591855616,14.827472881554563
0.33488992661774514,1095.8551938439437,-143.5475625746525,-19.69753079791986,3056.3272067854377,171.92752655708546,77415.13557660588,-750758.0689576217,0.08045518340263705,0.08045518340263705,12.429279975604697
0.3355570380253502,1097.9117416186984,-141.49191617520322,-19.758412899392336,3104.4901357812446,-363.4397535312195,52730.463093848986,-812009.2594667295,0.0819216498314113,0.0819216498314113,12.206785410913062
0.33622414943295525,1100.0299972489252,-139.41491125651152,-20.17441468150078,3113.722301065206,-873.0301870436645,-25052.431572531736,-715742.8602036065,0.06654871351126436,0.06654871351126436,15.026586499387928
0.33689126084056037,1102.2225528724737,-137.34905561259635,-20.90894896991596,3071.064610000677,-1318.4002074386515,-102835.32623891893,-619476.4609404755,0.054595044979680415,0.054595044979680415,18.316680577370846
0.33755837224816543,1104.481162537377,-135.32896555856706,-21.91917359444596,2976.517062587664,-1699.549814716106,-180618.22090529968,-523210.06167735235,0.04629841866926074,0.04629841866926074,21.59900983106228
0.3382254836557705,1106.7850066436038,-133.38925740953266,-23.162246384899053,2830.0796588261655,-2016.4790088760678,-258401.1155716804,-426943.6624142293,0.04121182850134821,0.04121182850134821,24.264878224640913
0.33889259506337555,1109.1051965350025,-131.56454748060216,-24.59532517108343,2631.7523987161812,-2269.187789918537,-336184.01023806114,-330677.2631511063,0.03891981720565645,0.03891981720565645,25.69385140520814
0.3395597064709806,1111.408045051506,-129.88945208688457,-26.17556778280732,2381.535282257712,-2457.6761578435135,-413966.90490444185,-234410.86388798326,0.039311615773501236,0.039311615773501236,25.437774060512403
0.3402268178785857,1113.6656186591927,-128.39190902343523,-27.86494736337484,2111.1264459672934,-2604.7989462564674,-391450.9458787653,-210461.44801448716,0.03883953897072106,0.03883953897072106,25.746958550508122
0.3408939292861908,1115.8860819118286,-127.06857522368242,-29.64799102821832,1859.3499013106805,-2738.548851872579,-363375.13500177313,-190520.76902262276,0.03720506363420092,0.03720506363420092,26.878061809864654
0.34156104069379584,1118.0856626342922,-125.90695703286869,-31.515823604603284,1626.303050367871,-2858.996103057828,-335299.3241247809,-170580.09003075835,0.03473495256560138,0.03473495256560138,28.789444813876536
0.3422281521014009,1120.277260537582,-124.89455965865668,-33.45957074000748,1411.9858931388658,-2966.140699812213,-307223.5132477887,-150639.41103889394,0.03170441966393983,0.03170441966393983,31.54134378108129
0.34289526350900595,1122.4704477829612,-124.0188531718311,-35.47034383566634,1216.9744481465345,-3059.749095504387,-272852.37279619003,-128146.29153166425,0.027749870073778337,0.027749870073778337,36.03620475848387
0.34356237491661107,1124.6715007218354,-123.26392574125697,-37.53788310114449,1051.97122424074,-3135.481959384354,-221827.29247334902,-98900.83438046335,0.022103423989415297,0.022103423989415297,45.2418593824591
0.3442294863242161,1126.882669175427,-122.60771980322933,-39.649436959575695,921.0074134922894,-3191.7048451781247,-170802.21215051226,-69655.37722926488,0.01662115616182818,0.01662115616182818,60.164286422901206
0.3448965977318212,1129.1023892591456,-122.02752727692275,-41.79199008201669,824.0830159011678,-3228.4177528857062,-119777.13182767546,-40409.92007806641,0.01135405542868486,0.01135405542868486,88.0742573683058
0.34556370913942625,1131.3262441315576,-121.50064008151172,-43.95252713952405,761.198031467375,-3245.6206825070985,-68752.05150483872,-11164.462926867956,0.006252322811737066,0.006252322811737066,159.94055811110186
0.3462308205470313,1133.5478918284396,-121.00435013617079,-46.11803280315435,732.352460190911,-3243.313634042301,-17726.971182001922,18080.994224330512,0.0012038556385053152,0.0012038556385053152,830.6643820197423
0.3468979319546364,1135.759941646905,-120.51594936007453,-48.27549174396435,737.5463020717775,-3221.4966074913114,33298.10914083909,47326.45137553141,0.003938852180804067,0.003938852180804067,253.8810684172115
0.3475650433622415,1137.9548570543418,-120.01284989531528,-50.411971225345525,775.0529450358155,-3181.3557737272454,67791.73654819954,65214.91164709517,0.0075828862207911315,0.0075828862207911315,131.87590725786583
0.34823215476984654,1140.1292701212533,-119.48084960316044,-52.5202994433189,819.6871033522596,-3140.193254524845,66021.47008450177,58190.32092170454,0.007460385637347908,0.007460385637347908,134.04132823829332
0.3488992661774516,1142.2860432637376,-118.91946727241977,-54.602730778771225,863.14029671627,-3103.716919929109,64251.20362080401,51165.7301963139,0.007285646225939014,0.007285646225939014,137.25618414461437
0.34956637758505665,1144.4285358181612,-118.32949073828496,-56.66239143891174,905.4125251278471,-3071.9267699400375,62480.93715710624,44141.13947092328,0.007060034889781783,0.007060034889781783,141.6423595083549
0.35023348899266177,1146.560042744774,-117.71170783594773,-58.702407630949864,946.5037885869941,-3044.822804557629,60710.67069340832,37116.548745532054,0.006786003263000585,0.006786003263000585,147.36214546967773
0.3509006004002668,1148.6837924400943,-117.06690640059992,-60.72590556209451,986.4140870937042,-3022.4050237818883,58940.40422971055,30091.95802014142,0.006467006441689763,0.006467006441689763,154.63105055122077
0.3515677118078719,1150.8029455167605,-116.39587426743323,-62.736011439555085,1025.143420647981,-3004.6734276128113,57170.137766012784,23067.36729475079,0.006107381502123453,0.006107381502123453,163.73629183837846
0.35223482321547694,1152.920594583367,-115.69939927163942,-64.73585147054085,1062.691789249824,-2991.6280160503993,55399.87130231502,16042.776569360158,0.005712194372360424,0.005712194372360424,175.06407079540162
0.352901934623082,1155.039765025206,-114.97826924841023,-66.72855186226107,1099.059192899234,-2983.2687890946527,53629.60483861725,9018.185843969524,0.005287065286150598,0.005287065286150598,189.14084579577403
0.3535690460306871,1157.1634167562108,-114.23327203293735,-68.71723882192512,1134.245631596213,-2979.59574674557,51859.33837491933,1993.5951185783088,0.004837983653468957,0.004837983653468957,206.697680609767
0.3542361574382922,1159.2944468843411,-113.46519546041269,-70.70503855674195,1168.2511053407557,-2980.6088890031533,50089.07191122156,-5030.995606812325,0.004371122784886966,0.004371122784886966,228.7741729556241
0.35490326884589724,1161.435693208446,-112.67482736602788,-72.69507727392096,1201.075614132865,-2986.308215867401,48318.805447523795,-12055.58633220295,0.0038926636833714607,0.0038926636833714607,256.8935005281252
0.3555703802535023,1163.5899384451695,-111.86295558497467,-74.69048118067138,1232.7191579725409,-2996.6937273383137,46548.53898382602,-19080.17705759359,0.0034086353189565215,0.0034086353189565215,293.372539572854
0.35623749166110735,1165.7599150702408,-111.0303679524449,-76.69437648420254,1263.1817368597833,-3011.7654234158913,44778.27252012826,-26104.767782984225,0.0029247767066591284,0.0029247767066591284,341.90644288269976
0.35690460306871247,1167.9483106496227,-110.17785230363015,-78.70988939172376,1292.4633507945946,-3031.523304100135,43008.00605643034,-33129.358508375444,0.0024464239746901477,0.0024464239746901477,408.7598921305761
0.3575717144763175,1170.157773532253,-109.30619647372234,-80.74014611044402,1320.56399977697,-3055.9673693910427,41237.73959273258,-40153.94923376608,0.0019784236465636247,0.0019784236465636247,505.45291537377545
0.3582388258839226,1172.3909187770475,-108.41618829791317,-82.78827284757269,1347.483683806912,-3085.097619288615,39467.473129034806,-47178.539959156704,0.001525071708586824,0.001525071708586824,655.7068722536524
0.35890593729152764,1174.6496838074263,-107.50819002086371,-84.85649880025224,1375.9216765143321,-3113.2248397606522,49110.49025415603,-30147.543126675188,0.002825314644255521,0.002825314644255521,353.9428792588526
0.3595730486991327,1176.9295219908458,-106.5783063167014,-86.93807955518618,1413.462580448496,-3124.36309045128,63437.13974046908,-3244.932443828213,0.004801229326895752,0.004801229326895752,208.27999079280653
0.3602401601067378,1179.22233209107,-105.62019069820496,-89.02110442716511,1460.5609556877428,-3117.554302661022,77763.78922678334,23657.678239020985,0.006788124398982207,0.006788124398982207,147.31609811834582
0.3609072715143429,1181.5203183368396,-104.62746726723913,-91.09360074208537,1517.2168022320643,-3092.798476389878,92090.4387130964,50560.28892186796,0.008843240983157825,0.008843240983157825,113.08071349684185
0.36157438292194793,1183.8161907849449,-103.59376012566833,-93.1435958258438,1583.4301200814648,-3050.0956116378493,106417.08819940945,77462.89960471494,0.01101911610073644,0.01101911610073644,90.75138067863419
0.362241494329553,1186.1033354982465,-102.51269337535705,-95.15911700433708,1659.200909235944,-2989.445708404937,120743.73768572252,104365.51028756189,0.013363865527576194,0.013363865527576194,74.82864878702279
0.36290860573715805,1188.3760059406634,-101.37789111816986,-97.12819160346189,1744.5291696955019,-2910.848766691139,135070.38717203558,131268.12097040887,0.015919633039891877,0.015919633039891877,62.81551826566423
0.36357571714476317,1190.6295414983997,-100.18297745597116,-99.03884694911503,1839.4149014601464,-2814.3047864964474,149397.03665834985,158170.7316532581,0.018718613875337672,0.018718613875337672,53.42275911345816
0.3642428285523682,1192.8606178850996,-98.92157649062567,-100.87911036719288,1943.858104529862,-2699.8137678208777,163723.68614466288,185073.34233610504,0.021775902822963388,0.021775902822963388,45.92232102291841
0.3649099399599733,1195.0675318197707,-97.58731232399782,-102.63700918359223,2057.858778904656,-2567.375710664423,178050.33563097595,211975.95301895202,0.025078526942995512,0.025078526942995512,39.87475031021717
0.36557705136757834,1197.250517958651,-96.17380905795214,-104.30057072420983,2181.4169245845287,-2416.9906150270835,192376.98511728903,238878.563701799,0.02857075077713374,0.02857075077713374,35.000830317708626
0.3662441627751834,1199.412088703525,-94.67469079435317,-105.85782231494235,2314.5325415694806,-2248.658480908859,206703.6346036021,265781.174384646,0.03213756774258057,0.03213756774258057,31.116231570787264
0.3669112741827885,1201.5573765732577,-93.08358163506527,-107.29679128168652,2457.2056298595226,-2062.379308309734,221030.28408991633,292683.78506749513,0.03559152220309475,0.03559152220309475,28.09657856985527
0.3675783855903936,1203.6944447665219,-91.39410568195322,-108.6055049503388,2609.4361894546323,-1858.1530972297383,235356.9335762294,319586.39575034217,0.0386719963798611,0.0386719963798611,25.85850469619825
0.36824549699799863,1205.83451706118,-89.59988703688144,-109.77199064679598,2771.22422035482,-1635.9798476688575,249683.58306254246,346489.0064331891,0.04106817898444251,0.04106817898444251,24.34975264860955
0.3689126084056037,1207.9920691468753,-87.69454980171447,-110.78427569695481,2942.569722560087,-1395.859559627092,264010.23254885554,373391.6171160361,0.04247244386282215,0.04247244386282215,23.54467765570091
0.36957971981320875,1210.1816605200227,-85.67432434621321,-111.62866866844703,3102.4789524739754,-1123.9474666609856,165599.105846835,474641.5291037137,0.046164184239153465,0.046164184239153465,21.66181459677706
0.37024683122081387,1212.3677355310933,-83.58169199141138,-112.26097696482132,3150.373268295566,-753.9148647670489,-22011.947013717552,634716.211374235,0.05833885144359673,0.05833885144359673,17.141235647513934
0.3709139426284189,1214.479746822127,-81.49885578134378,-112.6108126626634,3073.110110561086,-277.0946162617275,-209622.99987425446,794790.893644743,0.08116500695910644,0.08116500695910644,12.320580475078778
0.371581054036024,1216.469296684987,-79.50930969436664,-112.60693650472768,2870.689479270548,306.51327885500535,-397234.05273479136,954865.575915251,0.11897609727776476,0.11897609727776476,8.40504960979997
0.37224816544362904,1218.332089975855,-77.69654770883612,-112.17810923376827,2543.111374423949,996.908820583149,-584845.1055953283,1114940.2581857592,0.16773089194366436,0.16773089194366436,5.961930974145592
0.3729152768512341,1220.1357085941472,-76.13796703262727,-111.27043837051548,2121.2482615950894,1706.2524211408622,-668236.0489705782,978483.6694477233,0.15939426369671275,0.15939426369671275,6.273751493985686
0.3735823882588392,1221.9781376948895,-74.87676434053003,-109.92734017577756,1652.025928791379,2301.028930432404,-738492.5047748513,804656.3054082018,0.1332485650962675,0.1332485650962675,7.504771246711245
0.3742494996664443,1223.9181698586626,-73.94421860264646,-108.22613964579011,1135.9347128627787,2779.8432222192196,-808748.9605791187,630828.9413686949,0.10948017138645191,0.10948017138645191,9.134074118957301
0.37491661107404933,1225.981197073993,-73.37148475780432,-106.24420694406528,575.3955123756214,3142.46917049899,-844066.2711027502,453738.05800690246,0.0893560624355083,0.0893560624355083,11.191182475411093
0.3755837224816544,1228.1739253552037,-73.16818799113965,-104.06092323829432,44.977654053584985,3381.9415665736233,-746126.4681467419,264200.1854248608,0.0655247592641501,0.0655247592641501,15.261406699240172
0.37625083388925945,1230.4783879432553,-73.29694557965622,-101.76006050811492,-420.10344445790656,3494.971085675583,-648186.6651907333,74662.31284281927,0.05121683564153145,0.05121683564153145,19.52482982351814
0.37691794529686456,1232.8494750615457,-73.71417062554859,-99.42597023916572,-819.8477831588839,3481.5577278048613,-550246.8622347168,-114875.55973923812,0.0439233080690374,0.0439233080690374,22.766955494978397
0.3775850567044696,1235.229582718639,-74.3763387201924,-97.13982810146078,-1154.6754945320065,3363.053401807927,-454190.17247612716,-208710.1411167172,0.03933678069974088,0.03933678069974088,25.42150074844806
0.3782521681120747,1237.587356987372,-75.24064611472731,-94.9461845045992,-1425.9416415191956,3208.324909481652,-359065.7361914793,-255165.8788774641,0.035025838090490556,0.035025838090490556,28.550351812181134
0.37891927951967974,1239.9058793028883,-76.2647512735674,-92.86609932577016,-1633.7491919188953,3022.605264546473,-263941.29990683147,-301621.61663821107,0.03181744552674773,0.03181744552674773,31.429298721022015
0.3795863909272848,1242.1658567137981,-77.40867083352737,-90.91701083671592,-1791.511880178067,2824.362420608744,-219847.52198648595,-277818.63301901147,0.029898440007816975,0.029898440007816975,33.44656108273706
0.3802535023348899,1244.3737005612086,-78.6504765506017,-89.09149912336268,-1928.045154401226,2653.2693233976615,-189479.23413451758,-235118.47241978132,0.02709791136428957,0.02709791136428957,36.90321318704399
0.380920613742495,1246.5462647094064,-79.97660765699905,-87.37062397778135,-2044.319397368892,2510.661990428906,-159110.9462825517,-192418.3118205547,0.023360225472090428,0.023360225472090428,42.80780599462739
0.38158772515010003,1248.6969532170972,-81.37354912186203,-85.73538222169147,-2140.3346090810783,2396.540421702463,-128742.65843058584,-149718.15122132804,0.018960068461479514,0.018960068461479514,52.742425589425686
0.3822548365577051,1250.8359592543266,-82.827785914333,-84.16677067681255,-2216.090789537783,2310.904617218331,-98374.37057861999,-107017.99062210142,0.014151762328395571,0.014151762328395571,70.66257733805321
0.38292194796531015,1252.9707775335219,-84.32580300355447,-82.64578616486423,-2271.5879387390078,2253.7545769765125,-68006.08272665412,-64317.83002287481,0.009136768008949572,0.009136768008949572,109.44789218906382
0.38358905937291526,1255.106845717922,-85.85408535866898,-81.15342550756598,-2306.826056684754,2225.0903009770045,-37637.79487468573,-21617.66942364465,0.004058307442616166,0.004058307442616166,246.4081428378318
0.3842561707805203,1257.2482572980878,-87.3991179488187,-79.67068552663768,-2321.8051433750156,2224.9117892198115,-7269.507022719874,21082.49117558195,0.0009856070212906456,0.0009856070212906456,1014.6031617048618
0.3849232821881254,1259.3985044156873,-88.94738574314627,-78.17856304379882,-2316.5251988097966,2253.2190417049314,23098.78082924599,63782.65177480859,0.00592026816148817,0.00592026816148817,168.91126765255026
0.38559039359573044,1261.5612230895952,-90.48537371079405,-76.65805488076896,-2290.9862229890973,2310.0120584323636,53467.06868121185,106482.81237403519,0.010670578941562096,0.010670578941562096,93.71562737847167
0.3862575050033355,1263.7409207394398,-91.99956682090453,-75.09015785926775,-2245.1882159129177,2395.290839402108,83835.35653317772,149182.9729732618,0.015140515321127406,0.015140515321127406,66.0479500723848
0.3869246164109406,1265.9436655672653,-93.47645004262023,-73.45586880101459,-2179.1311775812505,2509.0553846141743,114203.64438514611,191883.133572492,0.019200172253121296,0.019200172253121296,52.08286607102881
0.3875917278185457,1268.1749384414768,-94.90211620177494,-71.73946131972326,-2090.8006028972554,2634.4722711061995,151471.1630334069,176932.57375888407,0.020212065202504497,0.020212065202504497,49.475399469624165
0.38825883922615073,1270.4260231134112,-96.26037086226061,-69.94432163783581,-1976.9940728009758,2744.7817380699053,189720.81419524626,153775.20819831043,0.02130850927682765,0.02130850927682765,46.92960859009829
0.3889259506337558,1272.6833523494056,-97.53419262120539,-68.08074620171489,-1837.6707640777186,2839.6426622980716,227970.4653570857,130617.84263773683,0.022931884092461413,0.022931884092461413,43.60740687367848
0.38959306204136085,1274.9344396472407,-98.70655894450191,-66.1590409104503,-1672.830676727484,2919.0550437906986,266220.11651892506,107460.47707716322,0.025126311294832192,0.025126311294832192,39.79891788595619
0.39026017344896596,1277.1682091335067,-99.76044729804288,-64.18951166313158,-1482.4738107502558,2983.018882547791,304469.76768076763,84303.11151658765,0.027953352212676082,0.027953352212676082,35.77388473453024
0.390927284856571,1279.3753962855317,-100.67883514772068,-62.182464358848854,-1266.6001661460652,3031.5341785693386,342719.41884260706,61145.74595601404,0.03147911465520583,0.03147911465520583,31.767094181431368
0.3915943962641761,1281.5490476994405,-101.44469995942809,-60.1482048966917,-1025.2097429148976,3064.6009318553474,380969.0700044465,37988.38039544043,0.035750892938414935,0.035750892938414935,27.97132932379105
0.39226150767178114,1283.6851369883793,-102.04101919905766,-58.09703917574985,-758.3025410567521,3082.2191424058165,419218.72116628586,14831.014834866808,0.040756224856142734,0.040756224856142734,24.53612923006732
0.3929286190793862,1285.7833021949295,-102.45077033250202,-56.03927309511309,-465.87856057163015,3084.3888102207466,457468.37232812523,-8326.350725706805,0.04635878717437236,0.04635878717437236,21.570883557385443
0.3935957304869913,1287.8476826966842,-102.65693082565377,-53.98521255387095,-147.93780145950313,3071.1099353001346,495718.0234899678,-31483.716286282346,0.05221597588740601,0.05221597588740601,19.151226861225634
0.39426284189459637,1289.8877829936441,-102.64247814440553,-51.94516345111359,195.51973627957534,3042.382517643985,533967.6746518072,-54641.08184685596,0.057709736940010914,0.057709736940010914,17.328098394201604
0.39492995330220143,1291.9192167497429,-102.39038975464987,-49.929431685930524,564.4940526456312,2998.206557252296,572217.3258136465,-77798.44740742957,0.061961578230644465,0.061961578230644465,16.13903371340254
0.3955970647098065,1293.9641087153952,-101.8836431222795,-47.948323157411565,958.9851476386642,2938.5820541250678,610466.976975486,-100955.81296800319,0.06401583247933715,0.06401583247933715,15.621135604583088
0.39626417611741155,1296.0496458779235,-101.10872807666568,-46.01209694945775,1358.0382009935977,2863.788308474475,565372.0853521716,-123002.30531711929,0.05609920840052512,0.05609920840052512,17.82556347070736
0.39693128752501666,1298.1928911155362,-100.08232361463101,-44.13060976404695,1711.081379942431,2774.499376362235,493051.36513636075,-144685.9131553569,0.046642809772012406,0.046642809772012406,21.43953172821164
0.3975983989326217,1300.3960557233827,-98.83649274151055,-42.31351325454404,2015.8785814290559,2670.745062103081,420730.64492055576,-166369.52099359265,0.03894366314762534,0.03894366314762534,25.67811857372685
0.3982655103402268,1302.652588122746,-97.40342089924029,-40.57045744239444,2272.429805453503,2552.5253656970044,348409.9247047508,-188053.12883182842,0.032987395875029614,0.032987395875029614,30.3146087611289
0.39893262174783184,1304.9494644918036,-95.81529352975635,-38.91109234904374,2480.7350520157734,2419.8402871440076,276089.204488946,-209736.73667006425,0.028553760241184844,0.028553760241184844,35.021657097114606
0.39959973315543695,1307.268935242799,-94.10429607499461,-37.34506799593737,2640.794321115878,2272.689826444076,203768.48427313508,-231420.34450830182,0.025399782892872303,0.025399782892872303,39.37041525975485
0.400266844563042,1309.589824225977,-92.30261397689145,-35.88203440452119,2752.60761275379,2111.0739835972345,131447.7640573302,-253103.9523465376,0.023337670733687345,0.023337670733687345,42.84917768406617
0.40093395597064707,1311.8886527995433,-90.44231942120591,-34.531509700292766,2817.728271440614,1936.8017535057431,73330.1200668232,-258246.9329738038,0.02175711339879423,0.02175711339879423,45.961979499330994
0.40160106737825213,1314.1505942962658,-88.54841465537268,-33.29477849564499,2856.973509262044,1774.1164577725535,44327.1029218247,-229483.58363430668,0.019305192334081504,0.019305192334081504,51.79953572566039
0.4022681787858572,1316.3752987618248,-86.63478266070344,-32.160176121217724,2876.8705034910804,1630.619520504672,15324.085776826181,-200720.23429480955,0.0166595435480746,0.0166595435480746,60.02565419120222
0.4029352901934623,1318.5617876078047,-84.71433087121558,-31.114901804185454,2877.4192541277216,1506.3109417020887,-13678.931368174752,-171956.88495531003,0.013840857735803107,0.013840857735803107,72.24985756578009
0.40360240160106736,1320.707371282405,-82.79989345200703,-30.146161037703028,2859.794505671121,1401.0902568614738,-30125.240633735066,-144267.38905521095,0.011467803955249859,0.011467803955249859,87.20065357781155
0.4042695130086724,1322.813698967864,-80.89762594402227,-29.24173047287394,2844.956417907124,1313.164946805619,-14359.346482730425,-119332.6904922477,0.01042248842809228,0.01042248842809228,95.94637661622609
0.4049366244162775,1324.8919435918597,-79.00174888556681,-28.390407445821754,2840.6359379823552,1241.8738586063098,1406.5476682742155,-94397.99192928443,0.009057616505158133,0.009057616505158133,110.40432098560585
0.40560373582388254,1326.9539111555953,-77.10524586047035,-27.581095077389335,2846.833065896816,1187.216992263547,17172.441819278865,-69463.29336632116,0.007433445512000083,0.007433445512000083,134.5271177929082
0.40627084723148765,1329.0110144825496,-75.20110045256246,-26.80269648841949,2863.547801650507,1149.194347777328,32938.335970284825,-44528.59480335583,0.005629155175403919,0.005629155175403919,177.64655065282423
0.4069379586390927,1331.0743263258619,-73.2822962456732,-26.044114799755203,2890.7801452434264,1127.805925147659,48704.23012128947,-19593.89624039257,0.003734288695410287,0.003734288695410287,267.7886156014324
0.40760507004669777,1333.154651518656,-71.34181682363217,-25.29425313223928,2928.530096675576,1123.0517243745364,64470.1242722941,5340.802322570693,0.0018396398428014086,0.0018396398428014086,543.5846608307837
0.40827218145430283,1335.2626120108584,-69.37264577026907,-24.54201460671458,2976.797655946953,1134.93174545796,80236.01842329877,30275.500885533962,2.9020929480948128e-05,2.9020929480948128e-05,34457.89014636789
0.4089392928619079,1337.4087377010924,-67.36776666941364,-23.77630234402398,3035.58282305756,1163.4459883979298,96001.9125743034,55210.19944849721,0.0016271068607241928,0.0016271068607241928,614.5877840837817
0.409606404269513,1339.6035560047999,-65.32016310489549,-22.98601946501027,3104.885598007402,1208.5944531944506,111767.80672530936,80144.89801146256,0.003075678351796784,0.003075678351796784,325.1315272989482
0.41027351567711806,1341.8576739563223,-63.222818660544625,-22.160069090516444,3184.7059807964683,1270.3771398475146,127533.70087631399,105079.59657442581,0.004282719038590975,0.004282719038590975,233.49652194999055
0.4109406270847231,1344.1804882660547,-61.06950475985558,-21.28903202896447,3269.2478928557307,1336.4514240190103,114872.04538508545,69478.44112708772,0.0016710548423871042,0.0016710548423871042,598.4244051329271
0.4116077384923282,1346.561957385646,-58.86527112035474,-20.38750597273506,3335.6266651783335,1358.084896496467,84131.51403808,-4621.290639672356,0.0027758641796322707,0.0027758641796322707,360.24817328507544
0.41227484989993324,1348.977356627417,-56.6235957912249,-19.48803656474019,3381.498078363508,1330.285592611843,53390.98269107455,-78721.02240643241,0.007028231139759192,0.007028231139759192,142.2833114214088
0.41294196130753835,1351.402114478339,-54.35815946568627,-18.623600974000535,3406.8621324112546,1253.0535123651293,22650.451344066554,-152820.75417319866,0.011478147209191764,0.011478147209191764,87.12207482399202
0.4136090727151434,1353.8129790697678,-52.08264283695971,-17.82717636953697,3411.718827321571,1126.3886557563405,-8090.080002938892,-226920.4859399587,0.016496325513548144,0.016496325513548144,60.61956034867992
0.41427618412274847,1356.188949450575,-49.810726598265404,-17.13173992037015,3396.068163094459,950.2910227854702,-38830.611349944345,-301020.21770671883,0.022468154223871332,0.022468154223871332,44.50743884148473
0.41494329553035353,1358.5124445567012,-47.55609144282383,-16.57026879552081,3359.9101397299182,724.7606134525194,-69571.14269694977,-375119.94947347883,0.029795847776054606,0.029795847776054606,33.56172334870259
0.4156104069379586,1360.7708457915164,-45.332418063855414,-16.175740164009696,3303.24475722795,449.7974277574883,-100311.67404395524,-449219.68124023895,0.03883278912589296,0.03883278912589296,25.751433840048822
0.4162775183455637,1362.9585496916022,-43.15338715458039,-15.98113119485752,3226.072015588545,125.4014657003471,-131052.20539096322,-523319.4130070052,0.04968060597937646,0.04968060597937646,20.128578955239046
0.41694462975316876,1365.07965204427,-41.032624797425655,-16.019107700339962,3129.125424211659,-244.24525881856746,-155224.60858076357,-559971.7674743311,0.05789750496123777,0.05789750496123777,17.27190145187599
0.4176117411607738,1367.1514226702743,-38.98051494741654,-16.30385090090794,3021.863200630477,-605.2178783076164,-166347.53771562484,-522224.1457538561,0.05735162669889199,0.05735162669889199,17.436297060067865
0.4182788525683789,1369.1959869479615,-37.0024360113748,-16.82100349771287,2907.1807441374467,-941.0086287369761,-177470.46685048612,-484476.5240333813,0.05521831611384295,0.05521831611384295,18.10993290592766
0.41894596397598394,1371.2315493453461,-35.10333811132301,-17.55376637864022,2785.0780547325676,-1251.6175101066467,-188593.39598534734,-446728.9023129064,0.051997064107104043,0.051997064107104043,19.231855051281176
0.41961307538358905,1373.2718092595503,-33.28817136928364,-18.485340431575544,2655.555132415829,-1537.0445224166506,-199716.32512020954,-408981.2805924284,0.04822483870305375,0.04822483870305375,20.73620206710358
0.4202801867911941,1375.3261061044614,-31.561885907279535,-19.598926544404144,2518.6119771872523,-1797.2896656669404,-210839.25425507082,-371233.6588719536,0.044356409200449955,0.044356409200449955,22.544656297152564
0.42094729819879917,1377.3998064915102,-29.929431847333138,-20.87772560501156,2374.248589046827,-2032.3529398575406,-221962.18338993203,-333486.0371514787,0.04071501180623921,0.04071501180623921,24.560965492505616
0.42161440960640423,1379.4948215507768,-28.39575931146702,-22.304938501283246,2222.464967994553,-2242.2343449884515,-233085.1125247933,-295738.41543100384,0.037497358067773205,0.037497358067773205,26.66854550639507
0.4222815210140093,1381.6101641935973,-26.965818421703776,-23.86376612110469,2063.26111403043,-2426.9338810596737,-244208.04165965455,-257990.793710529,0.034804426502305245,0.034804426502305245,28.731977524001604
0.4229486324216144,1383.7424885901287,-25.64455930006587,-25.537409352361472,1896.6370271544445,-2586.451548071219,-255330.97079451676,-220243.171990051,0.03267663443484527,0.03267663443484527,30.602906856699832
0.42361574382921946,1385.8865832081865,-24.4369320685761,-27.309069082938787,1722.5927073666237,-2720.7873460230603,-266453.899929378,-182495.55026957614,0.03112323246964461,0.03112323246964461,32.13033867787766
0.4242828552368245,1388.035809372025,-23.34788684925694,-29.16194620072224,1541.1281546669547,-2829.9412749152125,-277576.8290642393,-144747.92854910129,0.030143580308869135,0.030143580308869135,33.17455954977486
0.4249499666444296,1390.1829214319255,-22.382051995948792,-31.079562751001703,1354.9049226329541,-2916.56983618561,-274022.7995722976,-121649.40577067318,0.02898507955746859,0.02898507955746859,34.50050906423439
0.42561707805203464,1392.3279224334776,-21.537977315092515,-33.05150778821682,1177.3958623141184,-2994.1203068263053,-258149.36326358072,-110846.90521013801,0.02712846409512337,0.02712846409512337,36.861651897932575
0.42628418945963975,1394.4767064768496,-20.808788815089493,-35.072783869437046,1010.4761524347069,-3064.4643061124148,-242275.92695486252,-100044.40464960194,0.025107496163317745,0.025107496163317745,39.828742519575016
0.4269513008672448,1396.6339325795589,-20.18742221946257,-37.13858347541281,854.1457929947469,-3127.601834043924,-226402.49064614563,-89241.90408906678,0.02301442803369944,0.02301442803369944,43.45100380229852
0.42761841227484987,1398.8028562037268,-19.666813251734407,-39.24409908689505,708.4047839942241,-3183.532890620841,-210529.05433742874,-78439.40352853159,0.020921906468554154,0.020921906468554154,47.7967914397768
0.4282855236824549,1400.9854400535778,-19.23989763542772,-41.38452318463453,573.2531254331388,-3232.257475843164,-194655.61802871188,-67636.90296799644,0.018882138202139367,0.018882138202139367,52.96010384495008
0.42895263509006,1403.1824776014885,-18.899611094065243,-43.55504824938204,448.69081731149095,-3273.775589710894,-178782.18171999502,-56834.40240746127,0.016928734960615872,0.016928734960615872,59.07115932327289
0.4296197464976651,1405.3937204120105,-18.63888935116968,-45.75086676188855,334.7178596292713,-3308.087232224035,-162908.74541127682,-46031.901846925204,0.01507986574409218,0.01507986574409218,66.31358773149348
0.43028685790527016,1407.6180029037964,-18.45066813026379,-47.96717120290441,231.33425238649892,-3335.1924033825776,-147035.30910255993,-35229.40128639003,0.013341708514987607,0.013341708514987607,74.95291917647842
0.4309539693128752,1409.8533605025061,-18.327883154870275,-50.19915405318064,138.53999558316397,-3355.0911031865285,-131161.87279384307,-24426.900725854863,0.011711597999331642,0.011711597999331642,85.38544441647228
0.4316210807204803,1412.0971389977478,-18.263470148511864,-52.442007793467944,56.33508921926635,-3367.783331635886,-115288.43648512618,-13624.40016531969,0.010180588400352176,0.010180588400352176,98.22614967573064
0.43228819212808534,1414.3460942933507,-18.250364834711277,-54.690924904517175,-15.28046670519393,-3373.2690887306503,-99415.00017640932,-2821.8996047845285,0.00873535846988478,0.00873535846988478,114.47727113289147
0.43295530353569045,1416.5964826915742,-18.281502936991238,-56.9410978670792,-76.30667219022143,-3371.548374470821,-83541.56386769112,7980.600955751539,0.007359497472083053,0.007359497472083053,135.87884278693247
0.4336224149432955,1418.8441424718571,-18.34982017887447,-59.187719161904496,-126.74352723580611,-3362.6211888563994,-67668.12755897423,18783.10151628671,0.006034254054592873,0.006034254054592873,165.720566444972
0.43428952635090057,1421.0845679097342,-18.448252283883697,-61.425981269743986,-166.5910318419534,-3346.487531887384,-51794.691250257354,29585.602076821877,0.004738833295787703,0.004738833295787703,211.02240521710038
0.4349566377585056,1423.3137042511453,-18.570361857659602,-63.651770586052244,-199.00711885650543,-3326.6430145790114,-46526.69370557894,28648.622936158634,0.004335831637268239,0.004335831637268239,230.63626165845386
0.4356237491661107,1425.5313485520146,-18.713178649517467,-65.86481139207955,-228.71363120724362,-3308.31438713335,-42533.43032193565,26300.602145937315,0.004023373579304303,0.004023373579304303,248.54763801797245
0.4362908605737158,1427.7386188326184,-18.87492441840826,-68.0661474404563,-255.75619200118393,-3291.552151142137,-38540.16693829204,23952.5813557158,0.003695495487158315,0.003695495487158315,270.5997080702591
0.43695797198132086,1429.9365876162813,-19.053822011859104,-70.25682368879019,-280.1348012383219,-3276.356306605376,-34546.90355464875,21604.56056549448,0.003353544396017178,0.003353544396017178,298.1919670387085
0.4376250833889259,1432.1262840722907,-19.24809427739716,-72.43788509468943,-301.8494589186598,-3262.7268535230655,-30553.640171005463,19256.539775273162,0.0029988967399248124,0.0029988967399248124,333.4559628835609
0.438292194796531,1434.3086977032763,-19.455964062549594,-74.61037661576208,-320.9001650421977,-3250.6637918952056,-26560.376787362176,16908.518985051844,0.002632947503714912,0.002632947503714912,379.8024831824665
0.43895930620413603,1436.4847822869997,-19.67565421484354,-76.77534320961614,-337.2869196089357,-3240.167121721796,-22567.11340371889,14560.498194830521,0.002257101636054289,0.002257101636054289,443.0460658156855
0.43962641761174115,1438.6554600445065,-19.905387581806178,-78.93382983385986,-351.0097226188746,-3231.236843002836,-18573.850020075275,12212.477404609004,0.0018727677232860576,0.0018727677232860576,533.9690488926982
0.4402935290193462,1440.8216260061201,-20.143387010964616,-81.08688144610089,-362.0685740720122,-3223.8729557383276,-14580.586636431988,9864.456614387684,0.0014813538294651614,0.0014813538294651614,675.0581664618554
0.44096064042695127,1442.9841525465392,-20.387875349846038,-83.23554300394748,-370.46347396834994,-3218.07545992827,-10587.323252788705,7516.435824166365,0.0010842653256001515,0.0010842653256001515,922.283482086352
0.4416277518345563,1445.143894060241,-20.637075445977576,-85.38085946500766,-376.19442230788746,-3213.8443555726626,-6594.059869145416,5168.415033945045,0.0006829044614307864,0.0006829044614307864,1464.3336754673578
0.4422948632421614,1447.3016917484533,-20.889210146886388,-87.52387578688946,-379.26141909062517,-3211.1796426715055,-2600.796485502133,2820.3942437237256,0.00027867137609778164,0.00027867137609778164,3588.456101961168
0.4429619746497665,1449.4583784890415,-21.142502300099657,-89.6656369272011,-379.66446431656266,-3210.0813212247986,1392.466898141487,472.3734535022086,0.00012703380065637605,0.00012703380065637605,7871.920660745878
0.44362908605737156,1451.614783760748,-21.395174753144484,-91.80718784355028,-377.4035579857,-3210.549391232543,5385.73028178477,-1875.6473367191102,0.0005328081382521676,0.0005328081382521676,1876.848208963955
0.4442961974649766,1453.7717385932517,-21.645450353548036,-93.9495734935452,-372.47870009803745,-3212.5838526947373,9378.993665428061,-4223.668126940432,0.0009372427897022571,0.0009372427897022571,1066.9593951399504
0.4449633088725817,1455.9300805144692,-21.891551948837474,-96.0938388347939,-364.88989065357487,-3216.184705611383,13372.257049071346,-6571.688917161753,0.0013389199861078157,0.0013389199861078157,746.8706198844325
0.44563042028018673,1458.0906584663976,-22.131702386539946,-98.24102882490442,-354.6371296523121,-3221.3519499824783,17365.52043271463,-8919.709707383072,0.001736410557933109,0.001736410557933109,575.9006678641276
0.44629753168779185,1460.2543376605895,-22.364124514182617,-100.39218842148499,-341.7204170942482,-3228.085585808025,21358.78381635825,-11267.730497604587,0.002128272390380784,0.002128272390380784,469.8646679436944
0.4469646430953969,1462.4218544008943,-22.587423663116304,-102.54817225945473,-327.98703478544434,-3235.4664117569832,19404.170262143434,-10656.107350339022,0.0019270335880008224,0.0019270335880008224,518.9323145308732
0.44763175450300197,1464.5932175485914,-22.802087380982858,-104.70889838911785,-315.84104134354016,-3242.298176194123,17009.51807668563,-9825.522432205458,0.001685033876411581,0.001685033876411581,593.4598787589854
0.448298865910607,1466.7681982196705,-23.009181223234457,-106.87399724599919,-305.29254769180136,-3248.5758479573906,14614.865891227824,-8994.937514071897,0.001445774605329108,0.001445774605329108,691.6707461273783
0.4489659773182121,1468.946555273899,-23.20977090020477,-109.04309918855526,-296.34155383022784,-3254.299427046787,12220.21370577002,-8164.352595938333,0.0012090197910060855,0.0012090197910060855,827.1163197153707
0.4496330887258172,1471.128037123473,-23.404922122227475,-111.21583457524257,-288.98805975881913,-3259.4689134623122,9825.561520312016,-7333.767677804702,0.0009745225985442981,0.0009745225985442981,1026.1434691137579
0.45030020013342226,1473.3123834557118,-23.595700599636196,-113.39183376451712,-283.2320654775763,-3264.0843072039656,7430.909334854212,-6503.182759671137,0.0007420279743880471,0.0007420279743880471,1347.6580863743086
0.4509673115410273,1475.4993269332738,-23.783172042764626,-115.57072711483553,-279.07357098649874,-3268.1456082717464,5036.257149396406,-5672.597841537574,0.0005112750635577391,0.0005112750635577391,1955.894334140684
0.4516344229486324,1477.688594874805,-23.968402161946436,-117.75214498465418,-276.51257628558653,-3271.6528166656567,2641.6049639386,-4842.0129234040105,0.00028199944611641243,0.00028199944611641243,3546.1062557803366
0.45230153435623743,1479.8799109190686,-24.152456667515274,-119.93571773242942,-275.5490813748396,-3274.6059323856944,246.95277848079786,-4011.4280052704485,5.393522723458046e-05,5.393522723458046e-05,18540.758077289644
0.45296864576384255,1482.0729966756608,-24.33640126980484,-122.12107571661787,-276.183086254258,-3277.0049554318607,-2147.69940697721,-3180.8430871368155,0.00017318298524140262,0.00017318298524140262,5774.239303047488
0.4536357571714476,1484.267573365467,-24.521301679148753,-124.30784929567552,-278.4145909238418,-3278.849885804156,-4542.351592435014,-2350.258169003253,0.00039961818251725773,0.00039961818251725773,2502.3886393277776
0.45430286857905267,1486.4633634540164,-24.70822360588071,-126.49566882805902,-282.2435953835909,-3280.14072350258,-6937.003777892818,-1519.6732508696905,0.0006256291035628434,0.0006256291035628434,1598.3911143282544
0.4549699799866577,1488.6600922808648,-24.898232760334363,-128.68416467222463,-287.6700996335052,-3280.8774685271305,-9331.65596335062,-689.0883327361271,0.00085146839952931,0.00085146839952931,1174.4417062956159
0.4556370913942628,1490.8574896880784,-25.092394852843388,-130.87296718662884,-294.6941036735848,-3281.0601208778107,-11726.308148808426,141.49658539743632,0.001077380783759834,0.001077380783759834,928.1769408492779
0.4563042028018679,1493.0552916508057,-25.291775593741463,-133.0617067297282,-303.3156075038305,-3280.688680554619,-14120.96033426643,972.0815035310679,0.0013036011385906816,0.0013036011385906816,767.1058043728746
0.45697131420947296,1495.2532419127963,-25.497440693362222,-135.25001365997872,-313.53461112424077,-3279.7631475575554,-16515.612519724236,1802.6664216646323,0.001530352551619064,0.001530352551619064,653.4442007771555
0.457638425617078,1497.4510936295844,-25.710455862039346,-137.43751833583696,-325.3511145348164,-3278.2835218866207,-18910.264705182042,2633.2513397981957,0.0017578442558139815,0.0017578442558139815,568.8786117954138
0.4583055370246831,1499.6486110218534,-25.9318868101065,-139.62385111575935,-338.76511773555734,-3276.249803541814,-21304.916890639848,3463.8362579317586,0.001986269449831813,0.001986269449831813,503.4563664485072
0.45897264843228813,1501.8455710412852,-26.162799247897354,-141.80864235820223,-353.7766207264634,-3273.661992523136,-23699.56907609765,4294.421176065322,0.0022158029772567337,0.0022158029772567337,451.3036629448193
0.45963975983989325,1504.0417650509269,-26.40425888574559,-143.99152242162222,-370.3856235075364,-3270.5200888305862,-26094.221261555656,5125.006094198954,0.0024465988463160623,0.0024465988463160623,408.7306758546618
0.4603068712474983,1506.2370005218056,-26.657331433984844,-146.17212166447536,-388.5921260787733,-3266.824092464165,-28488.87344701346,5955.591012332516,0.002678787575039766,0.002678787575039766,373.30320974971494
0.46097398265510336,1508.431102747169,-26.923082602948785,-148.3500704452181,-408.3961284401755,-3262.5740034238715,-30883.525632471265,6786.175930466079,0.0029124733509705387,0.0029124733509705387,343.35078110389054
0.4616410940627084,1510.623916575326,-27.202578102971096,-150.524999122307,-429.797630591743,-3257.7698217097077,-33278.17781792907,7616.7608485996425,0.003147730999523121,0.003147730999523121,317.6891545533908
0.4623082054703135,1512.8153081616078,-27.496883644385427,-152.69653805419836,-452.79663253347576,-3252.4115473216716,-35672.83000338688,8447.345766733206,0.0033846027610847634,0.0033846027610847634,295.4556474094173
0.4629753168779186,1515.0051667394587,-27.807064937525485,-154.86431759934874,-477.39313426537586,-3246.499180259763,-38067.48218884487,9277.930684866838,0.003623094884082866,0.003623094884082866,276.00712429399584
0.46364242828552366,1517.1934064100847,-28.134187692724872,-157.02796811621417,-503.5871357874393,-3240.0327205239832,-40462.13437430269,10108.515603000402,0.0038631740496551307,0.0038631740496551307,258.85450335567225
0.4643095396931287,1519.3799679494618,-28.479317620317296,-159.1871199632513,-531.3786370996681,-3233.0121681143323,-42856.78655976049,10939.100521133965,0.004104763653354148,0.004104763653354148,243.6193857794625
0.4649766511007338,1521.5648450499752,-28.84335246421466,-161.3414566539236,-559.9031450548752,-3225.7111023508755,-42285.17761678539,10830.976202189193,0.004059681244596361,0.004059681244596361,246.324757967402
0.46564376250833883,1523.7481906842856,-29.22620529655063,-163.49097331299717,-587.7784347247629,-3218.566945042326,-41284.94081353947,10587.20740884243,0.0039716594808427725,0.0039716594808427725,251.78392176456262
0.46631087391594395,1525.9302013944362,-29.627431481107458,-165.6357782663757,-614.986455012901,-3211.585408676635,-40284.70401029348,10343.43861549565,0.003882271570375118,0.003882271570375118,257.58115625676766
0.466977985323549,1528.1110622033586,-30.046585874868565,-167.77598000034502,-641.5272059192853,-3204.766493253806,-39284.46720704757,10099.669822148888,0.003791644987402646,0.003791644987402646,263.7377716854817
0.46764509673115406,1530.2909467564702,-30.48322333481746,-169.91168700119124,-667.4006874439176,-3198.1101987738352,-38284.23040380166,9855.901028802124,0.003699902024426819,0.003699902024426819,270.2774271853639
0.4683122081387591,1532.4700175469036,-30.936898717937645,-172.04300775520056,-692.6068995867981,-3191.616525236725,-37283.99360055575,9612.132235455365,0.0036071595398365288,0.0036071595398365288,277.226440626277
0.4689793195463642,1534.6484261498547,-31.40716688121261,-174.1700507486591,-717.1458423479272,-3185.2854726424744,-36283.756797309834,9368.363442108603,0.0035135287571386327,0.0035135287571386327,284.61414979690835
0.4696464309539693,1536.8263134652445,-31.893582681625873,-176.29292446785306,-741.0175157273063,-3179.117040991083,-35283.51999406384,9124.59464876182,0.003419115112949017,0.003419115112949017,292.4733350488136
0.47031354236157435,1539.0038099679264,-32.39570097616084,-178.4117373990682,-764.2219197249315,-3173.1112302825513,-34283.28319081793,8880.825855415058,0.0033240181506405545,0.0033240181506405545,300.8407158689236
0.4709806537691794,1541.1810359646954,-32.913076621801046,-180.52659802859085,-786.759054340805,-3167.2680405168803,-33283.046387572016,8637.057062068297,0.0032283314563843423,0.0032283314563843423,309.75753682986976
0.4716477651767845,1543.358101857391,-33.445264475529974,-182.63761484270708,-808.6289195749268,-3161.587471694069,-32282.809584326104,8393.288268721535,0.0031321426342246473,0.0031321426342246473,319.2702621755114
0.47231487658438953,1545.5351084114168,-33.99181939433112,-184.7448963277029,-829.8315154272966,-3156.069523814116,-31282.57278108019,8149.519475374774,0.0030355333167884704,0.0030355333167884704,329.43140319671363
0.47298198799199465,1547.7121470290406,-34.552296235188,-186.84855096986468,-850.3668418979167,-3150.714196877024,-30282.335977834195,7905.750682027991,0.0029385792082419625,0.0029385792082419625,340.30050889738004
0.4736490993995997,1549.8893000268665,-35.12624985508403,-188.94868725547818,-870.2348989867832,-3145.521490882791,-29282.099174588286,7661.981888681231,0.002841350156160799,0.002841350156160799,351.94535873438036
0.47431621080720476,1552.0666409169198,-35.71323511100274,-191.04541367082962,-889.4356866938978,-3140.491405831419,-28281.862371342373,7418.213095334469,0.002743910249073501,0.002743910249073501,364.4434071186025
0.4749833222148098,1554.244234690813,-36.312806859927605,-193.13883870220513,-907.9692050192607,-3135.623941722906,-27281.62556809646,7174.444301987707,0.0026463179365600804,0.0026463179365600804,377.8835438420105
0.4756504336224149,1556.4221381065033,-36.924519958842126,-195.22907083589078,-925.8354539628717,-3130.9190985572523,-26281.38876485055,6930.675508640945,0.00254862616893597,0.00254862616893597,392.3682539983852
0.47631754503002,1558.6003999771917,-37.54792926472983,-197.31621855817286,-943.0344335247325,-3126.3768763344588,-25281.151961604555,6686.906715294163,0.0024508825537189628,0.0024508825537189628,408.0162872278815
0.47698465643762505,1560.7790614619446,-38.18258963457412,-199.4003903553371,-959.56614370484,-3121.997275054525,-24280.915158358646,6443.137921947402,0.002353129526258729,0.002353129526258729,424.96598204260897
0.4776517678452301,1562.9581563576648,-38.82805592535853,-201.48169471366978,-975.4305845031959,-3117.7802947174514,-23280.678355112734,6199.369128600641,0.0022554045321002184,0.0022554045321002184,443.3794407022878
0.47831887925283517,1565.1377113920628,-39.48388299406652,-203.56024011945698,-990.6277559197997,-3113.725935323237,-22280.44155186682,5955.600335253879,0.002157740218850328,0.002157740218850328,463.44781974394164
0.47898599066044023,1567.3177465173244,-40.1496256976816,-205.63613505898485,-1005.157657954652,-3109.834196871882,-21280.20474862091,5711.831541907117,0.0020601646355170693,0.0020601646355170693,485.39810011301137
0.47965310206804534,1569.4982752041983,-40.82483889318734,-207.70948801853967,-1019.0202906077536,-3106.1050793633867,-20279.967945374912,5468.0627485603345,0.0019627014374903238,0.0019627014374903238,509.50184317319537
0.4803202134756504,1571.6793047362596,-41.509077437567065,-209.78040748440708,-1032.2156538791023,-3102.5385827977516,-19279.731142129,5224.293955213573,0.001865370095529728,0.001865370095529728,536.0866470393479
0.48098732488325546,1573.8608365041416,-42.20189618780436,-211.84900194287343,-1044.743747768699,-3099.134707174977,-18279.49433888309,4980.525161866812,0.001768186107316415,0.001768186107316415,565.5513273530381
0.4816544362908605,1576.042866299548,-42.90285000088269,-213.9153798802248,-1056.6045722765443,-3095.8934524950614,-17279.257535637178,4736.75636852005,0.0016711612103101092,0.0016711612103101092,598.3863159523879
0.4823215476984656,1578.2253846088968,-43.611493733785544,-215.97964978274732,-1067.7981274026374,-3092.8148187580055,-16279.02073239127,4492.987575173289,0.0015743035948290855,0.0015743035948290855,635.2014968933391
0.4829886591060707,1580.4083769064646,-44.32738224349649,-218.04192013672724,-1078.3244131469803,-3089.8988059638095,-15278.783929145273,4249.2187818265065,0.0014776181164378869,0.0014776181164378869,676.7648480181828
0.48365577051367575,1582.5918239469306,-45.05007038699887,-220.1022994284503,-1088.1834295095698,-3087.145414112473,-14278.547125899362,4005.449988479745,0.0013811065068850617,0.0013811065068850617,724.0571201531685
0.4843228819212808,1584.7757020572428,-45.77911302127623,-222.1608961442027,-1097.3751764904077,-3084.5546432039964,-13278.310322653448,3761.6811951329832,0.0012847675829801817,0.0012847675829801817,778.3508964947363
0.48498999332888587,1586.9599834277465,-46.51406500331211,-224.21781877027078,-1105.8996540894943,-3082.12649323838,-12278.073519407539,3517.912401786222,0.0011885974529363813,0.0011885974529363813,841.3277325553247
0.48565710473649093,1589.1446363179898,-47.25448278337331,-226.2731751291093,-1113.7891330749485,-3079.8475188138823,-11713.583623912602,3455.6946706764043,0.0011365503083950817,0.0011365503083950817,879.8554649218266
0.48632421614409604,1591.329612372168,-48.00018209239498,-228.32696501560125,-1121.9243938905734,-3077.350748593877,-12675.92830132847,4029.622448900801,0.0012386651899896788,0.0012386651899896788,807.3206610483116
0.4869913275517011,1593.5148360475123,-48.751522666507846,-230.378961568468,-1130.7016458185494,-3074.471104605877,-13638.272978744257,4603.550227125151,0.0013409062264536488,0.0013409062264536488,745.7643049691418
0.48765843895930616,1595.7002321374455,-49.50893278530659,-232.42890936825123,-1140.1208888588774,-3071.2085868498807,-14600.617656160046,5177.4780053495,0.0014432976846254256,0.0014432976846254256,692.8577594576594
0.4883255503669112,1597.885729739751,-50.27284072838587,-234.47655299549282,-1150.182123011558,-3067.5631953258903,-15562.962333575833,5751.4057835738495,0.001545860856248331,0.001545860856248331,646.8887519585123
0.4889926617745163,1600.0712625899146,-51.04367477534029,-236.52163703073444,-1160.8853482765899,-3063.5349300339053,-16525.30701099162,6325.333561798198,0.0016486138287565382,0.0016486138287565382,606.5701879707311
0.4896597731821214,1602.2567693958413,-51.82186320576459,-238.56390605451801,-1172.2305646539758,-3059.1237909739257,-17487.651688407488,6899.2613400225955,0.0017515712493077163,0.0017515712493077163,570.9159706721812
0.49032688458972645,1604.4421941739906,-52.60783429925321,-240.60310464738467,-1184.217772143712,-3054.3297781459496,-18449.996365823277,7473.189118246945,0.0018547440820841676,0.0018547440820841676,539.1579407959639
0.4909939959973315,1606.6274865869552,-53.4020163354009,-242.6389773898765,-1196.8469707458007,-3049.1528915499803,-19412.341043239063,8047.116896471293,0.00195813935904213,0.00195813935904213,510.68888196454697
0.49166110740493657,1608.8126022824692,-54.20483759380225,-244.6712688625351,-1210.1181604602416,-3043.5931311860154,-20374.685720654852,8621.044674695644,0.0020617599244617912,0.0020617599244617912,485.02252281435887
0.49232821881254163,1610.9975032338134,-55.016726354051926,-246.69972364590225,-1224.0313412870341,-3037.650497054055,-21337.030398070638,9194.972452919992,0.0021656041738400875,0.0021656041738400875,461.76490241371414
0.49299533022014674,1613.182158081545,-55.83811089574461,-248.72408632051977,-1238.5865132261804,-3031.3249891541004,-22299.375075486503,9768.90023114439,0.0022696657878745366,0.0022696657878745366,440.59350294761475
0.4936624416277518,1615.3665424764479,-56.66941949847479,-250.7441014669289,-1253.7836762776772,-3024.6166074861503,-23261.719752902296,10342.828009368739,0.0023739334625097323,0.0023739334625097323,421.2417979663153
0.49432955303535686,1617.5506394235688,-57.51108044183719,-252.75951366567173,-1269.6228304415265,-3017.525352050206,-24224.064430318085,10916.755787593089,0.002478390636259212,0.002478390636259212,403.4876445100526
0.4949966644429619,1619.7344396271517,-58.3635220054264,-254.77006749728983,-1286.1039757177277,-3010.0512228462667,-25186.40910773387,11490.683565817437,0.002583015216273286,0.002583015216273286,387.14444796913614
0.495663775850567,1621.9179418362598,-59.22717246883708,-256.77550754232493,-1303.2271121062809,-3002.1942198743322,-26148.753785149656,12064.611344041787,0.0026877793048982824,0.0026877793048982824,372.0543566123799
0.4963308872581721,1624.1011531908198,-60.10246011166394,-258.77557838131884,-1320.9922396071877,-2993.9543431344027,-27111.098462565526,12638.539122266184,0.002792648928762729,0.002792648928762729,358.08296191496066
0.49699799866577715,1626.2840895677814,-60.98981321350146,-260.770024594813,-1339.3993582204453,-2985.3315926264786,-28073.443139981315,13212.466900490534,0.002897583772729856,0.002897583772729856,345.1151298579663
0.4976651100733822,1628.466775927042,-61.88966005394432,-262.7585907633492,-1358.4484679460547,-2976.32596835056,-29035.7878173971,13786.394678714883,0.003002536921371292,0.003002536921371292,333.0516913488241
0.49833222148098727,1630.6492466567302,-62.80242891258719,-264.74102146746924,-1378.1395687840163,-2966.937470306646,-29998.13249481289,14360.322456939231,0.0031074546109401626,0.0031074546109401626,321.80679211834064
0.49899933288859233,1632.8315459173991,-63.72854806902468,-266.7170612877147,-1398.47266073433,-2957.1660984947375,-30960.477172228675,14934.250235163583,0.0032122759951501685,0.0032122759951501685,311.3057537738913
0.49966644429619744,1635.0137279846224,-64.6684458028515,-268.68645480462754,-1419.4477437969977,-2947.011852914833,-31922.82184964454,15508.178013387977,0.0033169329283947234,0.0033169329283947234,301.4833346310575
0.5003335557038024,1637.195857589435,-65.62255039366202,-270.6489465987489,-1441.0648179720138,-2936.474733566935,-32885.16652706025,16082.105791612279,0.003421349770361785,0.003421349770361785,292.28230584979235
0.5010006671114076,1639.3780102560088,-66.59129012105126,-272.60428125062117,-1463.3238832593859,-2925.554740451041,-33847.51120447612,16656.033569836676,0.0035254432163090155,0.0035254432163090155,283.65227820828613
0.5016677785190127,1641.5602726358875,-67.57509326461361,-274.5522033407857,-1486.2249396591096,-2914.2518735671515,-34809.855881891985,17229.961348061075,0.0036291221575515276,0.0036291221575515276,275.54872957891104
0.5023348899266177,1643.7427428380656,-68.57438810394359,-276.49245744978384,-1509.7679871711819,-2902.5661329152695,-35772.20055930769,17803.889126285376,0.003732287576974008,0.003732287576974008,267.93219423106746
0.5030020013342228,1645.9255307541255,-69.58960291863613,-278.424788158158,-1533.9530257956103,-2890.4975184953905,-36734.54523672356,18377.81690450977,0.0038348324845983834,0.0038348324845983834,260.76758346453005
0.5036691127418278,1648.1087583775948,-70.62116598828555,-280.34894004644923,-1558.7800555323865,-2878.0460303075183,-37696.889914139276,18951.744682734075,0.0039366418984083055,0.0039366418984083055,254.02361347734677
0.5043362241494329,1650.2925601166432,-71.66950559248681,-282.26465769519973,-1584.249076381519,-2865.211668351649,-38659.234591555134,19525.67246095847,0.004037592875741702,0.004037592875741702,247.67232130017592
0.505003335557038,1652.4770830991652,-72.73505001083439,-284.1716856849511,-1610.3600883430038,-2851.994432627785,-39621.579268971,20099.60023918287,0.004137554600598057,0.004137554600598057,241.68865345135418
0.505670446964643,1654.662487469262,-73.81822752292271,-286.06976859624456,-1637.1130914168366,-2838.394323135929,-40583.92394638671,20673.52801740717,0.0042363885321594005,0.0042363885321594005,236.0501149525757
0.5063375583722481,1656.8489466740812,-74.91946640834676,-287.95865100962243,-1664.5080856030254,-2824.4113398760746,-41546.26862380258,21247.455795631566,0.00433394861967741,0.00433394861967741,230.7364686927076
0.5070046697798531,1659.0366477399227,-76.03919494670085,-289.83807750562596,-1692.5450709015618,-2810.045482848229,-42508.61330121828,21821.383573855866,0.004430081588623785,0.004430081588623785,225.72947698479123
0.5076717811874583,1661.2257915364971,-77.17784141757996,-291.7077926647973,-1721.2240473124552,-2795.2967520523853,-43470.95797863416,22395.311352080265,0.00452462730262623,0.00452462730262623,221.01267863975664
0.5083388925950634,1663.4165930281652,-78.3358341005785,-293.56754106767784,-1750.5450148357006,-2780.1651474885466,-44433.30265605002,22969.239130304664,0.004617419205205713,0.004617419205205713,216.57119606393817
0.5090060040026684,1665.6092815109816,-79.51360127529094,-295.41706729480904,-1780.5079734712936,-2764.6506691567156,-45395.64733346573,23543.166908528965,0.004708284844687898,0.004708284844687898,212.39156783987818
0.5096731154102735,1667.804100834332,-80.7115712213123,-297.2561159267332,-1811.1129232192432,-2748.7533170568877,-46357.99201088159,24117.09468675336,0.004797046484873584,0.004797046484873584,208.4616030203745
0.5103402268178785,1670.0013051418273,-81.93017170870031,-299.0844265187861,-1842.352179027479,-2732.397298846664,-47243.06381418215,25453.111268922854,0.004917045312031662,0.004917045312031662,203.37416813163605
0.5110073382254836,1672.2008150371903,-83.1697904916684,-300.9013439777569,-1874.1031155518642,-2714.373245741402,-47946.24388591914,28582.99994064786,0.00511903280688173,0.00511903280688173,195.3494024604918
0.5116744496330887,1674.401982532293,-84.43074715739041,-302.7055409261714,-1906.3231515237062,-2694.261208198699,-48649.42395765614,31712.888612372866,0.005327300976637856,0.005327300976637856,187.7123151827468
0.5123415610406937,1676.604136246455,-85.71335464745883,-304.49562444579215,-1939.012286942999,-2672.061186218558,-49352.60402939302,34842.77728409735,0.005542147216128692,0.005542147216128692,180.43548123186113
0.5130086724482988,1678.8066417069433,-87.01792590346675,-306.27020161838254,-1972.1705218097534,-2647.773179800971,-50055.78410113002,37972.665955822355,0.005763837001176607,0.005763837001176607,173.49553774609933
0.5136757838559038,1681.0089035315768,-88.34477386700647,-308.0278795257049,-2005.7978561239584,-2621.397188945947,-50758.964172866894,41102.554627546844,0.0059925988030274345,0.0059925988030274345,166.87250938521103
0.514342895263509,1683.2103677185887,-89.69421147967113,-309.7672652495229,-2039.894289885625,-2592.9332136534777,-51462.14424460389,44232.44329927185,0.006228618052302555,0.006228618052302555,160.5492569303277
0.5150100066711141,1685.4105240456224,-91.06655168305316,-311.4869658715987,-2074.4598230947486,-2562.381253923566,-52165.32431634089,47362.33197099686,0.006472030109280983,0.006472030109280983,154.51102407048228
0.5156771180787191,1687.6089085788142,-92.46210741874512,-313.1855884736954,-2109.4944557513227,-2529.7413097562185,-52868.50438807777,50492.22064272134,0.006722912207142377,0.006722912207142377,148.74506303051328
0.5163442294863242,1689.805106291738,-93.88119162834008,-314.861740137576,-2144.998187855358,-2495.013381151424,-53571.684459814765,53622.10931444635,0.006981274350720359,0.006981274350720359,143.24032401001625
0.5170113408939292,1691.9987537926174,-95.32411725343032,-316.51402794500314,-2180.971019406845,-2458.1974681091933,-54274.86453155165,56751.99798617084,0.007247049176568414,0.007247049176568414,137.98719666940565
0.5176784523015343,1694.1895421565628,-96.79119723560898,-318.14105897774,-2217.412950405793,-2419.293570629515,-54978.04460328864,59881.88665789584,0.0075200808120402885,0.0075200808120402885,132.9772943927564
0.5183455637091394,1696.3772198576535,-98.28274451646857,-319.7414403175494,-2254.323980852198,-2378.301688712396,-55681.22467502564,63011.77532962084,0.007800112812936578,0.007800112812936578,128.203273975921
0.5190126751167444,1698.5615957934622,-99.7990720376015,-321.3137790461938,-2291.7041107460523,-2335.221822357842,-56384.40474676252,66141.66400134533,0.008086775312268589,0.008086775312268589,123.65868487564907
0.5196797865243495,1700.742542392045,-101.34049274060102,-322.85668224543673,-2329.5533400873696,-2290.0539715658388,-57087.58481849951,69271.55267307034,0.008379571577735667,0.008379571577735667,119.33784331611623
0.5203468979319545,1702.9199987885193,-102.90731956705925,-324.3687569970404,-2367.871668876137,-2242.798136336402,-57790.76489023639,72401.44134479482,0.008677864253013517,0.008677864253013517,115.2357274605598
0.5210140093395597,1705.0939740551257,-104.49986545856946,-325.84861038276847,-2406.659097112368,-2193.454316669516,-58493.944961973386,75531.33001651983,0.008980861647539914,0.008980861647539914,111.34789057505695
0.5216811207471648,1707.2645504650764,-106.11844335672404,-327.29484948438323,-2445.9156247960536,-2142.022512565188,-59197.125033710385,78661.21868824484,0.009287604539690216,0.009287604539690216,107.67038968191841
0.5223482321547698,1709.4318867666414,-107.76336620311547,-328.70608138364753,-2485.64125192719,-2088.5027240234276,-59900.30510544727,81791.10735996932,0.009596954066150638,0.009596954066150638,104.199727653912
0.5230153435623749,1711.5962214397841,-109.43494693933701,-330.0809131623248,-2525.835978505789,-2032.8949510442171,-60603.485177184266,84920.99603169433,0.009907581381178433,0.009907581381178433,100.93280706224766
0.5236824549699799,1713.75787590334,-111.13349850698069,-331.41795190217715,-2566.499804531837,-1975.1991936275735,-61306.66524892114,88050.88470341882,0.010217959876419797,0.010217959876419797,97.86689437954452
0.524349566377585,1715.9173692798734,-112.8590704371571,-332.7163405793763,-2606.4190339977645,-1917.8846507840005,-58281.67681588434,83596.01580362469,0.009728487829192145,0.009728487829192145,102.79089798512295
0.5250166777851901,1718.0756959002638,-114.6105799027442,-333.97752589178856,-2644.2598130201677,-1863.6649762360908,-55164.978693271696,78954.56849099827,0.009203352684849573,0.009203352684849573,108.65605548792949
0.5256837891927951,1720.2338389877634,-116.38663985971638,-335.2035734501494,-2680.0214071709083,-1812.5416641382405,-52048.28057065957,74313.1211783726,0.008666111062129209,0.008666111062129209,115.39201296069085
0.5263509006004002,1722.3926338377948,-118.1858632601277,-336.3965488731715,-2713.7038164499986,-1764.5147144904327,-48931.58244804691,69671.67386574617,0.008120426002064151,0.008120426002064151,123.14624869998292
0.5270180120080052,1724.552775498916,-120.00686305603126,-337.5585177795673,-2745.307040857428,-1719.584127292683,-45814.88432543478,65030.226553120505,0.00756947470030984,0.00756947470030984,132.10956368730146
0.5276851234156104,1726.7148269427119,-121.8482521994812,-338.6915457880495,-2774.831080393206,-1677.749902544977,-42698.18620282213,60388.77924049407,0.007015946935966593,0.007015946935966593,142.53243491246977
0.5283522348232155,1728.879227594594,-123.70864364253086,-339.7976985173304,-2802.275935057328,-1639.0120402473221,-39581.48808020948,55747.33192786764,0.0064620584617538545,0.0064620584617538545,154.7494511104426
0.5290193462308205,1731.04630211518,-125.58665033723348,-340.87904158612236,-2827.6416048497886,-1603.3705403997237,-36464.78995759735,51105.88461524199,0.005909575631066075,0.005909575631066075,169.2168883909524
0.5296864576384256,1733.216269338516,-127.48088523564333,-341.9376406131383,-2850.928089770599,-1570.825403002171,-33348.0918349847,46464.43730261556,0.005359847894333557,0.005359847894333557,186.57245871794277
0.5303535690460306,1735.3892512898246,-129.38996128981333,-342.97556121709033,-2872.135389819748,-1541.3766280546736,-30231.393712372563,41822.98998998989,0.004813845277412219,0.004813845277412219,207.73413817271054
0.5310206804536357,1737.565282221146,-131.3124914517978,-343.9948690166913,-2891.2635049972455,-1515.0242155572225,-27114.69558975991,37181.54267736345,0.00427219848636481,0.00427219848636481,234.07152153431298
0.5316877918612408,1739.7443176177633,-133.24708867364987,-344.99762963065353,-2908.3124353030857,-1491.7681655098224,-23997.99746714726,32540.095364737026,0.003735239812800821,0.003735239812800821,267.7204276343807
0.5323549032688458,1741.92624314148,-135.19236590742298,-345.9859086776895,-2923.2821807372684,-1471.6084779124772,-20881.29934453513,27898.648052111366,0.00320304350642162,0.00320304350642162,312.2030649896421
0.5330220146764509,1744.1108834884408,-137.1469361051713,-346.96177177651197,-2936.1727412997966,-1454.545152765179,-17764.601221922476,23257.200739484935,0.0026754647160340916,0.0026754647160340916,373.76684282434684
0.5336891260840559,1746.298011149293,-139.10941221894774,-347.92728454583295,-2946.984116990667,-1440.5781900679342,-14647.903099310348,18615.75342685928,0.002152176467971747,0.002152176467971747,464.6459130474647
0.5343562374916611,1748.4873550680566,-141.07840720080657,-348.88451260436545,-2955.7163078098824,-1429.7075898207377,-11531.204976697694,13974.306114232839,0.0016327044506349974,0.0016327044506349974,612.4807215482731
0.5350233488992662,1750.678609203166,-143.05253400280117,-349.8355215708218,-2962.3693137574423,-1421.9333520235925,-8414.506854085044,9332.858801606411,0.0011164596099157388,0.0011164596099157388,895.6884701592311
0.5356904603068712,1752.8714409998988,-145.03040557698466,-350.78237706391445,-2966.943134833346,-1417.2554766764995,-5297.808731472913,4691.41148898075,0.0006027687395111275,0.0006027687395111275,1659.0110509231863
0.5363575717144763,1755.0654997878519,-147.0106348754114,-351.72714470235604,-2969.437771037593,-1415.6739637794562,-2181.1106088602637,49.964176354318624,9.09033804577059e-05,9.09033804577059e-05,11000.69100802323
0.5370246831220813,1757.260425120384,-148.99183485013424,-352.67189010485873,-2969.8532223701845,-1417.188813332464,935.5875137518678,-4591.483136271341,0.0004198925667957655,0.0004198925667957655,2381.56156854855
0.5376917945296864,1759.455855075115,-150.9726184532075,-353.6186788901355,-2968.189488831119,-1421.8000253355226,4052.285636364519,-9232.930448897774,0.0009303760603479132,0.0009303760603479132,1074.834190838972
0.5383589059372915,1761.6514350790976,-152.95160104483375,-354.5695729199455,-2964.497800751628,-1429.4276753599904,6442.41008850674,-12740.850335788993,0.0013178679683617423,0.0013178679683617423,758.8013549210945
0.5390260173448965,1763.8469232836744,-154.92784155812726,-355.5259420380443,-2960.3068894098797,-1437.6867900703166,6121.942114053854,-12019.975565771796,0.001245272945306507,0.001245272945306507,803.0367990961721
0.5396931287525016,1766.0422974821697,-156.9013575768107,-356.4876604975837,-2956.3297659096615,-1445.465000998111,5801.474139600916,-11299.100795754479,0.001172657956184778,0.001172657956184778,852.7635827018838
0.5403602401601066,1768.2375608225643,-158.87229172119137,-357.454407482164,-2952.5664302509736,-1452.7623081433715,5481.00616514803,-10578.226025737282,0.0011000285523541282,0.0011000285523541282,909.06731271651
0.5410273515677118,1770.4327137453604,-160.84078661157767,-358.4258621753861,-2949.016882433814,-1459.578711506099,5160.538190695091,-9857.351255719963,0.0010273889425768043,0.0010273889425768043,973.341213398589
0.5416944629753169,1772.6277541514967,-162.80698486827737,-359.40170376085086,-2945.681122458184,-1465.9142110862938,4840.070216242153,-9136.476485702646,0.0009547420754805536,0.0009547420754805536,1047.403299468777
0.5423615743829219,1774.8226775702994,-164.77102911159778,-360.3816114221584,-2942.5591503240844,-1471.7688068839543,4519.602241789266,-8415.60171568545,0.000882089722299554,0.000882089722299554,1133.6715242447913
0.543028685790527,1777.0174773274443,-166.73306196184768,-361.3652643429102,-2939.6509660315146,-1477.1424988990827,4199.134267336328,-7694.726945668134,0.0008094325597603012,0.0008094325597603012,1235.4333760630186
0.543695797198132,1779.212144712901,-168.69322603933415,-362.35234170670634,-2936.956569580474,-1482.035287131677,3878.666292883443,-6973.852175650937,0.0007367702530055671,0.0007367702530055671,1357.275210176603
0.5443629086057371,1781.4066691488629,-170.6516639643658,-363.342522697148,-2934.475960970962,-1486.4471715817388,3558.1983184305036,-6252.977405633618,0.0006641015384753802,0.0006641015384753802,1505.7938313104394
0.5450300200133422,1783.6010383576395,-172.60851835725018,-364.33548649783563,-2932.209140202981,-1490.3781522492675,3237.730343977564,-5532.102635616301,0.0005914243066889248,0.0005914243066889248,1690.8334484906052
0.5456971314209472,1785.7952385295189,-174.56393183829485,-365.3309122923698,-2930.156107276529,-1493.8282291342618,2917.2623695246793,-4811.227865599105,0.0005187356848928551,0.0005187356848928551,1927.764040768759
0.5463642428285523,1787.9892544905997,-176.51804702780845,-366.32847926435176,-2928.3168621916075,-1496.797402236724,2596.794395071741,-4090.353095581788,0.00044603211956220406,0.00044603211956220406,2241.9910050010176
0.5470313542361573,1790.1830698705937,-178.47100654609807,-367.3278665973816,-2926.691404948215,-1499.285671556653,2276.3264206188546,-3369.4783255645907,0.00037330945875832235,0.00037330945875832235,2678.7427335115885
0.5476984656437625,1792.3766672706206,-180.4229530134723,-368.3287534750604,-2925.2797355463517,-1501.2930370940483,1955.8584461659152,-2648.6035555472727,0.00030056303436413816,0.00030056303436413816,3327.0891149857102
0.5483655770513676,1794.5700284309928,-182.37402905023873,-369.3308190809889,-2924.081853986019,-1502.8194988489106,1635.3904717129772,-1927.7287855299573,0.00022778774423198612,0.00022778774423198612,4390.051814998304
0.5490326884589726,1796.7631343990192,-184.32437727670495,-370.33374259876746,-2923.097760267215,-1503.8650568212395,1314.9224972600914,-1206.8540155127603,0.00015497813429093276,0.00015497813429093276,6452.5231548003385
0.5496997998665777,1798.9559656968408,-186.2741403131795,-371.3372032119973,-2922.3274543899415,-1504.4297110110358,994.4545228071524,-485.97924549544314,8.212848067134643e-05,8.212848067134643e-05,12176.044069312573
0.5503669112741827,1801.1485024893136,-188.22346077996957,-372.34088010427865,-2921.770936354197,-1504.5134614182987,673.9865483542671,234.89552452175394,9.232871912922009e-06,9.232871912922009e-06,108308.66164193554
0.5510340226817878,1803.3407247519706,-190.17248129738368,-373.34445245921256,-2921.428206159982,-1504.1163080430279,353.5185739013282,955.7702945390702,6.371470867150876e-05,6.371470867150876e-05,15694.963076040383
0.5517011340893929,1805.5326124390751,-192.12134448572957,-374.3475994603997,-2921.2992638072974,-1503.2382508852245,33.05059944838922,1676.6450645563891,0.00013672030039876937,0.00013672030039876937,7314.2027707905845
0.5523682454969979,1807.7241456517945,-194.0701929653146,-375.3500002914405,-2921.3841092961425,-1501.8792899448877,-287.41737500449653,2397.519834573586,0.00020978988230509538,0.00020978988230509538,4766.674107503954
0.553035356904603,1809.9153048065173,-196.0191693564474,-376.351334135936,-2921.6827426265163,-1500.0394252220174,-607.8853494574346,3118.3946045909024,0.000282929289842043,0.000282929289842043,3534.452020002211
0.553702468312208,1812.1060708033299,-197.96841627943516,-377.3512801774866,-2922.19516379842,-1497.7186567166145,-928.3533239103203,3839.2693746080995,0.0003561441310989341,0.0003561441310989341,2807.8519696909107
0.5543695797198132,1814.296425194686,-199.9180763545865,-378.3495175996933,-2922.9213728118534,-1494.9169844286778,-1248.8212983632588,4560.144144625417,0.00042943970247582826,0.00042943970247582826,2328.615622250918
0.5550366911274183,1816.4863503542774,-201.868292202209,-379.34572558615685,-2923.8613696668162,-1491.6344083582076,-1569.2892728161987,5281.018914642734,0.000502820903735539,0.000502820903735539,1988.7796878984864
0.5557038025350233,1818.675829646134,-203.81920644261012,-380.3395833204776,-2925.0151543633096,-1487.8709285052055,-1889.7572472690842,6001.893684659932,0.0005762921523711112,0.0005762921523711112,1735.2309863765702
0.5563709139426284,1820.8648475939676,-205.7709616960985,-381.3307699862566,-2926.3827269013323,-1483.6265448696693,-2210.2252217220225,6722.768454677248,0.0006498572972340972,0.0006498572972340972,1538.7993706559416
0.5570380253502334,1823.0533900507683,-207.72370058298134,-382.31896476709437,-2927.9640872808836,-1478.9012574516,-2530.693196174908,7443.643224694446,0.0007235195313804224,0.0007235195313804224,1382.1326952875386
0.5577051367578385,1825.2414443686753,-209.6775657235671,-383.3038468465916,-2929.759235501965,-1473.6950662509971,-2851.1611706278472,8164.517994711761,0.0007972813041047448,0.0007972813041047448,1254.262447710203
0.5583722481654436,1827.4289995691179,-211.63269973816355,-384.2850954083493,-2931.7681715645767,-1468.0079712678612,-3171.6291450807857,8885.39276472908,0.0008711442321494542,0.0008711442321494542,1147.9155380878872
0.5590393595730486,1829.616046513239,-213.58924524707808,-385.2623896359678,-2933.990895468717,-1461.839972502193,-3492.097119533672,9606.267534746277,0.0009451090100933478,0.0009451090100933478,1058.0790039248814
0.5597064709806537,1831.8025780725984,-215.5473448706193,-386.2354087130481,-2936.427407214388,-1455.1910699539903,-3812.56509398661,10327.142304763593,0.0010191753199451819,0.0010191753199451819,981.18545497529
0.5603735823882587,1833.988589300143,-217.5071412290945,-387.2038318231908,-2939.077706801588,-1448.0612636232559,-4133.033068439496,11048.01707478079,0.0010933417399902993,0.0010933417399902993,914.6271137593928
0.5610406937958639,1836.1740776014449,-219.46877694281204,-388.1673381499965,-2941.941794230318,-1440.4505535099868,-4453.501042892434,11768.891844798107,0.0011676056529644021,0.0011676056529644021,856.4535444489561
0.561707805203469,1838.3590429061774,-221.43239463207968,-389.12560687706616,-2945.019669500578,-1432.3589396141847,-4773.969017345375,12489.766614815424,0.001241963153655821,0.001241963153655821,805.1768662028479
0.562374916611074,1840.5434878398137,-223.39813691720488,-390.07831718800014,-2948.3113326123666,-1423.7864219358505,-5094.436991798259,13210.641384832621,0.001316408956068761,0.001316408956068761,759.6423553561467
0.5630420280186791,1842.7274178955151,-225.36614641849633,-391.0251482663996,-2951.8167835656855,-1414.733000474982,-5414.904966251198,13931.516154849938,0.0013909363003125324,0.0013909363003125324,718.9401842308005
0.5637091394262841,1844.9108415964868,-227.33656569475994,-391.96577940222977,-2955.5341542901388,-1405.2019060272182,-5697.545005169503,14586.968160586865,0.0014585034849340097,0.0014585034849340097,685.6342890707904
0.5643762508338892,1847.0937660219697,-229.30950887406743,-392.8999390559262,-2959.356720130701,-1395.3777170489307,-5762.50738483309,14865.950396317894,0.0014856599760730684,0.0014856599760730684,673.1015280112907
0.5650433622414943,1849.2761885569846,-231.28501658600527,-393.8274828022882,-2963.2226231158006,-1385.3674158386673,-5827.469764496675,15144.93263204892,0.001512873576475149,0.001512873576475149,660.9937641517307
0.5657104736490993,1851.4581059706895,-233.26311774127652,-394.7482864837225,-2967.131863245439,-1375.1710023964306,-5892.4321441602515,15423.914867779902,0.001540142174099942,0.001540142174099942,649.2907062845671
0.5663775850567044,1853.6395162839706,-235.24384125058538,-395.66222594263644,-2971.0844405196167,-1364.788476722217,-5957.394523823838,15702.89710351093,0.0015674634196747345,0.0015674634196747345,637.9734209092488
0.5670446964643094,1855.82041879295,-237.22721602463474,-396.56917702143676,-2975.0803549383327,-1354.2198388160296,-6022.356903487414,15981.87933924191,0.0015948347209761887,0.0015948347209761887,627.0242219130431
0.5677118078719146,1858.0008140925338,-239.21327097412865,-397.46901556253056,-2979.119606501588,-1343.465088677865,-6087.319283151,16260.86157497294,0.0016222532371389813,0.0016222532371389813,616.4265708377367
0.5683789192795197,1860.1807040999831,-241.20203500977038,-398.36161740832483,-2983.202195209382,-1332.524226307725,-6152.2816628145865,16539.843810703966,0.0016497158730061998,0.0016497158730061998,606.164986566897
0.5690460306871247,1862.3600920785073,-243.1935370422631,-399.24685840122623,-2987.328121061714,-1321.3972517056118,-6217.244042478163,16818.826046434948,0.0016772192735376263,0.0016772192735376263,596.2249634126723
0.5697131420947298,1864.5389826608694,-245.18780598231092,-400.12461438364215,-2991.4973840585853,-1310.0841648715216,-6282.206422141749,17097.808282165974,0.0017047598182928511,0.0017047598182928511,586.5928967057666
0.5703802535023349,1866.7173818729902,-247.18487074061693,-400.9947611979791,-2995.7099841999957,-1298.5849658054558,-6347.1688018053355,17376.790517897003,0.0017323336160072003,0.0017323336160072003,577.2560150999481
0.5710473649099399,1868.895297157549,-249.18476022788442,-401.8571746866442,-2999.9659214859435,-1286.8996545074167,-6412.131181468911,17655.772753627985,0.001759936499279575,0.001759936499279575,568.2023188957937
0.571714476317545,1871.0727373975658,-251.18750335481758,-402.7117306920447,-3004.2651959164323,-1275.0282309774,-6477.093561132498,17934.75498935901,0.0017875640193921963,0.0017875640193921963,559.4205237695587
0.57238158772515,1873.2497129399528,-253.193129032119,-403.5583050565869,-3008.6078074914576,-1262.9706952154102,-6542.055940796073,18213.737225089993,0.0018152114412833043,0.0018152114412833043,550.9000093636627
0.5730486991327551,1875.4262356190332,-255.20166617049307,-404.39677362267844,-3012.993756211023,-1250.7270472214434,-6607.01832045966,18492.71946082102,0.0018428737386949753,0.0018428737386949753,542.6307722568919
0.5737158105403602,1877.602318780002,-257.2131436806428,-405.2270122327259,-3017.423042075127,-1238.2972869955008,-6671.980700123246,18771.70169655205,0.0018705455895190615,0.0018705455895190615,534.6033828863328
0.5743829219479653,1879.7779773023285,-259.2275904732716,-406.04889672913635,-3021.895665083769,-1225.681414537585,-6736.943079786822,19050.68393228303,0.0018982213713654205,0.0018982213713654205,526.8089460401999
0.5750500333555704,1881.953227623082,-261.24503545908334,-406.8623029543166,-3026.4116252369504,-1212.8794298476917,-6801.905459450407,19329.666168014057,0.0019258951573775023,0.0019258951573775023,519.2390645821569
0.5757171447631754,1884.1280877601664,-263.26550754878104,-407.6671067506738,-3030.9709225346696,-1199.8913329258257,-6866.867839113984,19608.648403745035,0.001953560712321246,0.001953560712321246,511.8858061041713
0.5763842561707805,1886.3025773354527,-265.28903565306865,-408.4631839606147,-3035.5735569769286,-1186.7171237719815,-6931.83021877757,19887.630639476065,0.001981211488974358,0.001981211488974358,504.7416722369626
0.5770513675783856,1888.4767175977936,-267.3156486826497,-409.2504104265466,-3040.2195285637263,-1173.3568023861624,-6996.792598441156,20166.612875207094,0.0020088406248436495,0.0020088406248436495,497.7995703754902
0.5777184789859906,1890.6505314459018,-269.34537554822697,-410.028661990876,-3044.9088372950623,-1159.8103687683704,-7061.754978104733,20445.595110938077,0.002036440939239196,0.002036440939239196,491.052787601881
0.5783855903935957,1892.8240434510853,-271.37824516050483,-410.79781449601035,-3049.6414831709376,-1146.0778229186005,-7126.717357768319,20724.577346669103,0.002064004930734696,0.002064004930734696,484.4949666103964
0.5790527018012007,1894.9972798798087,-273.414286430186,-411.55774378435603,-3054.4174661913507,-1132.1591648368576,-7191.679737431894,21003.559582400085,0.0020915247750440923,0.0020915247750440923,478.1200834586904
0.5797198132088058,1897.1702687160798,-275.4535282679748,-412.3083256983205,-3059.2367863563036,-1118.0543945231373,-7256.64211709548,21282.54181813111,0.002118992323345333,0.002118992323345333,471.92242698702296
0.580386924616411,1899.343039683629,-277.4959995845742,-413.04943608031056,-3064.0994436657948,-1103.7635119774413,-7321.604496759068,21561.524053862136,0.0021463991010824287,0.0021463991010824287,465.8965797626826
0.581054036024016,1901.5156242678752,-279.54172929068744,-413.78095077273287,-3069.0054381198242,-1089.2865171997726,-7386.566876422643,21840.50628959312,0.0021737363072776537,0.0021737363072776537,460.03740042065226
0.5817211474316211,1903.688055737653,-281.5907462970187,-414.50274561799483,-3073.9547697183934,-1074.6234101901262,-7451.529256086229,22119.48852532415,0.002200994814385935,0.002200994814385935,454.34000728393096
0.5823882588392261,1905.8603691666815,-283.6430795142709,-415.21469645850317,-3078.9474384615005,-1059.7741909485069,-7516.491635749805,22398.470761055127,0.0022281651687237024,0.0022281651687237024,448.7997631579539
0.5830553702468312,1908.0326014547593,-285.6987578531479,-415.91667913666487,-3083.983444349147,-1044.7388594749095,-7581.454015413392,22677.452996786156,0.0022552375915047204,0.0022552375915047204,443.4122612033921
0.5837224816544363,1910.2047913486606,-287.7578102243533,-416.6085694948869,-3089.062787381332,-1029.5174157693373,-7646.416395076977,22956.435232517182,0.002282201980515138,0.002282201980515138,438.17331180050957
0.5843895930620413,1912.3769794627144,-289.82026553858987,-417.29024337557615,-3094.185467558055,-1014.1098598317918,-7711.378774740553,23235.417468248168,0.0023090479124600874,0.0023090479124600874,433.07893032613083
0.5850567044696464,1914.549208299046,-291.88615270656203,-417.9615766211397,-3099.3514848793175,-998.5161916622687,-7776.341154404139,23514.399703979194,0.0023357646460135965,0.0023357646460135965,428.1253257714472
0.5857238158772514,1916.721522267453,-293.9555006389724,-418.62244507398435,-3104.5608393451184,-982.7364112607728,-7841.303534067716,23793.381939710176,0.0023623411256031538,0.0023623411256031538,423.30889013528036
0.5863909272848565,1918.8939677049036,-296.02833824652527,-419.2727245765172,-3109.8135309554586,-966.770518627299,-7906.265913731302,24072.364175441202,0.0023887659859596405,0.0023887659859596405,418.626188533185
0.5870580386924616,1921.0665928946228,-298.10469443992383,-419.9122909711452,-3115.1095597103376,-950.6185137618498,-7971.228293394889,24351.346411172235,0.002415027557462287,0.002415027557462287,414.07394996800815
0.5877251501000667,1923.2394480847522,-300.1845981298711,-420.5410201002751,-3120.448925609755,-934.280396664428,-8036.190673058465,24630.32864690321,0.002441113872307436,0.002441113872307436,409.64905871218576
0.5883922615076718,1925.4125855065583,-302.26807822707144,-421.1587878063141,-3125.831628653711,-917.7561673350284,-8101.153052722051,24909.31088263424,0.0024670126715284554,0.0024670126715284554,405.34854625632823
0.5890593729152768,1927.5860593921577,-304.3551636422275,-421.7654699316689,-3131.257668842206,-901.0458257736559,-8166.115432385626,25188.29311836522,0.0024927114128926358,0.0024927114128926358,401.1695837824895
0.5897264843228819,1929.759925991747,-306.4458832860435,-422.3609423187467,-3136.7270461752396,-884.1493719803052,-8231.077812049212,25467.275354096248,0.002518197279699353,0.002518197279699353,397.1094751239624
0.590393595730487,1931.9342435903022,-308.54026606922264,-422.94508080995445,-3142.2397606528125,-867.0668059549795,-8296.040191712798,25746.257589827273,0.0025434571905015133,0.0025434571905015133,393.1656501766488
0.591060707138092,1934.1090725237295,-310.63834090246803,-423.5177612476989,-3147.7958122749224,-849.798127697681,-8361.002571376375,26025.239825558256,0.002568477809770426,0.002568477809770426,389.3356587298612
0.5917278185456971,1936.2844751944403,-312.7401366964839,-424.0788594743871,-3153.3952010415733,-832.3433372084046,-8425.964951039961,26304.222061289285,0.0025932455595215533,0.0025932455595215533,385.6171646870562
0.5923949299533021,1938.4605160863216,-314.84568236197293,-424.6282513324261,-3159.0379269527607,-814.7024344871555,-8490.927330703536,26583.204297020264,0.002617746631916024,0.002617746631916024,382.00794064934524
0.5930620413609072,1940.6372617790857,-316.9550068096395,-425.1658126642228,-3164.7239900084887,-796.8754195339284,-8555.889710367124,26862.186532751293,0.002641967002849885,0.002641967002849885,378.505862836781
0.5937291527685123,1942.814780961962,-319.06813895018655,-425.69141931218417,-3170.453390208755,-778.8622923487259,-8620.85209003071,27141.168768482323,0.0026658924465397986,0.0026658924465397986,375.1089063243914
0.5943962641761174,1944.993144446716,-321.1851076943175,-426.20494711871703,-3176.2261275535598,-760.6630529315511,-8685.814469694285,27420.1510042133,0.002689508551110593,0.002689508551110593,371.81514057170955
0.5950633755837225,1947.1724251799646,-323.3059419527362,-426.7062719262285,-3182.042202042904,-742.2777012823977,-8750.776849357873,27699.133239944334,0.002712800735186379,0.002712800735186379,368.62272522618457
0.5957304869913275,1949.352698254762,-325.43067063614575,-427.1952695771254,-3187.901613676786,-723.7062374012725,-8815.739229021448,27978.115475675313,0.0027357542654829823,0.0027357542654829823,365.5299061823652
0.5963975983989326,1951.534040921435,-327.55932265525007,-427.6718159138147,-3193.804362455207,-704.9486612881686,-8880.701608685034,28257.097711406343,0.0027583542753955685,0.0027583542753955685,362.5350118800793
0.5970647098065377,1953.7165325976403,-329.6919269207525,-428.1357867787036,-3199.7504483781668,-686.0049729430893,-8945.66398834862,28536.079947137365,0.002780585784570717,0.002780585784570717,359.6364498261239
0.5977318212141427,1955.9002548776173,-331.82851234335624,-428.58705801419876,-3205.739871445666,-666.8751723660381,-9010.626368012196,28815.062182868347,0.0028024337194480116,0.0028024337194480116,356.83270332508255
0.5983989326217478,1958.0852915406192,-333.9691078337652,-429.0255054627071,-3211.7726316577027,-647.5592595570079,-9075.588747675782,29094.044418599373,0.002823882934751311,0.002823882934751311,354.12232840596363
0.5990660440293528,1960.271728558489,-336.1137423026825,-429.4510049666358,-3217.8487290142784,-628.0572345160062,-9140.551127339359,29373.02665433036,0.002844918235905042,0.002844918235905042,351.50395093231003
0.5997331554369579,1962.4596541023664,-338.26244466081215,-429.86343236839184,-3223.968163515394,-608.3690972430256,-9205.513507002945,29652.008890061385,0.0028655244023460457,0.0028655244023460457,348.9762638842949
0.600400266844563,1964.6491585484944,-340.41524381885733,-430.26266351038197,-3230.130935161047,-588.4948477380697,-9270.47588666653,29930.991125792414,0.002885686211696124,0.002885686211696124,346.53802480215916
0.601067378252168,1966.8403344831117,-342.5721686875212,-430.64857423501326,-3236.337043951239,-568.4344860011419,-9335.438266330106,30209.973361523393,0.002905388464755474,0.002905388464755474,344.18805338106927
0.6017344896597732,1969.033276706404,-344.7332481775079,-431.02104038469264,-3242.586489885971,-548.1880120322353,-9400.400645993694,30488.95559725442,0.0029246160112718564,0.0029246160112718564,341.92522920816543
0.6024016010673782,1971.228082235493,-346.89851119952027,-431.37993780182694,-3248.8792729652396,-527.7554258313569,-9465.363025657269,30767.9378329854,0.0029433537764349455,0.0029433537764349455,339.7484896332176
0.6030687124749833,1973.4248503064505,-349.0679866642626,-431.7251423288234,-3255.215393189049,-507.1367273984995,-9530.325405320857,31046.92006871643,0.002961586788040259,0.002961586788040259,337.6568277648618
0.6037358238825884,1975.623682375307,-351.24170348243786,-432.05652980808884,-3261.594850557397,-486.3319167336671,-9595.287784984443,31325.902304447456,0.002979300204261545,0.002979300204261545,335.6492905849553
0.6044029352901934,1977.8246821180499,-353.41969056474926,-432.37397608203,-3268.0176450702825,-465.3409938368626,-9660.250164648016,31604.88454017844,0.00299647934196554,0.00299647934196554,333.72497717406264
0.6050700466977985,1980.027955429586,-355.60197682190096,-432.6773569930541,-3274.4837767277077,-444.16395870807946,-9725.212544311602,31883.866775909464,0.0030131097054978146,0.0030131097054978146,331.883037041555
0.6057371581054035,1982.2336104216522,-357.7885911645959,-432.966548383568,-3280.9932455296703,-422.8008113473244,-9790.174923975179,32162.849011640446,0.0030291770158635185,0.0030291770158635185,330.1226685542287
0.6064042695130086,1984.4417574196682,-359.9795625035382,-433.2414260959787,-3287.5460514761735,-401.25155175459054,-9855.137303638767,32441.83124737148,0.00304466724022222,0.00304466724022222,328.44311745772694
0.6070713809206137,1986.6525089585066,-362.1749197494309,-433.50186597269305,-3294.1421945672146,-379.51617992988133,-9920.099683302353,32720.8134831025,0.003059566621611357,0.003059566621611357,326.8436754854314
0.6077384923282187,1988.8659797771795,-364.37469181297723,-433.74774385611823,-3300.781674802794,-357.59469587320035,-9985.06206296593,32999.795718833484,0.00307386170880878,0.00307386170880878,325.32367904980737
0.6084056037358239,1991.0822868124244,-366.57890760488135,-433.9789355886609,-3307.464492182913,-335.48709958454043,-10050.024442629516,33278.77795456451,0.003087539386240866,0.003087539386240866,323.8825080115068
0.6090727151434289,1993.30154919118,-368.78759603584615,-434.1953170127282,-3314.1906467075696,-313.19339106390896,-10114.98682229309,33557.76019029549,0.0031005869038391184,0.0031005869038391184,322.5195845218236
0.609739826551034,1995.5238882219512,-371.00078601657583,-434.3967639707271,-3320.960138376766,-290.7135703112983,-10179.949201956675,33836.742426026525,0.0031129919067451614,0.0031129919067451614,321.2343719343511
0.6104069379586391,1997.749427385049,-373.2185064577733,-434.5831523050644,-3327.7729671905013,-268.04763732671245,-10244.911581620263,34115.724661757544,0.0031247424647611256,0.0031247424647611256,320.0263737819578
0.6110740493662441,1999.978292321708,-375.4407862701419,-434.7543578581471,-3334.6291331487737,-245.1955921101549,-10309.873961283838,34394.706897488526,0.003135827101440391,0.003135827101440391,318.8951328154114
0.6117411607738492,2002.2106108220755,-377.66765436438595,-434.91025647238234,-3341.528636251587,-222.15743466161842,-10374.836340947426,34673.68913321956,0.0031462348227117723,0.0031462348227117723,317.840230100209
0.6124082721814542,2004.4465128120692,-379.89913965120786,-435.05072399017683,-3348.471476498936,-198.93316498111034,-10439.798720611001,34952.671368950534,0.0031559551449291375,0.0031559551449291375,316.8612841683634
0.6130753835890593,2006.6861303391145,-382.1352710413123,-435.1756362539378,-3355.4576538908277,-175.52278306862308,-10504.761100274587,35231.65360468157,0.003164978122237784,0.003164978122237784,315.957950222087
0.6137424949966644,2008.9290084628474,-384.37542459645766,-435.2861547016723,-3359.032296390564,-158.72965182819874,1619.0489181176636,11508.40331255176,0.001009803462059054,0.001009803462059054,990.291712766498
0.6144096064042694,2011.1709170386666,-386.6148540070105,-435.39155857960463,-3353.189509476896,-160.38062897193015,15897.626249061612,-16458.03278945906,0.0015261181347341404,0.0015261181347341404,655.2572682547976
0.6150767178118746,2013.4061158445318,-388.8472083756526,-435.5042869014467,-3337.8213207413814,-180.68833466937434,30176.20358000794,-44424.46889147455,0.004115975980707386,0.004115975980707386,242.9557423773247
0.6157438292194796,2015.6289931064941,-391.06613319816586,-435.6367857836451,-3312.9277301840257,-219.65276892052452,44454.78091095189,-72390.90499348537,0.006819219567418509,0.006819219567418509,146.64434692466736
0.6164109406270847,2017.834293845892,-393.2652739703339,-435.80150134264676,-3278.508737804821,-277.27393172539365,58733.358241898226,-100357.34109550086,0.009694696756979376,0.009694696756979376,103.14917785129103
0.6170780520346898,2020.0173600226506,-395.43827618793875,-436.01087969489845,-3234.5643436037694,-353.5518230839768,73011.93557284452,-128323.77719751632,0.012797968202004769,0.012797968202004769,78.13740307960389
0.6177451634422948,2022.1743938470931,-397.5787853467627,-436.2773669568467,-3181.0945475808817,-448.4864429962567,87290.51290378849,-156290.21329952715,0.016176136059232536,0.016176136059232536,61.8194602430566
0.6184122748498999,2024.3027514022888,-399.6804469425892,-436.6134092449386,-3118.0993497361396,-562.0777914622647,101569.0902347348,-184256.6494015426,0.019858866004883482,0.019858866004883482,50.35534253335969
0.6190793862575049,2026.4012713814052,-401.7369064712001,-437.0314526756209,-3045.578750069565,-694.3258684819634,115847.66756567877,-212223.08550355348,0.023844311551835595,0.023844311551835595,41.93872395208733
0.61974649766511,2028.470639056506,-403.7418094283786,-437.54394336534017,-2963.532748581133,-845.2306740553965,130126.2448966251,-240189.52160556897,0.028079444102483826,0.028079444102483826,35.61324064501487
0.6204136090727151,2030.5137773305748,-405.68880130990715,-438.1633274305433,-2871.961345270854,-1014.7922081825436,144404.82222757142,-268155.9577075844,0.03243665117077332,0.03243665117077332,30.82932312386917
0.6210807204803201,2032.5362438496625,-407.5715276115681,-438.90205098767706,-2770.8645401387475,-1203.010470863372,158683.39955851538,-296122.3938095952,0.03669311145581526,0.03669311145581526,27.253071770819158
0.6217478318879253,2034.5465958464576,-409.38363382914457,-439.77256015318824,-2660.2423331847785,-1409.885462097944,172961.9768894617,-324088.82991161075,0.04052582582903627,0.04052582582903627,24.675623001950324
0.6224149432955303,2036.5566657072898,-411.1187654584186,-440.7873010435234,-2540.094724408984,-1635.4171818861912,187240.55422040567,-352055.2660136215,0.043539436224858744,0.043539436224858744,22.96768370714576
0.6230820547031354,2038.5816776739673,-412.77056799517334,-441.9587197751297,-2410.4217138113245,-1879.605630228188,201519.13155135195,-380021.702115637,0.04533838011663006,0.04533838011663006,22.0563680799262
0.6237491661107405,2040.6401407619685,-414.33268693519136,-443.2992624644538,-2271.2233013918185,-2142.4508071238997,215797.7088822983,-407988.1382176525,0.04563333397383028,0.04563333397383028,21.913805390013323
0.6244162775183455,2042.753484153716,-415.79876777425477,-444.8213752279421,-2122.4994871504923,-2423.9527125732757,230076.28621324225,-435954.57431966334,0.044341738747677564,0.044341738747677564,22.552115190845463
0.6250833889259506,2044.9439650952045,-417.1643790545515,-446.53406684821414,-1977.1907568737265,-2700.9809793459144,186302.46918052272,-360155.72506822506,0.032403252494336385,0.032403252494336385,30.86109952001841
0.6257505003335556,2047.213850708513,-418.447313903483,-448.4066209518123,-1877.1187531264068,-2898.781848836949,113713.39805397038,-232851.28166595753,0.01861515178242903,0.01861515178242903,53.719680166342066
0.6264176117411607,2049.5427832154555,-419.6796420112278,-450.3828026379826,-1825.4717467950572,-3011.6564718955383,41124.32692740594,-105546.83826366888,0.007246835967171723,0.007246835967171723,137.99125639520685
0.6270847231487658,2051.902234806436,-420.8936682459751,-452.4059566389242,-1822.2497378796975,-3039.6048485216397,-31464.74419915848,21757.605138619896,0.003039388350993304,0.003039388350993304,329.01356605949667
0.6277518345563708,2054.2606498357227,-422.12169747591406,-454.4194276868367,-1867.452726380317,-2982.626978715273,-104053.81532571084,149062.04854088745,0.013509730623737464,0.013509730623737464,74.0207209048962
0.628418945963976,2056.587721229926,-423.39603456923464,-456.3665605139206,-1961.0807122969295,-2840.722862476416,-176642.88645227527,276366.49194317614,0.025376644884991296,0.025376644884991296,39.40631255755317
0.629086057371581,2058.8588349555616,-424.74898439412567,-458.190699852375,-2103.1336956295045,-2613.892499805118,-249231.9575788276,403670.9353454437,0.03973426652938844,0.03973426652938844,25.167194146150287
0.6297531687791861,2061.0604836812504,-426.21285181877715,-459.83519043440043,-2293.611676378089,-2302.1358907013027,-321821.02870539203,530975.3787477325,0.05707529694526376,0.05707529694526376,17.520714801694645
0.6304202801867912,2063.1972399388656,-427.8199417113784,-461.24337699219626,-2532.514654542664,-1905.4530351650008,-394410.09983195644,658279.8221500211,0.07597753481265879,0.07597753481265879,13.161785289108746
0.6310873915943962,2065.298103682311,-429.59235729697946,-462.37128277746496,-2770.8189639893253,-1484.770148581609,-309944.74299546186,590398.2939612023,0.06747495651630138,0.06747495651630138,14.820313367055057
0.6317545030020013,2067.3952296335933,-431.5027066639486,-463.23644319707614,-2945.819338390452,-1118.0168282936957,-214706.3794590807,509128.1602618885,0.05561989250938967,0.05561989250938967,17.979178939103154
0.6324216144096063,2069.500324739462,-433.5086084492111,-463.8750224267979,-3057.2851140348025,-805.479741294235,-119468.01592271536,427858.0265625883,0.04443633698738031,0.04443633698738031,22.5041051489909
0.6330887258172114,2071.6076190274266,-435.56769677711526,-464.32317917836775,-3105.820121236602,-546.8516353834799,-37172.92228711428,353173.92879777245,0.03562228436090069,0.03562228436090069,28.07231534813102
0.6337558372248165,2073.7075667385243,-437.64769652835895,-464.6119375967213,-3129.719398612939,-322.6465149530606,-34477.111287138534,318993.0222525799,0.03241124860562985,0.03241124860562985,30.85348584276076
0.6344229486324215,2075.8080458363706,-439.74303989150417,-464.7587321164149,-3151.820269718442,-121.24386720125528,-31781.300287163245,284812.1157073931,0.028729794491071367,0.028729794491071367,34.80707111604225
0.6350900600400267,2077.917628284222,-441.8525271292128,-464.7787745270939,-3172.122734553116,57.35630787200339,-29085.4892871875,250631.2091622006,0.024843340500671426,0.024843340500671426,40.25223580431841
0.6357571714476317,2080.0420309787673,-443.9749585041454,-464.68727661840416,-3190.626793116957,213.1540102666557,-26389.67828721221,216450.30261701375,0.020948521640744882,0.020948521640744882,47.73606544411228
0.6364242828552368,2082.1844560086784,-446.1091342789639,-464.4994501799911,-3207.3324454099693,346.1492399827536,-23693.867287236466,182269.39607182116,0.017169031791614796,0.017169031791614796,58.24440260448415
0.6370913942628419,2084.3459731119437,-448.2538547163291,-464.2305070015001,-3222.2396914321507,456.3419970202691,-20998.05628726073,148088.4895266287,0.013566226220974835,0.013566226220974835,73.71246680627316
0.6377585056704469,2086.525909087077,-450.407920078902,-463.8956588725767,-3235.3485311834993,543.7322813791898,-18302.245287285434,113907.58298144181,0.010154944049335585,0.010154944049335585,98.47420085642203
0.638425617078052,2088.7222233975785,-452.5701306293443,-463.51011758286614,-3246.6589646640186,608.3200930595445,-15606.434287309696,79726.67643624928,0.006918699234405583,0.006918699234405583,144.53583919751276
0.639092728485657,2090.9318608876447,-454.7392866303169,-463.0890949220143,-3256.170991873705,650.1054320613121,-12910.623287334402,45545.7698910624,0.003821806822188992,0.003821806822188992,261.6563438513191
0.6397598398932621,2093.1510806400424,-456.9141883444815,-462.64780267966654,-3263.884612812563,669.0882983845064,-10214.812287358662,11364.86334586989,0.0008181510253217818,0.0008181510253217818,1222.2682231641722
0.6404269513008672,2095.3757650191287,-459.0936360344988,-462.20145264546807,-3269.7998274805886,665.2686920291183,-7519.001287382919,-22816.043199322667,0.0021426888461922376,0.0021426888461922376,466.7033208191172
0.6410940627084722,2097.6017156737043,-461.2764299630298,-461.76525660906464,-3273.916635877783,638.6466129951541,-4823.190287407628,-56996.94974450949,0.005110904272425687,0.005110904272425687,195.66009197143302
0.6417611741160774,2099.824944446195,-463.46137039273657,-461.3544263601017,-3276.2350380041476,589.2220612826053,-2127.379287431887,-91177.85628970203,0.008132433871954064,0.008132433871954064,122.9644182473653
0.6424282855236824,2102.0419671939194,-465.6472575862795,-460.98417368822476,-3276.755033859681,516.9950368914883,568.431712543405,-125358.76283488888,0.011244440829675888,0.011244440829675888,88.93283491348357
0.6430953969312875,2104.2501076138424,-467.8328918063205,-460.66971038307923,-3275.476623444383,421.9655398217786,3264.2427125191457,-159539.6693800814,0.014469409640136568,0.014469409640136568,69.11132001032777
0.6437625083388926,2106.4479005632625,-470.0171039870298,-460.42576162173503,-3272.6624482213356,308.3004546582468,4460.713554522416,-169933.10033677783,0.015618687347992854,0.015618687347992854,64.02586707317047
0.6444296197464976,2108.636659839264,-472.1993536539667,-460.25707979272926,-3269.7397522227193,198.6434306047435,4301.529049328934,-158818.65777565775,0.014748913503826785,0.014748913503826785,67.80160448703818
0.6450967311541027,2110.8191965357883,-474.3796889786097,-460.1590782428045,-3266.923250023431,96.40097797291759,4142.344544135423,-147704.2152145358,0.013809835028869658,0.013809835028869658,72.41216118146855
0.6457638425617077,2112.9979273205727,-476.5581808040533,-460.1268106267832,-3264.2129416234725,1.5730967628031447,3983.160038941941,-136589.7726534157,0.01281902406534228,0.01281902406534228,78.00905863837295
0.6464309539693128,2115.174833320154,-478.7348999733928,-460.1553305994871,-3261.608827022842,-85.84021302563144,3823.9755337484303,-125475.33009229378,0.01179211559763973,0.01179211559763973,84.80242512210079
0.6470980653769179,2117.3514860979635,-480.90991732972316,-460.2396918157386,-3259.1109062215405,-165.8389513923698,3664.791028554921,-114360.88753117184,0.010742423561559926,0.010742423561559926,93.08886344589342
0.647765176784523,2119.52907710667,-483.08330371613874,-460.37494793035944,-3256.7191792195667,-238.4231183374004,3505.6065233614377,-103246.44497005176,0.009680783643485647,0.009680783643485647,103.29742269087026
0.6484322881921281,2121.708449592848,-485.2551299757353,-460.55615259817193,-3254.4336460169216,-303.59271386074744,3346.4220181679275,-92132.00240892982,0.008615574193998747,0.008615574193998747,116.06887451524226
0.6490993995997331,2123.8901320822356,-487.42546695160695,-460.778359473998,-3252.2543066136054,-361.3477379623893,3187.2375129744446,-81017.55984780974,0.007552864032597593,0.007552864032597593,132.4001061960172
0.6497665110073382,2126.07437274084,-489.5943854868496,-461.03662221265995,-3250.181161009618,-411.6881906423452,3028.0530077809344,-69903.1172866878,0.006496640563588524,0.006496640563588524,153.92570825060915
0.6504336224149433,2128.26117407446,-491.7619564245575,-461.32599446897973,-3248.214209204959,-454.6140719006048,2868.8685025874247,-58788.67472556587,0.0054490802118394325,0.0054490802118394325,183.51721045090517
0.6511007338225483,2130.450327585589,-493.9282506078254,-461.6415298977794,-3246.353451199627,-490.12538173716274,2709.6839973939414,-47674.232164445784,0.004410833090444041,0.004410833090444041,226.71454110709263
0.6517678452301534,2132.6414481453053,-496.0933388797492,-461.9782821538811,-3244.5988869936255,-518.2221201520312,2550.4994922004316,-36559.78960332385,0.0033813032956861236,0.0033813032956861236,295.74395212514736
0.6524349566377584,2134.8340079555255,-498.2572920834227,-462.33130489210674,-3242.9505165869523,-538.9042871452003,2391.3149870069483,-25445.347042203764,0.00235891435730758,0.00235891435730758,423.9238261881542
0.6531020680453635,2137.027370073108,-500.42018106194183,-462.6956517672787,-3241.408339979607,-552.1718827166775,2232.1304818134386,-14330.904481081829,0.0013413558174845657,0.0013413558174845657,745.5143422535657
0.6537691794529686,2139.2208215425208,-502.5820766584012,-463.06637643421897,-3239.9723571715904,-558.0249068664582,2072.945976619929,-3216.461919959892,0.0003258117029618231,0.0003258117029618231,3069.2574603963035
0.6544362908605736,2141.41360623967,-504.7430497158952,-463.43853254774945,-3238.642568162903,-556.4633595945436,1913.7614714264455,7897.980641160194,0.0006908249939141616,0.0006908249939141616,1447.5446152202403
0.6551034022681788,2143.605084126058,-506.90317029519105,-463.8079299075543,-3237.4153620986945,-550.9772436203511,1765.687617888875,8273.635265309369,0.0007288385511196032,0.0007288385511196032,1372.0459743297786
0.6557705136757838,2145.795169598549,-509.0625050770392,-464.1736452021708,-3236.2867449504106,-545.4269108833549,1617.9065926662063,8366.262280206724,0.0007409715321499572,0.0007409715321499572,1349.579513666958
0.6564376250833889,2147.9839262896644,-511.22111982957165,-464.53563719524874,-3235.2567142098796,-539.8147856080674,1470.1255674435133,8458.889295104094,0.0007530560693508532,0.0007530560693508532,1327.9223695282299
0.657104736490994,2150.1714180957583,-513.3790803209057,-464.893864664281,-3234.325269877103,-534.1408677944894,1322.3445422208201,8551.516310001463,0.000765088607773655,0.000765088607773655,1307.038151972904
0.657771847898599,2152.3577091779816,-515.536452319158,-465.24828638676047,-3233.49241195208,-528.4051574426221,1174.5635169981515,8644.143324898818,0.0007770655790465645,0.0007770655790465645,1286.8926728513302
0.6584389593062041,2154.5428639655015,-517.6933015924467,-465.59886114017996,-3232.758140434811,-522.6076545524633,1026.7824917754585,8736.770339796187,0.0007889834033544486,0.0007889834033544486,1267.4537838798528
0.6591060707138091,2156.726947158646,-519.8496939088882,-465.9455477020322,-3232.122455325295,-516.748359124015,879.0014665527899,8829.397354693541,0.0008008384914675653,0.0008008384914675653,1248.6912288237595
0.6597731821214142,2158.910023731982,-522.0056950366003,-466.28830484980983,-3231.5853566235323,-510.82727115727516,731.220441330097,8922.02436959091,0.000812627246817993,0.000812627246817993,1230.5765083753997
0.6604402935290193,2161.0921589373143,-524.1613707437002,-466.627091361006,-3231.1468443295244,-504.84439065224507,583.4394161074035,9014.65138448828,0.0008243460676223629,0.0008243460676223629,1213.082756474196
0.6611074049366243,2163.27341830661,-526.3167867983047,-466.9618660131132,-3230.8069184432693,-498.7997176089255,435.65839088473535,9107.278399385636,0.0008359913490494755,0.0008359913490494755,1196.1846269545765
0.6617745163442295,2165.45386765485,-528.4720089685318,-467.2925875836245,-3230.565578964769,-492.69325202731443,287.87736566204194,9199.905414283005,0.000847559485431183,0.000847559485431183,1179.8581895302195
0.6624416277518345,2167.6335730827923,-530.6271030224979,-467.61921485003245,-3230.422825894021,-486.524993907414,140.09634043937376,9292.532429180359,0.000859046872514829,0.000859046872514829,1164.080834230309
0.6631087391594396,2169.812600979663,-532.7821347283209,-467.94170658983,-3230.3786592310266,-480.2949432492221,-7.684684783319426,9385.159444077728,0.0008704499097554465,0.0008704499097554465,1148.8311834979118
0.6637758505670447,2171.9910180257566,-534.937169854118,-468.26002158050994,-3230.4330789757864,-474.0031000527398,-155.4657100060126,9477.786458975097,0.0008817650026457268,0.0008817650026457268,1134.0890112439372
0.6644429619746497,2174.1688911949554,-537.0922741680055,-468.5741185995649,-3230.586085128299,-467.649464317968,-303.24673522868125,9570.41347387245,0.0008929885650817309,0.0008929885650817309,1119.8351682235425
0.6651100733822548,2176.346287757164,-539.247513438102,-468.88395642448796,-3230.8376776885666,-461.2340360449048,-451.0277604513742,9663.04048876982,0.0009041170217621369,0.0009041170217621369,1106.0515131669415
0.6657771847898598,2178.52327528065,-541.4029534325239,-469.18949383277175,-3231.1878566565865,-454.7568152335522,-598.8087856740426,9755.667503667173,0.0009151468106187161,0.0009151468106187161,1092.7208491541548
0.6664442961974649,2180.6999216343,-543.5586599193889,-469.4906896019091,-3231.6366220323607,-448.2178018839082,-746.5898108967356,9848.294518564544,0.0009260743852756476,0.0009260743852756476,1079.8268647743112
0.66711140760507,2182.8762949897814,-545.7146986668141,-469.7875025093929,-3232.1839738158887,-441.6169959959736,-894.3708361194288,9940.921533461915,0.0009368962175350994,0.0009368962175350994,1067.354079655612
0.667778519012675,2185.0524638236107,-547.8711354429164,-470.0798913327159,-3232.8299120071706,-434.9543975697498,-1042.1518613420976,10033.548548359267,0.0009476087998864701,0.0009476087998864701,1055.2877939924226
0.6684456304202802,2187.228496919133,-550.0280360158135,-470.36781484937075,-3233.5744366062054,-428.2300066052343,-1189.9328865647908,10126.175563256638,0.0009582086480365259,0.0009582086480365259,1043.6140417320478
0.6691127418278852,2189.4044633683957,-552.1854661536223,-470.65123183685034,-3234.417547612994,-421.4438231024296,-1337.713911787459,10218.802578153993,0.0009686923034575473,0.0009686923034575473,1032.3195471159484
0.6697798532354903,2191.5804325739364,-554.3434916244605,-470.9301010726476,-3235.359245027536,-414.59584706133325,-1485.4949370101522,10311.429593051362,0.0009790563359505864,0.0009790563359505864,1021.3916842988192
0.6704469646430954,2193.7564742504615,-556.5021781964451,-471.2043813342553,-3236.3995288498318,-407.6860784819465,-1633.2759622328454,10404.05660794873,0.000989297346220707,0.000989297346220707,1010.8184397948495
0.6711140760507004,2195.932658426433,-558.661591637693,-471.4740313991661,-3237.5383990798814,-400.7145173642705,-1781.0569874555138,10496.683622846085,0.0009994119684611094,0.0009994119684611094,1000.5883775234311
0.6717811874583055,2198.1090554455513,-560.8217977163222,-471.7390100448729,-3238.7758557176844,-393.6811637083029,-1928.838012678207,10589.310637743454,0.0010093968729428776,0.0010093968729428776,990.690606247391
0.6724482988659105,2200.285735968134,-562.982862200449,-471.9992760488684,-3240.1118987632412,-386.586017514046,-2076.6190379008754,10681.937652640809,0.0010192487686070044,0.0010192487686070044,981.114749215433
0.6731154102735156,2202.462770972396,-565.1448508581916,-472.2547881886456,-3241.546528216552,-379.42907878149754,-2224.4000631235685,10774.564667538178,0.0010289644056553394,0.0010289644056553394,971.8509158371788
0.6737825216811207,2204.64023175562,-567.3078294576669,-472.5055052416972,-3243.0797440776155,-372.2103475106585,-2372.181088346262,10867.191682435549,0.0010385405781369237,0.0010385405781369237,962.8896752343919
0.6744496330887257,2206.818189935226,-569.4718637669915,-472.7513859855159,-3244.7115463464334,-364.92982370153044,-2519.96211356893,10959.818697332903,0.0010479741265262163,0.0010479741265262163,954.2220315254929
0.6751167444963309,2208.996717449736,-571.6370195542836,-472.9923891975946,-3246.4419350230046,-357.5875073541105,-2667.7431387916236,11052.445712230272,0.001057261940289592,0.001057261940289592,945.839400712838
0.6757838559039359,2211.1758865596235,-573.8033625876598,-473.2284736554261,-3248.2709101073287,-350.18339846840155,-2815.5241640142913,11145.072727127626,0.001066400960436436,0.001066400960436436,937.7335890533512
0.676450967311541,2213.3557698480654,-575.9709586352378,-473.45959813650325,-3250.1984715994076,-342.7174970444008,-2963.3051892369845,11237.699742024994,0.001075388182051169,0.001075388182051169,929.8967728031234
0.6771180787191461,2215.5364402215805,-578.1398734651349,-473.68572141831874,-3252.2246194992395,-335.1898030821096,-3111.0862144596776,11330.326756922364,0.0010842206568024391,0.0010842206568024391,922.3214792357666
0.6777851901267511,2217.717970910558,-580.3101728454675,-473.9068022783654,-3254.3493538068255,-327.60031658152934,-3258.8672396823467,11422.953771819719,0.001092895495425707,0.001092895495425707,915.0005688425662
0.6784523015343562,2219.9004354696826,-582.4819225443539,-474.12279949413613,-3256.572674522165,-319.9490375426573,-3406.6482649050395,11515.580786717088,0.0011014098701754697,0.0011014098701754697,907.9272186299604
0.6791194129419612,2222.0839077782407,-584.6551883299106,-474.3336718431236,-3258.894581645258,-312.2359659654961,-3554.429290127708,11608.207801614444,0.0011097610172432575,0.0011097610172432575,901.094906436781
0.6797865243495663,2224.268462040325,-586.8300359702554,-474.5393781028207,-3261.315075176104,-304.46110185004324,-3702.2103153504013,11700.834816511811,0.0011179462391376611,0.0011179462391376611,894.4973961998028
0.6804536357571714,2226.454172784925,-589.0065312335054,-474.7398770507202,-3263.834155114705,-296.6244451962998,-3849.9913405730945,11793.461831409182,0.0011259629070225258,0.0011259629070225258,888.128724101916
0.6811207471647764,2228.6411148659035,-591.1847398877774,-474.935127464315,-3266.4518214610584,-288.72599600426736,-3997.7723657957627,11886.088846306535,0.0011338084630095639,0.0011338084630095639,881.9831855423051
0.6817878585723816,2230.82936346187,-593.3647277011892,-475.12508812109775,-3269.168074215166,-280.7657542739432,-4145.553391018456,11978.715861203906,0.0011414804224015962,0.0011414804224015962,876.0553228727908
0.6824549699799866,2233.0189940759356,-595.5465604418575,-475.30971779856117,-3271.9829133770268,-272.74372000532986,-4293.334416241124,12071.342876101258,0.001148976375882676,0.001148976375882676,870.3399138487698
0.6831220813875917,2235.210082535362,-597.7303038779,-475.48897527419825,-3274.8963389466417,-264.6598931984247,-4441.115441463818,12163.96989099863,0.0011562939916514299,0.0011562939916514299,864.8319607471026
0.6837891927951968,2237.402704991097,-599.9160237774344,-475.662819325502,-3277.908350924011,-256.5142738532292,-4588.89646668651,12256.596905895998,0.0011634310174939337,0.0011634310174939337,859.5266801069399
0.6844563042028018,2239.5969379172,-602.1037859085766,-475.8312087299647,-3281.018949309132,-248.3068619697446,-4736.6774919091795,12349.223920793353,0.0011703852827925712,0.0011703852827925712,854.419493052726
0.6851234156104069,2241.7928581101605,-604.293656039445,-475.99410226507945,-3284.2281341020075,-240.03765754796814,-4884.458517131872,12441.850935690722,0.0011771547004673399,0.0011771547004673399,849.5060161616752
0.6857905270180119,2243.9905426880996,-606.4856999381561,-476.151458708339,-3287.535905302637,-231.70666058790266,-5032.23954235454,12534.477950588076,0.0011837372688461702,0.0011837372688461702,844.782052840775
0.686457638425617,2246.19006908987,-608.6799833728279,-476.30323683723617,-3290.9422629110195,-223.31387108954533,-5180.020567577233,12627.104965485445,0.0011901310734609332,0.0011901310734609332,840.2435851808937
0.6871247498332221,2248.3915150740418,-610.8765721115774,-476.44939542926386,-3294.447206927157,-214.85928905289762,-5327.801592799928,12719.731980382816,0.00119633428876585,0.00119633428876585,835.8867662579576
0.6877918612408271,2250.594958717779,-613.0755319225211,-476.5898932619147,-3298.0507373510463,-206.34291447796085,-5475.582618022595,12812.35899528017,0.0012023451797752033,0.0012023451797752033,831.70791285325
0.6884589726484323,2252.8004784156155,-615.2769285737774,-476.7246891126815,-3301.7528541826905,-197.76474736473222,-5623.363643245289,12904.986010177538,0.0012081621036172992,0.0012081621036172992,827.7034985669131
0.6891260840560373,2255.0081528781166,-617.4808278334627,-476.85374175905736,-3305.5535574220876,-189.12478771321463,-5771.144668467957,12997.613025074892,0.0012137835110017858,0.0012137835110017858,823.8701473005335
0.6897931954636424,2257.2180611304366,-619.6872954696946,-476.9770099785345,-3309.4528470692376,-180.42303552340508,-5918.9256936906495,13090.240039972263,0.0012192079475975772,0.0012192079475975772,820.2046270863624
0.6904603068712475,2259.4302825107743,-621.8963972505906,-477.09445254860634,-3313.450723124143,-171.65949079530512,-6066.706718913343,13182.867054869632,0.001224434055318726,0.001224434055318726,816.703844242306
0.6911274182788525,2261.6448966687194,-624.1081989442671,-477.2060282467653,-3317.5471855868013,-162.83415352891623,-6214.487744136012,13275.494069766986,0.0012294605735158216,0.0012294605735158216,813.3648378331925
0.6917945296864576,2263.8619835635013,-626.3227663188425,-477.3116958505044,-3321.7422344572137,-153.9470237242354,-6362.268769358705,13368.121084664357,0.0012342863400705412,0.0012342863400705412,810.1847744202116
0.6924616410940626,2266.0816213829553,-628.5401627941314,-477.4114200748751,-3325.981941750276,-145.13445551792012,-5684.423877186233,11373.19543183583,0.0010475471755832088,0.0010475471755832088,954.6109457488275
0.6931287525016677,2268.303420109889,-630.7599264139194,-477.50649402120445,-3328.4170426778037,-141.0722198136836,-1616.0087035414363,805.3872094643939,7.866966799725814e-05,7.866966799725814e-05,12711.379435780165
0.6937958639092728,2270.5259220591433,-632.9804092183911,-477.6012095399187,-3328.13805743212,-144.05988952797424,2452.4064701033585,-9762.421012907042,0.0008884486644523575,0.0008884486644523575,1125.5574351236187
0.6944629753168778,2272.747523072779,-635.1998006096986,-477.7002697033451,-3325.1449860132234,-154.09746466078968,6520.821643747477,-20330.22923527672,0.001860079456844625,0.001860079456844625,537.6114425221199
0.695130086724483,2274.966647334011,-637.4162899899957,-477.8083775838109,-3319.4378284211152,-171.18494521213336,10589.236817392273,-30898.037457648155,0.0028423678217334605,0.0028423678217334605,351.8193501747902
0.695797198132088,2277.1817784863556,-639.6280667614337,-477.9302362536433,-3311.016584655795,-195.32233118199946,14657.65199103639,-41465.84568001783,0.0038412082130069285,0.0038412082130069285,260.3347552506642
0.6964643095396931,2279.391491339029,-641.8333203261666,-478.0705487851697,-3299.881254717264,-226.5096225703962,18726.06716468119,-52033.65390238927,0.0048620961838942425,0.0048620961838942425,205.67260748820914
0.6971314209472982,2281.594484461768,-644.0302400863463,-478.2340182507171,-3286.031838605519,-264.74681937732004,22794.482338325986,-62601.46212476071,0.005909943035451629,0.005909943035451629,169.20636865725416
0.6977985323549032,2283.789613941367,-646.2170154441252,-478.42534772261286,-3269.468336320566,-310.0339216027628,26862.897511970103,-73169.27034713038,0.006988840610302701,0.006988840610302701,143.08524915074403
0.6984656437625083,2285.975928525715,-648.3918358016564,-478.64924027318426,-3250.1907478623966,-362.3709292467396,30931.3126856149,-83737.07856950181,0.008101764522562905,0.008101764522562905,123.4299018707669
0.6991327551701133,2288.1527063142566,-650.5528905610923,-478.91039897475866,-3228.199073231021,-421.7578423092332,34999.727859259016,-94304.88679187151,0.009250206654348428,0.009250206654348428,108.10569291767229
0.6997998665777184,2290.3194930608624,-652.698369124586,-479.213526899663,-3203.493312426429,-488.1946607902631,39068.14303290382,-104872.69501424294,0.01043373276074859,0.01043373276074859,95.84297613620812
0.7004669779853235,2292.4761420296522,-654.8264608942891,-479.56332712022447,-3176.073465448623,-561.68138468982,43136.55820654861,-115440.50323661436,0.01164946967664436,0.01164946967664436,85.84081745840047
0.7011340893929285,2294.622855180188,-656.9353552723549,-479.96450270877057,-3145.9395322976125,-642.21801400789,47204.97338019273,-126008.31145898404,0.012891540115264747,0.012891540115264747,77.57025080470484
0.7018012008005337,2296.760225250749,-659.0232416609363,-480.42175673762847,-3113.091512973384,-729.8045487445002,51273.38855383752,-136576.11968135549,0.014150482273627743,0.014150482273627743,70.6689694854924
0.7024683122081387,2298.889278055639,-661.0883094621852,-480.93979227912536,-3077.5294074759495,-824.4409888996211,55341.80372748165,-147143.92790372518,0.015412716351596927,0.015412716351596927,64.88148988068473
0.7031354236157438,2301.011514018942,-663.128748078255,-481.5233124055885,-3039.2532158052973,-926.1273344732841,59410.218901126435,-157711.7361260966,0.016660148737347037,0.016660148737347037,60.02347372555571
0.7038025350233489,2303.128947646247,-665.1427469112979,-482.1770201893452,-2998.2629379614327,-1034.8635854654744,63478.63407477123,-168279.54434846804,0.01787003221394989,0.01787003221394989,55.959608132064226
0.7044696464309539,2305.244143313079,-667.1284953634663,-482.90561870272245,-2954.5585739443636,-1150.649741876172,67547.04924841535,-178847.3525708377,0.01901521865892657,0.01901521865892657,52.58945573736837
0.705136757838559,2307.3602454638144,-669.0841828369132,-483.71381101804775,-2908.140123754075,-1273.485803705415,71615.46442206015,-189415.16079320916,0.02006493753703221,0.02006493753703221,49.83818156196011
0.705803869246164,2309.4808073491786,-671.008055517363,-484.60571718972596,-2859.352667178195,-1399.828709227624,74285.82195875722,-185628.59451619338,0.019672089858907022,0.019672089858907022,50.833440024534326
0.7064709806537691,2311.607969253757,-672.8988706749284,-485.58020977985205,-2809.068888840743,-1520.7182828519433,76464.9454969146,-176798.34720949194,0.018805434146553644,0.018805434146553644,53.17611878602993
0.7071380920613742,2313.7426421768755,-674.75565605436,-486.633384287436,-2757.331392332406,-1635.717097765988,78644.06903507198,-167968.09990279053,0.017958553976638557,0.017958553976638557,55.68377060318182
0.7078052034689792,2315.885332547371,-676.5774418636818,-487.76131092014236,-2704.1401776531907,-1744.8251539697399,80823.19257322898,-159137.85259609058,0.017142222546057274,0.017142222546057274,58.33549280516142
0.7084723148765844,2318.0361787681636,-678.3632583109194,-488.9600598856366,-2649.4952448030817,-1848.0424514632357,83002.31611138635,-150307.60528938915,0.01636457339941551,0.01636457339941551,61.107611887745065
0.7091394262841894,2320.194979409299,-680.1121356040969,-490.2257013915831,-2593.396593782097,-1945.368990246441,85181.43964954336,-141477.35798268917,0.015631476708839562,0.015631476708839562,63.97348239238987
0.7098065376917945,2322.3612208429445,-681.8231039512399,-491.5543056456472,-2535.844224590217,-2036.804770319388,87360.56318770074,-132647.11067598773,0.014946934995279524,0.014946934995279524,66.90334843336214
0.7104736490993996,2324.5341038787105,-683.4951935603726,-492.94194285549383,-2476.8381372274516,-2122.34979168206,89539.6867258581,-123816.86336928632,0.014313466694550041,0.014313466694550041,69.86427686178621
0.7111407605070046,2326.712569101106,-685.1274346395196,-494.38468322878754,-2416.378331693811,-2202.004054334445,91718.8102640151,-114986.61606258634,0.013732458571214813,0.013732458571214813,72.82017235399802
0.7118078719146097,2328.895320728712,-686.718857396706,-495.8785969731937,-2354.4648079892745,-2275.767558276568,93897.93380217248,-106156.36875588492,0.013204477710713583,0.013204477710713583,75.73188594870665
0.7124749833222147,2331.0808489079773,-688.2684920399564,-497.4197542963768,-2291.0975661138636,-2343.640303508406,96077.0573403295,-97326.12144918495,0.01272954074253594,0.01272954074253594,78.55742954327377
0.7131420947298198,2333.267784419269,-689.7755561410208,-499.0045081339906,-2227.182279734081,-2406.9889328721256,95337.63375943684,-92899.90141758256,0.012374146807474125,0.012374146807474125,80.81365249327644
0.7138092061374249,2335.456243032486,-691.2401914861838,-500.63060604231686,-2163.9009992565666,-2467.597135997861,94379.64511213718,-88803.49155336012,0.012023433895799344,0.012023433895799344,83.17091512012823
0.7144763175450299,2337.6467156366934,-692.6628243377507,-502.29622484607336,-2101.258803934033,-2525.4725773729383,93421.6564648377,-84707.08168913836,0.011673218526139785,0.011673218526139785,85.66617662135808
0.715143428952635,2339.8395688444784,-694.0438810367194,-503.99954148872257,-2039.255693766459,-2580.615256997376,92463.66781753805,-80610.67182491592,0.011325960864543298,0.011325960864543298,88.29272959352782
0.71581054036024,2342.0350499488427,-695.3837879240868,-505.73873291372587,-1977.8916687538645,-2633.0251748711567,91505.67917023854,-76514.26196069416,0.010983789977151473,0.010983789977151473,91.04325575053822
0.7164776517678452,2344.233292160776,-696.6829713408508,-507.51197606454565,-1917.1667288962296,-2682.7023309942974,90547.6905229389,-72417.85209647173,0.010648520035354504,0.010648520035354504,93.90976367418823
0.7171447631754503,2346.4343199155214,-697.941857628008,-509.3174478846435,-1857.0808741935641,-2729.6467253667893,89589.70187563924,-68321.44223224929,0.01032167183351278,0.01032167183351278,96.88352973528605
0.7178118745830553,2348.638054185823,-699.160873126556,-511.15332531748084,-1797.634104645879,-2773.8583579886254,88631.71322833974,-64225.03236802753,0.010004497788961779,0.010004497788961779,99.95504233139278
0.7184789859906604,2350.8443177500726,-700.340444177492,-513.0177853065203,-1738.8264202531532,-2815.33722885982,87673.7245810401,-60128.6225038051,0.009698008888724966,0.009698008888724966,103.11394962347511
0.7191460973982654,2353.0528403723815,-701.4809971218135,-514.9090047952234,-1680.657821015407,-2854.0833379803585,86715.7359337406,-56032.21263958335,0.009403002346149795,0.009403002346149795,106.34901100598634
0.7198132088058705,2355.2632638599634,-702.5829583005179,-516.8251607270522,-1623.128306932621,-2890.096685350256,85757.74728644095,-51935.80277536091,0.0091200890135939,0.0091200890135939,109.64805261324263
0.7204803202134756,2357.4751469707444,-703.6467540546024,-518.7644300454684,-1566.2378780048043,-2923.3772709695045,84799.75863914128,-47839.39291113848,0.008849719851873605,0.008849719851873605,112.99792724944695
0.7211474316210806,2359.687970150799,-704.6728107250639,-520.7249896939336,-1509.9865342319672,-2953.9250948380986,83841.7699918418,-43742.98304691672,0.008592210977021394,0.008592210977021394,116.38447923059071
0.7218145430286858,2361.901140087019,-705.6615546529006,-522.7050166159104,-1454.3742756140903,-2981.7401569560493,82883.78134454213,-39646.57318269428,0.00834776698810161,0.00834776698810161,119.79251474380371
0.7224816544362908,2364.1139940653898,-706.6134121791089,-524.70268775486,-1399.4011021511924,-3006.8224573233474,81925.79269724265,-35550.16331847253,0.00811650242763869,0.00811650242763869,123.20577846373257
0.7231487658438959,2366.325804129493,-707.5288096446867,-526.7161800542447,-1345.0670138432547,-3029.1719959400007,80967.80404994299,-31453.75345425009,0.007898461341831954,0.007898461341831954,126.606937316232
0.723815877251501,2368.535781037309,-708.4081733906311,-528.7436704575263,-1291.372010690287,-3048.788772806005,80009.81540264333,-27357.343590027656,0.007693634995451731,0.007693634995451731,129.9775724467268
0.724482988659106,2370.7430780173067,-709.2519297579393,-530.7833359081661,-1238.3160926922978,-3065.672787921358,79051.82675534385,-23260.933725805902,0.007501977860818574,0.007501977860818574,133.2981806335117
0.7251501000667111,2372.946794327099,-710.0605050876088,-532.833353349627,-1185.8992598492698,-3079.824041286066,78093.83810804419,-19164.523861583468,0.007323422046237966,0.007323422046237966,136.5481865835793
0.7258172114743161,2375.145978619782,-710.8343257206367,-534.8918997253701,-1134.1215121612202,-3091.2425329001226,77135.8494607447,-15068.11399736171,0.007157890361067455,0.007157890361067455,139.70596775819715
0.7264843228819212,2377.339632124519,-711.5738179980204,-536.9571519788576,-1082.9828496281314,-3099.928262763532,76177.86081344503,-10971.704133139276,0.007005308236183176,0.007005308236183176,142.748893593988
0.7271514342895263,2379.526711648987,-712.2794082607575,-539.0272870535514,-1032.4832722500125,-3105.8812308762926,75219.87216614537,-6875.294268916839,0.006865614733475632,0.006865614733475632,145.65338120768138
0.7278185456971313,2381.7062416302692,-712.9515529984743,-541.1005869331799,-982.8261563992415,-3109.8100169974105,73347.26042512529,-5965.505366495111,0.006744029081453237,0.006744029081453237,148.27931314087914
0.7284856571047365,2383.8784780073897,-713.5910592152784,-543.1765548223234,-934.6725412427854,-3114.0177351424186,71017.27781392093,-6649.233632239222,0.006615531480657011,0.006615531480657011,151.15943487290104
0.7291527685123415,2386.0444607226273,-714.1989600710641,-545.255481870645,-888.0732840657928,-3118.6815762132064,68687.29520271697,-7332.961897983219,0.00647364612931316,0.00647364612931316,154.47245339406555
0.7298198799199466,2388.2052082726364,-714.7762924957709,-547.3376723629517,-843.0283848682483,-3123.801540209775,66357.31259151261,-8016.690163727331,0.00631914674039177,0.00631914674039177,158.24921323760915
0.7304869913275517,2390.36170385778,-715.3240934193383,-549.4234305840506,-799.5378436501597,-3129.3776271321226,64027.329980308255,-8700.418429471441,0.006152866387516864,0.006152866387516864,162.5258760744151
0.7311541027351567,2392.514895350744,-715.843399771706,-551.5130608187485,-757.601660411534,-3135.4098369802496,61697.34736910429,-9384.146695215439,0.005975684776567861,0.005975684776567861,167.3448378537716
0.7318212141427618,2394.6656954234354,-716.3352484828137,-553.6068673518529,-717.2198351523571,-3141.898169754158,59367.36475789994,-10067.87496095955,0.005788515645584382,0.005788515645584382,172.7558602632134
0.7324883255503668,2396.814981827219,-716.8006764826007,-555.7051544681705,-678.3923678726425,-3148.8426254538444,57037.38214669597,-10751.603226703548,0.0055922945736612065,0.0055922945736612065,178.81747587293356
0.7331554369579719,2398.963597820239,-717.240720701007,-557.8082264525087,-641.1192585723774,-3156.243204079313,54707.39953549162,-11435.331492447658,0.005387967440215333,0.005387967440215333,185.59874592709758
0.733822548365577,2401.112352734406,-717.6564180679718,-559.9163875896743,-605.4005072515681,-3164.09990563056,52377.41692428726,-12119.05975819177,0.005176479732123035,0.005176479732123035,193.18147693970954
0.734489659773182,2403.262022673726,-718.048805513435,-562.0299421644742,-571.2361139102204,-3172.4127301075873,50047.4343130833,-12802.78802393577,0.004958766850304285,0.004958766850304285,201.66304046713486
0.7351567711807871,2405.4133513348906,-718.418919967336,-564.1491944617158,-538.6260785483229,-3181.1816775103935,47717.451701878934,-13486.516289679877,0.004735745521680435,0.004735745521680435,211.15999485655624
0.7358238825883922,2407.567050940535,-718.7677983596145,-566.274448766206,-507.5704011658865,-3190.4067478389807,45387.469090674975,-14170.244555423877,0.0045083063789853745,0.0045083063789853745,221.81278642935908
0.7364909939959973,2409.723803275202,-719.0964776202101,-568.4060093627519,-478.0690817629006,-3200.0879410933476,43057.48647947062,-14853.972821167985,0.004277307731195683,0.004277307731195683,233.79192306101834
0.7371581054036024,2411.8842608139003,-719.4059946790625,-570.5441805361609,-450.1221203393709,-3210.2252572734956,40727.50386826626,-15537.701086912097,0.00404357051245191,0.00404357051245191,247.30618568924808
0.7378252168112074,2414.0490479330983,-719.6973864661107,-572.6892665712389,-423.72951689530123,-3220.818696379421,38397.5212570623,-16221.429352656094,0.0038078743679276113,0.0038078743679276113,262.61370606726126
0.7384923282188125,2416.2187621941453,-719.9716899112952,-574.8415717527945,-398.89127143068305,-3231.8682584111284,36067.538645857945,-16905.157618400208,0.003570954811451189,0.003570954811451189,280.0371477099743
0.7391594396264175,2418.393975689304,-720.2299419445551,-577.0014003656336,-375.6073839455247,-3243.3739433686133,33737.55603465398,-17588.8858841442,0.0033335013717478083,0.0033335013717478083,299.98487730505536
0.7398265510340226,2420.5752364409573,-720.4731794958301,-579.169056694564,-353.87785443981824,-3255.335751251881,31407.57342344962,-18272.614149888315,0.003096156631639264,0.003096156631639264,322.98107588650925
0.7404936624416277,2422.763069844913,-720.7024394950595,-581.3448450243923,-333.70268291356774,-3267.7536820609275,29077.590812245267,-18956.342415632425,0.002859516056929839,0.002859516056929839,349.70952430099817
0.7411607738492327,2424.9579801492355,-720.9187588721833,-583.5290696399255,-315.08186936677623,-3280.6277357957524,26747.6082010413,-19640.07068137642,0.0026241285083904624,0.0026241285083904624,381.0788979284253
0.7418278852568378,2427.160451960511,-721.1231745571408,-585.7220348259711,-298.01541379943745,-3293.9579124563597,24417.62558983695,-20323.798947120536,0.0023904973305580368,0.0023904973305580368,418.32299380420574
0.7424949966644429,2429.3709517700026,-721.316723479872,-587.9240448673357,-282.50331621155715,-3307.7442120427445,22087.642978632983,-21007.527212864534,0.0021590819142891403,0.0021590819142891403,463.1598242668999
0.743162108072048,2431.5899294926844,-721.500442570316,-590.1354040488268,-268.54557660313003,-3321.986634554911,19757.660367428623,-21691.25547860864,0.0019302996354733962,0.0019302996354733962,518.054286299834
0.7438292194796531,2433.817820012701,-721.6753687584128,-592.3564166552513,-256.142194974159,-3336.685179992858,17427.67775622427,-22374.983744352754,0.0017045280794032482,0.0017045280794032482,586.6726468654585
0.7444963308872581,2436.055044729313,-721.8425389741017,-594.5873869714158,-245.29317132464547,-3351.8398483565816,15097.695145020303,-23058.71201009675,0.0014821074684523972,0.0014821074684523972,674.7149051506977
0.7451634422948632,2438.3015143253488,-722.0020834605717,-596.8281839730986,-231.08081814750304,-3365.08961057634,30549.414532971103,-15205.274124242456,0.0027703881040044846,0.0027703881040044846,360.96025627403617
0.7458305537024682,2440.553807645235,-722.148024371175,-599.0757440833994,-204.32457015339162,-3372.0267889593815,49665.816953382935,-5592.386668119327,0.004373621172450362,0.004373621172450362,228.6434879863499
0.7464976651100733,2442.8072618802134,-722.2718621243015,-601.3257930162104,-164.81555203224792,-3372.55110046042,68782.21937379794,4020.5007880054,0.006008454739017593,0.006008454739017593,166.4321432774085
0.7471647765176784,2445.0574536010945,-722.3650892015211,-603.5740526748787,-112.55376378407536,-3366.662545079454,87898.62179421296,13633.388244130132,0.007701890489355449,0.007701890489355449,129.83825222938054
0.7478318879252834,2447.3002986753254,-722.4191980844032,-605.8162449627513,-47.539205408885806,-3354.361122816486,107015.02421462479,23246.275700253263,0.00947884051333449,0.00947884051333449,105.49813540941386
0.7484989993328885,2449.532154912035,-722.4256812545178,-608.0480917831768,30.228123093342305,-3335.646833671511,126131.42663503981,32859.163156377996,0.011361450286406203,0.011361450286406203,88.01693223940647
0.7491661107404936,2451.7499340031427,-722.3760311934345,-610.2653150395018,120.74822172258325,-3310.5196776445355,145247.82905545164,42472.050612501116,0.013367759857595694,0.013367759857595694,74.8068495135174
0.7498332221480987,2453.951224585273,-722.2617403827226,-612.4636366350746,224.02109047886702,-3278.9796547355522,164364.23147586663,52084.938068625845,0.015509518165512654,0.015509518165512654,64.47653559113297
0.7505003335557038,2456.1344276047835,-722.0743013039523,-614.6387784732426,340.0467293621797,-3241.026764944563,183480.63389628168,61697.82552475057,0.017788982775240568,0.017788982775240568,56.214569019193206
0.7511674449633088,2458.2989041101105,-721.8052064386932,-616.7864624573527,468.8251383724987,-3196.661008271577,202597.03631669353,71310.71298087371,0.020194638341259164,0.020194638341259164,49.518094015921285
0.7518345563709139,2460.445133947032,-721.4459482685148,-618.9024104907536,610.356317509867,-3145.8823847165804,221713.43873710852,80923.60043699841,0.022696015073879167,0.022696015073879167,44.06059815984611
0.7525016677785189,2462.574881431921,-720.9880192749872,-620.9823444767918,764.6402667742375,-3088.690894279588,240829.84115752036,90536.48789312155,0.02523824798192453,0.02523824798192453,39.62240171014222
0.753168779186124,2464.6914759725114,-720.4235964556509,-623.0222952924416,926.7350646670913,-3027.317198432415,236160.49411392078,89413.07471731665,0.025139869563918477,0.025139869563918477,39.777453795354255
0.7538358905937291,2466.8007333481764,-719.7542252302629,-625.0225224893918,1077.9195914120453,-2970.2115488852137,217090.7170674217,81789.66262518187,0.023233989354265287,0.023233989354265287,43.0403915897646
0.7545030020013341,2468.9086593358033,-718.9882404666221,-626.9863502087153,1216.382452348772,-2918.1915645095587,198020.94002092577,74166.25053304837,0.02114096344605147,0.02114096344605147,47.3015339415277
0.7551701134089392,2471.0199565770395,-718.1341289331126,-628.9171711556644,1342.1236474773166,-2871.2572453054318,178951.16297442667,66542.8384409136,0.018943251104937837,0.018943251104937837,52.789249029134986
0.7558372248165443,2473.1380877176907,-717.2003773981197,-630.8183780354898,1455.143176797638,-2829.408591272849,159881.38592793077,58919.42634878009,0.016707224116547213,0.016707224116547213,59.85434761778154
0.7565043362241494,2475.265387481586,-716.1954726300268,-632.6933635534426,1555.4410403097736,-2792.6456024117983,140811.60888143166,51296.014256645314,0.01448165272050738,0.01448165272050738,69.05289191087327
0.7571714476317545,2477.4031885425125,-715.1279013972188,-634.5455204147744,1643.0172380137037,-2760.968278722285,121741.83183493259,43672.602164510536,0.01229867487293781,0.01229867487293781,81.30957280612525
0.7578385590393595,2479.5519535554517,-714.0061504680801,-636.3782413247355,1717.8717699094161,-2734.376620204312,102672.05478843665,36049.19007237703,0.010176146239364836,0.010176146239364836,98.26902802670581
0.7585056704469646,2481.711407860074,-712.838706610995,-638.1949189885785,1780.004635996937,-2712.8706268578735,83602.27774193758,28425.77798024226,0.008120499709285514,0.008120499709285514,123.14513094022209
0.7591727818545696,2483.8806693756674,-711.6340565943482,-639.9989461115532,1829.4158362762446,-2696.4502986829752,64532.500695441675,20802.36588810875,0.006129552469950305,0.006129552469950305,163.14404761235488
0.7598398932621747,2486.058373876054,-710.4006871865232,-641.7937153989117,1866.1053707473557,-2685.115635679611,45462.72364894257,13178.953795973976,0.004194972207030663,0.004194972207030663,238.38060197968088
0.7605070046697798,2488.242795111548,-709.1470851559053,-643.582619555905,1890.0732394102613,-2678.8666378477847,26392.94660244348,5555.541703839197,0.0023043104095066737,0.0023043104095066737,433.96931067724006
0.7611741160773848,2490.4319601585016,-707.8817372708788,-645.3690512877839,1901.3194422649601,-2677.7033051874964,7323.1695559475775,-2067.8703882943046,0.00044263167033084576,0.00044263167033084576,2259.214753550166
0.76184122748499,2492.623760984731,-706.6131302998277,-647.1564032998002,1899.8439793114565,-2681.625637698746,-11746.607490551512,-9691.28248042908,0.0014061678321329117,0.0014061678321329117,711.1526641049484
0.762508338892595,2494.816063584742,-705.3497510111368,-648.9480682972044,1885.6468505497505,-2690.6336353815304,-30816.384537047423,-17314.694572562592,0.0032582311356818263,0.0032582311356818263,306.91499723537487
0.7631754503002001,2497.0068162134507,-704.1000861731899,-650.7474389852484,1858.7280559798373,-2704.7272982358545,-49886.16158354652,-24938.10666469736,0.005128670924283591,0.005128670924283591,194.98228971274602
0.7638425617078052,2499.194158262469,-702.8726225543719,-652.557908069183,1819.087595601719,-2723.906626261716,-68955.93863004561,-32561.518756832134,0.007030433156743077,0.007030433156743077,142.23874656156474
0.7645096731154102,2501.3765311886204,-701.6758469230673,-654.3828682542592,1766.725469415404,-2748.171619459111,-88025.71567654151,-40184.93084896565,0.008972979847217996,0.008972979847217996,111.44569775335474
0.7651767845230153,2503.552792607577,-700.5182460476599,-656.2257122457286,1701.641677420876,-2777.5222778280477,-107095.4927230406,-47808.34294110042,0.010960702477511141,0.010960702477511141,91.23502823398151
0.7658438959306203,2505.722421141776,-699.4077611877026,-658.0896090648193,1627.423146270025,-2810.487794415567,-110441.671235254,-48984.34746287092,0.011388742712314902,0.011388742712314902,87.80600504028224
0.7665110073382254,2507.8862864951066,-698.3463731747923,-659.9752836797503,1555.054050895006,-2842.5641460200254,-106520.87669903874,-47180.55464728838,0.011058367581588834,0.011058367581588834,90.42926025220108
0.7671781187458305,2510.045813536931,-697.3323909604104,-661.8819554169111,1485.3005622819715,-2873.4371668602516,-102600.08216282347,-45376.76183170582,0.010702733931968661,0.010702733931968661,93.43407080437999
0.7678452301534355,2512.2023058634904,-696.3640696434484,-663.8088215206213,1418.1626804309335,-2903.106856936243,-98679.28762660886,-43572.96901612358,0.010325578864957278,0.010325578864957278,96.84687058018393
0.7685123415610406,2514.356939077848,-695.4396643227972,-665.7550792352018,1353.6404053418694,-2931.573216248008,-94758.49309039357,-41769.17620054103,0.009930526140279356,0.009930526140279356,100.69959898135558
0.7691794529686456,2516.5107634140672,-694.5574300973481,-667.7199258049717,1291.7337370147995,-2958.8362447955365,-90837.69855417896,-39965.383384958775,0.00952101789818068,0.00952101789818068,105.03078669677583
0.7698465643762508,2518.6647070212566,-693.7156220659924,-669.7025584742519,1232.442675449705,-2984.895942578839,-86916.90401796368,-38161.590569376225,0.009100261444286134,0.009100261444286134,109.8869528224246
0.7705136757838559,2520.8195798151296,-692.9124953276215,-671.7021744873621,1175.767220646595,-3009.7523095979095,-82996.10948174843,-36357.797753793675,0.008671190700472122,0.008671190700472122,115.32441558983967
0.7711807871914609,2522.9760778060195,-692.1463049811266,-673.717971088622,1121.707372605479,-3033.405345852746,-79075.3149455338,-34554.00493821142,0.008236441241306946,0.008236441241306946,121.41165956297426
0.771847898599066,2525.134787816029,-691.4153061253991,-675.7491455223526,1070.2631313263387,-3055.855051343354,-75154.52040931853,-32750.21212262887,0.0077983373696587175,0.0077983373696587175,128.23246194640635
0.772515010006671,2527.296192503655,-690.7177538593298,-677.7948950328728,1021.4344968091914,-3077.1014260697284,-71233.7258731039,-30946.419307046617,0.007358889420301257,0.007358889420301257,135.89007021103765
0.7731821214142761,2529.4606756212947,-690.0519032818105,-679.8544168645037,975.2214690540205,-3097.144470031875,-67312.93133688865,-29142.62649146407,0.006919799386349079,0.006919799386349079,144.51286000757963
0.7738492328218812,2531.6285274389134,-689.4160094917323,-681.926908261565,931.6240480608348,-3115.98418322979,-63392.13680067337,-27338.83367588152,0.0064824730031560465,0.0064824730031560465,154.26211563289837
0.7745163442294862,2533.7999502755265,-688.8083275879864,-684.0115664683761,890.6422338296408,-3133.6205656634706,-59471.34226445875,-25535.04086029927,0.006048036560042947,0.006048036560042947,165.3429158491891
0.7751834556370913,2535.9750640885545,-688.2271126694641,-686.107588729258,852.2760263604247,-3150.0536173329233,-55550.54772824348,-23731.248044716718,0.005617356907102423,0.005617356907102423,178.0196659278724
0.7758505670446963,2538.153912079338,-687.6706198350568,-688.2141722885301,816.5254256531994,-3165.283338238142,-51629.75319202886,-21927.45522913447,0.005191063352972591,0.005191063352972591,192.6387585748426
0.7765176784523015,2540.3364662809367,-687.1371041836557,-690.3305143905131,783.3904317079529,-3179.3097283791326,-47708.9586558136,-20123.66241355192,0.00476957038686475,0.00476957038686475,209.66248925772626
0.7771847898599066,2542.522633101588,-686.6248208141517,-692.4558122795266,752.8710445246913,-3192.1327877558915,-43788.16411959832,-18319.86959796937,0.004353100387640308,0.004353100387640308,229.7213275483572
0.7778519012675116,2544.7122588038706,-686.1320248254369,-694.5892631998909,724.9672641034192,-3203.752516368418,-39867.3695833837,-16516.07678238712,0.003941705693411711,0.003941705693411711,253.69727670724654
0.7785190126751167,2546.905134905567,-685.6569713164017,-696.7300643959258,699.6790904441274,-3214.1689142167147,-35946.57504716844,-14712.28396680457,0.0035352895908176037,0.0035352895908176037,282.8622590345508
0.7791861240827217,2549.101003493509,-685.1979153859377,-698.877413111951,677.0065235468239,-3223.3819813007785,-32025.780510953813,-12908.491151222319,0.0031336259412596632,0.0031336259412596632,319.1191350675433
0.7798532354903268,2551.2995624463115,-684.7531121329365,-701.0305065922878,656.9495634115016,-3231.3917176206123,-28104.98597473854,-11104.698335639769,0.0027363772921027442,0.0027363772921027442,365.4466812328935
0.7805203468979319,2553.500470565878,-684.3208166562889,-703.1885420812554,639.5082100381644,-3238.198123176216,-24184.191438523274,-9300.905520057218,0.0023431114260001845,0.0023431114260001845,426.7829471972885
0.7811874583055369,2555.703352620967,-683.8992840548865,-705.3507168231735,624.6824634268143,-3243.8011979675875,-20263.396902308654,-7497.112704474969,0.0019533163839851827,0.0019533163839851827,511.9498347522107
0.781854569713142,2557.9078043089758,-683.4867694276203,-707.5162280623631,612.4723235774466,-3248.200941994728,-16342.602366093384,-5693.319888892419,0.001566414061141846,0.001566414061141846,638.4008065345408
0.782521681120747,2560.1133971444665,-683.0815278733817,-709.6842730431431,602.8777904900652,-3251.397355257637,-12421.807829878762,-3889.527073310167,0.0011817725209725943,0.0011817725209725943,846.1865395017003
0.7831887925283522,2562.3196832849385,-682.6818144910621,-711.854049009835,595.898864164667,-3253.390437756316,-8501.013293663495,-2085.7342577276177,0.0007987172092760141,0.0007987172092760141,1252.0075796368978
0.7838559039359573,2564.526200305888,-682.2858843795524,-714.0247532067579,591.5355446012538,-3254.180189490763,-4580.218757448226,-281.9414421450674,0.0004165412733683982,0.0004165412733683982,2400.722482824837
0.7845230153435623,2566.732475938445,-681.8919926377444,-716.1955828782314,589.7878317998258,-3253.766610460979,-659.4242212336067,1521.8513734371832,3.45152102927541e-05,3.45152102927541e-05,28972.73380396971
0.7851901267511674,2568.9380327837794,-681.4983943645291,-718.365735268577,590.6557257603822,-3252.1497006669642,3261.3703149816647,3325.644189019733,0.0003481039197245633,0.0003481039197245633,2872.705371405322
0.7858572381587724,2571.142393019084,-681.1033446587975,-720.5344076221136,594.1392264829229,-3249.3294601087186,7182.164851196282,5129.437004601983,0.0007320634693907693,0.0007320634693907693,1366.001776911789
0.7865243495663775,2573.3451090892977,-680.705330607329,-722.7008662302599,598.8166555476739,-3245.729026261223,5294.697732634855,5204.503311817854,0.0005646649919719917,0.0005646649919719917,1770.9615687483624
0.7871914609739826,2575.5459757848757,-680.3049712888298,-724.8650119341798,601.0164675663874,-3242.4411697702567,1300.338699467773,4652.490448100224,0.00019554643677867928,0.00019554643677867928,5113.874824176963
0.7878585723815876,2577.744911968058,-679.9040332706778,-727.0270871047762,600.5515971080051,-3239.5215673578214,-2694.020333698644,4100.4775843826865,0.00017516686016468978,0.00017516686016468978,5708.8424092309015
0.7885256837891927,2579.9418354317227,-679.5042941929503,-729.187337408546,597.4220441725264,-3236.9702190239154,-6688.3793668657245,3548.464720665056,0.0005476069422748928,0.0005476069422748928,1826.1273238168897
0.7891927951967977,2582.136666042961,-679.1075316957258,-731.3460085119857,591.6278087599525,-3234.7871247685416,-10682.738400032144,2996.451856947517,0.0009219022142386208,0.0009219022142386208,1084.7137413872886
0.7898599066044029,2584.329330148152,-678.7155234190826,-733.5033460815924,583.1688908702818,-3232.9722845916976,-14677.097433199226,2444.4389932298873,0.0012981661728663414,0.0012981661728663414,770.3174068940707
0.790527018012008,2586.519765001285,-678.3300470030987,-735.6595957838626,572.0452905035147,-3231.525698493385,-18671.456466366308,1892.426129512257,0.0016764858044577414,0.0016764858044577414,596.4858141602037
0.791194129419613,2588.707923217497,-677.952880087852,-737.8150032852923,558.2570076596538,-3230.4473664736024,-22665.81549953272,1340.4132657947184,0.002056909612799588,0.002056909612799588,486.1662339352554
0.7918612408272181,2590.893777253034,-677.5858003134208,-739.9698142523791,541.8040423386946,-3229.737288532351,-26660.174532699803,788.4004020770885,0.0024394352584832663,0.0024394352584832663,409.9309446817441
0.7925283522348231,2593.077323911764,-677.2305853198835,-742.1242743516193,522.6863945406424,-3229.3954646696297,-30654.533565866222,236.38753835954958,0.002823996815189561,0.002823996815189561,354.108048076136
0.7931954636424282,2595.2585888769604,-676.8890127473176,-744.2786292495098,500.904064265491,-3229.42189488544,-34648.8925990333,-315.6253253580803,0.003210451682581718,0.003210451682581718,311.4826506891515
0.7938625750500333,2597.4376312652853,-676.5628602358014,-746.4331246125471,476.4570515132433,-3229.816579179781,-38643.25163220039,-867.6381890757107,0.0035985672390330976,0.0035985672390330976,277.888374337752
0.7945296864576383,2599.614548197779,-676.2539054254134,-748.5880061072274,449.34535628390415,-3230.5795175526523,-42637.610665366796,-1419.6510527932492,0.003988007370974251,0.003988007370974251,250.75179330867303
0.7951967978652434,2601.789479380156,-675.9639259562316,-750.7435194000486,419.56897857746424,-3231.710710004055,-46631.96969853388,-1971.6639165108795,0.004378319079169985,0.004378319079169985,228.39815507223696
0.7958639092728484,2603.9626116818426,-675.6946994683339,-752.8999101575063,387.1279183939338,-3233.210156533988,-50626.3287317003,-2523.6767802284176,0.00476891943517787,0.00476891943517787,209.69110793181227
0.7965310206804536,2606.134183699997,-675.4480036017982,-755.0574240460975,352.02217573330176,-3235.0778571424516,-54620.687764867376,-3075.689643946048,0.00515908324223252,0.00515908324223252,193.83288717149372
0.7971981320880587,2608.304490291188,-675.2256159967031,-757.2163067323193,314.2517505955735,-3237.3138118294464,-58615.04679803446,-3627.7025076636774,0.005547931841408243,0.005547931841408243,180.24734776593215
0.7978652434956637,2610.4738870496185,-675.0293142931266,-759.3768038826674,273.81664298075594,-3239.918020594971,-62609.40583120087,-4179.715371381216,0.005934423592395238,0.005934423592395238,168.5083621737865
0.7985323549032688,2612.6427947067086,-674.8608761311468,-761.5391611636397,230.7168528888355,-3242.890483439028,-66603.76486436796,-4731.728235098845,0.006317346643260706,0.006317346643260706,158.2943055795097
0.7991994663108739,2614.811703422669,-674.7220791508415,-763.7036242417322,184.9523803198188,-3246.231200361615,-70598.12389753504,-5283.741098816476,0.00669531467815602,0.00669531467815602,149.358177781035
0.7998665777184789,2616.981176936473,-674.6147009922894,-765.8704387834414,136.52322527371408,-3249.940171362732,-74592.48293070146,-5835.753962534016,0.007066766387360425,0.007066766387360425,141.5074370915379
0.800533689126084,2619.151856536499,-674.5405192955681,-768.0398504552644,85.42938775050513,-3254.0173964423802,-78586.84196386854,-6387.766826251646,0.007429969430105567,0.007429969430105567,134.59005577440064
0.801200800533689,2621.324464810238,-674.5013117007559,-770.2121049236976,31.670867750209197,-3258.462875600559,-82581.20099703496,-6939.779689969184,0.007783029646095313,0.007783029646095313,128.4846705552114
0.8018679119412941,2623.4998091280454,-674.4988558479309,-772.3874478552382,-24.752334727191908,-3263.2766088372696,-86575.56003020205,-7491.792553686813,0.008123906205146369,0.008123906205146369,123.09349403449728
0.8025350233488993,2625.678784813148,-674.5349293771712,-774.5661249163824,-83.84021968168915,-3268.4585961525104,-90569.91906336913,-8043.805417404444,0.008450433255595942,0.008450433255595942,118.33712778428162
0.8032021347565043,2627.8623779482396,-674.6113099285551,-776.7483817736265,-145.59278711327224,-3274.008837546281,-94564.27809653553,-8595.818281121981,0.0087603484333679,0.0087603484333679,114.15071074011514
0.8038692461641094,2630.0516677682403,-674.7297751421606,-778.9344640934684,-210.01003702196167,-3279.9273330185833,-98558.63712970262,-9147.831144839613,0.009051328321600454,0.009051328321600454,110.48102162127516
0.8045363575717144,2632.2476120482693,-674.8924526094074,-781.1243744392682,-280.60468638579783,-3283.7738790058147,-126059.4652014961,6629.558523434776,0.011615468958020294,0.011615468958020294,86.09209009245521
0.8052034689793195,2634.4451006430077,-675.1118858278846,-783.310879684319,-383.53395708457475,-3267.3776560415763,-182522.48835341667,42526.317923348,0.017207630574917934,0.017207630574917934,58.11375340993274
0.8058705803869246,2636.6334330206864,-675.4125484220291,-785.4784591176224,-524.1303546358696,-3227.0342953855998,-238985.51150533726,78423.07732326121,0.023246275586186752,0.023246275586186752,43.01764367769147
0.8065376917945296,2638.804603615934,-675.8195685618557,-787.6111373304437,-702.3938790396496,-3162.7437970378983,-295448.5346572484,114319.83672316845,0.029839662921485138,0.029839662921485138,33.512442906316494
0.8072048032021347,2640.954926008027,-676.3580744173794,-789.6929389140498,-918.3245302959738,-3074.506160998449,-351911.55780916894,150216.59612308166,0.03692562890573923,0.03692562890573923,27.08146156569789
0.8078719146097397,2643.086407447355,-677.0531941586152,-791.7078884597071,-1171.922308404771,-2962.3213872672827,-408374.5809610802,186113.35552298892,0.04416343991137113,0.04416343991137113,22.6431637120396
0.8085390260173448,2645.208194999473,-677.9300559555785,-793.6400105586823,-1463.1872133661248,-2826.1894758443614,-464837.6041130008,222010.11492290214,0.05083469743158987,0.05083469743158987,19.67160326557932
0.80920613742495,2647.337874446207,-679.013787978284,-795.4733298022413,-1792.1192451799966,-2666.110426729702,-521300.6272649214,257906.87432281536,0.055865322204576136,0.055865322204576136,17.900192114493635
0.809873248832555,2649.4987236946695,-680.3122103564742,-797.2005729242119,-2079.6507527878357,-2521.837901267692,-336962.5219405818,172733.55784931075,0.03461661465137117,0.03461661465137117,28.88786237681361
0.8105403602401601,2651.694523342019,-681.760593668009,-798.8509431475761,-2241.682475234981,-2435.655355391899,-148808.58195592643,85641.71468630146,0.01528531837585885,0.01528531837585885,65.42225522625479
0.8112074716477651,2653.9066287703886,-683.2752023982043,-800.4631995851936,-2278.194557932519,-2407.5727715995035,39345.35802869772,-1450.1284766933532,0.002691953482616589,0.002691953482616589,371.4774443383012
0.8118745830553702,2656.1072551195443,-684.7723009635051,-802.0761013845519,-2189.187000880461,-2437.590149890498,227499.29801335314,-88541.97163970266,0.021279395369363813,0.021279395369363813,46.9938164427224
0.8125416944629753,2658.270244075527,-686.1681537803554,-803.7284076931381,-1974.6598040787917,-2525.707490264892,415653.23799800855,-175633.81480271195,0.04238281170543271,0.04238281170543271,23.594470488417787
0.8132088058705803,2660.3822895422772,-687.3790252652002,-805.4588776584395,-1634.6129675275777,-2671.924792722655,603807.1779826327,-262725.6579657067,0.06647261014820556,0.06647261014820556,15.0437901832112
0.8138759172781854,2662.456185473652,-688.3306292492341,-807.3015643360229,-1223.202019145495,-2849.2709803106886,585047.3367642907,-246768.2330306975,0.06604017215469954,0.06604017215469954,15.142298503666728
0.8145430286857904,2664.527413156956,-689.0220604456165,-809.253974901645,-858.1079280133042,-2999.1374013368227,509504.74845012603,-202531.29720569815,0.05606322901007503,0.05606322901007503,17.83700328463585
0.8152101400933955,2666.6221489979507,-689.4867428561951,-811.2965195158082,-543.409159305453,-3119.492857836627,433962.1601359488,-158294.36138069144,0.04534864439072436,0.04534864439072436,22.051375811457344
0.8158772515010007,2668.752518526326,-689.758295775449,-813.4095110774275,-279.1057130220065,-3210.3373498100746,358419.57182177156,-114057.42555568472,0.03533759952899704,0.03533759952899704,28.298469995943787
0.8165443629086057,2670.9191688735727,-689.8703384978578,-815.5732624854176,-65.19758916299568,-3271.6708772571565,282876.9835076069,-69820.48973068537,0.026541817461136926,0.026541817461136926,37.676395049593744
0.8172114743162108,2673.1140367137614,-689.8564903179001,-817.7680866386941,98.31521227165042,-3303.493440177893,207334.3951934296,-25583.553905678655,0.018903835500108834,0.018903835500108834,52.89931770694062
0.8178785857238158,2675.3227972439818,-689.7503705300558,-819.9742964361717,211.43269128187748,-3305.8050385722754,131791.8068792649,18653.381919320702,0.012094510373232658,0.012094510373232658,82.68214000735252
0.8185456971314209,2677.529043094134,-689.582485118622,-822.1741453491522,290.89356695744146,-3289.039164176878,116246.39208109166,25493.190118140705,0.010827005991486375,0.010827005991486375,92.36163726022987
0.819212808539026,2679.7285553047686,-689.3628423986075,-824.3626633500547,367.1715308653097,-3272.1905206749943,112434.94371468197,25019.043100503724,0.010562913764391018,0.010562913764391018,94.67084767567947
0.819879919946631,2681.92257600884,-689.0931618976955,-826.5400469353061,440.90683408843597,-3255.658186057461,108623.49534827289,24544.89608286682,0.01027773380881114,0.01027773380881114,97.2977135429112
0.8205470313542361,2684.112253552299,-688.775139853834,-828.7065071181728,512.099476626845,-3239.4421603242718,104812.0469818632,24070.74906522984,0.009974214060459181,0.009974214060459181,100.2585260290637
0.8212141427618411,2686.2986274511486,-688.4104725049723,-830.8622549119195,580.7494584805131,-3223.542443475434,101000.59861545412,23596.602047592936,0.009655047083665762,0.009655047083665762,103.57277301027173
0.8218812541694462,2688.482630152993,-688.000856089058,-833.0075013298111,646.856779649463,-3207.95903551094,97189.15024904441,23122.455029955956,0.009322822291155147,0.009322822291155147,107.26365565808663
0.8225483655770514,2690.6650892960593,-687.54798684404,-835.142457385113,710.421440133683,-3192.6919364307937,93377.7018826347,22648.30801231897,0.008979986985443871,0.008979986985443871,111.35873600050336
0.8232154769846564,2692.8467304038213,-687.0535610078667,-837.2673340910894,771.4434399331632,-3177.7411462349974,89566.25351622562,22174.160994682064,0.008628816235554577,0.008628816235554577,115.89075172090853
0.8238825883922615,2695.028179953314,-686.5192748184865,-839.3823424610065,829.9227790479241,-3163.1066649235468,85754.80514981592,21700.013977045084,0.008271391192104623,0.008271391192104623,120.89864652448554
0.8245496997998665,2697.2099687567734,-685.9468245138479,-841.4876935081288,885.8594574779463,-3148.7884924964455,81943.35678340684,21225.86695940818,0.007909585137711981,0.007909585137711981,126.42888123577006
0.8252168112074716,2699.3925355991337,-685.3379063318993,-843.5835982457214,939.2534752232481,-3134.78662895369,78131.90841699715,20751.719941771196,0.007545056365775891,0.007545056365775891,132.53711457159747
0.8258839226150767,2701.5762310777736,-684.6942165105891,-845.6702676870498,990.1048322838199,-3121.1010742952817,74320.46005058744,20277.572924134212,0.00717924686908998,0.00717924686908998,139.2903765860829
0.8265510340226817,2703.76132159549,-684.0174512878657,-847.747912845378,1038.4135286596543,-3107.731828521223,70509.01168417837,19803.42590649731,0.006813385785764637,0.006813385785764637,146.76990727419587
0.8272181454302868,2705.9479934627243,-683.3093069016779,-849.8167447339723,1084.179564350767,-3094.6788916315095,66697.56331776865,19329.278888860328,0.006448496576849689,0.006448496576849689,155.0749059230383
0.8278852568378918,2708.1363570703043,-682.5714795899739,-851.876974366097,1127.4029393571432,-3081.942263626146,62886.11495135959,18855.131871223424,0.006085406981090521,0.006085406981090521,164.32754672076138
0.8285523682454969,2710.326451099274,-681.8056655907021,-853.9288127550177,1168.0836536787967,-3069.521944505128,59074.66658494988,18380.984853586444,0.005724760892075325,0.005724760892075325,174.67978468485566
0.829219479653102,2712.518246739548,-681.013561141811,-855.9724709139992,1206.2217073157206,-3057.4179342684574,55263.21821854017,17906.837835949456,0.005367031418568977,0.005367031418568977,186.32274007939984
0.8298865910607071,2714.711651894095,-680.1968624812491,-858.0081598563061,1241.8171002679087,-3045.630232916136,51451.769852131096,17432.690818312556,0.005012534509634139,0.005012534509634139,199.49987338301423
0.8305537024683122,2716.906489126636,-679.3570444415203,-860.0359705322552,1276.0226595249808,-3033.5336895682885,51642.060074357476,19128.592231408824,0.00507997506132105,0.00507997506132105,196.8513600812736
0.8312208138759172,2719.102391669082,-678.4942428709235,-862.0552677926149,1310.7478402303368,-3020.0928517470174,52464.03168030998,21167.039556766795,0.005217631182670327,0.005217631182670327,191.65785487509504
0.8318879252835223,2721.298949880048,-677.608092831999,-864.0651449238535,1346.0213675707569,-3005.292142461195,53286.00328626261,23205.486882125104,0.0053595448667117475,0.0053595448667117475,186.58300748838252
0.8325550366911274,2723.4957777159902,-676.6982285164516,-866.0646947402032,1381.8432415462357,-2989.1315617108244,54107.97489221524,25243.934207483417,0.005505760684871004,0.005505760684871004,181.6279452079798
0.8332221480987324,2725.692513917218,-675.7642841159856,-868.0530100558972,1418.2134621567668,-2971.6111094959074,54929.946498167745,27282.381532841388,0.005656305966341874,0.005656305966341874,176.7938308059269
0.8338892595063375,2727.8888231322535,-674.8058938223054,-870.029183685169,1455.1320294023624,-2952.7307858164404,55751.918104120385,29320.828858199704,0.005811188275488898,0.005811188275488898,172.08184498477112
0.8345563709139425,2730.0843970834594,-673.8226918271155,-871.992308442251,1492.5989432830102,-2932.490590672427,56573.88971007289,31359.276183557675,0.0059703926540496215,0.0059703926540496215,167.49317137822015
0.8352234823215476,2732.2789557734354,-672.8143123221201,-873.9414771413774,1530.6142037987224,-2910.8905240638614,57395.86131602552,33397.72350891599,0.006133878628660077,0.006133878628660077,163.02898386798475
0.8358905937291528,2734.472248731278,-671.7803894990237,-875.8757825967806,1569.1778109494935,-2887.930585990748,58217.83292197816,35436.17083427429,0.006301576989256932,0.006301576989256932,158.69043601384575
0.8365577051367578,2736.6640562973794,-670.7205575495312,-877.7943176226937,1608.2897647353163,-2863.61077645309,59039.80452793065,37474.618159632264,0.006473386350178268,0.006473386350178268,154.47865242470218
0.8372248165443629,2738.8541909449164,-669.6344506653467,-879.6961750333503,1647.9500651562043,-2837.9310954508796,59861.776133883286,39513.06548499058,0.006649169513417641,0.006649169513417641,150.3947219246039
0.8378919279519679,2741.0424986356193,-668.5217030381745,-881.5804476429828,1688.1587122121439,-2810.891542984124,60683.74773983579,41551.51281034855,0.0068287496625978415,0.0068287496625978415,146.43969239012532
0.838559039359573,2743.2288602067874,-667.3819488597189,-883.4462282658253,1728.9157059031488,-2782.4921190528166,61505.71934578843,43589.96013570686,0.007011906426900013,0.007011906426900013,142.6145671544712
0.8392261507671781,2745.4131927858007,-666.2148223216844,-885.29260971611,1770.2210462292117,-2752.732823656959,62327.69095174107,45628.40746106517,0.007198371866438588,0.007198371866438588,138.9203028899301
0.8398932621747831,2747.595451227623,-665.0199576157762,-887.1186848080705,1812.0747331903267,-2721.6136567965596,63149.66255769356,47666.85478642315,0.007387826444379542,0.007387826444379542,135.3578088939505
0.8405603735823882,2749.7756295699432,-663.7969889336978,-888.9235463559398,1854.4767667865071,-2689.1346184716062,63971.634163646195,49705.30211178146,0.007579895066325609,0.007579895066325609,131.927947715608
0.8412274849899932,2751.9537624997133,-662.545550467154,-890.7062871739512,1897.4271470177387,-2655.2957086821098,64793.6057695987,51743.74943713943,0.0077741432838956065,0.0077741432838956065,128.63153706872535
0.8418945963975983,2754.129926823875,-661.265276407849,-892.4660000763374,1940.9258738840354,-2620.0969274280587,65615.57737555134,53782.19676249774,0.007970073776622422,0.007970073776622422,125.46935298556076
0.8425617078052035,2756.3042429360617,-659.9558009474877,-894.2017778773325,1984.9729473853913,-2583.5382747094595,66437.54898150398,55820.64408785605,0.008167123243729568,0.008167123243729568,122.442134171021
0.8432288192128085,2758.476876270018,-658.6167582777741,-895.9127133911678,2029.5683675217979,-2545.619750526318,67259.52058745647,57859.09141321403,0.008364659854288997,0.008364659854288997,119.55058752176849
0.8438959306204136,2760.648038729408,-657.2477825904127,-897.5978994320784,2074.7121342932705,-2506.3413548786216,68081.49219340911,59897.53873857234,0.00856198141976705,0.00856198141976705,116.79539477758028
0.8445630420280186,2762.81799008261,-655.8485080771082,-899.256428814296,2120.404247699794,-2465.703087766383,68903.4637993616,61935.98606393031,0.00875831446589277,0.00875831446589277,114.17722027386304
0.8452301534356237,2764.9870393100446,-654.4185689295647,-900.8873943520547,2166.644707741383,-2423.7049491895896,69725.43540531423,63974.43338928862,0.008952814389797292,0.008952814389797292,111.69671976441387
0.8458972648432288,2767.155545890575,-652.9575993394867,-902.4898888595872,2213.433514418031,-2380.3469391482467,70547.40701126687,66012.88071464693,0.009144566891979157,0.009144566891979157,109.35455028243226
0.8465643762508338,2769.3239210125994,-651.4652334985788,-904.0630051511259,2260.770667729729,-2335.6290576423635,71369.37861721936,68051.3280400049,0.009332590869263047,0.009332590869263047,107.15138100540837
0.8472314876584389,2771.4926286946343,-649.9411055985453,-905.6058360409054,2308.656167676494,-2289.5513046719243,72191.35022317202,70089.77536536322,0.00951584294293238,0.00951584294293238,105.0879050859831
0.8478985990660439,2773.6621867995423,-648.3848498310908,-907.1174743431578,2357.0900142583096,-2242.113680236944,73013.32182912451,72128.22269072119,0.009693223774143429,0.009693223774143429,103.16485240622313
0.848565710473649,2775.833167926096,-646.7961003879193,-908.5970128721167,2406.072207475191,-2193.3161843374073,73835.29343507715,74166.6700160795,0.009863586285341518,0.009863586285341518,101.38300320707093
0.8492328218812542,2778.0062001613455,-645.1744914607357,-910.043544442015,2455.6027473271315,-2143.1588169733222,74657.26504102978,76205.11734143781,0.010025745860897961,0.010025745860897961,99.74320253819344
0.8498999332888592,2780.18196767733,-643.5196572412444,-911.4561618670857,2505.681633814122,-2091.6415781446976,75479.23664698229,78243.56466679579,0.010178492542401942,0.010178492542401942,98.24637546612752
0.8505670446964643,2782.3612111560383,-641.8312319211493,-912.8339579615622,2556.3088669361787,-2038.7644678515148,76301.20825293493,80282.01199215409,0.010320605164594621,0.010320605164594621,96.89354297077003
0.8512341561040693,2784.5447274760145,-640.1088507909873,-914.1760260530033,2607.4480520145635,-1984.5444880966422,76319.55494336973,81945.04088869694,0.010377846447116599,0.010377846447116599,96.359105436354
0.8519012675116744,2786.7330355680233,-638.3527879641973,-915.4817578991023,2656.6616051813253,-1930.1203715004008,71222.67745057026,81218.46066682463,0.009975745603697787,0.009975745603697787,100.24313366905851
0.8525683789192795,2788.9257358331292,-636.5650283658215,-916.7513444739412,2702.4749732294736,-1876.1809648587105,66125.79995777081,80491.88044495234,0.00959311436140142,0.00959311436140142,104.24143425450772
0.8532354903268845,2791.1221756131854,-634.7478402981404,-917.9851091330597,2744.8881561590038,-1822.72626817158,61028.922464972195,79765.30022308015,0.009230158881627143,0.009230158881627143,108.3404969323469
0.8539026017344896,2793.3215987318076,-632.9034920634343,-919.1833752319985,2783.901153969928,-1769.7562814389923,55932.044972172735,79038.72000120782,0.008886875424492362,0.008886875424492362,112.52548868233092
0.8545697131420946,2795.523152496264,-631.0342519639842,-920.3464661262971,2819.5139666622354,-1717.271004660964,50835.16747937413,78312.13977933564,0.0085630962609423,0.0085630962609423,116.7801890259211
0.8552368245496997,2797.7258943010115,-629.1423883020701,-921.474705171496,2851.7265942359363,-1665.2704378374788,45738.289986574666,77585.55955746333,0.008258529752269365,0.008258529752269365,121.0869283028507
0.8559039359573049,2799.9287978342586,-627.2301693799731,-922.568415723135,2880.539036691024,-1613.7545809685444,40641.412493775206,76858.97933559102,0.007972794960650745,0.007972794960650745,125.4265292078174
0.8565710473649099,2802.1307588947334,-625.2998634999738,-923.627921136754,2905.951294027497,-1562.7234340541702,35544.5350009766,76132.39911371884,0.007705451291142259,0.007705451291142259,129.77825207324872
0.857238158772515,2804.330600830169,-623.3537389643523,-924.6535447678935,2927.9633662453616,-1512.1769970943383,30447.65750817713,75405.81889184653,0.007456023740541079,0.007456023740541079,134.11974462509298
0.85790527018012,2806.527079612177,-621.3940640753899,-925.6456099720931,2946.5752533446107,-1462.1152700890661,25350.78001537852,74679.23866997434,0.007224024359645405,0.007224024359645405,138.42699722694255
0.8585723815877251,2808.718888796554,-619.4231078336802,-926.6044420710464,2961.7504431463185,-1412.6410557409638,18981.179889540574,70369.21505487419,0.0066576123056193625,0.0066576123056193625,150.20400018726673
0.8592394929953302,2810.9050700788894,-617.444542306139,-927.5343168219995,2967.7770102423847,-1379.8366966083577,-913.5317355344087,27978.25362467261,0.0023325113196612348,0.0023325113196612348,428.7224638829347
0.8599066044029352,2813.085615553346,-615.4663833345967,-928.4517401972636,2960.531588262352,-1375.3118314251856,-20808.243360606088,-14412.707805521932,0.002049300162187925,0.002049300162187925,487.97146384468886
0.8605737158105403,2815.26048043271,-613.4974848143671,-929.3755777698536,2940.0141772062175,-1399.0664601914466,-40702.95498568108,-56803.66923572353,0.006488226075181309,0.006488226075181309,154.1253323192897
0.8612408272181453,2817.429900314298,-611.5467006407653,-930.3246951127846,2906.2247770739878,-1451.1005829071323,-60597.666610752756,-99194.63066591806,0.010976005905283385,0.010976005905283385,91.10782270248619
0.8619079386257504,2819.594995809393,-609.6228847091045,-931.3179577990716,2859.163387865653,-1531.4141995722603,-80492.37823582772,-141585.59209611962,0.01547662389105456,0.01547662389105456,64.61357509488855
0.8625750500333556,2821.758380770833,-607.7348909146992,-932.3742314017292,2798.8300095812156,-1640.0073101868243,-100387.08986090272,-183976.55352632122,0.019907214483423898,0.019907214483423898,50.23304495124961
0.8632421614409606,2823.924761624495,-605.8915731528645,-933.5123814937725,2725.22464222069,-1776.879914750799,-120281.8014859744,-226367.51495651578,0.024122528527115657,0.024122528527115657,41.45502404011751
0.8639092728485657,2826.1015009889807,-604.1017853189136,-934.7512736482165,2638.347285784052,-1942.0320132642296,-140176.51311104937,-268758.47638671735,0.027910080246620877,0.027910080246620877,35.8293487931147
0.8645763842561707,2828.299101110798,-602.3743813081617,-936.1097734380762,2538.19794027133,-2135.4636057270623,-160071.22473612108,-311149.4378169119,0.031005666723334026,0.031005666723334026,32.25216889941693
0.8652434956637758,2830.5268215588044,-600.7202338716763,-937.6019311552213,2415.2266209761283,-2334.3965113760432,-210082.73485400225,-281707.2077631052,0.030893191729262165,0.030893191729262165,32.36959161629116
0.8659106070713809,2832.774493854247,-599.1595814398818,-939.2194585073346,2257.8750383087436,-2511.2624337494813,-261657.30998278593,-248536.82751242636,0.03163205642977913,0.03163205642977913,31.61349949599159
0.8665777184789859,2835.026644148514,-597.7153763572352,-940.9475941001704,2066.1174682305946,-2666.0000170630674,-313231.88511156105,-215366.44726175297,0.033359483591736884,0.033359483591736884,29.976483216535737
0.867244829886591,2837.269282293638,-596.4105712504282,-942.7715758663114,1839.9539107416185,-2798.609261316855,-364806.46024034475,-182196.06701107413,0.03609656190216347,0.03609656190216347,27.703469452586962
0.867911941294196,2839.490649823176,-595.2681187461526,-944.6766417383384,1579.38436584189,-2909.090166510798,-416381.03536911984,-149025.68676040077,0.03988532483018437,0.03988532483018437,25.07187804681538
0.8685790527018011,2841.682110796999,-594.3109714710997,-946.6480296488339,1284.4088335313222,-2997.4427326449345,-467955.6104979035,-115855.30650972186,0.04473808563062035,0.04473808563062035,22.352319861347937
0.8692461641094062,2843.8392277371645,-593.5620820519615,-948.67097753038,955.0273138099561,-3063.6669597192426,-519530.18562668725,-82684.92625904299,0.05055260774701865,0.05055260774701865,19.78137319847709
0.8699132755170113,2845.963031913845,-593.0444031154296,-950.7307233155576,591.2398066778547,-3107.76284773372,-571104.7607554622,-49514.54600836962,0.05698540265660372,0.05698540265660372,17.54835367271228
0.8705803869246164,2848.06142542088,-592.7808872881955,-952.8125049369493,193.0463121348971,-3129.7303966883774,-622679.3358842459,-16344.165757690735,0.06331103138278514,0.06331103138278514,15.795035685864839
0.8712474983322214,2850.150265800441,-592.7912109708684,-954.9013198049691,-220.59138723995994,-3128.1775387214125,-601090.6250583162,22197.453120872102,0.06113011873461925,0.06113011873461925,16.358548301554
0.8719146097398265,2852.247668794159,-593.0689651418882,-956.9802502844558,-607.3805261051501,-3099.9993759059566,-558503.2132594461,62280.67899985908,0.056124105122995184,0.056124105122995184,17.817656028697726
0.8725817211474316,2854.3653271748362,-593.5952742593719,-959.0314635181556,-965.7591167389372,-3045.081235853016,-515915.8014605761,102363.90487884608,0.05122102458365593,0.05122102458365593,19.523233049873216
0.8732488325550366,2856.5087037908943,-594.3511853224977,-961.0371209622142,-1295.7271591412684,-2963.4231185626063,-473328.38966171315,142447.1307578264,0.04691346386919543,0.04691346386919543,21.315842351530673
0.8739159439626417,2858.678179358773,-595.3177453304451,-962.9793840727783,-1597.284653312255,-2855.025024034701,-430740.97786284314,182530.35663681338,0.04345064138607594,0.04345064138607594,23.014619994089593
0.8745830553702467,2860.870208185946,-596.4760012823916,-964.8404143059927,-1870.431599251795,-2719.886952269335,-388153.5660639802,222613.58251579368,0.04092831583984394,0.04092831583984394,24.432962350884093
0.8752501667778518,2863.078387733457,-597.8070001775164,-966.6023731180036,-2115.1679969599804,-2558.008903266464,-345566.15426511015,262696.8083947807,0.039366714607848415,0.039366714607848415,25.402170589075098
0.875917278185457,2865.294416524058,-599.2917890149976,-968.2474219649569,-2331.4938464367624,-2369.3908770261087,-302978.7424662402,302780.03427376767,0.03876272699519042,0.03876272699519042,25.79797856131426
0.876584389593062,2867.5089581866014,-600.9114147940137,-969.7577223029979,-2519.409147682113,-2154.0328735483063,-260391.33066737722,342863.26015274803,0.03911915350356118,0.03911915350356118,25.562925330400255
0.8772515010006671,2869.7124507217122,-602.6469245137437,-971.1154355882728,-2678.913900696094,-1911.9348928329855,-217803.9188685072,382946.48603173497,0.04045669619638329,0.04045669619638329,24.71778701715631
0.8779186124082721,2871.89590917716,-604.4793651733654,-972.3027232769273,-2810.0081054786533,-1643.0969348802275,-175216.50706964423,423029.71191071527,0.04281141519689435,0.04281141519689435,23.358256095970933
0.8785857238158772,2874.0536028765287,-606.3905508811432,-973.3042277904872,-2917.344901474491,-1362.5680691059745,-151445.80779305697,402256.38786307344,0.04133608910751844,0.04133608910751844,24.191935463437794
0.8792528352234823,2876.1964005758605,-608.3691682410704,-974.1268184075358,-3012.6368516372395,-1108.228779219304,-134239.45879484309,360252.80321711296,0.037309940287123984,0.037309940287123984,26.802508722993306
0.8799199466310873,2878.339646162471,-610.4075272116131,-974.7890829707837,-3096.450250100031,-881.9105598102966,-117033.1097966321,318249.2185711594,0.03262031400419191,0.03262031400419191,30.655744143710386
0.8805870580386924,2880.493946452823,-612.4979703199899,-975.3097146559995,-3168.7850968628945,-683.6134108788762,-99826.76079841821,276245.633925199,0.027699884175449926,0.027699884175449926,36.1012339858911
0.8812541694462974,2882.6655421478827,-614.632840093418,-975.7074066389516,-3229.6413919258052,-513.3373324251094,-82620.4118002072,234242.04927924543,0.022845066319434053,0.022845066319434053,43.7731274673215
0.8819212808539025,2884.8569175226776,-616.8044790591168,-976.0008520954096,-3279.0191352887846,-371.08232444893895,-65414.062801993336,192238.46463328492,0.018216809734385695,0.018216809734385695,54.89435387319325
0.8825883922615076,2887.0674655782464,-619.0052297443041,-976.2087442011424,-3316.91832695182,-256.848386950396,-48207.713803779465,150234.8799873244,0.013869666127235843,0.013869666127235843,72.09978890813396
0.8832555036691127,2889.294141298873,-621.2274346761973,-976.3497761319184,-3343.3389669149087,-170.6355199294922,-31001.364805568468,108231.29534137092,0.009785890085341033,0.009785890085341033,102.18794522308907
0.8839226150767178,2891.5320705926492,-623.4634363820157,-976.4426410635072,-3358.2810551780594,-112.44372338619907,-13795.01580735459,66227.7106954104,0.005903290317354359,0.005903290317354359,169.39705591985248
0.8845897264843228,2893.7751075356555,-625.7055773889767,-976.5060321716772,-3361.744591741268,-82.2729973205359,3411.333190856418,24224.126049456878,0.0021341713265342595,0.0021341713265342595,468.5659429338918
0.8852568378919279,2896.0163479401463,-627.9462002242988,-976.5586426321973,-3353.7295766045336,-80.12334173249263,20617.682189070292,-17779.45859650363,0.001623151451205639,0.001623151451205639,616.0854547844093
0.885923949299533,2898.248615755158,-630.1776474152003,-976.6191656208371,-3334.2360097678556,-105.99475662207665,37824.03118728416,-59783.04324246414,0.005477414858829234,0.005477414858829234,182.5678765938398
0.886591060707138,2900.4660056496327,-632.3934613554133,-976.7027510650022,-3309.245511371098,-142.2233056132172,35150.513509797805,-43080.67667224817,0.004060603575659065,0.004060603575659065,246.26880742419993
0.8872581721147431,2902.6685759357492,-634.5936335299278,-976.8055044969374,-3287.407900321514,-163.26576675770025,30318.64441685151,-20004.621838907762,0.001983059797136645,0.001983059797136645,504.2712284540827
0.8879252835223481,2904.858104013015,-636.780312766781,-976.9171607383677,-3268.7936842638915,-168.91392848034107,25486.77532390601,3071.4329944288183,0.0001635382139254381,0.0001635382139254381,6114.778778591342
0.8885923949299532,2907.0362347103046,-638.9556494295442,-977.0274500765372,-3253.4028631982246,-159.16779078114166,20654.90623095971,26147.487827769233,0.00236635559717717,0.00236635559717717,422.59075567209845
0.8892595063375583,2909.2046244694507,-641.1217938817871,-977.1261027986889,-3241.2354371245174,-134.0273536600996,15823.037138013411,49223.54266110964,0.004611341599134066,0.004611341599134066,216.8566302240076
0.8899266177451634,2911.3650906388407,-643.28089648708,-977.2028491920672,-3232.29140604277,-93.49261711722318,10991.168045067914,72299.59749444622,0.006881073425713686,0.006881073425713686,145.32616324992676
0.8905937291527685,2913.5197627888538,-645.4351076089938,-977.247419543915,-3226.5707699529794,-37.563581152498756,6159.298952121619,95375.65232778662,0.009152509862254035,0.009152509862254035,109.25964735903872
0.8912608405603735,2915.6712338399884,-647.5865776110983,-977.2495441414765,-3224.0735288551496,33.75975423405515,1327.4298591761217,118451.70716112322,0.01139491223373771,0.01139491223373771,87.75846443461235
0.8919279519679786,2917.8227079779626,-649.7374568569642,-977.1989532719946,-3224.799682749276,120.47738904246216,-3504.4392337701793,141527.7619944636,0.013568305055700999,0.013568305055700999,73.70117313067263
0.8925950633755837,2919.978141237362,-651.8898957101617,-977.0853772227135,-3228.7492316353632,222.58932327271157,-8336.308326716477,164603.81682780402,0.01562296772708918,0.01562296772708918,64.00832527267319
0.8932621747831887,2922.1423694028963,-654.0460445342609,-976.8985462808765,-3235.9221755134067,340.09555692478284,-13168.177419661975,187679.87166114058,0.01750051242964076,0.01750051242964076,57.141183952207705
0.8939292861907938,2924.321216741198,-656.2080536928329,-976.6281907337274,-3246.318514383411,472.99608999871487,-18000.046512608274,210755.926494481,0.01913702638966274,0.01913702638966274,52.2547223188327
0.8945963975983988,2926.521578371121,-658.3780735494471,-976.2640408685096,-3259.938248245372,621.2909224944633,-22831.91560555377,233831.98132781757,0.020468454758238823,0.020468454758238823,48.85566652741516
0.8952635090060039,2928.7514691955002,-660.5582544676747,-975.7958269724668,-3276.781377099294,784.9800544120778,-27663.784698500065,256908.03616115797,0.021437848242567687,0.021437848242567687,46.64647256968484
0.895930620413609,2931.0132678642635,-662.7435989356746,-975.2127294041285,-3264.4307155210568,966.5575332926701,65517.05165342815,287524.7933663008,0.0253904787864651,0.0253904787864651,39.38484218474328
0.896597731821214,2933.2836739814866,-664.8997858458837,-974.5016724828017,-3189.3646904437337,1168.6023738097117,159530.89152840676,318205.6385038509,0.030653110095638553,0.030653110095638553,32.62311709578481
0.8972648432288192,2935.5364639713243,-666.9849755061905,-973.6490020782127,-3051.580960313035,1391.1147561130144,253544.73140340106,348886.48364140606,0.037575661638857186,0.037575661638857186,26.612971172965185
0.8979319546364242,2937.751438977302,-668.9573282200942,-972.6410640597499,-2851.0795251290056,1634.0946802025037,347558.5712783797,379567.32877895614,0.04649916087783513,0.04649916087783513,21.50576442932484
0.8985990660440293,2939.9168362158557,-670.7750042910958,-971.4642042968024,-2587.860384891579,1897.5421460782609,441572.411153374,410248.17391651135,0.057483752184419194,0.057483752184419194,17.396220009991747
0.8992661774516344,2942.0325451110825,-672.3961640226953,-970.104768658759,-2261.9235396007825,2181.457153740247,535586.2510283682,440929.01905406645,0.06978954341977538,0.06978954341977538,14.328794128729644
0.8999332888592394,2944.114465662756,-673.7813208480393,-968.5505055688404,-1892.5943720683774,2474.321047702454,523791.9469132647,408544.2281777812,0.06844981771019025,0.06844981771019025,14.60924270439844
0.9006004002668445,2946.1980942856017,-674.9346978632371,-966.8152160544497,-1576.2614847058703,2718.6825932458087,424574.04939946934,324051.68536114745,0.053650321541797455,0.053650321541797455,18.639217273300556
0.9012675116744495,2948.310593909506,-675.899123449664,-964.935711345958,-1326.117988613447,2906.678199618597,325356.1518856905,239559.1425445277,0.03874062316958559,0.03874062316958559,25.812697839746626
0.9019346230820546,2950.4591878658393,-676.7187533052984,-962.949593804385,-1142.1638837910248,3038.307866820881,226138.2543718952,155066.59972789392,0.02526994123862225,0.02526994123862225,39.57270776995765
0.9026017344896597,2952.636456227281,-677.4377431281199,-960.894465790753,-1024.3991702386502,3113.571594852625,126920.35685809988,70574.05691126015,0.013274651425748244,0.013274651425748244,75.33154490673442
0.9032688458972647,2954.8260522119267,-678.0995391460614,-958.8072771057958,-966.1891953735523,3138.5718412102497,69065.36603079457,24126.51748153445,0.006779100926792464,0.006779100926792464,147.5121864682358
0.9039359573048699,2957.017364241479,-678.729705962522,-956.7085302906006,-924.5189296503717,3152.873207993521,55862.090607292645,18748.98013471139,0.005454263717928504,0.005454263717928504,183.3428033032099
0.9046030687124749,2959.20967516057,-679.335012046563,-954.6014394737184,-891.6567195799662,3163.5871582679033,42658.8151837929,13371.442787889215,0.004136364736453921,0.004136364736453921,241.75817746122976
0.90527018012008,2961.4025539826516,-679.9213333525889,-952.4883978616258,-867.6025651623248,3170.7136920333987,29455.539760290958,7993.9054410661465,0.0028244013940581895,0.0028244013940581895,354.057324183362
0.9059372915276851,2963.595397964091,-680.4945458350054,-950.3717986608003,-852.356466397454,3174.252809290007,16252.264336789027,2616.368094243082,0.0015158445997134422,0.0015158445997134422,659.6982304050439
0.9066044029352901,2965.787487268019,-681.0605254482168,-948.2540350777188,-845.9184232853539,3174.2045100377272,3048.988913289293,-2761.169252579086,0.00020712653678320837,0.00020712653678320837,4827.966592453881
0.9072715143428952,2967.9780392936577,-681.6251481466276,-946.1375003188574,-848.2884358260221,3170.568794276559,-10154.286510212653,-8138.70659940216,0.0011058933934425968,0.0011058933934425968,904.2462916674497
0.9079386257505002,2970.1662628916442,-682.1942898846431,-944.0245875906942,-859.4665040194584,3163.345662006504,-23357.561933712386,-13516.243946224331,0.002427472340520388,0.002427472340520388,411.9511408256152
0.9086057371581053,2972.351412740351,-682.7738266166675,-941.9176900997047,-879.452627865666,3152.5351132275596,-36560.83735721433,-18893.781293047396,0.003761521071884136,0.003761521071884136,265.84989978511607
0.9092728485657104,2974.5328441680763,-683.3696342971061,-939.8192010523667,-908.2468073646442,3138.1371479397276,-49764.112780716256,-24271.31863987046,0.0051111168582600635,0.0051111168582600635,195.65195391373265
0.9099399599733154,2976.71006867084,-683.9875888803634,-937.7315136551574,-945.8490425163856,3120.1517661430107,-62967.388204216004,-29648.85598669263,0.006477976951128336,0.006477976951128336,154.36918154298462
0.9106070713809206,2978.882810292532,-684.6335663208445,-935.657021114553,-992.2593333209031,3098.5789678374026,-76170.66362771794,-35026.393333515705,0.00786188354906797,0.00786188354906797,127.19598220435998
0.9112741827885256,2981.0510628990664,-685.3134425729538,-933.598116637031,-1047.477679778181,3073.418753022911,-89373.93905121768,-40403.93068033787,0.009260062071442471,0.009260062071442471,107.99063681051834
0.9119412941961307,2983.2151481859064,-686.0330935910963,-931.5571934290676,-1111.5040818882376,3044.6711216995277,-102577.21447471961,-45781.46802716094,0.010666531331794795,0.010666531331794795,93.75118948173903
0.9126084056037358,2985.3757740047768,-686.7983953296766,-929.53664469714,-1184.3385396510648,3012.3360738672554,-115780.48989822155,-51159.00537398401,0.012071467503379923,0.012071467503379923,82.8399695165486
0.9132755170113408,2987.5341014185055,-687.6145489298747,-927.5385780001209,-1262.0059045494252,2978.0962849849516,-113372.72397082775,-49928.408193396855,0.011840093551785997,0.011840093551785997,84.45879212239475
0.9139426284189459,2989.6916415834703,-688.4811375694331,-925.5627228198953,-1335.2211842584666,2945.88208083867,-106126.68459686286,-46649.77583714831,0.011081069674186698,0.011081069674186698,90.24399533643358
0.9146097398265509,2991.849756223913,-689.3949565772004,-923.6076285453559,-1403.6025484411687,2915.8550897385903,-98880.64522289918,-43371.14348090031,0.010304034480569093,0.010304034480569093,97.04936468193668
0.915276851234156,2994.00955263429,-690.3527811929868,-921.6718360617282,-1467.149997097555,2888.015311684702,-91634.60584893431,-40092.51112465176,0.009516258754388758,0.009516258754388758,105.0833132862024
0.9159439626417611,2996.171899585176,-691.3513866566,-919.7538862542384,-1525.8635302276136,2862.36274667701,-84388.56647496944,-36813.878768403214,0.008723771185855688,0.008723771185855688,114.62932471467762
0.9166110740493661,2998.3374445393833,-692.3875482078497,-917.8523200081129,-1579.7431478313356,2838.897394715518,-77142.52710100575,-33535.24641215521,0.007931384624657456,0.007931384624657456,126.08139023937305
0.9172781854569713,3000.506631549093,-693.4580410865449,-915.9656782085771,-1628.7888499087394,2817.6192558002194,-69896.48772704086,-30256.614055906663,0.007142766515677808,0.007142766515677808,140.0017763152525
0.9179452968645763,3002.6797195405316,-694.5596405324941,-914.0925017408575,-1673.0006364598084,2798.5283299311204,-62650.4483530772,-26977.981699658667,0.0063605383596056185,0.0063605383596056185,157.21939613646234
0.9186124082721814,3004.8568007523645,-695.689121785507,-912.2313314901797,-1712.3785074845575,2781.624617108214,-55404.40897911233,-23699.34934341012,0.005586391546492666,0.005586391546492666,179.00642868970317
0.9192795196797865,3007.037819150428,-696.8432600853919,-910.3807083417701,-1746.9224629829785,2766.9081173315044,-48158.369605147454,-20420.71698716157,0.004821209729874486,0.004821209729874486,207.41682192407623
0.9199466310873915,3009.222588692711,-698.0188306719582,-908.5391731808548,-1776.6325029550676,2754.378830600994,-40912.330231183776,-17142.084630913574,0.0040651906549641105,0.0040651906549641105,245.99092265915596
0.9206137424949966,3011.4108113635325,-699.2126087850148,-906.705266892659,-1801.5086274008336,2744.0367569166774,-33666.29085721891,-13863.45227466503,0.0033179627966141833,0.0033179627966141833,301.3897566966244
0.9212808539026016,3013.602094934289,-700.4213696643704,-904.8775303624097,-1821.5508363202691,2735.8818962785585,-26420.251483255226,-10584.819918417026,0.002578694194840689,0.002578694194840689,387.7931714434172
0.9219479653102067,3015.7959704400387,-701.6418885498349,-903.0545044753328,-1836.7591297133813,2729.9142486866353,-19174.212109290347,-7306.187562168478,0.0018461924773628708,0.0018461924773628708,541.6553323998022
0.9226150767178118,3017.9919093868584,-702.8709406812162,-901.2347301166533,-1847.1335075801646,2726.1338141409087,-11928.172735325476,-4027.5552059199363,0.0011189962615876846,0.0011189962615876846,893.6580347294038
0.9232821881254168,3020.1893407249463,-704.1053012983238,-899.4167481715987,-1852.6739699206203,2724.540592641378,-4682.133361361797,-748.9228496719334,0.0003954589899235454,0.0003954589899235454,2528.7072123289736
0.923949299533022,3022.387667637283,-705.3417456409663,-897.5990995253937,-1853.380516734749,2725.134584188044,2563.9060126030745,2529.7095065766116,0.0003261731638841968,0.0003261731638841968,3065.8561485917826
0.924616410940627,3024.586284203857,-706.5770489489533,-895.7803250632655,-1849.2531480225518,2727.9157887809065,9809.945386566753,5808.3418628246145,0.0010476873151682477,0.0010476873151682477,954.483256141562
0.9252835223482321,3026.784592007394,-707.8079864620936,-893.958965670439,-1840.291863784026,2732.8842064199653,17055.984760531624,9086.97421907316,0.0017708316221331938,0.0017708316221331938,564.7064280427587
0.9259506337558372,3028.982016748415,-709.0313334201961,-892.1335622321409,-1826.4966640191724,2740.0398371052206,24302.02413449651,12365.606575321706,0.002497242532165252,0.002497242532165252,400.4416820231485
0.9266177451634422,3031.178024935458,-710.2438650630695,-890.3026556335974,-1807.8675487279947,2749.3826808366716,31548.063508460178,15644.238931569707,0.0032283693639149035,0.0032283693639149035,309.7538996551942
0.9272848565710473,3033.3721407103594,-711.4423566305234,-888.4647867600339,-1784.4045179104867,2760.9127376143206,38794.10288242506,18922.871287818256,0.0039653942898769095,0.0039653942898769095,252.18173197879932
0.9279519679786523,3035.5639628583876,-712.6235833623662,-886.6184964966769,-1756.1075715666552,2774.6300074381625,46040.14225638873,22201.50364406625,0.004709146165740849,0.004709146165740849,212.35272060039756
0.9286190793862574,3037.7531820385257,-713.784320498407,-884.7623257287518,-1722.976709696492,2790.534490308204,53286.1816303536,25480.1360003148,0.005460007232009364,0.005460007232009364,183.14994056005767
0.9292861907938625,3039.939598249794,-714.9213432784552,-882.8948153414851,-1685.0119323000013,2808.626186224442,60532.22100431849,28758.768356563345,0.006217812538786529,0.006217812538786529,160.8282645644316
0.9299533022014675,3042.1231385248357,-716.0314269423194,-881.0145062201034,-1642.2132393771903,2828.9050951868735,67778.26037828217,32037.400712811348,0.0069817430688333335,0.0069817430688333335,143.23070759564666
0.9306204136090727,3044.3038748115646,-717.1113467298088,-879.1199392498313,-1594.5806309280447,2851.371217195504,75024.29975224704,35316.03306905989,0.007750215002485043,0.007750215002485043,129.02867851786797
0.9312875250166777,3046.482043217065,-718.1578948940868,-877.2096632115146,-1542.3868099974059,2875.897995248527,79356.2773115995,37242.29722364259,0.008219482373608582,0.008219482373608582,121.66216247519881
0.9319546364242828,3048.658142614928,-719.1694134142199,-875.2829460883214,-1490.4949039730486,2900.2285318405775,76215.65694941366,35700.6514793178,0.00790999249314482,0.00790999249314482,126.42237029512332
0.9326217478318879,3050.8328647411677,-720.1470130990032,-873.3403408317987,-1440.698141619262,2923.5306189701014,73075.03658722785,34159.005734993,0.007592049145592616,0.007592049145592616,131.7167448238301
0.9332888592394929,3053.0068433233128,-721.0920916426801,-871.382533532316,-1392.9965229360548,2945.804256637098,69934.41622504256,32617.35999066846,0.007267304952314398,0.007267304952314398,137.60259223490172
0.933955970647098,3055.1806356155225,-722.006046739494,-869.41021028024,-1347.39004792341,2967.0494448415725,66793.79586285673,31075.71424634366,0.006937274042344175,0.006937274042344175,144.1488391400046
0.934623082054703,3057.3547252472013,-722.8902760836876,-867.4240571659411,-1303.8787165813437,2987.2661835835197,63653.17550067144,29534.068502019123,0.006603324164326818,0.006603324164326818,151.43887761898873
0.9352901934623081,3059.5295252495116,-723.7461773695047,-865.4247602797868,-1262.462528909841,3006.4544728629453,60512.555138485615,27992.422757694323,0.006266672863305031,0.006266672863305031,159.57431029399578
0.9359573048699132,3061.70538122577,-724.5751482911882,-863.4130057121461,-1223.1414849089092,3024.6143126798456,57371.93477629979,26450.777013369527,0.005928387144801891,0.005928387144801891,168.67994204407125
0.9366244162775182,3063.8825746346392,-725.3785865429811,-861.3894795533877,-1185.9155845785544,3041.7457030342175,54231.3144141145,24909.13126904499,0.005589386035747052,0.005589386035747052,178.9105267742246
0.9372915276851234,3066.061326158154,-726.1578898191271,-859.3548678938799,-1150.7848279187647,3057.8486439260687,51090.69405192869,23367.485524720192,0.005250445468120616,0.005250445468120616,190.46002973876185
0.9379586390927284,3068.2417991298653,-726.9144558138692,-857.3098568239918,-1117.7492149295513,3072.9231353553923,47950.07368974339,21825.839780395647,0.004912204949084258,0.004912204949084258,203.5745679109789
0.9386257505003335,3070.4241030016615,-727.6496822214505,-855.2551324340914,-1086.808745610903,3086.9691773221934,44809.45332755757,20284.194036070854,0.0045751755338024865,0.0045751755338024865,218.57084883667562
0.9392928619079386,3072.6082968309925,-728.3649667361143,-853.1913808145474,-1057.963419962826,3099.9867698264698,41668.83296537175,18742.548291746058,0.004239748678063113,0.004239748678063113,235.86303715927804
0.9399599733155436,3074.7943927733227,-729.0617070521037,-851.1192880557289,-1031.2132379853242,3111.975912868219,38528.21260318645,17200.902547421516,0.0039062056122187512,0.0039062056122187512,256.00290903068804
0.9406270847231487,3076.9823595675052,-729.741300863662,-849.0395402480037,-1006.5581996783889,3122.9366064474452,35387.59224100063,15659.25680309672,0.003574726942087543,0.003574726942087543,279.74164634125236
0.9412941961307537,3079.1721260044674,-730.4051458650325,-846.9528234817413,-983.9983050420284,3132.868850564145,32246.971878815337,14117.61105877218,0.0032454022435134686,0.0032454022435134686,308.1282149227213
0.9419613075383588,3081.3635843720704,-731.0546397504584,-844.8598238473096,-963.5335540762349,3141.7726452183206,29106.351516629515,12575.965314447383,0.0029182394734770575,0.0029182394734770575,342.67235745684314
0.9426284189459639,3083.5565938712275,-731.6911802141826,-842.7612274350772,-945.1639467810123,3149.647990409973,25965.7311544437,11034.319570122587,0.002593174070926058,0.002593174070926058,385.6277953769938
0.943295530353569,3085.7509840003754,-732.3161649504486,-840.6577203354134,-928.8894831563636,3156.4948861390985,22825.1107922584,9492.673825798045,0.002270077664410971,0.002270077664410971,440.51356289586477
0.9439626417611741,3087.946557907165,-732.9309916534997,-838.5499886386859,-914.7101632022828,3162.3133324057003,19684.490430072583,7951.028081473249,0.0019487663411815335,0.0019487663411815335,513.145151816252
0.9446297531687791,3090.1430957077787,-733.5370580175786,-836.438718435264,-902.6259869187752,3167.1033292097763,16543.870067887285,6409.382337148707,0.001629008463940138,0.001629008463940138,613.8703525095665
0.9452968645763842,3092.3403577756476,-734.1357617369295,-834.3245958155159,-892.6369543058363,3170.8648765513285,13403.249705701466,4867.7365928239105,0.0013105320474716565,0.0013105320474716565,763.0488715855897
0.9459639759839893,3094.5380880024572,-734.7285005057944,-832.20830686981,-884.7430653634685,3173.5979744303554,10262.629343515648,3326.0908484991137,0.0009930317285000295,0.0009930317285000295,1007.0171690389953
0.9466310873915943,3096.73601703532,-735.3166720184174,-830.0905376885158,-878.9443200916725,3175.3026228468584,7122.008981330351,1784.4451041745733,0.0006761753789969805,0.0006761753789969805,1478.9062587333065
0.9472981987991994,3098.9338654947655,-735.9016739690412,-827.9719743620008,-875.2407184904464,3175.978821800836,3981.3886191445317,242.79935984977692,0.00035961042642178743,0.00035961042642178743,2780.7870031752054
0.9479653102068044,3101.131347178826,-736.4849040519092,-825.8533029806346,-873.6322605597916,3175.626571292288,840.7682569592343,-1298.8463844747644,4.2969954558271946e-05,4.2969954558271946e-05,23272.074878363925
0.9486324216144095,3103.3281722589827,-737.0677599612648,-823.7352096347847,-874.1189462997073,3174.2458713212154,-2299.8521052265846,-2840.492128799561,0.0002741213337914918,0.0002741213337914918,3648.0196056562386
0.9492995330220146,3105.5240504740423,-737.6516393913508,-821.6183804148204,-876.7007757101942,3171.8367218876183,-5440.472467412404,-4382.1378731243585,0.0005920412056267911,0.0005920412056267911,1689.0716228802098
0.9499666444296196,3107.7187301570466,-738.2377400084945,-819.5034087891064,-880.3477445678999,3168.8760616960312,-5045.224036222466,-4286.5158825376675,0.0005554799262214409,0.0005554799262214409,1800.2450724049245
0.9506337558372248,3109.912172823531,-738.8260853297105,-817.3903445415839,-883.4105571187274,3166.1275895377,-4137.087991157924,-3953.403648137133,0.00046714261660485,0.00046714261660485,2140.6738851357836
0.9513008672448298,3112.10441555303,-739.4162718107619,-815.2790397074526,-885.8675417542347,3163.601340350951,-3228.951946093535,-3620.2914137366542,0.0003785321787916334,0.0003785321787916334,2641.78333052752
0.9519679786524349,3114.295494219605,-740.0078952969355,-813.1693460392321,-887.7186984744227,3161.2973141357843,-2320.8159010289937,-3287.17917933612,0.0002896615987810846,0.0002896615987810846,3452.30435863113
0.95263509006004,3116.4854436317255,-740.6005516335176,-811.0611152894434,-888.9640272792903,3159.215510892197,-1412.679855964453,-2954.0669449355855,0.0002005433155391561,0.0002005433155391561,4986.453910525628
0.953302201467645,3118.674297782367,-741.1938366657946,-808.9541992106075,-889.6035281688379,3157.355930620192,-504.54381090006336,-2620.9547105351066,0.00011118936446372334,0.00011118936446372334,8993.665939391713
0.9539693128752501,3120.86209009989,-741.7873462390538,-806.8484495552444,-889.6372011430661,3155.7185733197684,403.5922341644782,-2287.8424761345723,2.1611523508822023e-05,2.1611523508822023e-05,46271.61058736978
0.9546364242828551,3123.0488536996236,-742.3806761985816,-804.7437180758756,-889.0650462019744,3154.3034389909267,1311.728279228867,-1954.7302417340934,6.817853826666344e-05,6.817853826666344e-05,14667.372246802182
0.9553035356904602,3125.2346216361184,-742.9734223896647,-802.6398565250207,-887.8870633455625,3153.110527633666,2219.8643242934086,-1621.618007333559,0.00015816910995437522,0.00015816910995437522,6322.347013828779
0.9559706470980653,3127.4194271559954,-743.5651806575895,-800.5367166552005,-886.1032525738308,3152.139839247986,3128.00036935795,-1288.5057729330242,0.00024834828608207954,0.00024834828608207954,4026.603186097682
0.9566377585056703,3129.6033039513436,-744.1555468476428,-798.4341502189367,-883.7136138867795,3151.391373833889,4036.13641442234,-955.3935385325458,0.00033870381216012804,0.00033870381216012804,2952.432078110868
0.9573048699132755,3131.786286413613,-744.7441168051113,-796.3320089687487,-880.718147284408,3150.865131391372,4944.272459486881,-622.2813041320114,0.00042922292872791737,0.00042922292872791737,2329.7916608595156
0.9579719813208805,3133.9684098879293,-745.3304863752813,-794.2301446571578,-877.1168527667171,3150.561111920437,5852.408504551271,-289.1690697315321,0.0005198922141539862,0.0005198922141539862,1923.475622013857
0.9586390927284856,3136.1497109277834,-745.9142514034401,-792.1284090366843,-872.909730333706,3150.4793154210834,6760.544549615813,43.94316466900227,0.0006106974264640361,0.0006106974264640361,1637.4721042956448
0.9593062041360907,3138.3302275500214,-746.4950077348739,-790.0266538598486,-868.0967799853745,3150.6197418933107,7668.680594680352,377.05539906953663,0.0007016233444961072,0.0007016233444961072,1425.2661457810834
0.9599733155436957,3140.509999490062,-747.0723512148694,-787.9247308791724,-862.6780017217244,3150.98239133712,8576.816639744742,710.1676334700151,0.000792653608714461,0.000792653608714461,1261.585122436794
0.9606404269513008,3142.689068457271,-747.6458776887132,-785.8224918471749,-856.6533955427534,3151.567263752511,9484.952684809285,1043.2798678705499,0.0008837705620503589,0.0008837705620503589,1131.5153988383447
0.9613075383589058,3144.8674783903944,-748.2151830016918,-783.7197885163777,-850.0229614484634,3152.3743591394823,10393.088729873674,1376.3921022710283,0.0009749550911807185,0.0009749550911807185,1025.6882691785843
0.9619746497665109,3147.045275712972,-748.7798629990925,-781.6164726393013,-842.7866994388526,3153.403677498035,11301.224774938213,1709.5043366715627,0.001066186468704471,0.001066186468704471,937.9222390761585
0.962641761174116,3149.2225095886147,-749.339513526201,-779.5123959684657,-834.9446095139218,3154.6552188281703,12209.360820002756,2042.616571072097,0.001157442196729203,0.001157442196729203,863.9740306910217
0.963308872581721,3151.3992321760406,-749.8937304283048,-777.4074102563924,-826.4966916736726,3156.128983129886,13117.496865067147,2375.7288054725764,0.0012486978524401703,0.0012486978524401703,800.8342434847854
0.9639759839893262,3153.5754988837416,-750.44210955069,-775.3013672556016,-817.4429459181019,3157.824970403184,14025.632910131688,2708.8410398731107,0.001339926936286615,0.001339926936286615,746.3093493525355
0.9646430953969312,3155.751368624144,-750.9842467386434,-773.1941187186139,-807.783372247213,3159.743180648062,14933.768955196078,3041.9532742735896,0.001431100723487926,0.001431100723487926,698.7628358979282
0.9653102068045363,3157.926904067113,-751.5197378374519,-771.08551639795,-797.5179706610028,3161.883613864523,15841.90500026062,3375.065508674124,0.0015221881196340599,0.0015221881196340599,656.9490243035165
0.9659773182121414,3160.1021718926345,-752.0481786924017,-768.9754120461301,-786.6467411594724,3164.246270052565,16750.04104532516,3708.1777430746583,0.0016131555212281976,0.0016131555212281976,619.9030328077956
0.9666444296197464,3162.2772430424993,-752.5691651487797,-766.8636574156757,-775.1696837426241,3166.831149212187,17658.17709038955,4041.2899774751377,0.0017039666820970534,0.0017039666820970534,586.8659349426426
0.9673115410273515,3164.4521929707907,-753.0822930518725,-764.7501042591066,-763.0867984104539,3169.638251343392,18566.31313545409,4374.402211875672,0.0017945825866717046,0.0017945825866717046,557.2326441964618
0.9679786524349565,3166.6271018929606,-753.5871582469669,-762.6346043289442,-750.398085162966,3172.6675764461775,19474.44918051848,4707.514446276151,0.0018849613312199923,0.0018849613312199923,530.5148617307582
0.9686457638425616,3168.802055033274,-754.0833565793492,-760.5170093777083,-737.1035440001563,3175.9191245205448,20382.58522558302,5040.626680676685,0.0019750580141893047,0.0019750580141893047,506.3142413112693
0.9693128752501667,3170.977142870363,-754.5704838943063,-758.39717115792,-723.2031749220262,3179.3928955664933,21290.721270647562,5373.73891507722,0.002064824636892556,0.002064824636892556,484.3026289655975
0.9699799866577717,3173.1524613806364,-755.0481360371249,-756.2749414221,-708.6969779285789,3183.0888895840235,22198.857315711954,5706.8511494776985,0.002154210015841931,0.002154210015841931,464.2072929965325
0.9706470980653769,3175.328112279252,-755.5159088530913,-754.1501719227684,-693.5849530198092,3187.0071065731345,23106.99336077649,6039.963383878232,0.002243159708099754,0.002243159708099754,445.79973346932536
0.9713142094729819,3177.5042032583506,-755.9733981874924,-752.0227144124468,-677.8671001957222,3191.147546533827,24015.129405840882,6373.075618278712,0.0023316159510735966,0.0023316159510735966,428.88709846900315
0.971981320880587,3179.6808476757374,-756.4202024407546,-749.8924217379517,-661.5806565020278,3195.494261852881,24561.4854326215,6551.247317206324,0.0023833134752049693,0.0023833134752049693,419.58391558793926
0.9726484322881921,3181.8581247717334,-756.8561046536577,-747.7592258225388,-645.2835619815249,3199.8083019950986,24297.203939842217,6382.24502916023,0.002353730546109542,0.002353730546109542,424.857467925923
0.9733155436957971,3184.0360484562034,-757.2811936964998,-745.6231895679234,-629.1627726596769,3204.009598783048,24032.92244706298,6213.242741114163,0.002324223569505584,0.002324223569505584,430.2512086703961
0.9739826551034022,3186.2146244388446,-757.6955871844907,-743.4843881864829,-613.2182885364781,3208.0981522167317,23768.640954283703,6044.240453068071,0.002294799608057039,0.002294799608057039,435.7678973314276
0.9746497665110072,3188.3938564061787,-758.099402732839,-741.3428968905951,-597.450109611934,3212.0739622961473,23504.359461504468,5875.238165022005,0.002265465291070573,0.002265465291070573,441.41042634444335
0.9753168779186123,3190.5737460507844,-758.4927579567545,-739.1987908926375,-581.858235886039,3215.937029021297,23240.07796872519,5706.235876975911,0.0022362268233624533,0.0022362268233624533,447.1818285840843
0.9759839893262174,3192.7542931005073,-758.8757704714461,-737.0521454049883,-566.4426673587963,3219.6873523921804,22975.796475945914,5537.2335889298165,0.0022070899943549913,0.0022070899943549913,453.0852854018959
0.9766511007338224,3194.935495347635,-759.2485578921229,-734.903035640025,-551.2034040302078,3223.3249324087956,22711.514983166675,5368.231300883751,0.0021780601873611517,0.0021780601873611517,459.1241352295039
0.9773182121414276,3197.1173486780162,-759.6112378339942,-732.7515368101252,-536.1404459002688,3226.8497690711442,22447.233490387396,5199.229012837657,0.0021491423890183502,0.0021491423890183502,465.3018827927746
0.9779853235490326,3199.2998471001074,-759.9639279122697,-730.5977241276674,-521.2537929689843,3230.2618623792255,22182.951997608165,5030.2267247915925,0.0021203411988346987,0.0021203411988346987,471.6222089867338
0.9786524349566377,3201.4829827739363,-760.306745742158,-728.4416728050281,-506.5434452363491,3233.56121233304,21918.670504828882,4861.224436745498,0.0020916608388129422,0.0020916608388129422,478.08898146580935
0.9793195463642428,3203.6667460399585,-760.6398089388689,-726.2834580545863,-492.009402702366,3236.7478189325884,21654.3890120496,4692.222148699403,0.0020631051631197915,0.0020631051631197915,484.70626600915364
0.9799866577718478,3205.851125447806,-760.9632351176112,-724.1231550887194,-477.6516653670373,3239.8216821778697,21390.107519270365,4523.219860653338,0.0020346776677701763,0.0020346776677701763,491.47833872669867
0.9806537691794529,3208.0361077849043,-761.2771418935946,-721.9608391198049,-463.47023323035813,3242.7828020688844,21125.826026491086,4354.217572607245,0.0020063815002981625,0.0020063815002981625,498.4096991780441
0.9813208805870579,3210.221678104948,-761.5816468820277,-719.7965853602208,-449.4651062923332,3245.6311786056312,20861.54453371185,4185.215284561178,0.001978219469388294,0.001978219469388294,505.50508448348273
0.981987991994663,3212.40781975623,-761.8768676981202,-717.6304690223444,-435.6362845529578,3248.3668117881116,20597.263040932572,4016.212996515085,0.0019501940544428677,0.0019501940544428677,512.7694845145451
0.9826551034022681,3214.594514409806,-762.1629219570815,-715.4625653185539,-421.9837680122345,3250.989701616326,20332.981548153293,3847.2107084689906,0.00192230741506277,0.00192230741506277,520.2081582603407
0.9833222148098731,3216.7817420874903,-762.4399272741204,-713.2929494612275,-408.5075566701654,3253.499848090272,20068.700055374058,3678.2084204229254,0.001894561400421071,0.001894561400421071,527.8266514760343
0.9839893262174783,3218.9694811896734,-762.7080012644464,-711.121696662742,-395.20765052674597,3255.897251209952,19804.41856259478,3509.2061323768316,0.0018669575585104107,0.0018669575585104107,535.6308157309531
0.9846564376250833,3221.157708522944,-762.9672615432685,-708.9488821354759,-382.0840495819806,3258.181910975364,19540.137069815544,3340.2038443307656,0.0018394971452468894,0.0018394971452468894,543.6268289863447
0.9853235490326884,3223.3463993275277,-763.2178257257963,-706.7745810918063,-369.1367538358651,3260.3538273865106,19275.855577036265,3171.201556284672,0.0018121811334145758,0.0018121811334145758,551.8212178468963
0.9859906604402935,3225.535527304512,-763.4598114272386,-704.5988687441113,-356.3657632884015,3262.4130004433896,19011.574084256987,3002.1992682385776,0.0017850102214364825,0.0017850102214364825,560.2208816458499
0.9866577718478985,3227.725064642871,-763.6933362628051,-702.4218203047691,-343.771077939592,3264.3594301460016,18747.29259147775,2833.196980192512,0.0017579848419590229,0.0017579848419590229,568.8331185413651
0.9873248832555036,3229.914982046275,-763.9185178477048,-700.2435109861568,-331.3526977894323,3266.193116494347,18483.011098698473,2664.1946921464187,0.0017311051702384734,0.0017311051702384734,577.6656538217387
0.9879919946631086,3232.1052487596767,-764.1354737971469,-698.0640160006527,-319.11062283792666,3267.914059488425,18218.729605919238,2495.1924041003526,0.0017043711323192145,0.0017043711323192145,586.7266706396599
0.9886591060707137,3234.295832595682,-764.3443217263409,-695.883410560634,-307.0448530850709,3269.522259128237,17954.44811313996,2326.190116054259,0.001677782412994546,0.001677782412994546,596.0248434212492
0.9893262174783188,3236.486699960687,-764.5451792504957,-693.7017698784787,-295.155388530867,3271.017715413781,17690.16662036068,2157.1878280081646,0.0016513384635422584,0.0016513384635422584,605.5693742244196
0.9899933288859238,3238.6778158807897,-764.7381639848207,-691.5191691665651,-283.44222917531715,3272.4004283450586,17425.885127581445,1988.185539962099,0.0016250385092279008,0.0016250385092279008,615.3700323539574
0.990660440293529,3240.8691440274692,-764.9233935445251,-689.33568363727,-271.9053750184172,3273.6703979220692,17161.603634802163,1819.183251916005,0.0015988815565698452,0.0015988815565698452,625.4371975778784
0.991327551701134,3243.0606467430243,-765.1009855448183,-687.151388502972,-260.5448260601712,3274.8276241448134,16897.32214202293,1650.1809638699397,0.0015728664003611201,0.0015728664003611201,635.7819073319936
0.9919946631087391,3245.2522850657847,-765.2710576009092,-684.9663589760482,-249.36058230057517,3275.8721070132897,16633.040649243652,1481.1786758238457,0.0015469916304436822,0.0015469916304436822,646.4159083479959
0.9926617745163442,3247.4440187550754,-765.4337273280076,-682.7806702688766,-238.35264373963113,3276.8038465275004,16368.75915646437,1312.1763877777519,0.0015212556382317984,0.0015212556382317984,657.351713195509
0.9933288859239492,3249.635806315948,-765.5891123413221,-680.5943975938354,-227.52101037734084,3277.6228426874422,16104.477663685135,1143.174099731686,0.001495656622981699,0.001495656622981699,668.6026622918489
0.9939959973315543,3251.827605023671,-765.7373302560625,-678.4076161633019,-216.86568221370075,3278.32909549312,15840.196170905856,974.1718116855923,0.0014701925978054052,0.0014701925978054052,680.182992005759
0.9946631087391593,3254.019370947981,-765.8784986874375,-676.2204011896541,-206.3866592487143,3278.922604944529,15575.91467812662,805.1695236395262,0.0014448613954273295,0.0014448613954273295,692.1079095647384
0.9953302201467644,3256.211058977095,-766.0127352506568,-674.0328278852694,-196.08394148237804,3279.4033710416707,15311.63318534734,636.1672355934327,0.0014196606736824988,0.0014196606736824988,704.393675571833
0.9959973315543695,3258.4026228414846,-766.1401575609293,-671.8449714625255,-185.9575289146938,3279.771393784546,15047.351692568061,467.1649475473388,0.0013945879207560956,0.0013945879207560956,717.0576950486104
0.9966644429619745,3260.5940151374107,-766.2608832334647,-669.6569071338012,-176.00742154566314,3280.0266731731554,14783.070199788828,298.1626595012729,0.0013696404601641384,0.0013696404601641384,730.118618049703
0.9973315543695797,3262.785187350231,-766.3750298834718,-667.4687101114728,-166.23361937528276,3280.169209207497,14518.788707009548,129.16037145517907,0.0013448154554756729,0.0013448154554756729,743.5964510433822
0.9979986657771847,3264.9760898774593,-766.4827151261596,-665.2804556079192,-156.63612240355596,3280.1990018875717,14254.507214230312,-39.841916590886626,0.0013201099147772029,0.0013201099147772029,757.5126804261383
0.9986657771847898,3267.1666720516077,-766.5840565767381,-663.0922188355174,-147.2149306304795,3280.1160512133793,13990.225721451034,-208.84420463698046,0.0012955206948802322,0.0012955206948802322,771.8904097417352
0.9993328885923949,3269.356882162788,-766.6791718504164,-660.9040750066457,-137.97004405605503,3279.9203571849202,13725.944228671753,-377.8464926830743,0.0012710445052732718,0.0012710445052732718,786.7545124118232
1.0,3271.5466674810928,-766.7681785624031,-658.7160993336815,-128.90146268028246,3279.6119198021947,13461.662735892474,-546.8487807291681,0.0012466779118196765,0.0012466779118196765,802.131802062956
